date,DAIRRG,DAITRG,DAPMRG,DAUDRG,DAVPRG,DAXSRG,DBAKRG,DBBBRG,DBCYRG,DBEERG,DBOARG,DCAMRG,DCASRG,DCFDRG,DCHCRG,DCHNRG,DCICRG,DCLERG,DCLFRG,DCOMRG,DCOSRG,DCPPRG,DCPSRG,DCSMRG,DCTMRG,DDAIRG,DDENRG,DDMSRG,DDOLRG,DDRYRG,DEAPRG,DEBKRG,DELCRG,DERERG,DESCRG,DESLRG,DEYERG,DFARRG,DFATRG,DFFDRG,DFINRG,DFISRG,DFLMRG,DFLORG,DFLRRG,DFNRRG,DFPHRG,DFRERG,DFRURG,DFUNRG,DGALRG,DGASRG,DGEDRG,DGENRG,DGGSRG,DGHERG,DGIVRG,DGRARG,DGRHRG,DGVHRG,DHDWRG,DHINRG,DHOLRG,DHOTRG,DHSLRG,DIBURG,DIMCRG,DIMNRG,DIMTRG,DIRRRG,DJLYRG,DJNBRG,DLGRRG,DLIFRG,DLIGRG,DLINRG,DLIQRG,DLOTRG,DLPFRG,DLUBRG,DLUGRG,DLWNRG,DMAGRG,DMBCRG,DMCYRG,DMDFRG,DMEARG,DMFDRG,DMHARG,DMHPRG,DMHSRG,DMICRG,DMILRG,DMLTRG,DMOVRG,DMPCRG,DMSCRG,DMSERG,DMUSRG,DMVLRG,DMVRRG,DNDCRG,DNECRG,DNFCRG,DNPHRG,DNPIRG,DNPURG,DNRDRG,DNRSRG,DNSCRG,DNWTRG,DOFDRG,DOFIRG,DOILRG,DOIPRG,DOMHRG,DOMPRG,DOPHRG,DOPMRG,DORSRG,DORTRG,DOSTRG,DOVARG,DOVERG,DPAARG,DPAPRG,DPARRG,DPEDRG,DPENRG,DPFTRG,DPFVRG,DPHYRG,DPMSRG,DPORRG,DPOURG,DPRPRG,DRBKRG,DREFRG,DRELRG,DREVRG,DRRERG,DRTDRG,DRXDRG,DSADRG,DSCHRG,DSCLRG,DSCWRG,DSEARG,DSEWRG,DSHURG,DSPERG,DSPGRG,DSTYRG,DSWERG,DTAPRG,DTATRG,DTAXRG,DTCERG,DTHERG,DTINRG,DTMERG,DTMHRG,DTOBRG,DTVSRG,DUNSRG,DUTRRG,DVEDRG,DVEGRG,DVETRG,DVMRRG,DWATRG,DWCTRG,DWGCRG,DWINRG,DWSMRG,DWTCRG,IA000629
1999-01-01,87.595,77.95,57.707,272.96299999999997,63.61,51.26200000000001,63.629000000000005,65.561,87.592,45.744,87.59400000000001,416.98699999999997,67.194,59.506,49.769000000000005,196.416,113.23100000000001,86.042,291.616,124.05799999999999,86.718,1614.7250000000001,267.244,103.082,81.757,72.092,51.378,64.48,313.407,62.535000000000004,98.67799999999998,37.335,59.721000000000004,44.26200000000001,39.47,59.503,76.329,50.290000000000006,66.084,64.66999999999999,44.342999999999996,63.43,76.489,84.289,93.35799999999999,121.65299999999999,59.25,44.243,72.959,55.291000000000004,51.26200000000001,40.937,38.002,72.408,64.53,63.671,58.027,76.645,56.849999999999994,59.246,99.065,58.895,63.723000000000006,72.339,59.507,57.329,38.790000000000006,59.648,54.69500000000001,74.465,80.798,78.527,54.635000000000005,59.585,57.431,230.531,79.90100000000001,67.193,38.542,35,138.228,116.912,60.658,111.221,82.02199999999999,77.74300000000001,66.001,59.507,124.762,88.94400000000002,58.482,89.603,78.12199999999999,67.374,57.407,54.635000000000005,97.62299999999999,65.856,57.394,114.24400000000001,79.65599999999999,98.495,115.936,98.52499999999999,59.247,80.30499999999999,106.727,93.49700000000001,56.23800000000001,49.76500000000001,96.784,73.508,67.832,31.945999999999998,447.552,62.57,95.061,98.67799999999998,60.72800000000001,63.723000000000006,57.318999999999996,62.569,855.524,246.66299999999998,68.343,61.176,67.19,38.001,53.663000000000004,47.416,66.68499999999999,78.425,71.87299999999999,67.795,68.538,73.036,107.44300000000001,58.077,61.932,87.612,109.154,114.527,51.174,64.049,44.502,54.633,66.27499999999999,153.524,103.084,93.57499999999999,49.066,139.584,106.024,70.116,45.352999999999994,79.337,54.644,1524.462,56.416,59.575,95.062,56.858999999999995,38.875,2417.584,61.62800000000001,113.33,43.510999999999996,66.035,44.004,60.423,159.537,156.353,110.99600000000001,88.081,41.318999999999996,91.084,57.092000000000006
1999-02-01,88.008,78.59700000000001,57.910999999999994,270.08299999999997,63.479,51.580999999999996,63.394,65.751,88.004,46.046,88.007,422.22099999999995,67.17799999999998,59.564,50.078,193.383,110.61999999999999,85.619,286.234,123.85799999999999,86.718,1571.236,268.45599999999996,103.724,81.67199999999998,71.732,51.505,64.452,310.99199999999996,62.657,98.67799999999998,37.64,59.815,44.388,39.681,59.562000000000005,76.64999999999999,50.143,66.17199999999998,64.403,44.893,63.777,76.643,86.34700000000001,93.17399999999999,121.65299999999999,59.333999999999996,44.369,73.12499999999999,55.598000000000006,51.582,40.139,38.172000000000004,72.408,65.80499999999999,64.30499999999999,58.19200000000001,76.338,56.948,59.329,98.554,58.996,64.003,72.033,59.565000000000005,57.38399999999999,37.607,59.322,54.759,74.001,81.46700000000001,78.60499999999999,54.956999999999994,59.678000000000004,57.996,229.631,80.316,67.17699999999999,38.294000000000004,34.946,136.38600000000002,117.029,60.599000000000004,111.733,81.829,78.042,66.13499999999999,59.565000000000005,124.636,88.85799999999999,58.596000000000004,89.532,80.34100000000001,67.68799999999999,57.966,54.955999999999996,98.21300000000001,66.04700000000001,57.95399999999999,113.633,79.265,98.215,113.85,98.245,59.330999999999996,80.349,106.368,93.07,56.39,50.074,96.723,73.48700000000001,67.60799999999999,31.615000000000002,443.59599999999995,62.668000000000006,95.223,98.67799999999998,60.784,64.003,57.373999999999995,62.668000000000006,848.4780000000001,248.504,68.02799999999999,61.71,67.17299999999999,38.171,53.746,47.196000000000005,66.68499999999999,78.792,71.922,68.601,68.192,72.985,106.81700000000001,58.166000000000004,61.912,88.02499999999999,109.24400000000001,114.527,51.405,64.137,44.650999999999996,54.95399999999999,66.398,152.14399999999998,103.726,92.477,49.571,138.60299999999998,105.49100000000001,70.163,45.396,79.095,54.708000000000006,1510.986,56.652,59.862,95.224,56.955999999999996,38.171,2396.34,61.510999999999996,112.57,43.673,64.696,43.92,60.601,154.122,154.10999999999999,109.925,88.498,41.35699999999999,91.96900000000001,57.185
1999-03-01,88.49000000000001,82.38499999999999,57.998000000000005,269.763,63.586,51.759,63.19200000000001,66.006,88.486,45.878,88.488,421.34900000000005,67.255,59.73800000000001,50.249,189.591,108.531,85.87199999999999,286.72299999999996,123.667,87.52,1516.464,269.668,106.4,81.67199999999998,71.51100000000001,51.653,64.698,309.11400000000003,62.717,98.972,37.785000000000004,59.91,44.429,39.940999999999995,59.736000000000004,76.81,50.142,65.645,64.17499999999998,45.189,63.743,76.643,86.46300000000001,93.44900000000001,122.283,59.402,44.41,72.433,55.598000000000006,51.759,41.406,38.318,73.561,65.51100000000001,64.01700000000001,58.346,76.865,57.078,59.397,98.554,59.101,64.06400000000001,72.52199999999999,59.74,57.75,37.098000000000006,59.169000000000004,54.791000000000004,73.986,80.35199999999999,78.915,54.903,59.888,58.274,222.659,80.472,67.254,38.139,34.385999999999996,137.92000000000002,116.67799999999998,60.658,111.221,82.034,77.748,66.13499999999999,59.74,123.627,88.601,58.823,89.462,80.699,67.329,58.246,54.902,97.52499999999999,66.49300000000001,58.234,113.425,80.12499999999999,97.935,115.12499999999999,97.96400000000001,59.399,80.554,105.965,93.12299999999999,56.564,50.245000000000005,96.789,73.482,67.551,31.987,433.21099999999996,62.79900000000001,95.763,98.971,60.903,64.06400000000001,57.741,62.79900000000001,834.387,244.034,68.02799999999999,61.888,67.251,38.31699999999999,53.936,47.24,66.813,78.804,72.049,68.553,68.624,73.239,105.66799999999999,58.255,62.018,88.506,109.515,114.41400000000002,51.636,64.248,44.818,54.900999999999996,66.5,150.917,106.402,92.477,49.617,137.99,106.157,69.977,45.438,78.531,54.74,1475.6109999999999,56.747,60.188,95.76400000000001,57.086,36.671,2379.344,61.589,112.19,43.999,63.512,44.004,60.707,153.571,151.121,109.862,88.438,41.413,91.23100000000001,57.3
1999-04-01,88.146,79.21600000000001,58.056,268.163,63.729000000000006,52.007,63.730000000000004,66.133,88.142,46.079,88.144,418.29499999999996,67.667,59.913,50.489,193.762,110.09700000000001,85.619,288.68,123.35499999999999,87.199,1495.307,265.729,105.116,81.587,71.503,51.843999999999994,64.923,308.309,62.899,99.46000000000001,37.872,59.91,44.597,40.152,59.91,76.97,50.261,65.381,62.946999999999996,45.169000000000004,64.26400000000001,75.02799999999999,86.478,93.816,123.18499999999999,59.45399999999999,44.577,74.812,55.598000000000006,52.007,46.711,38.464,73.561,63.255,63.556,58.77,76.777,57.24,59.449,98.043,59.184,64.45400000000001,73.592,59.913999999999994,57.98,37.392,59.254,54.791000000000004,74.61999999999999,82.08,79.225,55.117,60.395,58.601,232.33,80.576,67.666,38.201,34.653,137.30200000000002,117.37899999999999,60.716,112.33,82.18799999999999,78.119,66.537,59.913999999999994,122.74400000000001,88.429,58.993,89.462,73.754,67.643,58.580999999999996,55.116,96.739,66.557,58.568000000000005,113.41300000000001,81.063,97.864,114.197,97.894,59.45099999999999,81.34700000000001,106.29,94.03,56.702000000000005,50.485,96.918,74.009,67.269,33.022000000000006,430.73799999999994,62.93,95.331,99.46000000000001,61.050999999999995,64.45400000000001,57.97,62.93,819.2900000000001,242.19299999999998,67.712,61.532000000000004,67.663,38.463,54.392,47.46,67.13499999999999,78.79400000000001,72.09700000000001,68.648,68.624,73.645,106.295,58.478,62.467,88.16199999999999,109.425,115.546,51.982,64.526,44.986,55.115,66.774,150.303,105.118,92.989,49.983999999999995,138.48000000000002,105.225,70.535,45.607,79.095,54.74,1467.1889999999999,56.840999999999994,60.253,95.332,57.248000000000005,38.095000000000006,2358.1,61.778000000000006,112.438,44.163000000000004,63.574,44.38099999999999,60.885,154.58100000000002,153.811,110.95100000000001,88.67599999999999,41.507,90.789,57.448
1999-05-01,88.146,81.93100000000001,58.318,264.323,63.719,52.255,63.79800000000001,66.452,88.142,46.146,88.144,414.37,67.712,60.086999999999996,50.729000000000006,194.52,110.184,86.295,285.989,122.65499999999999,87.46700000000001,1465.6879999999999,264.517,102.54700000000001,82.01,71.67999999999999,52.013,64.958,307.23599999999993,63.082,99.265,38.075,59.815,44.72200000000001,40.326,60.085,77.824,50.5,64.59100000000001,63.410999999999994,45.969,64.229,74.798,86.262,93.082,121.472,59.572,44.703,75.724,55.567,52.255,45.916,38.597,73.561,62.81399999999999,63.44,58.923,76.953,57.37,59.568000000000005,98.145,59.333999999999996,64.84400000000001,73.225,60.088,57.77,37.558,59.382999999999996,54.855,76.077,82.47,79.535,55.117,60.553,59.492000000000004,231.88000000000002,80.67999999999999,67.71100000000001,38.48,34.893,135.55200000000002,118.197,60.716,112.15899999999999,82.49000000000001,78.194,66.80499999999999,60.088,123.12199999999999,88.17099999999999,59.05,89.603,74.255,67.95700000000001,59.475,55.116,96.837,66.812,59.462,113.21900000000001,81.84400000000001,97.79400000000001,111.647,97.824,59.569,81.436,106.574,93.603,56.95099999999999,50.72500000000001,96.983,73.67699999999999,66.84400000000001,33.808,422.33099999999996,63.061,94.46700000000001,99.26400000000001,61.14,64.84400000000001,57.760000000000005,63.061,813.251,244.56,67.46000000000001,61.058,67.708,38.596000000000004,54.534,47.328,67.26400000000001,78.96600000000001,72.13799999999999,69.311,67.76,73.696,107.965,58.522000000000006,62.591,88.16199999999999,109.06400000000001,115.773,52.232000000000006,64.68199999999999,45.135000000000005,55.115,66.881,149.69,102.549,92.18499999999999,50.260000000000005,138.112,105.824,71,45.86,79.256,54.803,1438.5529999999999,57.03,60.406,94.46700000000001,57.378,37.512,2328.3590000000004,61.916,112.823,44.489,64.66499999999999,44.549,61.064,154.611,148.58,111.43700000000001,88.736,41.544,90.789,57.579
1999-06-01,88.49000000000001,81.709,58.493,261.763,63.647,52.291000000000004,63.697,66.38799999999999,88.486,46.515,88.488,410.444,67.74100000000001,59.332,50.763000000000005,191.297,110.881,87.48,286.96799999999996,122.327,88.697,1434.658,263.91099999999994,102.868,81.67199999999998,71.753,52.22500000000001,65.359,308.041,63.142,100.046,38.191,59.483999999999995,44.846999999999994,40.525000000000006,59.329,77.824,50.836,64.94200000000001,64.474,48.12800000000001,64.16,75.489,86.41600000000001,93.266,121.472,59.62800000000001,44.828,75.226,55.843999999999994,52.291000000000004,45.495000000000005,38.694,74.104,64.48100000000001,64.30499999999999,59.056999999999995,77.26,57.499,59.623000000000005,98.145,59.455,65.331,73.43900000000001,59.333,57.808,37.754,59.612,54.918,76.933,81.69,79.612,54.903,60.711,60.275000000000006,227.157,80.836,67.74000000000001,39.069,35,133.39100000000002,118.08,61.067,112.5,82.44100000000002,78.121,65.46400000000001,59.333,123.12199999999999,87.827,59.163000000000004,89.392,74.326,68.04700000000001,60.258,54.902,98.01700000000001,67.194,60.246,112.955,82.079,97.724,114.545,97.754,59.62500000000001,81.7,106.896,93.81700000000001,57.169000000000004,50.758,97.301,73.958,65.49900000000001,34.510999999999996,416.397,63.160000000000004,94.79100000000001,100.046,61.199000000000005,65.331,57.79800000000001,63.159,801.1730000000001,242.98200000000003,67.523,62.12500000000001,67.736,38.694,54.677,47.503,67.071,79.189,72.12199999999999,68.79,68.106,73.59400000000001,105.042,58.633,62.705000000000005,88.506,108.253,114.64,52.483,64.753,45.302,54.900999999999996,66.952,147.08200000000002,102.86999999999999,92.038,51.452999999999996,136.02700000000002,105.691,70.76700000000001,46.029,78.77199999999999,54.867,1418.339,57.148,60.653999999999996,94.79100000000001,57.508,37.158,2328.3590000000004,62.191,113.641,44.694,64.042,44.758,61.206,155.56,146.935,111.563,88.736,41.620000000000005,89.90400000000001,57.706
1999-07-01,89.04,80.93,58.58,260.48299999999995,63.879,52.645,64.06700000000001,66.579,89.037,46.548,89.039,412.189,67.989,59.62200000000001,51.107,189.97,113.318,87.311,285.989,121.774,88.16199999999999,1390.464,270.577,103.296,81.84100000000001,71.65799999999999,52.394,65.35199999999999,305.357,63.082,99.851,38.322,59.532000000000004,44.846999999999994,40.637,59.620000000000005,77.504,51.32,64.94200000000001,63.477,48.212,64.438,76.258,82.90100000000001,93.633,121.833,59.726000000000006,44.828,74.369,56.120000000000005,52.645,47.461,38.913,74.036,61.833,64.823,59.345,77.04100000000001,57.629000000000005,59.721000000000004,99.167,59.732000000000006,65.453,74.051,59.623000000000005,58.89,38.1,59.983,54.918,77.222,81.857,79.612,55.278000000000006,61.059,60.392,229.406,81.096,67.989,39.069,34.760000000000005,130.612,117.729,61.300999999999995,111.903,82.43900000000001,78.12199999999999,65.68799999999999,59.624,122.74400000000001,88.343,59.163000000000004,89.321,74.18299999999999,68.271,60.37,55.277,98.21300000000001,67.258,60.36,112.73700000000001,81.453,97.654,112.69,97.684,59.723000000000006,82.21600000000001,108.15599999999999,94.617,57.226000000000006,51.102000000000004,97.299,74.04700000000001,65.49300000000001,35.836,414.91299999999995,63.291000000000004,95.38499999999999,99.851,61.376,65.45400000000001,58.879999999999995,63.290000000000006,785.069,240.089,67.586,62.54,67.985,38.912,54.99,47.943,67.45700000000001,79.41100000000002,72.306,68.88499999999999,67.803,73.543,103.26700000000001,58.855999999999995,63.012,89.057,108.70400000000001,114.187,52.733000000000004,65.024,45.489,55.275000000000006,67.19,147.849,103.298,92.624,51.361,136.02700000000002,104.959,70.81400000000001,46.197,78.531,54.867,1413.285,57.289,60.849999999999994,95.386,57.638000000000005,38.433,2319.8610000000003,62.412,114.74000000000001,44.815999999999995,65.007,44.758,61.348,156.98200000000003,150.523,110.735,89.093,41.676,88.94500000000001,57.828
1999-08-01,89.109,80.93100000000001,58.812999999999995,258.563,64.29400000000001,52.965,63.562000000000005,66.77,89.10499999999999,46.582,89.10799999999999,410.444,68.17299999999999,60.086999999999996,51.416999999999994,188.64299999999997,113.579,86.972,285.01,121.71100000000001,88.644,1339.6879999999999,269.97099999999995,103.296,81.84100000000001,71.91600000000001,52.563,65.374,302.137,63.203,99.753,38.496,59.483999999999995,44.973,41.009,60.085,77.93100000000001,51.928000000000004,65.074,66.52199999999999,48.502,64.507,76.335,82.94000000000001,93.44900000000001,121.38199999999999,59.763000000000005,44.952999999999996,74.31400000000001,56.55,52.965,49.988,38.828,74.036,64.824,65.976,59.564,76.51400000000001,57.759,59.758,99.27,59.870999999999995,65.478,73.959,60.088,58.986,38.645,60.306999999999995,54.664,76.38799999999999,81.801,79.69,55.330999999999996,61.400999999999996,60.621,225.80800000000002,81.252,68.17199999999998,39.627,35,130.097,117.49600000000001,61.477,110.624,83.287,78.195,66.492,60.088,122.86999999999999,88.601,59.56,89.392,74.112,68.271,60.593,55.33,98.01700000000001,67.258,60.585,112.428,81.141,97.654,111.531,97.684,59.760000000000005,82.729,109.44600000000001,94.24300000000001,57.375,51.412,97.233,74.265,64.569,36.952999999999996,407,63.422000000000004,95.49300000000001,99.753,61.494,65.479,58.976,63.422000000000004,777.0169999999999,232.989,67.838,63.309999999999995,68.169,38.827,55.29900000000001,47.855,67.45700000000001,79.587,72.288,68.79,68.106,73.289,103.371,58.945,63.273,89.12599999999999,108.523,114.98,53.118,65.189,45.582,55.329,67.391,147.696,103.298,91.599,50.809999999999995,135.414,105.35799999999999,71,46.324,78.208,54.613,1386.3339999999998,57.501,60.975,95.49400000000001,57.76800000000001,37.686,2324.11,62.549,115.29400000000001,44.694,65.599,44.758,61.38399999999999,155.56,149.02800000000002,111.059,89.45100000000001,41.732000000000006,89.019,57.955999999999996
1999-09-01,89.316,81.049,59.016999999999996,253.76299999999998,64.40700000000001,53.178000000000004,63.832,66.834,89.312,47.118,89.31400000000001,408.263,68.46700000000001,60.086999999999996,51.624,187.126,114.01400000000001,87.48,285.255,121.81700000000001,89.874,1308.658,268.759,102.975,81.757,72.209,52.754,65.458,294.624,63.324,99.265,38.583,59.626000000000005,45.182,41.146,60.085,78.144,52.661,65.074,67.071,48.501,64.612,76.181,82.284,93.724,121.833,59.905,45.162000000000006,73.456,56.55,53.178000000000004,51.72500000000001,38.937,74.036,63.745000000000005,67.70400000000001,59.88399999999999,77.21600000000001,57.921,59.9,99.065,59.97,65.44700000000002,75.059,60.088,58.852,39.501,60.612,54.759,76.52199999999999,81.41100000000002,79.69,55.330999999999996,61.81699999999999,61.016999999999996,225.35800000000003,81.771,68.46600000000001,40.12200000000001,35.24,127.936,117.613,61.652,111.733,83.436,77.897,65.733,60.088,123.753,88.429,59.673,89.392,75.54400000000001,68.495,60.985,55.33,98.312,67.258,60.978,112.55499999999999,81.84400000000001,97.724,112.574,97.754,59.902,83.62899999999999,109.46600000000001,94.51,57.63,51.619,97.232,73.958,64.59700000000001,38.855999999999995,405.022,63.553,96.519,99.26400000000001,61.612,65.44900000000001,58.842,63.553,763.9319999999999,227.467,68.343,63.666000000000004,68.46300000000001,38.937,55.673,48.29500000000001,67.26400000000001,79.60499999999999,72.41900000000001,69.548,68.581,72.93400000000001,103.684,59.079,63.642,89.332,108.073,113.281,53.214,65.393,45.712,55.329,67.66499999999999,147.849,102.977,91.16,50.902,134.8,105.95700000000001,71.232,46.408,78.369,54.708000000000006,1379.596,57.714,61.024,96.52,57.93,40.118,2311.3630000000003,62.936,115.95700000000001,45.26500000000001,67.032,44.842,61.491,153.66299999999998,147.23399999999998,111.113,89.331,41.806999999999995,89.093,58.12500000000001
1999-10-01,88.834,82.02,58.872,252.803,64.65499999999999,53.355,64.06700000000001,67.15199999999999,88.83,47.586999999999996,88.832,408.699,68.589,60.318999999999996,51.797000000000004,184.662,113.84,87.48,285.255,121.438,90.356,1266.815,270.88,103.296,82.348,72.92,52.943999999999996,65.537,294.08799999999997,63.446,99.167,38.829,60.052,44.931,41.37,60.31699999999999,78.198,53.493,65.03,67.968,48.689,65.029,75.95100000000001,83.07799999999999,93.35799999999999,120.932,59.967,44.912,72.212,56.704,53.355999999999995,51.829,39.071,74.104,59.234,66.898,60.134,76.865,58.019,59.963,99.167,60.136,65.715,74.692,60.321,59.474,40.190000000000005,60.734,55.077,76.722,80.687,79.69,55.492000000000004,62.127,61.638000000000005,224.90800000000002,81.771,68.588,41.114,35.373999999999995,134.317,116.21100000000001,61.652,111.989,83.43700000000001,77.67099999999999,66.403,60.321,123.37499999999999,88.17099999999999,59.673,89.321,79.983,68.495,61.6,55.491,98.01700000000001,67.577,61.593,112.59100000000001,83.72,97.724,114.081,97.754,59.964,84.426,110.137,94.083,57.809999999999995,51.79200000000001,97.36,73.926,64.88799999999999,39.477,402.055,63.650999999999996,95.871,99.167,61.730000000000004,65.71700000000001,59.464,63.650999999999996,754.874,225.363,68.09100000000001,62.955,68.585,39.07,55.952,48.339,67.71400000000001,79.787,72.65599999999999,69.21700000000001,67.76,73.086,104.519,59.190000000000005,63.852,88.85,107.35199999999999,113.84700000000001,53.483,65.584,45.861,55.489,67.884,148.463,103.298,90.868,51.499,134.187,104.693,71.37199999999999,47.379,78.369,55.026,1369.489,57.949,60.833,95.87199999999999,58.027,39.943,2298.617,62.988,115.342,45.958,66.534,45.094,61.562000000000005,154.306,147.533,111.599,89.331,41.900999999999996,90.051,58.216
1999-11-01,89.04,82.202,59.075,253.123,64.84,53.568000000000005,64.269,67.534,89.037,47.755,89.039,407.827,68.68299999999999,60.61,52.004,183.71399999999997,113.666,86.803,283.053,121.863,89.98100000000001,1236.02,267.547,102.76100000000001,81.67199999999998,72.634,53.177,66.109,289.258,63.567,99.55799999999999,37.132000000000005,60.099000000000004,45.098000000000006,41.706,60.608000000000004,78.571,54.506,64.06400000000001,68.777,48.978,65.34100000000001,76.566,81.86,92.16499999999999,120.391,60.116,45.079,72.46100000000001,56.888,53.569,51.218,39.193000000000005,74.17199999999998,61.196000000000005,67.071,60.274,76.777,58.31099999999999,60.111,99.474,60.286,66.032,74.601,60.611,58.019,40.564,60.961,55.077,76.577,80.52,79.612,55.599000000000004,62.405,62.03,223.334,82.031,68.68199999999999,41.3,35.373999999999995,135.346,114.576,61.535000000000004,111.306,83.73400000000001,79.146,66.44800000000001,60.611,124.258,88.429,60.013999999999996,89.321,80.91400000000002,68.989,61.991,55.598000000000006,97.427,67.70400000000001,61.983,113.21700000000001,84.65799999999999,97.654,113.85,97.684,60.113,84.092,109.65599999999999,93.657,58.038000000000004,51.999,97.359,74.27499999999999,64.63799999999999,40.429,394.14300000000003,63.815,95.115,99.557,61.846999999999994,66.035,58.009,63.815,739.7760000000001,222.73299999999998,68.65799999999999,63.785000000000004,68.67899999999999,39.19200000000001,56.203,48.427,67.908,79.87499999999999,72.684,70.49600000000001,68.71100000000001,73.44200000000001,105.042,59.279,64.101,89.057,107.62199999999999,115.886,53.849,65.669,46.01,55.597,67.998,148.309,102.763,91.16,50.306,134.065,104.293,71.418,47.59,78.611,55.026,1342.537,58.138000000000005,60.759,95.116,58.318999999999996,39.446999999999996,2273.124,63.032000000000004,115.649,46.080999999999996,65.475,45.261,61.74,154.26,147.23399999999998,111.14,89.45100000000001,41.956999999999994,90.199,58.512
1999-12-01,88.35199999999999,80.04400000000001,59.25,251.843,65.07,53.745000000000005,64.539,67.661,88.349,48.056,88.351,409.572,68.87499999999999,60.61,52.177,182.197,115.40700000000001,86.972,277.91599999999994,121.56,89.76700000000001,1241.4270000000001,267.244,101.90400000000001,81.926,72.784,53.431,66.354,288.184,63.507,98.67799999999998,37.277,60.099000000000004,45.26500000000001,41.905,60.608000000000004,79.05199999999999,55.591,64.10799999999999,67.269,48.919,65.34100000000001,75.02799999999999,83.903,91.982,120.48100000000001,60.134,45.246,72.654,57.010999999999996,53.746,53.846999999999994,39.338,74.17199999999998,57.224000000000004,65.284,60.533,76.99700000000001,58.44,60.129000000000005,99.474,60.406,66.647,74.998,60.611,58.641,40.133,61.156,55.109,76.877,79.962,80.543,55.973,62.741,62.641,221.984,82.862,68.874,41.980999999999995,35.293000000000006,133.803,115.277,61.652,112.5,83.927,78.924,66.62599999999999,60.611,124.13199999999999,88.343,60.127,89.67299999999999,78.193,69.16799999999999,62.606,55.973,97.033,67.70400000000001,62.594,114.148,84.815,97.51400000000001,112.574,97.543,60.131,84.539,109.003,93.55,58.486999999999995,52.172000000000004,97.293,74.40400000000001,64.923,42.455999999999996,393.648,63.913,96.24900000000001,98.67799999999998,61.995000000000005,66.651,58.631,63.913,728.705,220.36700000000002,68.46900000000001,64.43700000000001,68.871,39.338,56.505,48.427,67.45700000000001,80.023,73.37299999999999,70.78,68.106,73.34,105.042,59.346,64.468,88.369,106.54,114.753,54.041,65.857,46.159,55.971,68.257,148.61599999999999,101.906,90.79400000000001,52.096000000000004,132.102,104.293,71.32499999999999,47.632000000000005,78.45,55.058,1340.8519999999999,58.349999999999994,60.707,96.25,58.449,39.25,2264.6259999999997,63.129000000000005,115.061,46.123000000000005,66.222,45.471,61.918,150.895,148.72899999999998,111.167,89.689,42.013999999999996,89.093,58.637
2000-01-01,88.724,80.257,59.474,252.45100000000002,65.16199999999999,54.1,64.438,67.94100000000002,88.72,47.993,88.722,410.70599999999996,69.09100000000001,60.668000000000006,52.522000000000006,183.524,116.277,87.361,280.484,121.90100000000001,88.98100000000001,1219.8,266.305,101.776,82.94000000000001,72.62599999999999,53.642,66.43700000000001,287.72799999999995,63.737,99.958,39.642,60.005,45.378,42.142,60.666000000000004,79.15799999999999,57.008,64.63499999999999,67.574,49.169000000000004,64.62899999999999,74.54400000000001,83.024,91.78,121.121,60.37,45.358999999999995,72.571,57.134,54.101,54.739000000000004,39.448,74.17199999999998,63.5,65.918,60.786,76.60199999999999,58.7,60.365,99.198,60.596000000000004,66.806,75.823,60.669000000000004,59.469,39.436,61.494,55.09,77.049,79.684,80.93,55.973,63.638000000000005,62.8,220.702,82.96600000000001,69.09,42.942,35.349999999999994,131.20899999999997,115.627,61.793000000000006,112.245,84.136,78.99900000000001,65.884,60.67,123.148,88.773,60.899,89.603,76.26,69.258,62.773,55.973,96.87599999999999,68.087,62.757,114.44800000000001,84.73700000000001,97.584,114.093,97.614,60.367,83.96900000000001,109.1,93.55,59.261,52.518,96.65199999999999,74.54,65.57199999999999,45.56,393.945,64.24100000000001,96.336,99.958,62.137,66.811,59.458999999999996,64.24100000000001,718.64,218.526,68.816,64.164,69.087,39.446999999999996,57.312999999999995,48.893,67.45700000000001,80.101,73.48,70.733,69.113,73.254,105.073,59.518,64.93,88.74000000000001,107.045,113.63199999999999,54.138000000000005,66.17099999999999,46.326,55.971,68.619,148.003,101.77799999999999,90.721,52.233000000000004,132.67899999999997,104.293,71.55799999999999,47.674,78.273,55.038000000000004,1341.8629999999998,58.445,60.507,96.336,58.709,39.756,2230.635,63.595000000000006,115.092,46.247,65.35,45.848,62.132000000000005,150.42000000000002,154.439,110.06,89.867,42.126000000000005,88.871,58.878
2000-02-01,89.357,83.269,59.614,249.155,65.333,54.419,64.539,68.215,89.353,48.365,89.35499999999999,411.884,69.34400000000001,60.784,52.833,183.79,116.364,87.319,280.264,120.67299999999999,88.62799999999999,1186.8899999999999,265.517,102.868,83.109,73.147,53.85399999999999,66.988,287.40599999999995,63.986,100.144,40.062000000000005,60.336,45.512,42.366,60.782000000000004,79.265,58.162000000000006,63.932,68.399,49.02,66.023,75.42,84.004,92.771,121.364,60.497,45.492000000000004,73.927,57.19500000000001,54.42,56.617,39.593,74.17099999999999,62.274,67.935,61.098000000000006,76.426,58.83,60.492000000000004,98.534,60.708000000000006,66.715,75.48700000000001,60.786,58.885999999999996,38.918,61.73800000000001,55.138000000000005,76.96300000000001,80.018,81.395,56.193000000000005,64.21000000000001,62.62500000000001,218.54299999999998,83.27799999999999,69.343,47.558,35.899,128.945,114.459,61.949999999999996,111.818,84.293,79.074,66.506,60.786,123.04700000000001,89.288,61.494,89.67299999999999,76.331,69.57199999999999,62.606,56.19200000000001,97.515,68.59700000000001,62.586,112.70100000000001,83.095,97.51400000000001,114.07,97.543,60.494,84.518,108.27,93.369,59.259,52.828,96.459,74.86999999999999,66.436,60.664,393.697,64.405,96.827,100.144,62.272000000000006,66.72,58.876,64.405,691.4639999999999,219.10399999999998,68.77799999999999,63.785000000000004,69.34,39.593,57.828,49.065000000000005,67.521,80.263,73.59400000000001,72.059,68.24900000000001,73.462,105.532,59.742000000000004,65.371,89.37299999999999,106.748,114.459,54.118,66.398,46.494,56.190000000000005,68.94400000000002,148.003,102.86999999999999,90.648,52.142,131.108,104.16,71.55799999999999,47.842999999999996,78.15199999999999,55.086,1341.021,58.61,60.29500000000001,96.82799999999999,58.839,40.467,2205.142,63.676,114.71400000000001,46.452,65.038,47.063,62.274,149.258,151.076,109.538,89.57,42.220000000000006,91.23100000000001,59.004
2000-03-01,90.073,84.796,59.416,245.955,65.62499999999999,54.703,64.539,68.412,90.069,48.809999999999995,90.071,411.79599999999994,69.768,60.842,53.109,187.73299999999998,115.49400000000001,87.84400000000001,278.087,120.198,89.066,1162.677,263.82099999999997,103.81,83.02499999999999,72.30499999999999,54.086999999999996,67.032,286.977,63.943999999999996,100.896,39.961,60.241,46.23500000000001,42.577,60.839999999999996,79.265,59.166000000000004,64.10799999999999,68.359,48.579,66.005,76.09700000000001,88.051,94.641,122.374,60.578,46.215,72.24000000000001,57.288000000000004,54.705000000000005,62.908,39.751,74.16999999999999,61.588,68.51100000000001,61.483999999999995,76.909,59.024,60.574,99.535,60.85699999999999,67.092,76.862,60.843999999999994,59.093,39.143,62.056,55.052,77.475,79.739,81.705,56.22500000000001,64.928,63.178000000000004,218.72299999999998,83.589,69.76700000000001,47.620000000000005,36.217,134.605,113.992,62.120000000000005,111.392,84.333,79.29400000000001,66.894,60.843999999999994,123.45,89.374,61.619,89.81400000000001,76.475,69.975,63.165000000000006,56.224000000000004,97.958,68.788,63.142,112.455,82.313,97.724,113.94200000000001,97.754,60.575,85.498,108.702,93.833,59.410999999999994,53.104,96.90700000000001,75.287,65.32199999999999,51.726000000000006,389.692,64.536,96.363,100.896,62.425000000000004,67.098,59.083,64.536,685.425,219.70899999999997,68.898,64.306,69.76400000000001,39.751,58.474,49.043,67.71400000000001,80.34,73.351,73.57499999999999,68.551,73.071,105.136,59.72200000000001,65.93,90.089,107.343,114.833,54.349,66.73100000000001,46.662000000000006,56.223000000000006,69.32799999999999,147.542,103.812,90.94100000000002,52.509,131.51299999999998,103.229,71.64999999999999,48.22200000000001,78.49000000000001,55,1327.376,58.704,60.167,96.363,59.033,40.79800000000001,2188.147,63.660000000000004,114.543,46.616,65.13199999999999,47.105000000000004,62.523,143.98100000000002,150.583,109.781,90.046,42.333,90.12499999999999,59.199000000000005
2000-04-01,90.306,84.69,59.445,244.38700000000003,65.20700000000001,54.95099999999999,64.842,68.412,90.303,49.273,90.30499999999999,408.002,69.74000000000001,60.494,53.349999999999994,184.434,114.101,88.3,280.09299999999996,119.864,89.35,1122.48,264.76,103.76700000000001,83.194,72.94400000000002,54.23500000000001,67.29100000000001,285.501,64.096,100.369,40.091,60.336,45.846,42.826,60.491,79.318,60.047,63.580999999999996,70.766,49.402,65.95700000000001,75.205,90.05499999999999,95.595,121.301,60.741,45.827,70.60799999999999,57.349,54.95399999999999,59.38699999999999,39.934,74.169,62.961,69.145,61.577,77.085,59.153999999999996,60.736000000000004,98.99400000000001,61.038000000000004,67.17099999999999,76.618,60.495000000000005,60.098000000000006,40.187,62.458,55.077,77.977,79.851,81.395,56.379999999999995,64.815,63.287,226.258,83.849,69.739,46.412,36.687,134.575,113.408,62.382999999999996,110.539,84.465,79.44000000000001,67.02799999999999,60.495000000000005,123.84100000000001,89.46000000000001,62.096000000000004,89.603,77.04700000000001,70.11,63.277,56.379,97.55499999999999,69.043,63.253,113.299,83.642,97.935,114.52199999999999,97.96400000000001,60.73800000000001,86.35,108.612,93.73100000000001,59.432,53.345,97.293,74.79700000000001,62.681,49.449999999999996,388.307,64.667,95.99000000000001,100.368,62.550999999999995,67.17799999999998,60.088,64.667,674.3539999999999,219.788,68.236,65.664,69.735,39.933,58.373,49.245000000000005,67.64999999999999,80.45400000000001,73.405,74.096,68.486,73.18299999999999,104.21700000000001,59.73800000000001,66.002,90.323,107.856,114.99100000000001,54.58,66.898,46.848,56.378,69.424,146.929,103.769,91.087,52.463,132.42100000000002,104.027,70.86,48.433,77.998,55.026,1322.6599999999999,59.105000000000004,60.097,95.99100000000001,59.163000000000004,42.465,2166.9030000000002,63.553999999999995,114.87499999999999,46.82,66.534,47.273,62.666000000000004,142.313,152.915,109.17799999999998,90.106,42.426,91.895,59.330999999999996
2000-05-01,90.52,84.387,59.760000000000005,267.459,65.436,55.129000000000005,65.07799999999999,68.85799999999999,90.516,49.608000000000004,90.518,405.341,69.846,60.61,53.523,188.017,114.101,88.74000000000001,277.573,119.554,89.238,1116.368,263.215,102.611,83.02499999999999,72.545,54.489,67.801,285.582,64.229,99.929,40.26500000000001,60.146,46.318999999999996,43.149,60.608000000000004,79.15799999999999,60.836,64.459,69.225,50.573,66.871,73.529,90.37899999999999,94.568,120.409,60.863,46.29900000000001,69.253,57.41,55.132000000000005,58.179,40.12800000000001,74.779,63.893,69.779,61.790000000000006,77.96300000000001,59.315999999999995,60.858,98.96300000000001,61.163000000000004,67.269,76.771,60.611,60.449,41.153999999999996,62.677,55.395,77.86999999999999,78.62499999999999,81.783,56.862,65.059,63.507,221.287,83.953,69.845,46.288000000000004,36.583,124.508,112.12299999999999,62.108000000000004,111.051,84.508,79.513,67.23400000000001,60.611,123.312,89.63199999999999,62.452999999999996,89.532,76.976,69.93100000000001,63.5,56.861,97.781,69.235,63.475,113.693,84.58,98.07499999999999,114.661,98.104,60.86,86.74000000000001,109.21100000000001,94.782,59.595000000000006,53.518,97.483,75.49300000000001,61.604,49.449999999999996,384.99399999999997,64.831,95.979,99.929,62.668000000000006,67.27499999999999,60.439,64.831,670.328,227.598,68.20400000000001,66.94400000000002,69.84100000000001,40.127,58.592000000000006,49.571,67.779,80.48400000000001,73.68799999999999,74.381,68.962,73.127,104.906,59.846999999999994,66.271,90.537,107.91000000000001,115.127,54.619,67.038,47.053,56.858999999999995,69.67299999999999,146.315,102.613,91.233,52.601,132.27399999999997,104.227,71.418,48.56,78.353,55.343999999999994,1311.3739999999998,59.294000000000004,60.063,95.98,59.325,41.2,2154.157,63.861,115.71100000000001,47.105000000000004,68.24700000000001,47.608000000000004,62.843999999999994,140.24899999999997,151.495,108.91700000000002,90.16499999999999,42.539,90.568,59.483
2000-06-01,90.348,84.423,60.019,265.219,65.631,55.306,64.87599999999999,69.093,90.34400000000001,50.067,90.346,403.727,70.25,60.61,53.69500000000001,185.496,114.71000000000001,88.478,275.10200000000003,118.10199999999999,89.59100000000001,1082.752,260.851,103.007,83.109,72.62199999999999,54.616,68.10499999999999,283.703,64.29,100.359,40.38099999999999,60.477,46.712,43.708000000000006,60.608000000000004,79.318,61.531,64.54700000000001,69.346,50.985,66.69,73.929,90.024,94.871,119.68799999999999,60.870999999999995,46.691,67.4,57.533,55.309,63.608000000000004,40.432,74.846,64.236,74.90700000000001,62.121,76.953,59.510999999999996,60.866,99.331,61.29900000000001,67.921,77.473,60.611,60.964,42.093,62.72800000000001,55.497,77.793,77.67799999999998,81.705,56.915,65.55,63.949999999999996,219.12800000000001,84.473,70.24900000000001,46.753,37.05,120.783,112.357,62.325,110.795,85.04,80.324,67.958,60.611,123.248,89.89,62.759,89.603,76.76100000000001,70.37899999999999,63.946999999999996,56.913999999999994,97.20100000000001,69.298,63.921,113.569,85.206,98.07499999999999,114.394,98.104,60.868,87.838,109.793,95.049,59.660000000000004,53.691,97.41300000000001,75.77799999999999,60.744,50.402,381.72999999999996,65.02799999999999,95.78,100.359,62.779,67.927,60.95399999999999,65.02799999999999,662.2760000000001,231.569,68.07199999999999,67.74400000000001,70.245,40.431,59.035000000000004,49.412,67.972,80.576,73.902,74.428,68.836,73.30499999999999,106.034,59.940999999999995,66.796,90.364,107.26100000000001,115.059,54.754,67.38,47.406,56.913,69.995,146.315,103.009,90.94100000000002,53.473,130.974,103.229,71.51100000000001,48.729000000000006,78.24000000000001,55.445,1300.256,59.435,59.876,95.78,59.52,40.547,2149.908,64.15199999999999,116.198,47.552,68.68299999999999,47.900999999999996,63.022000000000006,140.172,153.602,108.7,90.16499999999999,42.652,89.535,59.673
2000-07-01,90.306,82.97,60.485,263.683,65.809,55.553999999999995,65.64999999999999,69.21400000000001,90.303,50.094,90.30499999999999,398.013,70.462,60.842,53.937,187.961,114.18799999999999,88.8,272.41099999999994,118.265,89.109,1059.95,258.457,104.73,82.94000000000001,72.918,54.764,68.084,282.65700000000004,64.393,100.99400000000001,40.583999999999996,60.903,47.079,43.955999999999996,60.839999999999996,79.799,62.038000000000004,64.898,69.30499999999999,51.11,65.918,74.57499999999999,89.68499999999999,95.76,120.292,61.574,47.059,70.082,57.656,55.558,62.906,40.59,74.91300000000001,64.726,77.846,62.33,77.17299999999999,59.73800000000001,61.569,99.709,61.669000000000004,68.512,77.687,60.843999999999994,61.547,42.135000000000005,62.393,55.545,77.952,77.789,82.48100000000001,56.99,65.815,64.05799999999999,225.80800000000002,84.62799999999999,70.46100000000001,47.589,37.272000000000006,123.016,112.70700000000001,62.699000000000005,110.368,84.988,81.137,68.41400000000002,60.843999999999994,122.82,89.718,63.043,89.81400000000001,77.61999999999999,70.603,64.059,56.989,97.633,69.617,64.031,114.113,84.189,98.145,114.418,98.17499999999998,61.571,86.706,108.27199999999999,94.83,60.418,53.932,97.21100000000001,75.702,61.129000000000005,51.684,379.356,65.15899999999999,95.81700000000001,100.99400000000001,62.948,68.51700000000001,61.537,65.15899999999999,651.2040000000001,230.67499999999998,68.21700000000001,68.136,70.45700000000001,40.589,59.273,49.734,67.843,80.587,74.44100000000002,74.902,69.91700000000002,73.254,105.323,60.215,67.09700000000001,90.323,107.081,115.796,54.946,67.57799999999999,47.611,56.988,70.16199999999999,145.242,104.732,89.40400000000001,54.069,130.618,103.16199999999999,71.55799999999999,49.024,78.49000000000001,55.493,1292.1709999999998,59.648,59.749,95.818,59.747,41.691,2103.1710000000003,64.098,115.503,47.550999999999995,68.402,48.237,63.164,138.26,157.98200000000003,108.953,90.225,42.745000000000005,89.609,59.89
2000-08-01,89.598,86.035,60.790000000000006,261.635,66.24000000000001,55.59,65.886,69.65299999999999,89.59400000000001,50.416,89.596,398.188,70.458,60.726000000000006,53.971,182.576,112.18599999999999,90.018,269.5,118.48100000000001,89.548,1038.088,258.215,104.762,82.856,72.902,55.018,68.44300000000001,282.09299999999996,64.508,101.336,40.787,60.903,47.209,43.980999999999995,60.724000000000004,80.333,62.449999999999996,65.16199999999999,67.423,51.11,66.266,74.613,89.184,96.09,120.184,61.673,47.189,70.857,57.839999999999996,55.593,59.443,40.455999999999996,75.524,64.48100000000001,77.38499999999999,62.461,77.21600000000001,59.965,61.668000000000006,99.709,61.822,68.725,77.596,60.727000000000004,61.683,42.62500000000001,62.273,55.714,77.94200000000001,77.343,82.403,57.129000000000005,65.87199999999999,64.223,221.647,84.836,70.45700000000001,48.302,37.328,124.189,112.59,62.325,110.795,85.23,81.284,68.503,60.72800000000001,122.164,89.89,63.247,89.74400000000001,78.12199999999999,70.783,64.227,57.12800000000001,97.10199999999999,69.80799999999999,64.197,115.002,84.424,98.145,114.93900000000001,98.17499999999998,61.67,86.90700000000001,106.769,94.606,60.896,53.967,97.143,75.96000000000001,61.010999999999996,51.974,366.79499999999996,65.323,96.114,101.336,63.089,68.729,61.673,65.323,637.113,228.939,67.56700000000001,69.209,70.453,40.455,59.325,49.962,68.036,80.69,74.595,75.565,69.692,73.569,105.37599999999999,60.41,67.189,89.614,106.621,115.818,55.215,67.46600000000001,47.537,57.127,70.296,145.089,104.765,89.18499999999999,54.29900000000001,130.471,103.095,71.836,49.318999999999996,78.926,55.662000000000006,1249.385,59.789,59.822,96.115,59.974,40.88399999999999,2086.175,64.49100000000001,115.486,47.631,69.462,48.572,63.556,134.95600000000002,155.037,109.02499999999999,90.34400000000001,42.783,90.199,60.104
2000-09-01,89.859,85.311,60.918,259.107,66.65899999999999,55.838,65.482,69.88199999999999,89.85499999999999,50.349,89.85799999999999,397.882,70.829,60.784,54.213,181.969,111.403,89.933,268.472,116.74300000000001,89.74600000000001,1023.513,258.7,103.927,82.687,73.034,55.187,68.512,279.65200000000004,64.654,101.092,41.179,61.139,47.333999999999996,43.869,60.782000000000004,80.6,62.76500000000001,65.118,67.915,50.975,66.69,74.705,88.18199999999999,97.07199999999999,122.35499999999999,61.827,47.31399999999999,71.742,57.994,55.842,63.297000000000004,40.578,75.524,65.952,81.476,62.72800000000001,77.568,60.160000000000004,61.822,99.63799999999999,61.97,68.91400000000002,77.871,60.786,62.601,42.818,62.181,56.258,78.099,77.51,82.326,57.193000000000005,66.279,64.332,220.27499999999998,84.732,70.82799999999999,50.501,37.368,126.032,112.12299999999999,62.243,110.539,85.288,81.728,69.004,60.786,122.365,88.85799999999999,63.502,89.81400000000001,77.76400000000001,70.46900000000001,64.339,57.193000000000005,96.955,70.318,64.309,116.074,85.44000000000001,97.864,115.04400000000001,97.894,61.824,87.729,108.663,94.857,61.177,54.209,96.571,76.148,61.364,58.016,367.388,65.52,95.85499999999999,101.09100000000001,63.256,68.91700000000002,62.591,65.519,628.055,228.256,68.034,69.724,70.82499999999999,40.577,59.691,50.209,68.101,80.863,74.732,74.99700000000001,69.52799999999999,73.09700000000001,104.979,60.48,67.644,89.87599999999999,107.07199999999999,116.351,55.312,67.748,47.369,57.191,70.51700000000001,144.168,103.93,91.233,54.391,131.194,102.829,71.74300000000001,49.446,78.853,56.205000000000005,1251.4060000000002,59.931,59.838,95.85499999999999,60.169000000000004,42.206,2069.18,64.79700000000001,116.24100000000001,47.833,69.71100000000001,48.74,63.627,132.371,150.941,109.475,90.70100000000001,42.913999999999994,89.756,60.297000000000004
2000-10-01,90.224,88.04400000000001,61.116,258.53099999999995,66.393,56.193000000000005,66.12199999999999,70.042,90.22,49.9,90.222,394.611,70.927,60.900999999999996,54.556999999999995,182.974,112.012,89.307,264.68,117.88199999999999,88.63799999999999,1008.7040000000001,249.97299999999998,103.27499999999999,82.51700000000001,72.83,55.378,68.56700000000001,280.59099999999995,64.67799999999998,101.16999999999999,41.223000000000006,61.187,47.213,44.129000000000005,60.898,80.973,62.949999999999996,65.29400000000001,68.67099999999999,51.529,66.99600000000001,74.62799999999999,87.927,97.77799999999999,121.63499999999999,61.952999999999996,47.193000000000005,72.571,58.24,56.196000000000005,62.626000000000005,40.784,75.863,67.815,85.79700000000001,62.946999999999996,78.051,60.38699999999999,61.948,99.883,62.08,69.024,78.23700000000001,60.902,62.048,42.579,62.093,56.169000000000004,79.012,78.29100000000001,81.705,57.407,66.52499999999999,64.611,219.24099999999999,84.836,70.926,50.749,37.026,126.042,112.474,62.249,108.918,85.45400000000001,81.728,68.79400000000001,60.902,121.684,89.546,63.497,89.81400000000001,77.61999999999999,70.648,64.618,57.407,97.456,70.44600000000001,64.588,116.807,84.033,97.51400000000001,114.081,97.543,61.949999999999996,87.74300000000001,108.818,94.867,61.685,54.555,96.324,75.709,61.578,58.926,363.43199999999996,65.71600000000001,95.67099999999999,101.169,63.358,69.02499999999999,62.037,65.71600000000001,615.977,226.178,68.30499999999999,70.062,70.923,40.783,59.913,50.376,68.423,80.982,74.859,75.09100000000001,70.029,73.604,104.45700000000001,60.358999999999995,67.854,90.24100000000001,107.315,116.736,55.485,67.988,47.704,57.405,70.79700000000001,143.555,103.277,90.209,54.528000000000006,131.268,103.96100000000001,71.604,49.657,78.974,56.116,1237.93,60.190000000000005,59.797000000000004,95.67199999999998,60.396,40.913,2052.185,64.92,117.296,47.790000000000006,69.368,49.201,63.805,131.407,151.539,110.33,91.118,43.008,89.24000000000001,60.510999999999996
2000-11-01,90.32,85.953,61.233000000000004,255.77899999999997,66.612,56.548,66.223,70.15599999999999,90.316,50.016999999999996,90.319,394.78499999999997,71.07,60.378,54.902,183.39100000000002,111.577,90.196,267.151,117.331,88.783,981.435,249.21599999999998,103.146,82.348,72.81700000000001,55.440999999999995,68.76100000000001,278.068,64.891,101.697,41.410999999999994,61.565000000000005,47.397,44.302,60.375,81.133,62.973,64.67899999999999,69.53,51.99,65.90100000000001,74.398,88.899,97.851,121.44500000000001,62.064,47.376999999999995,72.93100000000001,58.363,56.550999999999995,62.251,40.93,75.864,66.982,84.184,63.188,77.524,60.582,62.059,100.292,62.244,69.09700000000001,78.45100000000001,60.379,62.107,43.022000000000006,62.147,56.336999999999996,79.71300000000001,79.071,82.79100000000001,57.873,66.59,64.833,220.52200000000002,85.04400000000001,71.069,51.183,37.437,125.93900000000001,112.12299999999999,62.35399999999999,109.601,85.692,81.65499999999999,69.58,60.379,120.99000000000001,91.351,63.638000000000005,89.74400000000001,76.833,71.05199999999999,64.842,57.872,97.889,70.82799999999999,64.812,116.29400000000001,84.424,97.584,112.968,97.614,62.061,88.606,109.80199999999999,94.307,62.022000000000006,54.899,96.394,75.99700000000001,61.1,59.38099999999999,358.289,65.88,96.6,101.697,63.567,69.09700000000001,62.097,65.88,606.918,223.575,68.803,70.412,71.065,40.929,59.972,50.586999999999996,68.036,81.13499999999999,74.953,74.76,67.94600000000001,73.046,105.41700000000002,60.431,68.037,90.337,107.036,117.903,55.677,68.248,47.872,57.870999999999995,71.083,143.248,103.148,90.429,54.803999999999995,130.45800000000003,103.428,71.836,49.826,79.482,56.285000000000004,1220.411,60.402,59.839999999999996,96.601,60.591,42.264,2039.438,65.16,118.08,47.95099999999999,70.521,49.41,63.983,130.061,148.086,109.619,90.82,43.233000000000004,90.12499999999999,60.693000000000005
2000-12-01,91.112,84.34700000000001,61.253,254.21099999999998,66.55799999999999,56.761,66.93,70.398,91.10799999999999,50.573,91.11,393.084,71.233,60.494,55.108000000000004,177.078,111.05499999999999,90.99900000000001,265.73199999999997,117.252,89.922,958.8679999999999,247.065,101.894,82.01,72.598,55.758,69.073,277.532,65.006,102.459,41.643,61.707,47.694,44.55,60.491,80.92,62.896,66.435,71.238,52.279,65.863,73.806,88.498,98.438,120.932,62.181,47.673,73.069,58.485,56.764,61.593,41.1,75.866,67.91300000000001,89.6,63.35099999999999,77.74400000000001,60.809,62.176,100.026,62.435,69.24900000000001,76.893,60.495000000000005,62.437,43.892,62.284,56.486999999999995,80.88,78.736,82.016,58.098000000000006,66.59400000000001,65.16499999999999,219.12800000000001,85.46000000000001,71.232,52.67,37.838,124.27199999999999,112.24000000000001,62.629000000000005,109.515,85.72,81.583,69.29400000000001,60.495000000000005,121.45700000000001,90.148,63.830999999999996,89.74400000000001,77.978,71.366,65.17699999999999,58.097,98.43900000000001,71.083,65.149,116.785,84.424,97.79400000000001,111.647,97.824,62.178000000000004,89.15299999999999,111.083,94.611,62.207,55.106,96.651,75.768,60.513,60.373999999999995,350.22799999999995,66.077,97.119,102.459,63.703,69.24700000000001,62.426,66.076,598.8659999999999,223.23299999999998,69.389,69.576,71.228,41.099000000000004,59.975,50.71,68.74400000000001,81.29400000000001,75.05499999999999,75.04400000000001,69.433,72.90400000000001,105.81400000000001,60.542,68.236,91.12799999999999,107.433,117.835,55.985,68.44500000000001,48.077,58.095000000000006,71.22,142.48100000000002,101.896,90.868,55.12500000000001,130.336,103.16199999999999,71.883,49.868,79.45,56.434,1192.954,60.497,59.942,97.119,60.818,40.671,2018.1939999999997,65.643,118.557,48.234,73.91600000000001,49.578,64.054,131.545,151.3,109.259,90.46300000000001,43.382999999999996,90.051,60.922000000000004
2001-01-01,91.44900000000001,83.09,61.434,253.411,66.56400000000001,56.938,66.94100000000002,70.538,91.44500000000001,51.867,91.44700000000002,391.514,71.645,60.61,55.279,182.064,111.49000000000001,91.397,265.268,116.826,90.131,919.611,242.52,102.033,82.492,73.191,56.034,69.573,275.009,65.20700000000001,102.02,41.861,63.315,48.103,44.797000000000004,60.608000000000004,81.24000000000001,62.683,67.18199999999999,72.099,53.050999999999995,67.01,73.57499999999999,89.73100000000001,98.722,120.22,62.145,48.083,71.023,58.67,56.942,61.687,41.221000000000004,75.866,70.169,104.46600000000001,64.238,77.392,61.004,62.14,99.433,62.742000000000004,69.56,77.81,60.611,62.478,45.013,62.472,56.592000000000006,81.773,80.854,82.94600000000001,58.504,67.804,65.49600000000001,221.04,85.771,71.644,59.455,37.488,122.697,112.006,62.839999999999996,109.259,85.75,82.101,68.34700000000001,60.611,122.37799999999999,88.70400000000001,64.41600000000001,89.603,79.339,71.456,65.512,58.504,98.538,71.27499999999999,65.485,118.666,83.955,97.724,112.4,97.754,62.141,90.32,110.498,94.87299999999999,62.42,55.278000000000006,96.651,76.289,60.966,58.016,348.893,66.273,96.276,102.019,63.921,69.554,62.467,66.273,589.808,225.757,69.74900000000001,70.406,71.641,41.221000000000004,61.065000000000005,51.15,69.195,82.534,75.26400000000001,75.04400000000001,69.48,73.391,105.26100000000001,60.805,68.432,91.46600000000001,107.252,118.582,56.293000000000006,68.33,48.263000000000005,58.502,70.792,141.546,102.035,90.57499999999999,55.217,129.94299999999998,103.428,72.069,50.079,80.41700000000002,56.539,1188.4060000000002,60.733000000000004,60.12800000000001,96.277,61.013,41.339,2013.9450000000002,67.306,118.763,48.516,69.399,49.829,64.268,131.72899999999998,148.96800000000002,109.84400000000001,90.46300000000001,43.365,90.42,61.12500000000001
2001-02-01,91.10499999999999,81.982,61.608000000000004,252.771,66.74000000000001,57.115,67.24700000000001,70.634,91.101,53.133,91.103,391.078,71.796,60.726000000000006,55.449999999999996,183.771,112.796,91.194,264.04400000000004,116.918,90.115,890.696,242.58,103.27499999999999,82.374,73.354,56.160000000000004,70.13199999999999,271.60200000000003,65.595,102.049,41.803,63.031,48.4,45.032000000000004,60.724000000000004,81.774,62.489,66.962,72.569,52.897,67.07199999999999,73.96000000000001,91.89,98.68599999999999,120.48100000000001,62.413,48.379,71.24400000000001,58.67,57.119,60.983,41.391,75.866,67.766,105.273,64.389,77.568,61.231,62.408,99.985,62.956999999999994,69.85799999999999,78.36,60.727000000000004,62.879999999999995,45.369,62.491,56.703,81.87299999999999,79.684,82.94600000000001,58.846999999999994,68.223,65.773,220.118,86.031,71.795,57.101,38.131,122.38799999999999,112.12299999999999,62.962,108.918,85.78,82.17599999999999,68.856,60.72800000000001,122.239,89.408,64.796,89.67299999999999,79.41000000000001,71.41100000000002,65.792,58.846,98.194,71.147,65.766,118.985,83.72,97.51400000000001,114.51,97.543,62.41,90.287,110.298,95.118,62.675000000000004,55.449999999999996,96.523,76.458,60.98,55.409,352.008,66.47,95.88199999999999,102.049,64.019,69.851,62.869,66.47,578.737,220.41899999999998,69.768,69.238,71.79100000000001,41.391,61.212,51.379,69.195,82.63199999999999,75.649,75.518,69.93400000000001,73.49300000000001,105.073,60.918,68.568,91.12199999999999,106.883,118.94500000000001,56.659,68.49100000000001,48.468,58.845,70.853,141.944,103.277,90.868,55.492000000000004,129.023,103.561,72.16199999999999,50.247,80.65899999999999,56.65,1199.018,60.898,60.403999999999996,95.88199999999999,61.24,41.652,1996.95,67.518,118.811,48.921,74.009,49.997,64.51700000000001,130.994,140.95600000000002,110.384,90.52199999999999,43.496,88.871,61.346
2001-03-01,91.242,81.869,61.840999999999994,249.795,66.99300000000001,57.364,67.311,70.774,91.238,53.663000000000004,91.24100000000001,386.193,71.837,60.784,55.691,177.097,113.057,91.82,262.87,117.339,90.334,852.614,243.126,102.18299999999999,82.51700000000001,73.74000000000001,56.309,70.365,267.71099999999996,65.94100000000002,102.274,41.962,63.315,48.78,45.267,60.782000000000004,82.20100000000001,62.373,67.226,75.063,53.916999999999994,66.276,74.04400000000001,91.196,98.96100000000001,120.337,62.569,48.759,72.35,58.823,57.367,59.339999999999996,41.598000000000006,75.866,67.031,102.334,64.495,77.48,61.491,62.564,99.474,63.053999999999995,69.84,78.818,60.786,62.752,45.21,62.391,56.839999999999996,81.906,80.29700000000001,82.79100000000001,59.023,68.51100000000001,65.884,213.43800000000002,86.29100000000001,71.836,54.56,39.039,125.785,112.94100000000002,63.114,107.639,85.809,81.807,69.24000000000001,60.786,122.20100000000001,89.821,65.335,89.392,79.26700000000001,71.41100000000002,65.90400000000001,59.023,97.899,71.46600000000001,65.87799999999999,118.87199999999999,83.251,97.374,114.197,97.403,62.566,90.3,109.98400000000001,95.3,63.016,55.691,96.46000000000001,76.853,60.818999999999996,52.967,351.118,66.732,95.763,102.274,64.271,69.831,62.741,66.732,566.659,217.29,70.02,68.521,71.832,41.597,61.171,51.629000000000005,69.131,82.62499999999999,75.845,76.181,70.258,73.79700000000001,105.51100000000001,60.85099999999999,68.612,91.259,107.16199999999999,118.582,57.005,68.643,48.653999999999996,59.021,70.91300000000001,141.224,102.18499999999999,90.94100000000002,55.72200000000001,129.097,103.82799999999999,72.069,50.373999999999995,80.95700000000001,56.787,1195.986,61.063,60.423,95.76400000000001,61.5,41.439,1967.208,67.765,118.616,49.163000000000004,73.23100000000001,49.997,64.66,130.597,136.965,110.906,90.284,43.609,88.576,61.599000000000004
2001-04-01,90.898,81.412,62.074,248.611,67.273,57.577,67.54,71.21300000000001,90.894,54.12200000000001,90.897,383.75,71.988,61.075,55.897,177.45700000000002,113.318,92.031,265.14500000000004,117.203,90.64999999999999,834.514,241.24699999999999,102.62199999999999,82.103,73.534,56.456999999999994,69.867,270.85,66.12299999999999,102.01,42.136,63.598000000000006,49.023,45.513999999999996,61.072,82.361,62.244,66.479,75.759,54.305,66.881,74.15199999999999,90.88799999999999,99.098,120.58,62.791000000000004,49.002,74.258,59.069,57.579,60.513999999999996,41.805,75.866,70.169,99.799,64.726,77.65599999999999,61.718,62.786,99.106,63.188,70.63199999999999,77.779,61.076,63.399,45.388,62.378,57.072,81.94600000000001,78.681,82.79100000000001,59.023,68.62499999999999,66.05199999999999,216.722,86.603,71.98700000000001,52.825,38.761,125.908,113.758,63.342999999999996,107.468,85.839,82.54700000000001,69.11999999999999,61.076,121.45700000000001,90.225,64.705,89.392,79.697,71.501,66.071,59.023,98.164,71.402,66.046,118.657,83.72,97.584,113.768,97.614,62.788000000000004,90.323,110.16999999999999,95.337,63.573,55.898,96.397,76.29,60.288000000000004,52.595000000000006,345.4309999999999,66.962,96.05,102.01,64.436,70.62299999999999,63.388,66.96100000000001,556.594,222.576,69.94400000000002,69.796,71.983,41.803999999999995,61.393,51.717,69.38799999999999,82.81400000000001,76.062,76.181,70.47,74.406,106.15899999999999,60.955999999999996,68.79400000000001,90.915,107.144,119.692,57.217,68.91700000000002,48.876999999999995,59.021,71.06400000000001,140.227,102.624,89.697,57.282000000000004,129.023,103.16199999999999,71.74300000000001,50.543,80.345,57.019,1176.615,61.29900000000001,60.532000000000004,96.05,61.727000000000004,42.978,1950.213,68.16499999999999,118.55799999999999,49.365,72.79400000000001,50.373999999999995,64.80199999999999,127.553,139.312,109.295,90.403,43.702000000000005,88.94500000000001,61.81099999999999
2001-05-01,91.518,79.394,62.365,248.771,67.476,57.931,67.574,71.486,91.51400000000001,54.196000000000005,91.516,384.622,72.338,61.191,56.241,175.106,113.144,92.51400000000001,264.99799999999993,116.896,87.98,800.428,240.49,102.46100000000001,81.824,74.512,56.583999999999996,69.886,271.119,66.233,101.697,42.29600000000001,64.35499999999999,49.629000000000005,45.737,61.189,82.254,62.163000000000004,67.796,75.46300000000001,56.31099999999999,67.63499999999999,73.57499999999999,90.965,98.191,119.598,62.876,49.608000000000004,73.816,59.376,57.934,65.995,42.010999999999996,75.866,67.423,100.087,64.979,77.91900000000001,62.01,62.870999999999995,98.861,63.263000000000005,70.73,77.84,61.19200000000001,63.346,45.112,62.117,56.926,81.927,77.62199999999999,82.79100000000001,59.232000000000006,69.036,65.884,212.471,87.07,72.338,52.452999999999996,38.972,127.18499999999999,112.94100000000002,63.208000000000006,108.065,85.867,82.91700000000002,69.196,61.193000000000005,121.104,90.689,64.988,89.321,79.983,71.67999999999999,65.90400000000001,59.231,98.312,72.103,65.88,118.738,80.43700000000001,97.51400000000001,113.003,97.543,62.873,91.109,110.12199999999999,95.918,63.833,56.242000000000004,96.399,77.21300000000001,60.162000000000006,52.553,345.48099999999994,67.224,96.736,101.697,64.599,70.71900000000001,63.336,67.224,540.49,223.89000000000001,69.516,69.49900000000001,72.334,42.01,61.666000000000004,51.862,69.324,82.7,76.28,76.513,70.12799999999999,74.15199999999999,106.45100000000001,61.01,69.103,91.534,107.35199999999999,119.398,57.448,69.224,49.064,59.230000000000004,71.296,140.303,102.46300000000001,89.91700000000002,57.42,128.79,103.229,72.348,51.007,80.95700000000001,56.873,1176.783,61.486999999999995,60.592000000000006,96.736,62.019,42.279,1928.969,68.536,118.258,49.485,70.645,50.458,65.016,126.956,139.237,107.224,90.106,43.815,88.134,62.09
2001-06-01,91.44900000000001,78.62599999999999,62.627,242.499,67.41300000000001,58.144,67.766,71.512,91.44500000000001,54.44,91.44700000000002,380.74,72.51,61.482,56.446999999999996,176.68,112.18599999999999,92.065,260.52099999999996,117.034,89.254,783.9730000000001,238.24699999999999,101.498,81.368,75.583,56.774,70.424,270.287,66.603,102.02,42.746,66.483,50.085,46.035000000000004,61.479,82.521,62.099000000000004,69.07,77.147,56.399,66.55799999999999,74.113,91.196,98.035,119.364,63.049,50.063,74.093,59.745000000000005,58.147,64.498,42.193000000000005,76.54400000000001,66.44200000000001,94.095,65.22,78.402,62.237,63.044,98.36,63.391,70.48,79.124,61.483,63.005,45.272000000000006,61.833999999999996,57.05,82.224,79.739,83.17799999999998,59.446,69.262,65.826,214.15800000000002,87.07,72.509,51.989,39.119,129.192,113.17399999999999,63.342999999999996,107.724,85.896,82.251,69.67799999999998,61.483,122.58,90.61999999999999,65.539,89.17999999999999,81.34400000000001,71.94900000000001,65.848,59.445,98.813,72.55,65.826,118.886,79.49900000000001,97.374,113.015,97.403,63.046,91.617,110.206,96.20100000000001,64.001,56.448,96.336,76.894,59.999,53.38099999999999,341.91999999999996,67.486,97.016,102.019,64.74000000000001,70.46600000000001,62.994,67.486,533.444,224.732,69.616,70.821,72.505,42.193000000000005,61.793000000000006,51.902,69.96700000000001,83.06700000000001,76.505,76.75,71.101,74.35499999999999,106.64999999999999,61.067,69.279,91.46600000000001,107.24300000000001,121.539,57.775000000000006,69.436,49.26800000000001,59.443999999999996,71.426,140.518,101.5,89.624,57.007,129.183,103.295,72.348,51.218,80.76400000000001,56.997,1164.655,61.747,60.786,97.01700000000001,62.246,42.361,1899.227,68.74900000000001,118.209,49.85099999999999,71.33,50.835,65.12299999999999,126.329,142.45100000000002,107.476,90.225,43.909,88.429,62.329
2001-07-01,91.38,77.018,62.830999999999996,243.71499999999997,67.792,58.322,68.015,71.773,91.37599999999999,54.327,91.37799999999999,377.42499999999995,72.371,61.656,56.619,176.225,112.012,91.955,262.381,117.982,89.79400000000001,771.044,239.369,104.334,81.91700000000002,76.354,56.965,70.476,268.51599999999996,66.90700000000001,102.18599999999999,43.036,66.81400000000001,50.561,46.395,61.653,82.521,61.994,69.245,76.542,56.041,66.381,74.65899999999999,90.965,98.383,119.111,63.069,50.539,74.369,59.868,58.326,57.898,42.436,76.816,66.68799999999999,89.71600000000001,65.43,78.57799999999999,62.464,63.064,98.891,63.355999999999995,70.504,78.115,61.657,63.165000000000006,45.394,61.419,57.440999999999995,82.324,80.018,83.023,59.79900000000001,69.16,65.88,214.18,87.642,72.36999999999999,51.09,39.322,129.52100000000002,112.70700000000001,63.833999999999996,107.127,85.923,82.17699999999999,69.826,61.657,121.836,90.869,65.664,89.17999999999999,81.702,72.218,65.90400000000001,59.79900000000001,98.606,72.55,65.884,119.25,78.874,97.374,112.563,97.403,63.066,91.73100000000001,111.956,95.93400000000001,64.723,56.620000000000005,96.208,77.181,60.79900000000001,52.14,335.78799999999995,67.68299999999999,95.693,102.18599999999999,64.94900000000001,70.48700000000001,63.155,67.68199999999999,524.386,225.02100000000002,69.74300000000001,71.26,72.367,42.435,61.866,51.870999999999995,70.16,82.811,76.666,77.17599999999999,72,74.15199999999999,106.98400000000001,61.364,69.321,91.397,106.91900000000001,122.151,58.083,69.501,49.51,59.797000000000004,71.46700000000001,141.469,104.336,90.57499999999999,57.099000000000004,128.58200000000002,103.561,72.44100000000002,51.176,81.586,57.388,1143.767,62.077,60.882999999999996,95.693,62.473,44.236000000000004,1894.978,68.76,119.049,50.42,71.33,51.17,65.37199999999999,124.54,143.707,106.99000000000001,89.986,44.059,88.94500000000001,62.538000000000004
2001-08-01,91.44900000000001,76.474,63.035000000000004,243.395,67.895,58.57,68.315,71.94500000000001,91.44500000000001,53.965,91.44700000000002,376.16,72.392,61.598000000000006,56.86,174.23399999999998,111.925,92.235,262.42999999999995,118.033,89.559,732.021,239.79299999999998,103.97,81.91700000000002,76.618,57.176,70.7,267.577,67.16799999999999,101.84400000000001,43.398,66.53,50.682,46.952999999999996,61.595000000000006,82.895,61.997,69.421,76.60499999999999,56.19500000000001,65.932,73.521,91.273,98.70400000000001,118.409,63.290000000000006,50.660000000000004,73.01400000000001,60.083,58.575,56.634,42.704,76.816,66.099,86.374,65.619,79.32499999999999,62.691,63.285000000000004,99.106,63.378,70.766,78.696,61.599000000000004,62.758,45.458,61.094,57.620000000000005,82.342,78.792,84.18599999999999,59.971,68.87499999999999,66.44000000000001,212.696,87.693,72.391,50.501,39.645,127.699,112.70700000000001,63.88699999999999,106.44500000000001,85.95100000000001,82.103,69.52199999999999,61.599000000000004,122.189,91.23,65.94700000000002,89.321,81.559,72.44300000000001,66.46300000000001,59.97,98.587,72.932,66.44500000000001,120.15299999999999,79.10799999999999,97.093,111.91300000000001,97.12299999999999,63.287,91.52199999999999,112.251,95.854,64.94800000000001,56.861,95.823,77.65499999999999,60.876999999999995,51.849999999999994,330.051,67.978,95.40100000000001,101.84400000000001,65.197,70.74700000000001,62.748000000000005,67.977,515.3269999999999,224.285,69.63499999999999,71.12299999999999,72.387,42.703,62.006,51.99,70.225,82.91700000000002,76.925,77.64999999999999,72.371,74.76100000000001,106.76400000000001,61.649,69.37499999999999,91.46600000000001,106.883,122.377,58.333,69.548,49.827,59.968,71.557,140.472,103.972,90.282,57.373999999999995,128.42200000000003,104.027,72.44100000000002,51.429,81.312,57.566,1124.227,62.596000000000004,61.02,95.402,62.701,42.413,1873.734,68.766,118.95100000000001,50.094,71.735,51.506,65.657,124.295,141.23999999999998,105.982,89.986,44.190000000000005,88.208,62.763000000000005
2001-09-01,91.65499999999999,71.91000000000001,63.12200000000001,246.083,68.062,58.57,68.254,72.04700000000001,91.651,53.978,91.654,375.375,72.66499999999999,61.598000000000006,56.858999999999995,175.903,112.534,92.835,262.161,117.361,90.334,703.577,235.43,104.43100000000001,82.103,76.893,57.345,70.89,268.14000000000004,67.49600000000001,101.99100000000001,44.109,66.24600000000001,50.737,47.053,61.595000000000006,82.94800000000001,61.958999999999996,69.465,75.56700000000001,56.315,65.71700000000001,74.19,91.042,98.649,118.363,63.61,50.715,73.899,60.39,58.575,61.611,42.934,76.816,66.148,82.167,65.634,79.10499999999999,62.95099999999999,63.605000000000004,99.045,63.461,71.223,76.67899999999999,61.599000000000004,62.690000000000005,44.938,60.720000000000006,57.845,82.15199999999999,75.895,83.566,60.254,31.287,66.66999999999999,212.178,87.953,72.664,50.223000000000006,40.267,128.57399999999998,112.94100000000002,64.004,106.018,85.979,82.474,70.15599999999999,61.599000000000004,122.971,93.04400000000001,66.05499999999999,89.17999999999999,81.27199999999999,72.801,66.68599999999999,60.253,98.94100000000002,73.315,66.67099999999999,119.95400000000001,78.561,96.953,111.74000000000001,96.982,63.607,91.141,106.16199999999999,95.24600000000001,65.163,56.86,95.565,77.116,60.553999999999995,52.926,329.754,68.20700000000001,95.666,101.99000000000001,65.292,71.205,62.68,68.20700000000001,513.314,220.183,70.026,71.307,72.66,42.934,62.330999999999996,52.403,70.74000000000001,82.96700000000001,77.073,78.076,71.49400000000001,74.96400000000001,106.472,61.689,69.556,91.67199999999998,106.585,120.757,58.660000000000004,69.627,49.808,60.252,71.71600000000001,139.797,104.433,89.624,58.016999999999996,128.165,104.227,72.72,51.64,80.974,57.791000000000004,1123.217,62.855,61.013,95.666,62.96,44.175000000000004,1852.49,68.831,115.363,50.297000000000004,72.51400000000001,51.882999999999996,65.906,122.505,143.10899999999998,105.973,90.106,44.358999999999995,88.06,63.024
2001-10-01,91.586,72.224,63.413999999999994,245.89100000000002,68.136,59.137,68.14999999999999,72.199,91.582,53.968,91.585,373.631,72.44500000000001,61.772000000000006,57.409,176.035,112.273,92.46300000000001,261.867,117.735,90.57499999999999,695.115,233.399,104.94400000000002,81.95100000000001,76.992,57.515,71.071,268.65000000000003,67.787,101.649,44.355999999999995,66.15199999999999,50.82,47.289,61.77,82.94800000000001,61.999,69.553,71.478,56.938,65.856,74.813,91.35,98.053,117.77799999999999,63.579,50.79800000000001,74.203,60.574,59.142,55.256,43.129000000000005,77.087,66.24600000000001,76.693,65.565,79.41300000000001,63.178000000000004,63.574,98.779,63.48,71.394,74.906,61.773,62.720000000000006,44.567,60.477,57.839,82.198,78.458,83.721,60.376999999999995,69.273,66.792,215.26,88.161,72.44400000000002,49.665000000000006,40.315,127.998,112.24000000000001,63.612,106.44500000000001,86.008,82.698,71.43,61.774,122.012,93.121,66.208,89.04,81.845,72.846,66.798,60.376,98.56700000000001,73.633,66.784,119.41600000000001,78.718,96.953,111.438,96.982,63.576,90.754,110.392,94.782,65.193,57.410999999999994,96.134,77.851,60.035000000000004,49.946,329.40799999999996,68.502,96.925,101.648,65.49400000000001,71.37899999999999,62.709,68.502,510.29499999999996,220.41899999999998,70.096,70.71400000000001,72.44000000000001,43.12800000000001,62.403999999999996,52.579,70.933,83.304,77.225,78.266,73.313,75.015,106.9,61.898,69.34,91.603,106.306,120.98400000000001,58.891,69.468,50.144,60.375,71.727,139.82800000000003,104.94700000000002,89.843,58.108000000000004,127.699,103.96100000000001,72.813,51.766000000000005,81.312,57.785000000000004,1122.037,63.091,61.157,96.925,63.187,42.602000000000004,1831.2450000000001,68.649,117.908,50.580999999999996,72.545,51.925000000000004,66.15499999999999,121.22,141.599,105.01,90.16499999999999,44.452999999999996,88.208,63.232000000000006
2001-11-01,91.586,74.199,63.617,245.347,68.259,59.349999999999994,68.20700000000001,72.537,91.582,53.955,91.585,367.65500000000003,72.412,61.54,57.615,174.21499999999997,112.708,93.199,262.67400000000004,117.76700000000001,90.586,678.659,239.702,103.81,81.926,77.254,57.790000000000006,71.12199999999999,266.39599999999996,67.63499999999999,101.639,44.355999999999995,65.915,50.92,47.513,61.537,83.16199999999999,62.059,68.718,68.47,56.885999999999996,65.755,75.09700000000001,91.581,98.236,117.643,63.696000000000005,50.898,74.01,60.88099999999999,59.355,49.2,43.38399999999999,77.087,66.295,77.212,65.595,79.63199999999999,63.405,63.691,97.889,63.43,72.05799999999999,76.37299999999999,61.541,62.437,43.794000000000004,60.264,57.873999999999995,81.96600000000001,78.012,84.18599999999999,60.463,69.268,67.24900000000001,220.92700000000002,88.31700000000001,72.41100000000002,48.983,40.330999999999996,119.29,112.474,63.647,106.104,86.035,83.586,71.765,61.541,122.44100000000002,92.41600000000001,66.333,89.11,81.702,72.891,67.245,60.462,98.479,73.697,67.233,118.543,80.12499999999999,97.44400000000002,110.789,97.473,63.693000000000005,90.727,110.327,94.75,65.44400000000002,57.617,96.389,77.94200000000001,60.303,47.836,324.117,68.79700000000001,96.8,101.63799999999999,65.666,72.045,62.426,68.79700000000001,505.262,215.39700000000002,70.14,70.91600000000001,72.40700000000001,43.382999999999996,62.59,52.724000000000004,71.512,83.387,77.44100000000002,78.076,71.926,75.167,106.973,62.034,69.346,91.603,106.09,123.114,59.083999999999996,69.51,50.367,60.461,71.816,138.877,103.812,89.18499999999999,58.522000000000006,126.98700000000001,104.227,72.67299999999999,51.977,81.667,57.82,1104.013,63.303,61.69500000000001,96.801,63.415,44.083,1814.25,68.735,117.699,50.784,71.953,52.218,66.262,117.24300000000001,138.99800000000002,104.776,90.16499999999999,44.547,88.208,63.452999999999996
2001-12-01,91.44900000000001,72.693,63.821,242.755,68.60199999999999,59.599000000000004,68.49300000000001,72.403,91.44500000000001,53.67,91.44700000000002,362.72599999999994,72.35499999999999,61.54,57.855999999999995,171.845,111.403,93.453,260.693,117.721,90.056,665.025,240.914,102.975,81.596,77.489,57.958999999999996,71.149,262.85400000000004,67.708,102.157,43.036,65.537,51.246,47.763000000000005,61.537,83.05499999999999,62.109,69.465,66.978,56.24,65.835,74.836,91.504,98.41100000000002,117.12899999999999,63.861,51.224000000000004,73.069,61.127,59.604,46.899,43.603,77.29,62.569,76.636,65.728,79.369,63.665000000000006,63.855999999999995,97.80799999999999,63.38099999999999,71.905,76.74000000000001,61.541,63.365,43.402,60.282000000000004,57.995000000000005,81.96600000000001,78.90400000000001,83.566,60.474,69.13499999999999,66.866,216.429,88.52499999999999,72.354,47.744,40.24,116.96400000000001,112.59,63.933,105.08,86.062,83.364,71.34100000000001,61.541,123.539,91.823,66.46300000000001,88.899,81.34400000000001,72.532,66.854,60.473,98.39,73.76100000000001,66.84400000000001,117.94200000000001,81.37499999999999,97.79400000000001,110.383,97.824,63.858,90.60799999999999,110.507,95.71000000000001,65.614,57.85699999999999,96.455,78.139,60.141,44.526,321.199,69.059,96.687,102.15599999999999,65.773,71.894,63.35399999999999,69.059,499.22299999999996,212.977,70.15199999999999,70.59,72.35,43.602000000000004,62.751,52.882999999999996,71.96300000000001,83.54100000000001,77.46600000000001,77.887,72.462,75.523,107.6,62.052,69.41600000000001,91.46600000000001,105.74700000000001,122.864,59.333999999999996,69.695,50.553,60.471,72.008,136.791,102.977,88.526,58.43,126.90100000000001,103.894,73.18499999999999,52.104,81.562,57.940999999999995,1094.075,63.563,61.678000000000004,96.687,63.674,42.415,1801.504,68.96600000000001,117.526,51.111,70.583,52.469,66.333,119.96600000000001,141.659,104.758,90.284,44.697,88.134,63.71
2002-01-01,90.96700000000001,70.289,63.938,242.435,69.23,59.846999999999994,68.763,72.339,90.96300000000001,53.526,90.96600000000001,359.629,72.495,61.656,58.096000000000004,174.253,110.44600000000001,93.537,255.947,117.992,89.59100000000001,648.3349999999999,234.157,101.979,81.24900000000001,77.332,58.213,71.884,266.23499999999996,67.933,102.42,43.935,65.15899999999999,51.312999999999995,48.037,61.653,83.18299999999999,62.149,69.15799999999999,68.94500000000001,57.077,65.769,75.082,91.581,99.282,116.579,63.919,51.291000000000004,74.922,61.403999999999996,59.852999999999994,47.509,43.821,78.37599999999999,65.069,75.54100000000001,65.909,79.94000000000001,63.858999999999995,63.913999999999994,97.79700000000001,63.12500000000001,71.735,76.648,61.657,62.818,43.43,60.538000000000004,57.946999999999996,82.864,78.959,83.41100000000002,60.618,69.018,66.763,216.474,88.733,72.49400000000001,46.907,40.603,121.832,112.357,63.939,105.16499999999999,86.088,83.215,71.542,61.657,123.526,91.41900000000001,66.815,88.82799999999999,80.34100000000001,73.071,66.742,60.617,97.849,73.88799999999999,66.735,117.94200000000001,82.782,97.163,110.12799999999999,97.193,63.916,90.9,110.909,95.66799999999999,65.903,58.096000000000004,95.56700000000001,77.9,60.227000000000004,43.119,318.08299999999997,69.289,96.784,102.42,65.94500000000001,71.724,62.806999999999995,69.288,497.21,215.738,70.203,70.424,72.49100000000001,43.82,62.706,53.147,72.15599999999999,82.73400000000001,77.692,78.266,72.103,75.67499999999998,108.01700000000001,62.437,69.604,90.98400000000001,105.531,119.239,59.565000000000005,70.04,50.758,60.616,72.309,136.423,101.98100000000001,87.21000000000001,58.246,126.533,103.894,73.371,53.074,81.94900000000001,57.893,1083.463,63.822,61.603,96.784,63.869,42.328,1793.006,69.31,119.09700000000001,51.234,74.476,52.176,66.582,122.67299999999999,141.285,104.54400000000001,90.34400000000001,44.870999999999995,87.24900000000001,63.88399999999999
2002-02-01,90.692,70.224,63.996,240.516,69.73,60.107,69.20100000000001,72.403,90.68799999999999,53.861,90.69,360.502,72.618,61.83,58.370999999999995,170.84,110.881,93.70700000000001,252.52100000000002,118.015,90.17899999999999,627.413,232.945,103.15599999999999,81.334,77.284,58.509,72.127,265.42999999999995,68.17499999999998,102.323,45.284,64.78,51.188,48.261,61.828,83.29,62.139,68.85,69.71400000000001,57.231,64.657,74.851,91.504,99.007,116.579,64.09100000000001,51.166000000000004,74.535,61.803,60.114,47.086999999999996,44.064,78.30799999999999,65.56,76.002,66.09700000000001,79.85199999999999,64.086,64.085,98.104,63.291000000000004,71.55199999999999,77.90100000000001,61.832,62.96,43.59,60.934,58.234,83.892,76.17299999999999,83.333,60.779,68.99900000000001,66.15499999999999,210.17299999999997,88.681,72.617,46.783,40.657,121.96100000000001,112.59,64.17299999999999,104.909,86.114,83.289,70.603,61.832,122.769,92.107,66.87199999999999,88.477,80.34100000000001,73.384,66.127,60.778000000000006,98.144,74.143,66.12299999999999,117.94300000000001,84.189,96.532,110.476,96.562,64.087,91.759,111.262,94.985,65.976,58.370999999999995,94.359,77.505,60.766000000000005,42.25,319.567,69.485,95.94200000000001,102.32199999999999,66.121,71.542,62.949999999999996,69.485,493.184,214.423,70.392,70.839,72.613,44.063,62.824,53.279,72.478,82.63,77.726,78.076,72.536,75.67499999999998,109.583,62.548,69.781,90.709,105.801,118.333,59.949999999999996,70.315,50.980999999999995,60.776,72.535,135.81,103.15899999999999,88.38,58.063,126.779,104.293,73.371,53.201,81.788,58.179,1079.242,64.01100000000001,61.931,95.94200000000001,64.096,43.942,1784.508,69.612,118.973,51.479,78.277,52.721000000000004,66.832,122.215,139.342,105.17499999999998,90.70100000000001,44.965,86.51100000000001,64.1
2002-03-01,90.692,69.868,64.258,240.196,69.898,60.338,68.93100000000001,72.785,90.68799999999999,54.229000000000006,90.69,359.629,72.82199999999999,62.005,58.578,169.51299999999998,111.229,93.199,253.01,117.10199999999999,89.537,608.8419999999999,231.12800000000001,103.691,80.99600000000001,76.93,58.763000000000005,72.953,264.356,68.35799999999999,102.323,45.429,64.922,51.731,48.523,62.002,83.236,62.136,68.587,68.536,57.507,64.518,74.39,91.119,99.007,116.94000000000001,64.37599999999999,51.709,74.67299999999999,62.11,60.345,50.89,44.318999999999996,77.968,67.031,76.348,66.36999999999999,79.98400000000001,64.281,64.371,98.41100000000002,63.446999999999996,71.979,76.557,62.006,63.339999999999996,43.752,61.424,58.26500000000001,84.255,78.346,83.721,60.832,69.349,66.832,207.698,88.784,72.821,46.845,40.81699999999999,121.318,111.65599999999999,64.232,105.421,86.141,83.436,72.614,62.006,121.507,93.13799999999999,67.43900000000001,88.195,79.912,72.936,66.798,60.830999999999996,98.538,74.143,66.796,117.82799999999999,85.909,96.532,110.708,96.562,64.37199999999999,91.853,111.35499999999999,94.99600000000001,66.13199999999999,58.577,94.299,77.31,60.723000000000006,43.201,319.567,69.715,95.88799999999999,102.32199999999999,66.17999999999999,71.97,63.329,69.715,487.14500000000004,214.16,70.644,71.13499999999999,72.81700000000001,44.318999999999996,63.103,53.499,71.898,82.574,77.779,77.93400000000001,72.62199999999999,75.827,108.85199999999999,62.593,70.039,90.709,105.351,117.088,60.142,70.42,51.223000000000006,60.83,72.765,135.35000000000002,103.694,89.551,58.659,125.55199999999999,103.82799999999999,72.813,53.369,82.03,58.211,1070.2939999999999,64.223,62.25,95.88799999999999,64.29100000000001,42.38699999999999,1767.513,69.519,118.531,51.643,81.236,53.013999999999996,67.081,122.368,139.79,104.99400000000001,90.582,45.209,86.21600000000001,64.289
2002-04-01,90.898,71.542,64.49100000000001,238.916,70.124,60.424,69.369,73.04,90.894,54.397,90.897,358.32,73.148,62.121,58.68,169.702,110.881,93.70700000000001,253.255,116.621,89.85799999999999,602.9649999999999,232.037,102.94200000000001,81.08,76.82499999999999,59.016999999999996,72.784,263.015,68.418,102.42,45.661,64.402,51.522000000000006,48.759,62.118,83.61,62.111,68.67499999999998,64.85199999999999,57.891,65.769,73.161,91.427,99.374,116.94000000000001,64.49900000000001,51.5,74.23100000000001,62.416999999999994,60.431,54.645,44.586999999999996,77.833,66.982,77.96100000000001,66.57799999999999,80.203,64.41100000000002,64.49400000000001,98.30799999999999,63.573,72.588,77.076,62.12200000000001,63.668000000000006,43.741,61.952999999999996,58.711,84.895,77.90100000000001,84.18599999999999,60.779,70.07499999999999,67.788,213.54899999999998,88.733,73.147,47.124,40.657,121.57499999999999,111.89,64.40700000000001,104.995,86.16799999999999,83.363,71.81,62.12200000000001,121.633,93.99700000000001,67.15499999999999,87.98400000000001,79.912,73.56400000000001,67.748,60.778000000000006,98.636,74.398,67.748,116.88799999999999,87.16,96.392,110.592,96.421,64.49600000000001,92.02,112.34700000000001,94.793,66.335,58.681,94.17399999999999,77.929,60.697,44.85699999999999,312.64200000000005,69.94400000000002,96.24400000000001,102.42,66.209,72.581,63.657,69.94400000000002,483.119,212.844,70.70700000000001,71.84700000000001,73.143,44.586,63.274,53.631,73.121,82.584,78.29100000000001,77.74400000000001,72.146,75.827,108.748,62.815,70.273,90.915,105.531,116.63499999999999,60.373,70.432,51.446999999999996,60.776,72.909,134.124,102.94500000000001,89.478,59.21,125.307,104.293,74.301,53.45399999999999,82.51400000000001,58.656,1038.6689999999999,64.365,62.608000000000004,96.24400000000001,64.421,45.12500000000001,1746.269,69.271,118.35199999999999,52.091,80.114,53.224000000000004,67.33,122.67299999999999,142.033,105.084,90.284,45.284,85.184,64.41700000000002
2002-05-01,91.311,71.62299999999999,64.636,236.35800000000003,70.36,60.771,69.369,73.167,91.307,54.33,91.31,360.93899999999996,73.229,62.47,58.818,171.788,110.09700000000001,93.537,252.032,116.935,89.644,605.3159999999999,226.281,103.36999999999999,81.08,77.282,59.229000000000006,72.782,256.84200000000004,68.661,101.932,45.966,64.35499999999999,51.898,49.008,62.467,83.557,62.006,68.323,61.524,57.840999999999994,66.395,72.62299999999999,91.736,99.924,117.11999999999999,64.801,51.876,75.143,62.602000000000004,60.777,54.974,44.842,78.036,67.423,78.076,66.68599999999999,79.94000000000001,64.54100000000001,64.796,98.104,63.715,72.527,77.015,62.471,63.891,44.174,62.497,58.583999999999996,85.435,77.11999999999999,83.17799999999998,60.72500000000001,70.621,67.624,211.524,89.04400000000001,73.229,47.465,41.056999999999995,121.189,112.357,64.46600000000001,103.971,86.195,83.51100000000001,71.989,62.471,121.255,93.224,67.15499999999999,88.195,79.554,73.833,67.581,60.724000000000004,98.735,74.016,67.581,117.009,86.535,96.18199999999999,110.708,96.21100000000001,64.79700000000001,91.89,112.354,94.798,66.482,58.818999999999996,94.109,77.15799999999999,60.719,45.395,310.663,70.10799999999999,96.066,101.93100000000001,66.32799999999999,72.521,63.879999999999995,70.10799999999999,481.106,211.266,70.77,71.254,73.225,44.840999999999994,63.419,53.675000000000004,72.67099999999999,82.65499999999999,78.251,77.17599999999999,72.19,75.979,109.896,62.838,70.37599999999999,91.32799999999999,105.621,119.353,60.681,70.62199999999999,51.67,60.723000000000006,72.99000000000001,133.817,103.37299999999999,89.99000000000001,59.164,125.062,103.894,73.27799999999999,53.538000000000004,82.35199999999999,58.529,1024.055,64.577,62.943,96.066,64.55,43.912,1737.771,69.641,118.532,52.214,75.006,53.475,67.651,121.45,140.23899999999998,104.634,90.403,45.340999999999994,84.59400000000001,64.546
2002-06-01,89.935,71.17399999999999,64.607,233.79899999999998,70.65899999999999,60.943999999999996,69.538,73.167,89.93100000000001,53.693000000000005,89.933,361.375,73.27,62.702000000000005,59.26500000000001,170.461,110.09700000000001,92.353,253.255,117.04700000000001,89.698,594.033,225.069,103.798,80.827,76.774,59.398,73.003,252.816,68.90400000000001,102.616,46.169000000000004,64.071,52.065000000000005,49.306,62.699000000000005,83.023,61.909,68.148,61.513,58.416999999999994,65.387,72.008,91.504,99.282,117.11999999999999,64.938,52.043,74.01,62.694,60.949999999999996,55.115,45.158,78.065,68.992,77.09700000000001,67.036,79.72,64.735,64.932,98.104,63.822,72.649,76.37299999999999,62.703,64.839,44.931,63.02,58.679,85.60199999999999,76.953,82.71300000000001,61.1,71.026,68.13,213.54899999999998,89.252,73.269,47.713,40.737,121.061,111.89,64.524,103.63,86.223,83.29,72.793,62.703,121.507,92.79400000000001,67.38199999999999,88.336,79.41000000000001,73.923,68.084,61.099000000000004,99.718,74.016,68.084,116.774,86.691,96.042,111.519,96.071,64.93400000000001,92.113,112.46700000000001,94.958,66.60799999999999,59.266000000000005,94.04,77.49300000000001,60.751,45.643,310.663,70.30499999999999,95.504,102.616,66.565,72.644,64.82799999999999,70.30499999999999,471.041,213.107,70.897,70.72,73.266,45.157,63.720000000000006,53.719,72.09100000000001,82.684,78.268,76.702,71.585,75.827,110.10499999999999,62.815,70.553,89.952,103.99900000000001,117.088,60.912,71.016,51.968,61.097,73.166,133.511,103.801,89.039,59.44,123.71300000000001,104.16,73.74300000000001,53.45399999999999,82.191,58.624,1016.3619999999999,64.766,63.272000000000006,95.504,64.745,45.712,1720.776,70.335,118.839,52.29500000000001,75.41100000000002,53.559,67.722,120.838,136.202,104.09400000000001,90.46300000000001,45.322,86.733,64.738
2002-07-01,90.073,68.96700000000001,64.695,229.961,70.693,61.002,69.538,73.295,90.069,53.526,90.071,358.32,73.433,62.876,59.541,168.375,110.184,92.692,252.52100000000002,118.44100000000002,88.842,587.216,222.94899999999998,103.584,81.24900000000001,76.932,59.61,73.197,248.52200000000002,69.208,102.42,46.400999999999996,64.024,52.149,49.653,62.873999999999995,83.45,61.788000000000004,68.104,63.800999999999995,59.083,66.46400000000001,71.777,91.504,99.557,117.03,65.479,52.127,73.64999999999999,62.878,61.006,55.913,45.413,77.77,69.139,77.154,67.405,79.85199999999999,64.898,65.474,98.002,64.112,73.015,75.793,62.878,65.959,45.943999999999996,63.496,58.711,85.69,75.895,82.79100000000001,60.993,71.15499999999999,68.85799999999999,213.099,89.2,73.433,47.806,40.843999999999994,122.09,112.006,64.7,103.801,86.252,83.29100000000001,72.70400000000001,62.878,121.12899999999999,93.13799999999999,67.49600000000001,88.195,78.838,74.147,68.81,60.992000000000004,99.03,74.398,68.81,116.303,87.551,95.972,110.94000000000001,96.001,65.475,91.476,113.371,95.705,66.76700000000001,59.541,94.095,77.14999999999999,60.868,46.263000000000005,306.70599999999996,70.501,95.634,102.42,66.68499999999999,73.01100000000001,65.94700000000002,70.501,463.9959999999999,211.792,71.906,70.898,73.429,45.412,63.79500000000001,53.895,72.735,82.859,78.44300000000001,76.086,72.276,76.13199999999999,110.209,63.194,70.782,90.089,104.539,115.163,61.124,71.255,52.21,60.99,73.32,133.35700000000003,103.587,89.112,59.899,124.694,104.293,74.254,53.749,82.433,58.656,996.225,64.86,63.691,95.634,64.90700000000001,45.69200000000001,1695.283,70.537,119.114,52.580999999999996,76.501,53.894,67.651,119.614,136.05200000000002,103.374,90.52199999999999,45.434,86.364,64.898
2002-08-01,90.348,68.118,64.928,228.36200000000002,70.288,61.146,69.706,73.486,90.34400000000001,53.626000000000005,90.346,353.519,73.637,63.283,59.783,164.01399999999998,110.184,93.199,251.298,119.563,88.94900000000001,578.518,222.04,102.40700000000001,81.16499999999999,76.657,59.758,73.199,246.375,69.268,102.029,46.488,64.118,52.567,49.939,63.281,82.809,61.588,67.533,62.403999999999996,59.45099999999999,65.074,71.47,90.348,100.38199999999999,116.489,65.82499999999999,52.544,74.369,62.878,61.15,56.476,45.668000000000006,76.726,69.18799999999999,77.039,67.651,79.5,64.995,65.82,98.002,64.374,73.38,77.16799999999999,63.284,66.16499999999999,46.716,63.928000000000004,58.743,85.614,75.839,82.636,60.939,71.326,69.362,211.974,89.2,73.637,47.992000000000004,41.217,120.546,111.65599999999999,64.7,103.971,86.28,83.366,72.614,63.285000000000004,120.75,91.505,67.609,88.12499999999999,78.48,74.282,69.313,60.938,98.636,74.526,69.311,116.54,87.16,95.831,109.31700000000001,95.86,65.82199999999999,91.09700000000001,113.616,96.03,66.98400000000001,59.781,94.026,77.346,60.644,46.842999999999996,306.70599999999996,70.633,95.64999999999999,102.029,66.773,73.37799999999999,66.154,70.63199999999999,459.96999999999997,209.424,72.095,70.187,73.633,45.667,63.955999999999996,53.85099999999999,72.864,82.94300000000001,78.561,76.65499999999999,71.801,76.13199999999999,109.374,63.149,71.018,90.364,104.81,122.07,61.182,71.46900000000001,52.49,60.937,73.459,132.89800000000002,102.409,88.892,60.358,125.062,103.295,74.161,53.96,82.59400000000001,58.688,989.4619999999999,64.95400000000001,64.092,95.64999999999999,65.005,46.76800000000001,1669.79,70.724,119.46600000000001,52.907,76.283,54.355,68.113,118.697,135.753,105.084,90.93900000000001,45.716,85.331,64.99400000000001
2002-09-01,90.348,70.349,65.131,231.23999999999998,70.458,61.290000000000006,69.84100000000001,73.486,90.34400000000001,53.492000000000004,90.346,350.02799999999996,73.76,63.456999999999994,60.127,167.617,109.31400000000001,92.94500000000001,255.21299999999997,119.181,89.163,555.48,216.285,102.728,81.84100000000001,76.202,59.969,73.728,243.959,68.783,101.834,46.676,64.21300000000001,52.734,50.137,63.455,82.596,61.45099999999999,68.104,61.056,60.034,64.96900000000001,71.47,91.042,100.38199999999999,116.399,66.161,52.711,75.337,63.062000000000005,61.293000000000006,56.852,45.923,77.338,68.894,77.788,67.74900000000001,79.63199999999999,65.157,66.15499999999999,97.389,64.584,73.44100000000002,76.95400000000001,63.458999999999996,66.299,47.158,64.288,58.743,85.70700000000001,76.73,84.41900000000001,61.153,71.504,69.24900000000001,207.923,89.252,73.759,48.209,41.191,120.289,110.722,65.226,103.033,86.309,83.44100000000002,73.14999999999999,63.458999999999996,120.75,91.41900000000001,67.893,88.265,78.12199999999999,74.057,69.202,61.152,98.24300000000001,74.462,69.196,116.069,86.144,96.042,109.896,96.071,66.157,90.84,112.927,95.646,67.32199999999999,60.126000000000005,94.535,77.54100000000001,61.021,47.339,300.769,70.862,95.43400000000001,101.834,66.892,73.44000000000001,66.287,70.862,453.9309999999999,207.319,72.221,69.89,73.755,45.922000000000004,63.878,54.423,73.37899999999999,83.015,78.63199999999999,74.902,72.536,76.335,110,63.305,71.149,90.364,104.359,122.184,61.355,71.57,52.937,61.150999999999996,73.561,133.20399999999998,102.73,88.307,60.358,124.694,102.962,74.161,54.044,82.11,58.688,964.0830000000001,64.93100000000001,64.524,95.43400000000001,65.167,47.512,1648.546,70.666,118.68499999999999,52.907,75.224,54.565000000000005,68.18499999999999,118.238,134.85600000000002,103.91400000000002,90.642,45.73500000000001,84.96300000000001,65.15499999999999
2002-10-01,91.242,70.786,65.306,230.601,70.787,61.464,69.908,73.549,91.238,53.526,91.24100000000001,349.15500000000003,73.923,63.574,60.333999999999996,167.42700000000002,109.053,92.269,253.74399999999997,119.24700000000001,89.59100000000001,543.727,215.67899999999997,103.584,81.84100000000001,75.87499999999999,60.202000000000005,73.59400000000001,240.73899999999998,68.965,101.736,46.618,64.30799999999999,53.068000000000005,50.46,63.571,82.596,61.23500000000001,68.016,60.236000000000004,60.949,65.143,71.393,91.65799999999999,99.832,116.309,66.377,53.045,74.756,63.277,61.464,59.38699999999999,46.202000000000005,77.001,67.91300000000001,79.63199999999999,67.801,79.94000000000001,65.32,66.37199999999999,96.265,64.853,73.929,76.312,63.575,66.258,47.440999999999995,64.62499999999999,58.775000000000006,85.812,76.786,84.26400000000001,60.939,71.786,69.695,207.47299999999998,89.356,73.922,48.73500000000001,40.737,120.031,111.65599999999999,65.16799999999999,102.521,86.338,83.738,72.838,63.575,121.886,92.107,67.893,88.336,78.336,74.596,69.649,60.938,98.144,74.335,69.64,116.543,85.362,96.18199999999999,108.73700000000001,96.21100000000001,66.374,90.85,112.571,95.20400000000001,66.842,60.333,94.664,77.83,61.455999999999996,48.705000000000005,301.759,71.026,95.455,101.736,67.01100000000001,73.929,66.24700000000001,71.026,448.89799999999997,209.687,71.906,70.068,73.918,46.202000000000005,64.07799999999999,54.555,72.99300000000001,83.053,78.865,74.807,72.01700000000001,76.081,110,63.416999999999994,71.40400000000001,91.259,104.72,121.164,61.624,71.71000000000001,53.141,60.937,73.59100000000001,133.664,103.587,88.453,61,124.44900000000001,103.96100000000001,74.44000000000001,54.382,81.788,58.720000000000006,961.408,65.167,64.976,95.456,65.329,46.025000000000006,1635.799,70.789,117.798,53.11,73.79100000000001,54.439,68.256,118.391,137.697,103.46400000000001,90.88,45.885,84.299,65.318
2002-11-01,91.036,68.62199999999999,65.74300000000001,231.23999999999998,71.151,61.839,69.774,73.74000000000001,91.032,53.727000000000004,91.034,344.78999999999996,74.045,63.864,60.541,166.289,108.96600000000001,92.438,252.766,119.01100000000001,89.27,526.3309999999999,215.376,101.765,82.17899999999999,76.21900000000001,60.370999999999995,73.74000000000001,238.592,69.147,101.54100000000001,47.083,64.35499999999999,53.528000000000006,50.769000000000005,63.862,82.169,60.995000000000005,67.928,61.949,61.674,65.143,70.702,91.89,99.832,115.94900000000001,66.819,53.505,75.061,63.492000000000004,61.838,58.964,46.433,77.718,68.992,80.381,67.94700000000002,80.115,65.51400000000001,66.813,96.67299999999999,65.098,73.929,77.229,63.865,66.004,47.803,65.012,58.838,85.826,76.285,83.87599999999999,61.421,71.924,70.027,204.098,89.2,74.045,49.26200000000001,41.031,120.16,111.65599999999999,64.81700000000001,102.607,86.367,83.66499999999999,72.435,63.866,121.12899999999999,92.107,68.006,88.336,78.48,74.326,69.98400000000001,61.42,97.65299999999999,74.71700000000001,69.972,115.953,83.486,96.18199999999999,107.23,96.21100000000001,66.815,90.38499999999999,111.479,95.524,67.109,60.54,94.538,78.191,61.624,49.657,293.34900000000005,71.19,95.758,101.54100000000001,67.101,73.93,65.992,71.19,440.846,212.58100000000002,72.221,70.068,74.04100000000001,46.432,64,54.510999999999996,72.928,83.04700000000001,79.018,75.518,72.66499999999999,75.979,110.418,63.483,71.476,91.053,104.72,123.203,61.932,71.823,53.402,61.418,73.74600000000001,132.74399999999997,101.76700000000001,88.67299999999999,60.358,124.57199999999999,103.82799999999999,74.301,54.550999999999995,81.868,58.783,929.3359999999999,65.332,65.551,95.758,65.524,46.005,1631.551,70.915,116.477,53.477,75.722,54.397,68.54100000000001,118.85,137.39800000000002,103.554,91.29700000000001,46.035000000000004,82.971,65.513
2002-12-01,90.692,69.31400000000001,65.71400000000001,231.88000000000002,71.519,62.041,69.403,73.804,90.68799999999999,53.995000000000005,90.69,341.299,74.16799999999999,64.504,60.714,162.497,109.14,92.184,247.138,118.985,88.735,518.809,215.07299999999998,100.695,82.348,76.268,60.583,73.689,238.592,69.086,101.05199999999999,47.053999999999995,64.59100000000001,53.737,51.029,64.501,82.863,60.732000000000006,67.709,62.568000000000005,61.968,65.143,70.471,90.65599999999999,100.29,115.859,67.24700000000001,53.714,76.111,63.73800000000001,62.038000000000004,58.777,46.688,77.68799999999999,68.502,81.93700000000001,68.147,79.80799999999999,65.67599999999999,67.242,96.265,65.394,74.23400000000001,76.801,64.505,67.023,48.435,65.501,58.902,85.853,75.95,84.26400000000001,61.580999999999996,71.78,70.245,198.697,88.992,74.167,50.315,41.191,120.546,111.306,65.343,102.095,86.396,83.96300000000001,72.88199999999999,64.505,120.624,90.38799999999999,68.006,88.54700000000001,78.694,74.551,70.208,61.58,97.259,74.781,70.191,115.71600000000001,81.766,95.902,105.259,95.93100000000001,67.24300000000001,89.98,111.06700000000001,95.93400000000001,67.357,60.714,94.41300000000001,77.94100000000002,61.095000000000006,50.94,291.865,71.354,96.21700000000001,101.05199999999999,67.19,74.236,67.012,71.353,434.807,212.318,71.843,70.60199999999999,74.163,46.688,63.861,54.510999999999996,73.958,83.288,79.30799999999999,76.086,72.01700000000001,75.929,109.27,63.55,71.391,90.709,104.269,124.109,62.048,71.595,53.644,61.579,73.834,131.05800000000002,100.697,88.67299999999999,60.586999999999996,124.57199999999999,103.894,74.67299999999999,54.76200000000001,81.70700000000001,58.846999999999994,919.7830000000001,65.52,66.063,96.21700000000001,65.68599999999999,46.211,1614.555,70.403,115.926,53.68,74.975,54.983999999999995,68.826,117.779,136.501,103.193,91.59400000000001,46.204,83.34,65.67699999999999
2003-01-01,90.829,69.41000000000001,65.976,229.32100000000003,71.601,62.474,70.279,74.059,90.826,54.062000000000005,90.82799999999999,341.73499999999996,74.49400000000001,64.61999999999999,60.99,160.601,107.312,92.94500000000001,248.85100000000003,119.389,89.163,511.99199999999996,215.67899999999997,101.551,82.51700000000001,75.49100000000001,60.62500000000001,73.79700000000001,237.25,69.147,100.27,47.764,64.49700000000001,53.779,51.302,64.617,82.96900000000001,60.473,68.148,65.654,62.992000000000004,65.282,71.393,91.119,100.199,115.588,67.619,53.756,76.30499999999999,64.137,62.469,64.598,47.004,77.832,68.845,83.32,68.557,80.642,65.936,67.613,96.06,66.284,74.41700000000002,77.351,64.621,67.09,49.258,65.722,58.966,85.98,74.724,83.798,61.474,71.479,70.57199999999999,196.222,89.04400000000001,74.49300000000001,51.648,41.217,120.67499999999998,111.539,65.343,101.157,86.425,83.74400000000001,71.274,64.621,120.498,90.818,68.51700000000001,88.54700000000001,78.694,74.865,70.543,61.473,97.65299999999999,75.73700000000001,70.52199999999999,115.595,82.70400000000001,94.99000000000001,107.462,95.019,67.615,89.815,107.958,95.193,67.62799999999999,60.991,93.64999999999999,78.115,60.626000000000005,55.409,289.88599999999997,71.55,96.309,100.27,67.1,74.42,67.079,71.55,427.762,210.476,72.41000000000001,70.187,74.49000000000001,47.003,63.791000000000004,54.599000000000004,72.41300000000001,82.798,79.46100000000001,76.371,71.498,76.284,109.27,63.72800000000001,71.41700000000002,90.846,104.63,123.542,62.29800000000001,71.67299999999999,53.849,61.472,74.012,131.365,101.553,89.258,60.771,124.57199999999999,103.82799999999999,74.533,54.803999999999995,82.51400000000001,58.91,909.124,65.63799999999999,66.596,96.309,65.94600000000001,46.201,1584.8129999999999,70.895,114.32499999999999,54.21,75.691,55.403,68.968,115.637,137.099,102.833,91.535,46.279,82.897,65.938
2003-02-01,90.554,69.647,66.005,228.68200000000002,71.67599999999999,63.052,70.751,74.18599999999999,90.55,55.838,90.553,337.371,74.902,64.67799999999998,61.163000000000004,163.256,106.44200000000001,92.776,248.36100000000002,119.477,89.21600000000001,501.178,214.467,100.80199999999999,82.433,76.27499999999999,60.731,74.20400000000001,236.98100000000002,69.329,100.46600000000001,47.967,64.68599999999999,54.155,51.599000000000004,64.67499999999998,83.023,60.255,69.509,65.44500000000001,63.596000000000004,65.838,71.70100000000001,90.88799999999999,99.007,115.94900000000001,67.854,54.131,76.056,64.199,63.044,70.09100000000001,47.308,78.127,69.87499999999999,88.736,68.44800000000001,80.99400000000001,66.033,67.849,96.16199999999999,66.587,75.026,76.282,64.67899999999999,66.532,50.38399999999999,66.98400000000001,59.220000000000006,85.95400000000001,75.003,83.721,61.580999999999996,71.80199999999999,71.069,192.847,89.148,74.90100000000001,55.675000000000004,41.324,120.67499999999998,111.773,65.285,100.986,86.455,84.633,72.52499999999999,64.67899999999999,119.867,92.107,69.197,88.406,78.05,74.865,71.046,61.58,97.554,75.865,71.02,115.475,83.17299999999999,94.71000000000001,106.766,94.738,67.851,89.488,107.536,95.27799999999999,67.903,61.164,93.395,78.031,61.022000000000006,63.023,287.41299999999995,71.649,95.70400000000001,100.465,67.398,75.031,66.521,71.648,417.697,211.003,72.537,69.238,74.898,47.306999999999995,63.271,54.599000000000004,72.928,82.724,79.593,77.41300000000001,72.276,76.18199999999999,109.16499999999999,63.973,71.286,90.571,104.539,123.203,62.182,71.71600000000001,54.11,61.579,74.092,131.21099999999998,100.804,88.526,61.092000000000006,124.326,103.561,74.905,55.479,82.836,59.165000000000006,897.155,66.039,66.96300000000001,95.70400000000001,66.043,46.230000000000004,1567.818,70.94800000000001,112.73100000000001,54.45399999999999,74.975,55.653999999999996,69.146,114.87299999999999,137.996,102.65299999999999,91.05799999999999,46.260000000000005,83.34,66.038
2003-03-01,90.279,71.77799999999999,66.121,226.44299999999998,71.757,63.6,70.818,74.504,90.27499999999999,56.509,90.277,335.625,75.02499999999999,64.736,61.336,168.565,106.007,92.523,245.18,119.083,89.056,498.828,212.65,101.12299999999999,82.60199999999999,76.44000000000001,60.858,74.236,238.592,69.51100000000001,100.56400000000001,48.083,65.348,54.322,51.86,64.733,83.13,60.160000000000004,68.894,66.337,64.222,64.935,71.47,90.271,98.365,115.498,68.049,54.29800000000001,76.333,64.35199999999999,63.591,69.433,47.612,78.18799999999999,70.11999999999999,101.70100000000001,68.167,81.87199999999999,66.196,68.04400000000001,95.958,66.848,75.27,74.723,64.73700000000001,66.687,51.611,67.65199999999999,59.410999999999994,86.13199999999999,74.056,83.333,61.79500000000001,72.31,71.287,189.02100000000002,89.408,75.024,60.757,41.565000000000005,120.16,111.422,65.811,101.498,86.48400000000001,85.225,72.435,64.73700000000001,119.362,91.935,68.97,88.617,77.692,75.089,71.27,61.794000000000004,98.046,75.865,71.238,115.35499999999999,82.62599999999999,95.06,106.303,95.089,68.046,89.44000000000001,107.647,96.169,68.084,61.336,93.776,78.309,61.402,68.857,283.455,71.74700000000001,95.736,100.563,67.54700000000001,75.276,66.67599999999999,71.74700000000001,415.684,209.687,72.34700000000001,68.76400000000001,75.02,47.611,62.400999999999996,54.687,73.18599999999999,83.429,79.596,76.65499999999999,72.44900000000001,76.233,109.061,64.218,71.065,90.296,103.909,122.184,62.394,71.76700000000001,54.37,61.793000000000006,74.189,130.292,101.12499999999999,86.771,60.495000000000005,123.1,103.295,75.277,55.309999999999995,82.51400000000001,59.355999999999995,880.7860000000001,66.20400000000001,67.459,95.73700000000001,66.206,45.69200000000001,1550.8229999999999,71.05499999999999,112.009,54.74,76.252,55.73800000000001,69.146,115.79,136.202,101.303,91.17799999999998,46.617,84.07799999999999,66.20100000000001
2003-04-01,90.348,70.762,66.209,223.564,71.76400000000001,63.687,70.784,74.759,90.34400000000001,56.676,90.346,329.515,74.739,64.85199999999999,61.681,168.375,105.833,92.692,249.095,118.515,89.59100000000001,492.246,210.83200000000002,100.053,82.51700000000001,75.849,61.112,74.353,237.25,69.63199999999999,101.05199999999999,48.141,66.104,54.23800000000001,52.133,64.849,82.91600000000001,60.136,68.85,68.066,64.755,65.10799999999999,70.62499999999999,90.579,97.54,115.859,68.327,54.215,76.609,64.44500000000001,63.675000000000004,63.002,47.94,78.708,71.542,98.24300000000001,67.77199999999999,81.16999999999999,66.35799999999999,68.321,95.651,67.598,75.209,74.203,64.853,66.94800000000001,53.013,67.902,59.602000000000004,86.181,74.334,84.109,61.902,72.928,70.94800000000001,199.147,89.616,74.738,57.751,41.645,119.645,110.722,65.519,100.815,86.513,85.669,73.776,64.854,118.1,90.30199999999999,68.74300000000001,88.54700000000001,78.05,75.04400000000001,70.935,61.900999999999996,98.24300000000001,75.928,70.898,115.23700000000001,83.17299999999999,94.78,106.071,94.809,68.323,88.299,107.282,96.169,68.222,61.681,93.453,78.18799999999999,62.083999999999996,58.719,282.46599999999995,71.78,95.81700000000001,101.05199999999999,67.54700000000001,75.215,66.936,71.779,408.638,210.21299999999997,72.34700000000001,69.17899999999999,74.73400000000001,47.939,61.19200000000001,54.775000000000006,72.735,83.735,79.643,76.84400000000001,72.708,76.03,108.95700000000001,64.641,70.771,90.364,103.99900000000001,123.65599999999999,62.432,71.681,54.612,61.9,74.24100000000001,128.29899999999998,100.05499999999999,86.258,60.12800000000001,122.61,103.029,75.09100000000001,55.395,82.27199999999999,59.546,873.824,66.41700000000002,67.846,95.818,66.368,45.761,1529.579,71.02799999999999,111.433,55.188,75.349,55.948,69.324,112.425,135.60399999999998,101.12199999999999,90.99900000000001,46.729000000000006,84.151,66.365
2003-05-01,90.004,70.54700000000001,66.26700000000001,224.524,72.107,63.802,71.088,75.01400000000001,90,56.408,90.002,326.89599999999996,74.617,65.027,61.922000000000004,161.17,106.616,91.76100000000001,237.84,118.18299999999999,89.965,473.675,207.5,99.09,82.348,75.67599999999999,61.705000000000005,74.46700000000001,237.25,70.057,100.07499999999999,48.315,66.483,54.531,52.418,65.024,83.45,60.29200000000001,68.894,69.20400000000001,65.265,65.908,70.932,90.271,97.357,115.228,69.032,54.507,76.609,64.506,63.788000000000004,56.19500000000001,48.19500000000001,78.877,72.866,97.033,67.598,81.433,66.52,69.026,95.856,67.968,75.94000000000001,77.321,65.02799999999999,66.886,54.096000000000004,68.38499999999999,63.962,86.27,73.61,84.49600000000001,62.063,73.424,71.895,194.872,89.72,74.616,55.428000000000004,41.458,119.38799999999999,110.722,65.636,99.96300000000001,86.542,85.74400000000001,73.14999999999999,65.02799999999999,118.1,90.045,68.8,88.406,77.835,75.134,71.88499999999999,62.062000000000005,98.735,75.801,71.84400000000001,114.99700000000001,84.58,94.57,105.723,94.598,69.02799999999999,87.34,106.74900000000001,96.612,68.561,61.922000000000004,93.323,77.806,62.573,55.657,280.98199999999997,71.87799999999999,95.866,100.07499999999999,67.696,75.94700000000002,66.87499999999999,71.87799999999999,400.58599999999996,208.372,72.34700000000001,69.11999999999999,74.612,48.194,60.546,54.775000000000006,73.829,84.076,79.69,77.034,71.71400000000001,75.523,109.16499999999999,64.79700000000001,70.726,90.02,103.63799999999999,122.41000000000001,62.452,71.835,54.929,62.06,74.34700000000001,128.146,99.092,86.551,61.230000000000004,122.365,102.896,75.36999999999999,55.648,82.27199999999999,63.902,865.508,66.55799999999999,68.167,95.866,66.53,45.536,1508.3339999999998,71.389,111.04,55.513999999999996,77.28,56.199000000000005,69.43100000000001,111.049,134.707,101.12199999999999,91.475,46.861,84.37299999999999,66.529
2003-06-01,90.073,71.019,66.44200000000001,222.605,72.26700000000001,64.004,71.29,74.887,90.069,57.078,90.071,329.515,74.698,65.143,62.163000000000004,157.567,106.35499999999999,91.339,235.88200000000003,117.288,90.66,460.04,205.077,100.374,83.109,75.18299999999999,61.852999999999994,75.008,236.71299999999997,70.482,99.586,48.548,66.01,54.74,52.591,65.14,83.98400000000001,60.491,68.587,71.869,65.705,66.46400000000001,70.702,90.348,98.273,115.048,69.21900000000001,54.716,78.24100000000001,65.059,63.99,56.57,48.510999999999996,78.691,75.563,98.762,67.571,81.609,66.617,69.21400000000001,95.549,68.27799999999999,76.001,77.076,65.144,66.895,54.961,68.353,64.089,86.41000000000001,74.223,84.031,62.116,73.584,71.892,195.772,89.87499999999999,74.697,56.326,41.805,119.259,110.254,65.694,99.792,86.571,86.187,73.821,65.144,118.227,91.505,69.084,88.336,77.334,75.224,71.88499999999999,62.115,98.636,75.992,71.843,114.87299999999999,85.284,94.359,104.44800000000001,94.38799999999999,69.21600000000001,87.197,105.595,96.82,68.81400000000001,62.163000000000004,93.131,78.712,62.677,54.126000000000005,274.551,71.87799999999999,95.758,99.586,67.813,76.009,66.884,71.87799999999999,399.58,205.74099999999999,72.284,69.95,74.694,48.51,60.247,55.391,74.087,84.05799999999999,79.848,77.887,72.492,75.87799999999999,108.01700000000001,64.842,70.709,90.089,103.909,120.71100000000001,62.452,71.831,54.946999999999996,62.114,74.383,128.146,100.37599999999999,87.502,60.771,123.468,102.49600000000001,75.603,56.323,82.03,64.029,842.202,66.912,68.618,95.758,66.627,45.330999999999996,1487.09,71.24300000000001,110.504,55.513,79.77199999999999,56.367,69.538,110.74300000000001,134.258,101.663,91.41600000000001,46.992000000000004,83.41400000000002,66.627
2003-07-01,89.66,72.036,66.5,218.447,72.45,64.11999999999999,71.492,75.07799999999999,89.65599999999999,57.580999999999996,89.65799999999999,327.769,74.94300000000001,65.37499999999999,62.19800000000001,161.359,105.833,91.254,233.68,117.475,90.76700000000001,452.048,202.35000000000002,100.053,82.17899999999999,75.73400000000001,62.085,75.05,235.10299999999998,70.482,100.07499999999999,48.823,66.01,54.907,52.776,65.37199999999999,83.77,60.955,68.41100000000002,70.74400000000001,65.975,65.87299999999999,69.933,90.733,98.45700000000001,115.228,69.60199999999999,54.882999999999996,79.181,65.21300000000001,64.10499999999999,59.010999999999996,48.948,78.71600000000001,76.593,98.41600000000001,67.729,81.91600000000001,66.78,69.59700000000001,94.834,68.96700000000001,76.062,77.44300000000001,65.37599999999999,67.203,55.582,68.648,64.43900000000001,86.468,74.501,82.48100000000001,62.437,73.507,72.002,199.597,89.87499999999999,74.94200000000001,57.22500000000001,41.885,118.87299999999999,110.021,65.98700000000001,99.96300000000001,86.6,86.409,74.223,65.377,117.848,91.333,69.027,88.195,77.549,75.313,71.99700000000001,62.436,98.34100000000001,75.928,71.955,114.392,85.206,94.149,102.245,94.17699999999999,69.599,87.004,106.48700000000001,97.63,68.986,62.19800000000001,93.069,78.045,62.62800000000001,53.712,273.067,72.042,95.542,100.07499999999999,67.99000000000001,76.07,67.192,72.042,397.567,205.478,72.41000000000001,70.661,74.938,48.946999999999996,60.465,55.786,73.70100000000001,84.26100000000001,79.96900000000001,78.12299999999999,73.01100000000001,76.335,108.01700000000001,65.02,70.928,89.67599999999999,104.17899999999999,121.73100000000001,62.779,71.978,55.227000000000004,62.435,74.475,128.606,100.05499999999999,88.38,60.449,124.326,102.29700000000001,75.36999999999999,56.449,81.868,64.37899999999999,834.3019999999999,66.983,68.846,95.542,66.79,45.878,1470.095,71.32,110.196,55.919,79.554,56.660000000000004,69.85799999999999,110.59,132.91299999999998,102.203,91.59400000000001,47.18,82.381,66.79100000000001
2003-08-01,89.66,72.899,66.471,218.767,72.56,64.206,71.627,75.332,89.65599999999999,57.949999999999996,89.65799999999999,326.46,75.269,65.60799999999999,62.473,159.653,107.13799999999999,90.66199999999999,223.647,117.296,90.12599999999999,439.119,198.412,100.374,82.348,76.94400000000002,62.297000000000004,75.099,234.566,70.604,99.87899999999999,49.099000000000004,66.293,55.074,52.863,65.60499999999999,82.649,61.518,69.15799999999999,73.81,66.32199999999999,66.67299999999999,70.164,90.965,98.548,115.13799999999999,69.769,55.05,79.015,65.458,64.193,64.45700000000001,49.969,79.48,79.142,97.898,67.94900000000001,81.784,66.91000000000001,69.763,94.834,69.34,76.245,77.657,65.609,67.58,56.256,69.418,64.471,82.663,75.003,83.87599999999999,62.544,73.574,72.224,200.047,90.13499999999999,75.268,56.791000000000004,41.965,118.87299999999999,109.90400000000001,66.045,99.536,86.62799999999999,86.482,75.832,65.609,117.47,91.333,69.084,88.477,78.62299999999999,75.582,72.22,62.543,97.35799999999999,75.928,72.17899999999999,113.089,84.65799999999999,94.49900000000001,104.1,94.52799999999999,69.765,87.24900000000001,102.52,97.422,69.15599999999999,62.474,93.32499999999999,78.577,62.702000000000005,53.79500000000001,271.08799999999997,72.17299999999999,96.476,99.87899999999999,68.07799999999999,76.253,67.568,72.17299999999999,391.52799999999996,206.004,72.6,69.238,75.265,49.968,61.153,55.742000000000004,74.02199999999999,84.44500000000001,80.042,77.98100000000001,73.054,76.284,108.33,65.332,71.23,89.67599999999999,104.089,123.88199999999999,63.029,72.265,55.69200000000001,62.542,74.636,128.45200000000003,100.37599999999999,87.502,60.449,124.326,101.099,75.324,56.576,82.03,64.41000000000001,825.05,67.077,69.119,96.477,66.92,46.142,1444.6019999999999,71.609,108.27199999999999,57.71,79.523,56.660000000000004,69.751,108.44800000000001,134.40800000000002,102.203,91.23700000000001,47.48,80.906,66.921
2003-09-01,89.109,73.042,66.93700000000001,216.52800000000002,72.66799999999999,64.43700000000001,71.96400000000001,75.905,89.10499999999999,58.821,89.10799999999999,322.532,75.51400000000001,65.724,62.576,159.27399999999997,107.573,90.66199999999999,223.647,117.226,90.07199999999999,429.71599999999995,198.412,100.16,81.587,76.95400000000001,62.593,75.20400000000001,233.224,70.90700000000001,99.782,48.896,66.766,55.032000000000004,53.558,65.721,83.076,62.239000000000004,69.07,77.329,66.745,66.395,69.779,91.042,98.365,114.868,69.80799999999999,55.009,77.13499999999999,65.827,64.426,69.05799999999999,50.285000000000004,79.44300000000001,81.79,98.762,68.164,81.16999999999999,67.07199999999999,69.80199999999999,94.732,69.509,76.489,77.29,65.725,67.45,56.943,69.91400000000002,64.66199999999999,80.867,74.44600000000001,83.643,63.026,73.663,72.55799999999999,194.197,90.187,75.513,56.171,42.205000000000005,118.359,108.853,66.279,100.73,86.65499999999999,86.62799999999999,74.804,65.725,117.848,91.16199999999999,69.367,88.617,82.561,76.076,72.556,63.025000000000006,96.96400000000001,76.24700000000001,72.515,111.553,84.815,94.149,104.21600000000001,94.17699999999999,69.804,87.67999999999999,102.99000000000001,97.41700000000002,69.265,62.578,93.324,78.72,62.932,52.553,267.131,72.337,96.908,99.781,68.137,76.49700000000001,67.438,72.337,388.508,206.53,72.6,69.71300000000001,75.509,50.284,62.234,55.918,73.508,84.45400000000001,80.254,79.118,73.357,76.233,108.748,65.421,71.579,89.12599999999999,103.458,123.769,63.260000000000005,72.421,55.952999999999996,63.023,74.78,124.773,100.16199999999999,87.21000000000001,60.862,124.20400000000001,100.766,75.46300000000001,56.702000000000005,81.546,64.601,810.003,67.313,69.367,96.909,67.082,45.839,1427.607,71.44900000000001,106.819,57.669000000000004,79.709,56.996,69.894,107.68299999999999,137.548,101.663,91.356,47.743,82.529,67.085
2003-10-01,87.664,73.02799999999999,67.111,217.48700000000002,72.853,64.639,71.862,76.033,87.66,61.033,87.663,323.841,75.432,65.666,62.68,166.289,106.79,90.49300000000001,226.094,117.019,90.393,433.242,196.89800000000002,100.588,81.84100000000001,77.409,62.784,75.504,230.272,71.089,99.684,49.215,66.577,55.199000000000005,53.794000000000004,65.663,83.236,63.119,69.728,79.28,67.163,66.221,68.93400000000001,90.425,98.915,114.507,70.41100000000002,55.176,76.66499999999999,66.134,64.63,64.551,50.661,79.17999999999999,83.899,96.918,68.455,80.774,67.137,70.405,94.936,69.906,76.489,78.63499999999999,65.667,67.874,57.498000000000005,69.477,64.884,81.08,74.167,84.18599999999999,63.186,74.06,72.44600000000001,191.271,90.49900000000001,75.432,55.76800000000001,42.606,115.529,108.503,66.455,100.90100000000001,86.68299999999999,86.77199999999999,75.519,65.667,116.71300000000001,91.076,69.538,88.68799999999999,83.922,76.255,72.44400000000002,63.185,96.768,76.311,72.403,112.37799999999999,86.3,93.93900000000001,103.289,93.96700000000001,70.40700000000001,87.333,100.773,96.75,69.68299999999999,62.681,93.001,78.45400000000001,63.249,51.849999999999994,264.65700000000004,72.534,97.06,99.684,68.31400000000001,76.49700000000001,67.862,72.533,385.489,207.846,72.663,69.357,75.428,50.660000000000004,63.916,55.962,73.70100000000001,84.46400000000001,80.768,79.639,74.56700000000001,76.386,108.539,65.643,72.134,87.67999999999999,103.18799999999999,123.769,63.355999999999995,72.868,56.214,63.184,75.035,125.693,100.59,87.429,60.586999999999996,124.81700000000001,99.834,75.696,56.407,81.788,64.824,799.6740000000001,67.502,69.721,97.06,67.147,45.916999999999994,1410.6109999999999,71.874,104.65499999999999,58.078,79.149,57.415,70.036,107.225,133.511,102.023,90.76100000000001,48.005,81.422,67.14999999999999
2003-11-01,88.559,72.35799999999999,67.315,221.64499999999998,73.069,64.95700000000001,71.795,75.46000000000001,88.55499999999999,65.55799999999999,88.557,318.60400000000004,75.473,66.01400000000001,62.885999999999996,163.066,105.311,90.66199999999999,227.07299999999998,117.038,89.751,429.01099999999997,193.869,101.44400000000002,81.84100000000001,77.144,62.995000000000005,75.562,230.54,71.21100000000001,99.87899999999999,48.896,66.34100000000001,55.492000000000004,54.043,66.012,82.756,64.101,69.90400000000001,83.748,67.67699999999999,66.91600000000001,69.01100000000001,90.733,98.64,113.87599999999999,70.56,55.468,77.19,66.288,64.95100000000001,64.17499999999998,50.928000000000004,78.199,86.93900000000001,95.01700000000001,68.80199999999999,81.257,67.299,70.55499999999999,94.732,70.13799999999999,76.55,78.20700000000001,66.016,68.17399999999999,57.54,69.68199999999999,64.94800000000001,81.70100000000001,73.666,82.868,63.24,74.32199999999999,72.727,189.02100000000002,90.811,75.472,55.861,42.899,115.657,109.203,66.396,101.157,86.71000000000001,86.17799999999998,76.189,66.016,116.334,91.16199999999999,69.424,88.617,83.99300000000001,76.65899999999999,72.723,63.239000000000004,96.276,76.311,72.684,113.67299999999999,86.456,93.93900000000001,103.868,93.96700000000001,70.557,87.664,100.057,96.649,69.95400000000001,62.88699999999999,93.127,78.474,63.565000000000005,53.836,262.184,72.697,96.698,99.87899999999999,68.521,76.55799999999999,68.163,72.697,384.48199999999997,204.95100000000002,72.85199999999999,69.298,75.46900000000001,50.927,65.24700000000001,56.182,73.765,84.61999999999999,80.988,80.018,74.56700000000001,76.74100000000001,108.01700000000001,66.133,72.507,88.57499999999999,103.548,123.542,63.279,73.008,56.437,63.237,75.14,126,101.44600000000001,87.429,60.679,124.81700000000001,99.368,75.696,56.870999999999995,81.546,64.887,789.543,67.785,69.871,96.698,67.309,45.878,1402.1139999999998,71.93400000000001,103.462,58.364,79.616,57.582,70.107,105.389,132.76299999999998,101.663,90.642,48.26800000000001,83.192,67.313
2003-12-01,88.627,73.807,67.519,219.406,73.361,65.13,71.99700000000001,75.523,88.624,66.664,88.62599999999999,312.49299999999994,75.67699999999999,66.131,63.160000000000004,158.70499999999998,104.17899999999999,90.74600000000001,224.626,116.915,89.48400000000001,425.719,194.172,101.23,82.348,77.798,63.22800000000001,75.74400000000001,228.662,71.14999999999999,100.27,50.071,66.435,55.576,54.340999999999994,66.12799999999999,84.09100000000001,65.12899999999999,70.167,79.198,68.08,66.91600000000001,68.242,92.506,98.548,113.96700000000001,70.58,55.552,77.245,66.41100000000002,65.12899999999999,65.77199999999999,51.256,77.82499999999999,88.753,95.823,69.357,81.477,67.396,70.574,94.63,70.43700000000001,76.793,79.063,66.13199999999999,68.607,56.958,70.006,64.94800000000001,81.94600000000001,72.607,83.721,63.507,74.646,73.008,186.546,90.91400000000002,75.67599999999999,56.264,42.766000000000005,114.757,107.91900000000001,66.455,100.986,86.738,86.17599999999999,76.77,66.13199999999999,116.208,91.076,69.538,88.54700000000001,84.136,76.973,73.003,63.506,95.883,76.438,72.965,112.96100000000001,84.424,93.93900000000001,104.91100000000002,93.96700000000001,70.576,88.048,100.259,97.332,70.255,63.163000000000004,93,79.189,63.507,55.284,258.72099999999995,72.763,96.66499999999999,100.27,68.698,76.801,68.596,72.763,381.46299999999997,207.846,72.85199999999999,69.298,75.67299999999999,51.255,66.498,56.31399999999999,73.25,84.615,81.215,80.208,75.389,76.995,108.748,66.222,72.898,88.644,103.548,119.239,63.586999999999996,73.30799999999999,56.716,63.505,75.167,125.54,101.232,86.91700000000002,61,125.307,99.30199999999999,75.556,57.082,81.304,64.887,776.64,67.926,69.568,96.666,67.406,46.005,1385.118,72.758,103.45400000000001,58.607,79.523,57.75,70.49900000000001,105.389,132.76299999999998,101.12199999999999,91.23700000000001,48.493,83.41400000000002,67.41100000000002
2004-01-01,89.04,72.595,67.606,216.848,73.46700000000001,65.44800000000001,71.862,75.587,89.037,65.089,89.039,311.184,76.004,66.189,63.330999999999996,159.27399999999997,104.44000000000001,91.085,227.318,116.956,89.965,425.484,193.26299999999998,101.23,82.348,77.63199999999999,63.419,76.002,225.70899999999997,71.393,100.368,50.042,66.435,55.868,54.627,66.18599999999999,85.05199999999999,66.34700000000001,70.299,73.24300000000001,68.468,67.472,68.627,92.506,98.64,114.777,71.223,55.843999999999994,76.333,66.84100000000001,65.453,69.903,51.815,78.759,89.636,98.41600000000001,70.189,82.136,67.526,71.218,96.571,70.79700000000001,77.037,78.757,66.19,68.65499999999999,55.76500000000001,69.52499999999999,65.489,76.15499999999999,73.833,83.95400000000001,63.828,75.02799999999999,73.23400000000001,188.571,91.33,76.003,59.424,43.006,114.242,107.68499999999999,66.455,100.645,86.766,86.47,76.90400000000001,66.19,115.703,90.30199999999999,69.59400000000001,88.406,83.56400000000001,76.928,73.226,63.827,96.473,76.24700000000001,73.192,112.60199999999999,83.251,93.588,103.636,93.616,71.22,87.057,101.321,96.985,70.46000000000001,63.335,92.74600000000001,78.224,64.43900000000001,60.456999999999994,255.258,72.894,96.303,100.368,68.93400000000001,77.04400000000001,68.643,72.894,375.424,206.004,72.978,69.89,75.99900000000001,51.81399999999999,67.99900000000001,56.71,73.894,85.49100000000001,81.329,80.35,75.90700000000001,77.045,108.95700000000001,66.66799999999999,73.367,89.057,103.728,120.598,63.683,73.392,56.996,63.826,75.06700000000001,125.846,101.232,86.332,62.330999999999996,124.44900000000001,99.169,75.696,57.376999999999995,81.546,65.428,763.935,68.18599999999999,69.85799999999999,96.304,67.536,46.260000000000005,1359.625,73.366,104.29,58.606,78.68199999999999,57.958999999999996,70.57,105.389,132.165,101.303,91.17799999999998,48.662000000000006,85.11,67.542
2004-02-01,90.348,72.498,67.781,214.929,73.239,65.79400000000001,71.728,75.842,90.34400000000001,64.854,90.346,306.82,76.167,66.479,63.537,161.92800000000003,104.092,91,229.031,117.111,90.66,421.72299999999996,191.748,100.909,82.433,77.853,63.863,76.031,229.73499999999999,71.51400000000001,100.56400000000001,50.274,66.71900000000001,56.704,54.888,66.476,84.144,67.52,70.826,74.619,68.91400000000002,67.15899999999999,68.166,92.96900000000001,98.18199999999999,115.408,71.56400000000001,56.679,77.301,67.271,65.804,71.16999999999999,52.119,78.36999999999999,91.45,100.663,70.527,81.87199999999999,67.68799999999999,71.55799999999999,97.082,71.004,77.342,76.98400000000001,66.48100000000001,68.59400000000001,54.988,68.69,65.839,76.37299999999999,74,84.18599999999999,63.828,75.326,73.515,186.771,90.13499999999999,76.166,60.044,42.979,113.599,106.98400000000001,66.806,100.815,86.793,86.616,77.53,66.48100000000001,115.577,90.30199999999999,69.99100000000001,88.195,82.91900000000001,77.063,73.506,63.827,96.374,76.311,73.474,112.361,83.486,93.869,103.40400000000001,93.897,71.56,86.85799999999999,101.633,96.76100000000001,70.738,63.541,92.938,78.553,64.565,59.836,256.248,73.02499999999999,96.84400000000001,100.563,69.16999999999999,77.349,68.582,73.02499999999999,374.417,205.74099999999999,72.978,70.95700000000001,76.16199999999999,52.118,68.084,56.885999999999996,74.087,85.637,81.184,80.161,75.90700000000001,77.40100000000001,108.01700000000001,66.979,73.40700000000001,90.364,104.44900000000001,121.051,63.913999999999994,73.324,57.275000000000006,63.826,75.116,124.31400000000001,100.91100000000002,86.405,62.652,123.959,98.43700000000001,75.928,57.251,81.465,65.777,764.5880000000001,68.421,70.04700000000001,96.84400000000001,67.698,46.221000000000004,1338.3809999999999,73.271,104.34100000000001,59.013,78.557,58.253,70.57,105.695,130.371,101.032,91.17799999999998,49.113,85.774,67.70400000000001
2004-03-01,90.554,72.121,67.868,214.60899999999998,73.27499999999999,66.227,72.536,76.033,90.55,63.715,90.553,303.328,76.33,66.654,63.812,161.359,104.266,91.085,224.38200000000003,116.91400000000002,90.286,416.317,190.23399999999998,101.337,82.348,78.137,63.969,76.116,229.73499999999999,71.697,100.857,50.346,66.38799999999999,56.996,55.199000000000005,66.651,84.571,68.67899999999999,72.66999999999999,77.87599999999999,69.254,66.256,68.78,93.894,98.64,115.408,71.832,56.972,78.40700000000001,67.516,66.24000000000001,71.26400000000001,52.483,78.992,93.019,98.359,70.727,81.21300000000001,67.851,71.826,96.571,71.164,77.403,79.857,66.65499999999999,68.58,54.503,68.259,66.03,78.345,74.334,83.798,63.989,75.79700000000001,73.516,186.32100000000003,90.343,76.329,59.362,43.220000000000006,113.47,107.68499999999999,67.215,100.304,86.821,86.836,77.351,66.65499999999999,115.32499999999999,91.505,70.10499999999999,88.265,82.06,77.51100000000001,73.506,63.988,96.079,76.821,73.475,111.415,82.70400000000001,94.009,104.21600000000001,94.037,71.829,86.86999999999999,102.579,96.793,71.063,63.815999999999995,92.87499999999999,78.91400000000002,64.506,59.547,252.785,73.189,96.84400000000001,100.856,69.257,77.41000000000001,68.569,73.189,370.39099999999996,204.68800000000002,73.104,70.72,76.32499999999999,52.482,68.195,57.062000000000005,74.409,85.56,81.49400000000001,80.91900000000001,76.94500000000001,77.908,109.27,67.068,73.563,90.571,104.81,122.75,64.16499999999999,73.648,57.536,63.986,75.368,123.394,101.339,86.91700000000002,62.974,124.57199999999999,98.36999999999999,75.789,57.376999999999995,81.143,65.968,751.9609999999999,68.61,70.17499999999998,96.84400000000001,67.861,46.318,1321.386,73.799,104.519,59.502,79.74100000000001,58.63,70.67699999999999,106.766,131.71699999999998,101.573,91.475,49.318999999999996,84.37299999999999,67.867
2004-04-01,90.898,70.824,68.24700000000001,213.64899999999997,73.777,66.516,72.839,76.16,90.894,64.14999999999999,90.897,298.964,76.452,67.002,63.985,162.118,103.396,90.91600000000001,221.935,116.35499999999999,90.232,418.197,191.445,101.979,82.01,79.077,64.15899999999999,76.15199999999999,227.85600000000002,71.93900000000001,100.95400000000001,50.636,66.67199999999998,57.289,55.483999999999995,66.99900000000001,85.212,69.857,73.15299999999999,81.293,69.742,67.02,67.24300000000001,94.973,99.098,114.958,72.074,57.264,79.762,67.70100000000001,66.531,69.339,52.812,78.759,90.617,98.647,70.99100000000001,80.774,68.045,72.069,96.87799999999999,71.503,77.403,80.71300000000001,67.004,69.209,54.975,68.64999999999999,66.03,78.145,75.16999999999999,83.798,64.096,76.256,74.46600000000001,186.771,91.33,76.452,58.339999999999996,43.593,113.21300000000001,109.203,67.391,100.048,86.815,85.43100000000001,77.485,67.004,114.694,91.16199999999999,70.218,88.336,83.70700000000001,78.005,74.456,64.095,96.374,77.076,74.426,110.823,84.58,93.93900000000001,104.21600000000001,93.96700000000001,72.071,87.71000000000001,103.48700000000001,96.953,71.266,63.988,92.938,79.07499999999999,65.20700000000001,59.29800000000001,251.795,73.41900000000001,96.898,100.95400000000001,69.435,77.41000000000001,69.198,73.418,364.35200000000003,205.74099999999999,73.104,70.068,76.44800000000001,52.809999999999995,68.975,57.59,74.151,85.67199999999998,81.84100000000001,80.54,77.334,78.87199999999999,109.479,67.046,73.929,90.915,104.99000000000001,123.65599999999999,64.473,74.05799999999999,57.833999999999996,64.093,75.835,124.31400000000001,101.98100000000001,87.136,63.157,123.468,98.037,75.603,57.631,81.143,65.968,746.6990000000001,68.91700000000002,70.293,96.898,68.05499999999999,46.289,1304.3909999999998,74.049,104.43700000000001,59.707,77.809,58.88099999999999,70.71300000000001,107.37799999999999,133.062,101.933,91.773,49.507,84.07799999999999,68.062
2004-05-01,91.17299999999999,69.766,68.509,214.60899999999998,73.955,66.631,72.77199999999999,76.351,91.16999999999999,65.357,91.17199999999998,293.72599999999994,76.779,67.06,64.192,161.54899999999998,101.91600000000001,90.74600000000001,222.66899999999998,116.03,91.30199999999999,414.20099999999996,190.839,101.44400000000002,82.095,81.265,64.392,76.236,225.978,72,99.977,50.79600000000001,66.81400000000001,57.956999999999994,55.757,67.05799999999999,84.571,70.896,74.032,82.391,70.46400000000001,67.403,68.012,94.202,97.998,114.41700000000002,72.338,57.932,79.403,67.762,66.648,72.90700000000001,53.14,80.16,86.351,99.742,71.101,81.301,68.24000000000001,72.332,96.67299999999999,71.617,77.403,81.63,67.062,69.46600000000001,55.012,69.146,66.603,75.74400000000001,75.783,84.109,64.31,76.601,73.96300000000001,187.221,90.603,76.77799999999999,59.516999999999996,43.513,112.44100000000002,108.15199999999999,67.62499999999999,100.56,86.80799999999999,85.874,77.485,67.062,115.07199999999999,90.38799999999999,70.332,88.406,95.593,78.229,73.953,64.309,95.883,76.88499999999999,73.924,109.88,82.62599999999999,94.21900000000001,104.332,94.248,72.334,87.694,104.17399999999999,96.85199999999999,71.46600000000001,64.194,92.81,78.863,65.37799999999999,62.029,247.343,73.55,96.627,99.977,69.612,77.409,69.45400000000001,73.549,357.307,205.21499999999997,73.167,70.78,76.774,53.139,69.338,57.72200000000001,74.21600000000001,85.71900000000001,81.983,82.103,78.933,78.72,109.16499999999999,67.17999999999999,74.116,91.19,104.539,123.089,64.8,74.226,58.094,64.307,75.98,123.087,101.44600000000001,87.136,63.157,122.365,97.838,75.975,57.757,81.062,66.54,731.2,68.98700000000001,70.49300000000001,96.62799999999999,68.25,46.309,1283.146,74.124,105.042,59.910999999999994,78.93100000000001,59.217,70.85499999999999,108.295,133.212,102.293,91.41600000000001,50.089,84.66799999999999,68.256
2004-06-01,91.99900000000001,70.101,68.887,212.37,74.21400000000001,66.92,72.806,76.542,91.995,66.195,91.998,288.489,77.06400000000001,66.886,64.604,160.601,102.526,90.66199999999999,219.732,116.154,91.142,407.85400000000004,189.32500000000002,100.053,82.095,82.04400000000001,64.79400000000001,76.406,225.441,72.061,99.293,50.955,67.192,59.253,56.118,66.883,84.94500000000001,71.922,75.12899999999999,83.276,70.763,67.229,67.935,92.661,98.64,116.12899999999999,72.58,59.227000000000004,78.739,67.91600000000001,66.936,75.583,53.431,80.23700000000001,83.31,103.77499999999999,71.15799999999999,81.65299999999999,68.435,72.57499999999999,96.265,71.766,77.647,81.44600000000001,66.887,69.79,55.306999999999995,69.763,66.79400000000001,78.534,75.616,84.26400000000001,64.524,76.74700000000001,74.18799999999999,186.771,90.70700000000001,77.06400000000001,60.633,43.994,111.926,108.386,67.976,101.242,86.80499999999999,86.169,76.77,66.88799999999999,114.568,90.38799999999999,70.729,88.12499999999999,98.386,78.498,74.17699999999999,64.523,95.489,76.821,74.14999999999999,109.646,81.61,94.359,104.91100000000002,94.38799999999999,72.577,87.381,104.09100000000001,96.836,71.603,64.607,92.936,78.955,65.51,63.809,243.88000000000002,73.71400000000001,96.68199999999999,99.293,69.73,77.65299999999999,69.77799999999999,73.71300000000001,353.28099999999995,205.478,73.104,70.78,77.06,53.43,69.425,57.678000000000004,73.958,85.611,82.09400000000001,82.766,78.976,78.72,109.27,67.336,74.212,92.016,104.9,123.769,64.896,74.069,58.410999999999994,64.521,75.91100000000002,121.554,100.05499999999999,87.21000000000001,63.066,122.732,97.971,75.556,58.137,81.465,66.73100000000001,718.6830000000001,69.15299999999999,70.63,96.68199999999999,68.44500000000001,46.553,1266.1509999999998,73.77799999999999,104.006,59.910999999999994,78.9,59.51,71.104,109.82499999999999,132.016,102.473,91.654,50.276,84.004,68.45100000000001
2004-07-01,90.004,71.46000000000001,69.208,210.45100000000002,74.40400000000001,67.151,73.109,76.733,90,66.46300000000001,90.002,286.743,77.146,67.002,64.809,162.876,102.874,90.408,218.99800000000002,116.103,90.66,402.212,189.32500000000002,100.26700000000001,82.433,82.36999999999999,65.133,76.634,223.29399999999998,72.24300000000001,99.195,50.983999999999995,67.476,59.336,56.403,66.99900000000001,86.066,72.869,75.26100000000001,81.63499999999999,71.17599999999999,67.99400000000001,67.935,92.96900000000001,98.45700000000001,115.13799999999999,72.845,59.31099999999999,78.04700000000001,68.069,67.167,74.644,53.723000000000006,80.004,81.49600000000001,104.812,71.283,81.257,68.59700000000001,72.839,96.67299999999999,71.99600000000001,77.708,81.63,67.004,71.38,55.694,69.646,67.17599999999999,86.88,75.226,84.574,64.79100000000001,76.886,74.245,181.595,90.96600000000001,77.145,61.221000000000004,44.153999999999996,112.184,108.15199999999999,67.859,101.327,86.8,86.09400000000001,77.26100000000001,67.004,113.17999999999999,90.131,71.18199999999999,87.98400000000001,96.811,78.09400000000001,74.233,64.79,95.883,77.076,74.208,109.64999999999999,81.84400000000001,93.798,105.259,93.827,72.84100000000001,86.87199999999999,104.857,96.12599999999999,71.845,64.813,92.359,78.95100000000001,65.722,64.34700000000001,243.38600000000002,73.845,97.86999999999999,99.195,70.083,77.71400000000001,71.368,73.84400000000001,348.248,206.53,72.978,71.313,77.141,53.72200000000001,69.804,58.602000000000004,74.28,85.584,82.10199999999999,83.524,79.582,78.51700000000001,108.435,67.581,74.349,90.02,103.548,125.01400000000001,65.031,73.98700000000001,58.671,64.789,75.661,120.63499999999999,100.269,86.332,63.433,121.99700000000001,97.70400000000001,75.789,58.77,82.27199999999999,67.113,714.93,69.436,70.88199999999999,97.86999999999999,68.607,46.993,1253.4050000000002,74.02799999999999,104.311,60.644,78.588,59.761,71.318,108.754,132.61399999999998,102.383,91.41600000000001,50.558,84.225,68.614
2004-08-01,88.834,70.866,69.324,207.57299999999998,74.508,67.49700000000001,73.008,77.306,88.83,66.161,88.832,284.99699999999996,77.187,67.06,64.94600000000001,162.876,101.91600000000001,90.408,216.062,115.77499999999999,90.5,398.21599999999995,189.62800000000001,101.44400000000002,82.348,82.35799999999999,65.471,76.94000000000001,220.879,72.364,98.609,51.216,67.807,58.793000000000006,56.528000000000006,67.05799999999999,85.37199999999999,73.803,74.471,82.099,71.648,67.472,68.089,93.509,98.273,114.057,72.99100000000001,58.76800000000001,77.66,68.315,67.512,74.363,54.148,80.627,78.65199999999999,106.426,71.29700000000001,81.65299999999999,68.792,72.986,96.571,72.139,77.891,80.95700000000001,67.062,71.588,56.111,70.089,67.239,87.30799999999999,74.056,84.41900000000001,65.005,77.096,74.41300000000001,182.045,91.226,77.18599999999999,63.173,44.340999999999994,112.44100000000002,107.45100000000001,67.91700000000002,100.048,86.79700000000001,86.242,77.574,67.062,113.306,89.01400000000001,71.523,88.054,92.51400000000001,78.498,74.4,65.004,96.17799999999998,77.20400000000001,74.37799999999999,109.651,81.766,93.44800000000001,105.839,93.476,72.988,86.309,104.084,96.089,72.099,64.95,91.723,79.21700000000001,65.47,66.292,240.912,74.009,97.16799999999999,98.609,70.32,77.897,71.576,74.008,346.23499999999996,203.899,72.85199999999999,72.202,77.18199999999999,54.147,69.54400000000001,59.086,74.666,85.627,82.331,83.903,80.144,78.16199999999999,108.12199999999999,67.73700000000001,74.33,88.85,102.73700000000001,123.542,65.146,73.99100000000001,58.858,65.003,75.589,119.868,101.44600000000001,87.136,63.616,121.99700000000001,98.57,76.114,59.19200000000001,82.59400000000001,67.17599999999999,705.3589999999999,69.67099999999999,71.07,97.16799999999999,68.80199999999999,47.101,1253.4050000000002,74.092,104.727,61.297000000000004,79.928,60.097,71.49600000000001,109.366,130.969,101.753,91.29700000000001,50.858,84.96300000000001,68.809
2004-09-01,89.59100000000001,70.843,69.44000000000001,207.57299999999998,74.609,67.728,72.974,77.36999999999999,89.587,65.99400000000001,89.589,281.942,77.432,67.351,64.601,160.411,103.309,89.647,216.796,115.909,90.44600000000001,395.395,186.599,100.80199999999999,82.51700000000001,81.41900000000001,65.66199999999999,76.849,219.537,72.607,99.489,51.071,67.807,58.835,57.336,67.348,84.838,74.624,74.77799999999999,81.31700000000001,71.806,67.82,68.012,93.894,98.365,114.057,73.13199999999999,58.809,77.577,68.438,67.74100000000001,76.006,54.767,80.393,73.651,104.755,71.537,82.399,68.95400000000001,73.12599999999999,96.571,72.337,78.195,82.76100000000001,67.35199999999999,71.037,56.379999999999995,70.061,65.807,78.33,73.331,84.18599999999999,64.845,77.509,74.74700000000001,183.17,91.43400000000001,77.43100000000001,63.76200000000001,44.688,112.05499999999999,108.619,67.976,99.621,87.498,86.24300000000001,77.485,67.35199999999999,113.306,90.21700000000001,71.523,88.54700000000001,89.722,79.44000000000001,74.736,64.84400000000001,96.079,76.11999999999999,74.71300000000001,109.76700000000001,81.84400000000001,93.238,106.418,93.266,73.12799999999999,86.548,106.10199999999999,96.63799999999999,72.287,64.606,91.729,78.715,65.67499999999998,68.03,239.923,74.107,97.33,99.488,70.46700000000001,78.202,71.024,74.107,341.203,204.95100000000002,72.978,72.795,77.427,54.766000000000005,69.84400000000001,57.898,74.21600000000001,85.728,82.396,84.045,79.71100000000001,78.619,108.95700000000001,67.959,74.63499999999999,89.607,102.73700000000001,121.95700000000001,65.35799999999999,74.30799999999999,59.826,64.842,75.824,120.02199999999999,100.804,88.38,63.846,121.62899999999999,98.36999999999999,76.068,59.107,82.91700000000002,65.74600000000001,700.164,69.813,71.289,97.33,68.96400000000001,47.22800000000001,1244.9070000000002,74.331,106.15899999999999,62.397,80.114,60.348,71.46000000000001,109.82499999999999,132.165,100.762,91.356,51.14,85.036,68.971
2004-10-01,88.283,71.397,69.67299999999999,208.212,74.74400000000001,67.93100000000001,73.277,77.43400000000001,88.28,65.55799999999999,88.282,276.269,77.839,67.7,64.94500000000001,160.791,102.787,89.562,233.924,115.143,90.98100000000001,383.876,186.296,100.588,82.771,81.576,65.894,76.922,219.268,72.85,99.586,51.245000000000005,67.192,59.169000000000004,57.510999999999996,67.697,84.41100000000002,75.397,74.383,83.18499999999999,72.11999999999999,68.063,68.166,94.973,97.90700000000001,114.327,73.35199999999999,59.144,82.03,68.49900000000001,67.94100000000002,81.498,54.998000000000005,79.926,73.798,105.504,71.74300000000001,82.268,69.051,73.346,97.082,72.64,78.195,83.036,67.70100000000001,70.566,56.45099999999999,70.34700000000001,65.903,71.318,72.94100000000002,83.95400000000001,65.005,78.043,74.8,186.32100000000003,91.38199999999999,77.839,66.953,44.982,112.698,108.619,68.97,98.768,87.495,86.02199999999999,77.753,67.70100000000001,113.432,91.076,71.579,88.68799999999999,90.151,79.036,74.79100000000001,65.004,96.571,76.438,74.768,109.644,80.59400000000001,93.518,106.766,93.546,73.349,86.63799999999999,107.326,96.633,72.561,64.94900000000001,91.93,79.271,65.475,73.657,239.923,74.205,97.654,99.586,70.585,78.202,70.554,74.205,336.17,207.056,73.23,72.617,77.835,54.997,69.73400000000001,59.042,74.73100000000001,85.73400000000001,82.44300000000001,83.95100000000001,80.057,78.87199999999999,109.061,68.115,74.842,88.3,102.286,124.109,65.589,74.861,60.086999999999996,65.003,76.331,120.02199999999999,100.59,87.649,64.07499999999999,121.506,98.769,75.789,59.276,82.91700000000002,65.84100000000001,697.8489999999999,69.978,71.274,97.654,69.061,47.169000000000004,1240.658,74.614,107.23100000000001,62.644,84.693,60.558,71.816,110.896,131.418,102.293,92.01100000000001,51.308,85.774,69.06700000000001
2004-11-01,89.316,72.869,69.906,206.29299999999998,74.815,68.19,73.648,77.752,89.312,65.927,89.31400000000001,273.214,78.20700000000001,67.816,65.18499999999999,161.73899999999998,103.13499999999999,90.154,229.765,115.348,91.30199999999999,372.358,185.69,101.979,82.687,81.399,66.254,77.21400000000001,219.268,72.971,99.098,51.521,67.854,59.336,57.873,67.813,84.998,76.121,74.515,84.71100000000001,72.369,68.307,68.012,93.81700000000001,98.915,113.786,73.551,59.31099999999999,83.136,68.62199999999999,68.197,84.503,55.338,80.004,69.139,111.9,71.983,82.224,69.148,73.545,97.49100000000001,72.94700000000002,78.256,82.63799999999999,67.81700000000001,69.661,56.533,70.46000000000001,67.398,70.229,73.387,83.95400000000001,65.21900000000001,78.277,74.573,186.096,91.694,78.206,68.71900000000001,45.702000000000005,112.05499999999999,108.503,69.321,99.195,85.90100000000001,86.32,77.21700000000001,67.81700000000001,112.801,90.90400000000001,72.033,88.82799999999999,89.364,79.12599999999999,74.568,65.218,96.571,78.479,74.54400000000001,110,80.515,94.289,106.534,94.318,73.54700000000001,87.005,107.95400000000001,96.27,72.83,65.19,92.895,79.027,65.67299999999999,78.99600000000001,242.39600000000002,74.304,97.276,99.09700000000001,70.67299999999999,78.263,69.64999999999999,74.303,333.151,203.899,73.23,72.973,78.202,55.336999999999996,69.896,59.394,75.05199999999999,85.76100000000001,82.44900000000001,84.14,79.495,78.619,109.16499999999999,68.293,75.12299999999999,89.332,102.73700000000001,123.542,65.666,75.2,60.38399999999999,65.21700000000001,76.681,118.94900000000001,101.98100000000001,87.94100000000002,64.902,121.506,98.303,76.254,59.529,83.24000000000001,67.335,702.687,70.143,71.282,97.276,69.15899999999999,47.111,1223.6629999999998,74.739,107.72,62.89,90.95400000000001,60.893,72.24400000000001,109.67199999999998,130.82000000000002,102.473,92.54700000000001,51.44,85.11,69.164
2004-12-01,89.79700000000001,71.995,70.139,204.694,75.04,68.566,73.74900000000001,78.198,89.793,66.061,89.796,271.46799999999996,78.20700000000001,67.99000000000001,65.32199999999999,161.17,103.483,90.07,224.38200000000003,115.37599999999999,90.5,366.01099999999997,185.084,101.44400000000002,83.532,80.803,66.402,77.316,214.706,73.45700000000001,99.391,51.869,67.854,59.42,58.184,67.98700000000001,86.49300000000001,76.831,74.55799999999999,81.67099999999999,72.684,68.44600000000001,67.24300000000001,93.12299999999999,99.19,113.786,73.76100000000001,59.394,83.33,68.837,68.56700000000001,83.048,55.679,79.77,70.856,112.303,72.24300000000001,82.44300000000001,69.343,73.755,97.79700000000001,73.106,78.256,82.63799999999999,67.99100000000001,71.389,56.594,70.848,67.43,70.87899999999999,75.393,84.41900000000001,65.21900000000001,78.277,74.62599999999999,182.945,91.74600000000001,78.206,69.40100000000001,45.462,111.669,108.619,68.912,99.536,85.91000000000001,86.396,79.004,67.992,112.67499999999998,89.959,72.033,88.899,89.077,79.619,74.624,65.218,97.456,78.79700000000001,74.601,108.24100000000001,80.67199999999998,94.429,106.303,94.458,73.757,87.75,107.786,95.118,72.974,65.327,93.601,78.536,65.646,76.76100000000001,239.42800000000003,74.435,97.384,99.39,70.79100000000001,78.26400000000001,71.377,74.43400000000001,328.118,202.847,73.167,74.099,78.202,55.678000000000004,70.059,59.57,74.34400000000001,85.897,82.61999999999999,83.903,79.452,79.17699999999999,108.748,68.44900000000001,75.35,89.81400000000001,102.286,123.429,65.82,75.398,60.664,65.21700000000001,77.045,119.562,101.44600000000001,88.38,65.131,120.403,98.36999999999999,75.696,60.078,83.24000000000001,67.367,691.738,70.45,71.427,97.384,69.354,47.413999999999994,1219.414,74.923,107.87599999999999,63.217,89.023,61.35399999999999,72.386,110.59,131.418,100.13199999999999,92.01100000000001,51.496,84.59400000000001,69.35799999999999
2005-01-01,90.279,72.5,70.256,200.85600000000002,75.245,68.883,73.715,78.453,90.27499999999999,66.09400000000001,90.277,265.794,78.166,68.106,65.527,161.17,104.092,89.90100000000001,223.15800000000002,115.23100000000001,90.71400000000001,366.01099999999997,183.872,100.053,84.37799999999999,81.722,66.995,77.545,213.901,73.396,98.70700000000001,51.71,68.516,59.545,58.495000000000005,68.104,86.17299999999999,77.561,74.55799999999999,80.698,73.038,69.315,67.167,92.198,99.832,113.96700000000001,73.91700000000002,59.52,82.55499999999999,68.868,68.87799999999999,78.49400000000001,55.934,80.082,68.257,108.269,72.975,82.17999999999999,69.538,73.91100000000002,98.71700000000001,73.32199999999999,78.74400000000001,82.119,68.10799999999999,71.361,56.512,71.18499999999999,67.43,71.986,73.61,84.109,65.433,78.107,75.462,185.871,91.694,78.16499999999999,68.223,46.076,110.12499999999999,109.787,69.20400000000001,100.133,86.49400000000001,86.324,78.736,68.10799999999999,115.07199999999999,90.732,72.54400000000001,88.68799999999999,91.512,79.12599999999999,75.462,65.432,97.063,79.17999999999999,75.44000000000001,107.551,81.68799999999999,94.85,105.607,94.87899999999999,73.91400000000002,88.71100000000001,105.71300000000001,94.633,73.303,65.533,93.92,79.276,66.85199999999999,75.147,236.46,74.631,97.276,98.706,71.145,78.751,71.349,74.631,324.092,200.47899999999998,73.861,74.51400000000001,78.161,55.933,71.91600000000001,60.449999999999996,75.95400000000001,86.66999999999999,83.07499999999999,84.803,80.144,78.923,108.85199999999999,68.44900000000001,76.13499999999999,90.296,103.007,124.562,66.012,75.67499999999998,60.962,65.43100000000001,77.395,119.868,100.05499999999999,89.039,65.361,120.771,97.63799999999999,75.696,59.74,83.724,67.367,680.8159999999999,70.49700000000001,71.63799999999999,97.276,69.548,48.303999999999995,1206.668,75.495,107.886,64.52199999999999,80.488,61.605000000000004,72.63499999999999,109.978,129.77299999999997,100.67199999999998,92.071,52.022000000000006,84.225,69.55199999999999
2005-02-01,90.073,73.35199999999999,70.54700000000001,199.89700000000002,75.069,68.681,73.614,78.835,90.069,67.1,90.071,264.92099999999994,78.492,68.223,65.837,160.791,102.787,90.324,224.871,115.49400000000001,91.088,354.962,182.661,98.44800000000001,84.462,81.361,67.228,78.024,213.632,73.396,99.391,51.898,68.705,60.13,58.843999999999994,68.22,85.37199999999999,78.236,73.812,81.46600000000001,73.4,68.44600000000001,67.85799999999999,91.042,100.474,112.88499999999999,74.368,60.104,80.896,69.17499999999998,68.67099999999999,82.25,56.29800000000001,79.848,70.95400000000001,110.056,73.209,82.312,69.733,74.362,99.12599999999999,73.65899999999999,78.74400000000001,82.91300000000001,68.224,70.37899999999999,56.888,71.089,67.589,71.031,73.498,84.26400000000001,65.754,78.031,75.74000000000001,185.42100000000002,91.85,78.49100000000001,68.037,46.556999999999995,111.412,108.853,69.087,100.048,86.486,86.253,78.289,68.224,116.965,91.076,72.94100000000002,88.617,89.936,79.17099999999999,75.742,65.753,96.866,78.79700000000001,75.71900000000001,108.15199999999999,82.001,94.99000000000001,105.839,95.019,74.364,88.17899999999999,106.492,94.627,73.534,65.842,93.854,78.881,66.995,79.368,235.965,74.82799999999999,98.032,99.39,71.35199999999999,78.752,70.367,74.82799999999999,320.066,197.32200000000003,73.98700000000001,74.099,78.48700000000001,56.297000000000004,71.99100000000001,60.582,75.245,86.81700000000001,83.691,85.41900000000001,79.538,78.923,108.12199999999999,68.76100000000001,76.263,90.089,103.368,123.88199999999999,66.205,75.67699999999999,61.278000000000006,65.752,77.577,120.482,98.45,89.331,65.361,121.874,98.104,76.114,59.782000000000004,83.88499999999999,67.526,676.888,70.66199999999999,71.721,98.032,69.74300000000001,48.519,1189.6719999999998,75.49300000000001,107.968,64.279,79.17999999999999,61.773,72.6,110.131,128.727,100.13199999999999,92.309,52.247,84.004,69.74600000000001
2005-03-01,90.004,75.691,70.663,198.617,75.342,68.854,73.783,78.962,90,67.569,90.002,262.302,78.77799999999999,68.455,66.112,160.98000000000002,101.65499999999999,89.90100000000001,223.403,115.316,90.76700000000001,351.20099999999996,180.54,99.304,84.71600000000001,80.93900000000001,67.71400000000001,78.398,210.14299999999997,73.518,98.609,52.086999999999996,69.083,60.088,59.18,68.452,85.853,78.789,73.02199999999999,85.455,73.806,68.202,67.935,92.121,101.39,113.87599999999999,74.46000000000001,60.062000000000005,79.596,69.359,68.839,83.51700000000001,56.650999999999996,81.79400000000001,67.864,109.71000000000001,73.398,82.795,69.895,74.45400000000001,100.046,73.965,78.68299999999999,86.52,68.456,70.99000000000001,57.544,70.869,68.67099999999999,70.99600000000001,73.22,85.194,67.359,78.26400000000001,75.57199999999999,185.871,92.265,78.777,69.649,47.224000000000004,112.05499999999999,107.568,69.38,100.218,87.116,85.959,78.86999999999999,68.45700000000001,117.848,90.646,72.771,88.336,90.796,79.081,75.574,67.35799999999999,96.571,78.096,75.55,108.395,83.33,94.78,105.259,94.809,74.456,89.456,107.55499999999999,95.433,73.657,66.118,93.405,79.363,66.978,83.258,233.49200000000002,74.959,97.546,98.609,71.5,78.691,70.978,74.959,319.06,197.585,74.113,74.099,78.773,56.649,72.148,60.67,74.924,87.024,83.71600000000001,84.614,80.187,78.619,108.33,68.93900000000001,76.4,90.02,103.098,124.335,66.282,75.862,61.576,67.357,77.74000000000001,119.715,99.306,88.965,65.728,121.26100000000001,99.169,75.51,59.909,83.482,68.607,667.107,70.804,71.788,97.546,69.905,48.568000000000005,1172.677,75.809,108.15599999999999,64.687,82.077,62.108000000000004,72.88499999999999,109.519,127.67999999999999,101.303,92.071,52.51,84.59400000000001,69.908
2005-04-01,90.829,75.17399999999999,70.78,198.937,75.27499999999999,69.085,73.985,79.026,90.826,67.569,90.82799999999999,262.739,79.023,68.62899999999999,66.422,164.77299999999997,103.918,90.154,219.48800000000003,115.515,91.142,347.675,179.026,100.16,86.49100000000001,81.84,68.053,78.757,207.728,73.518,98.70700000000001,52.391,69.367,60.966,59.440999999999995,68.627,86.44000000000001,79.252,74.69,87.956,74.21100000000001,69.315,68.012,91.65799999999999,101.115,114.23700000000001,74.693,60.94,80.12199999999999,69.697,69.066,85.254,56.979,82.57199999999999,67.12899999999999,115.184,73.44900000000001,82.312,70.09,74.687,100.45400000000001,74.146,78.927,85.144,68.631,71.01,58.312,72.036,68.926,72.62899999999999,72.273,86.357,67.52,78.63499999999999,75.68499999999999,186.996,91.953,79.02199999999999,71.507,46.983999999999995,111.412,107.91900000000001,69.789,99.877,87.06400000000001,86.332,78.86999999999999,68.631,117.47,91.333,73.224,88.265,90.366,79.395,75.68599999999999,67.519,96.473,78.79700000000001,75.65799999999999,108.986,82.392,94.92,105.259,94.94900000000001,74.689,89.066,108.51400000000001,95.86999999999999,73.982,66.429,93.338,80.41400000000002,66.813,85.24400000000001,231.51299999999998,75.057,97.33,98.706,71.647,78.936,70.998,75.057,318.053,197.32200000000003,74.113,73.62499999999999,79.018,56.977,71.933,61.506,77.048,87.099,83.756,85.893,80.01400000000001,78.619,107.809,69.073,76.255,90.846,103.548,125.24100000000001,66.282,76.038,61.818,67.51700000000001,77.826,119.868,100.16199999999999,89.112,65.774,121.139,99.70100000000001,76.486,60.542,83.482,68.861,658.55,70.992,71.86999999999999,97.33,70.1,48.607,1159.93,76.043,108.399,64.974,87.061,62.443999999999996,72.99100000000001,108.754,127.531,100.13199999999999,92.428,52.73500000000001,84.44600000000001,70.10199999999999
2005-05-01,90.76100000000001,74.62199999999999,70.838,195.73899999999998,75.315,69.663,74.255,78.835,90.757,68.60799999999999,90.759,261.866,78.982,68.74600000000001,66.698,166.47899999999998,103.396,90.74600000000001,220.466,115.223,91.516,344.384,177.814,100.26700000000001,86.745,81.866,68.286,78.86999999999999,209.606,73.579,99.586,52.681,70.265,61.133,59.74,68.74300000000001,86.44000000000001,79.728,73.329,81.96100000000001,74.405,69.037,68.089,92.198,101.115,114.327,74.87199999999999,61.107,80.67499999999998,69.88199999999999,69.641,81.405,57.392,80.549,70.65899999999999,115.184,73.588,82.17999999999999,70.252,74.866,100.45400000000001,74.38199999999999,79.353,83.708,68.74700000000001,71.473,59.043,71.62499999999999,69.021,73.333,73.10799999999999,85.81400000000001,67.627,79.04700000000001,76.58,184.971,92.005,78.98100000000001,72.034,47.891,111.154,107.68499999999999,69.789,99.96300000000001,88.227,86.408,79.362,68.74700000000001,118.353,91.505,73.565,88.336,91.225,78.857,76.58,67.62599999999999,96.276,80.774,76.549,109.223,81.453,95.06,106.071,95.089,74.868,89.048,109.587,95.865,74.23400000000001,66.705,93.73,79.732,66.70700000000001,82.18199999999999,225.577,75.221,97.222,99.586,71.795,79.362,71.46100000000001,75.221,317.047,196.26899999999998,74.303,74.396,78.977,57.391,72.054,62.29800000000001,76.468,87.154,83.935,84.377,79.66799999999999,78.82199999999999,108.435,69.40700000000001,76.28,90.777,103.63799999999999,124.67499999999998,66.68599999999999,76.242,62.023,67.624,77.915,119.409,100.269,89.18499999999999,66.324,121.384,99.10199999999999,75.835,60.836999999999996,83.482,68.95700000000001,638.629,71.252,71.887,97.222,70.262,48.705000000000005,1164.1789999999999,76.232,108.849,65.3,88.338,62.569,73.205,109.67199999999998,127.67999999999999,99.862,92.845,52.922000000000004,86.364,70.26400000000001
2005-06-01,91.311,75.137,71.1,193.66,74.412,69.77799999999999,74.356,78.87899999999999,91.307,68.40700000000001,91.31,258.811,79.023,69.09400000000001,66.974,161.909,102.787,90.89,216.6,115.01700000000001,91.52199999999999,340.858,176.966,100.48100000000001,87.252,81.136,68.41300000000001,79.13199999999999,208.265,73.821,99.479,52.899,71.02199999999999,61.547,59.939,69.09100000000001,86.974,80.07799999999999,72.143,79.762,74.592,69.349,68.14999999999999,94.048,102.34400000000001,112.88499999999999,75.11,61.52,81.532,70.066,69.757,81.874,57.744,82.26100000000001,69.581,112.245,73.62899999999999,81.433,70.41400000000002,75.104,100.598,74.821,79.59700000000001,83.49400000000001,69.096,71.751,59.620000000000005,72.01700000000001,69.295,81.581,71.492,85.426,68.06,79.428,77.139,179.12,91.798,79.02199999999999,72.68499999999999,47.945,111.154,107.335,69.67799999999998,99.195,88.46400000000001,86.335,79.362,69.096,119.09700000000001,91.16199999999999,73.79700000000001,88.406,90.151,78.94700000000002,77.139,68.059,96.374,80.837,77.106,108.986,83.01700000000001,94.99000000000001,105.955,95.019,75.106,88.41300000000001,109.435,95.646,74.43100000000001,66.98100000000001,93.55799999999999,80.281,66.70700000000001,83.092,224.439,75.32,97.762,99.478,72.005,79.606,71.739,75.319,313.02099999999996,197.032,74.391,74.37799999999999,79.018,57.743,72.101,62.571,76.79,87.26700000000001,83.925,84.235,79.66799999999999,79.02499999999999,109.364,69.585,76.299,91.32799999999999,103.819,123.74600000000001,66.99400000000001,76.46000000000001,62.22800000000001,68.05799999999999,78.015,119.10199999999999,100.483,89.697,68.436,120.96700000000001,98.96900000000001,76.905,60.668000000000006,83.724,69.23,632.1830000000001,71.299,71.938,97.762,70.425,48.685,1147.1839999999997,76.48100000000001,108.651,65.831,85.34700000000001,62.821,73.383,109.67199999999998,130.222,99.592,92.96400000000001,53.166000000000004,85.7,70.426
2005-07-01,92.48100000000001,75.5,71.21600000000001,190.781,74.695,70.154,74.15299999999999,79.21000000000001,92.477,66.99900000000001,92.479,254.446,79.512,68.978,67.56,159.843,101.394,90.763,212.51399999999998,114.68299999999999,91.452,335.92099999999994,177.147,100.48100000000001,87.421,81.41100000000002,68.624,79.136,206.923,74.003,100.427,53.175000000000004,71.258,61.555,60.150999999999996,68.975,87.081,80.44200000000001,73.285,77.23,74.765,69.41900000000001,67.70400000000001,93.971,102.866,113.24600000000001,75.307,61.529,82.832,70.312,70.134,89.667,57.963,81.016,72.081,115.933,73.781,81.565,70.641,75.301,100.63799999999999,75.079,79.65799999999999,83.8,68.979,72.17099999999999,60.148,72.42,70.008,89.003,71.771,85.96900000000001,68.076,79.839,77.195,179.70499999999998,91.694,79.51100000000001,73.212,48.577,110.897,107.335,69.65499999999999,98.342,88.94400000000002,86.335,79.98700000000001,68.98,118.45400000000001,90.99000000000001,73.91100000000002,88.265,90.581,78.992,77.195,68.07499999999999,96.276,81.15599999999999,77.161,108.74900000000001,81.923,94.429,106.64999999999999,94.458,75.304,88.777,109.723,95.812,74.55,67.56700000000001,92.374,80.045,66.96900000000001,87.892,223.30100000000002,75.483,97.222,100.426,72.17899999999999,79.667,72.15799999999999,75.483,312.014,196.26899999999998,74.706,74.556,79.507,57.962,72.49400000000001,62.94,77.24100000000001,87.31,84.005,83.57199999999999,79.971,78.923,108.95700000000001,69.985,76.507,92.498,104.44900000000001,123.05499999999999,67.24400000000001,76.84400000000001,62.489,68.074,78.26400000000001,118.94900000000001,100.483,89.843,68.573,120.955,98.902,77.323,61.259,84.208,69.94200000000001,625.5840000000001,71.7,72.01,97.222,70.65199999999999,49.233000000000004,1130.1889999999999,76.887,108.73700000000001,66.239,86.34400000000001,62.946999999999996,73.59700000000001,109.82499999999999,130.969,99.321,93.202,53.373,85.258,70.65199999999999
2005-08-01,92.48100000000001,74.349,71.304,190.01399999999998,75.849,70.24000000000001,74.49000000000001,79.293,92.477,66.664,92.479,251.82800000000003,80.002,68.68799999999999,67.768,156.48600000000002,100.785,91.68499999999999,210.80100000000002,114.521,91.93900000000001,328.16400000000004,177.208,98.66199999999999,87.252,81.71000000000001,68.836,79.184,205.58100000000002,74.12499999999999,100.114,52.797000000000004,71.87299999999999,61.743,60.22500000000001,68.68499999999999,86.333,80.71400000000001,73.592,77.79400000000001,74.99000000000001,69.66199999999999,67.95,94.51100000000001,103.801,112.705,75.57499999999999,61.717,82.63799999999999,70.588,70.223,98.82199999999999,58.06,81.016,69.43400000000001,119.39,74.046,82.004,70.771,75.569,100.45400000000001,75.248,79.475,83.37199999999999,68.689,72.398,60.62500000000001,72.32499999999999,70.16999999999999,89.639,74,85.65899999999999,68.076,80.21100000000001,77.141,176.64499999999998,92.31700000000001,80.001,73.24300000000001,49.872,110.12499999999999,108.035,69.49700000000001,98.68299999999999,89.394,85.74400000000001,79.853,68.689,118.429,91.16199999999999,74.109,88.406,90.724,78.94700000000002,77.139,68.07499999999999,95.391,81.857,77.103,109.929,82.782,93.728,106.418,93.757,75.571,89.006,109.30799999999999,96.03,74.63799999999999,67.77499999999999,91.614,80.646,66.955,91.617,224.142,75.615,96.573,100.114,72.394,79.48400000000001,72.386,75.614,307.98799999999994,193.849,75.04700000000001,74.307,79.99700000000001,58.059,72.63,63.266000000000005,76.85499999999999,87.285,84.038,83.335,80.1,79.02499999999999,108.644,70.23,76.636,92.498,104.72,124.573,67.456,77.079,62.731,68.074,78.526,118.795,98.664,90.502,68.52799999999999,121.506,98.902,76.3,61.428000000000004,84.369,70.104,624.333,71.79400000000001,72.074,96.574,70.782,49.536,1108.944,76.93700000000001,108.113,66.321,84.88,63.24,73.81,110.59,132.165,99.412,93.619,53.467,85.331,70.781
2005-09-01,92.412,77.34,71.508,191.22899999999998,76.23,70.327,74.423,79.478,92.408,66.329,92.41100000000002,250.08200000000002,81.103,68.92,68.114,153.737,100.002,91.812,209.08800000000002,115.164,91.998,326.518,176.602,99.09,87.421,81.257,69.09,79.51400000000001,205.04399999999998,74.18599999999999,99.63499999999999,53.972,72.299,62.508,60.673,68.91700000000002,87.508,80.96300000000001,74.339,79.43,75.194,69.66199999999999,67.912,94.742,103.49000000000001,112.52499999999999,75.974,62.480999999999995,83.164,70.803,70.311,118.96100000000001,58.522000000000006,83.195,74.435,134.48700000000002,74.44600000000001,81.784,70.96600000000001,75.968,100.035,75.505,79.96300000000001,80.49900000000001,68.921,72.723,61.172000000000004,72.67499999999998,70.52,81.409,74.836,86.279,68.066,80.533,77.032,177.02700000000002,92.473,81.10199999999999,79.718,49.683,109.096,108.269,69.836,97.66,88.435,87.001,79.71900000000001,68.922,119.148,91.67699999999999,74.30199999999999,88.758,90.366,79.12599999999999,77.027,68.065,96.079,81.34700000000001,76.989,111.698,84.424,94.429,106.071,94.458,75.97,88.90700000000001,109.73100000000001,95.86,74.92,68.121,92.04400000000001,80.46000000000001,66.96400000000001,104.279,222.955,75.77799999999999,97.762,99.63499999999999,72.506,79.972,72.71000000000001,75.77799999999999,304.969,192.76999999999998,75.192,74.562,81.098,58.52,72.812,63.191,77.756,87.394,84.12199999999999,83.193,80.619,79.02499999999999,108.32,70.65299999999999,76.824,92.429,105.08,124.663,67.687,77.49100000000001,63.029,68.063,78.81,119.10199999999999,99.092,91.38,68.52799999999999,122.561,97.838,77.184,61.681,84.692,70.45400000000001,617.242,71.84100000000001,72.119,97.762,70.976,49.888,1096.1979999999999,77.432,106.965,66.648,85.285,63.659,74.309,110.74300000000001,129.32500000000002,98.691,94.036,53.579,85.995,70.976
2005-10-01,93.44400000000002,77.773,71.799,189.086,76.57499999999999,70.41300000000001,74.76,79.554,93.44000000000001,66.49600000000001,93.44300000000001,247.463,81.226,69.38499999999999,68.495,154.62800000000001,99.131,92.776,208.061,114.933,92.38799999999999,322.287,176.602,98.769,87.67499999999998,81.11,69.513,79.614,206.923,74.24600000000001,99.489,54.088,72.91300000000001,63.072,60.897,69.38199999999999,89.056,81.119,73.67999999999999,79.60799999999999,75.392,70.218,68.196,94.742,103.205,112.705,76.501,63.045,84.13199999999999,71.11,70.40100000000001,112.06,58.716,82.49400000000001,73.258,152.52200000000002,75.18799999999999,81.91600000000001,71.16,76.495,101.006,75.728,80.32799999999999,83.861,69.386,73.74600000000001,61.925000000000004,72.80199999999999,70.854,79.782,73.276,86.124,68.146,80.838,77.037,176.42000000000002,92.62899999999999,81.225,83.18799999999999,50.803999999999995,109.353,107.68499999999999,69.982,98.001,88.31,87.815,79.27199999999999,69.386,118.492,92.45,74.631,88.336,91.154,79.17099999999999,77.027,68.145,95.293,81.921,76.986,110.166,84.033,94.92,106.88199999999999,94.94900000000001,76.49700000000001,89.056,111.048,96.324,75.124,68.502,92.259,80.94400000000002,67.73700000000001,105.35499999999999,221.52100000000002,75.91000000000001,97.816,99.488,72.725,80.337,73.73400000000001,75.909,300.943,189.692,75.13499999999999,74.41900000000001,81.221,58.715,73.74000000000001,62.29800000000001,77.498,87.45700000000001,84.37599999999999,83.287,80.057,79.279,108.44500000000001,71.054,77.348,93.462,105.351,124.41400000000002,67.99400000000001,77.85199999999999,63.233000000000004,68.143,79.104,119.868,98.771,90.94100000000002,69.124,121.703,97.63799999999999,77.60199999999999,62.103,84.93400000000001,70.788,609.2980000000001,72.006,72.09,97.816,71.17099999999999,49.82,1074.954,77.585,107.48700000000001,66.813,84.94200000000001,63.994,74.7,109.21300000000001,126.633,98.871,93.619,53.823,85.7,71.16999999999999
2005-11-01,92.96300000000001,82.44300000000001,72.09,188.22299999999998,76.67399999999999,70.55799999999999,75.09700000000001,79.733,92.959,66.73100000000001,92.96100000000001,246.59,80.818,69.559,68.77199999999999,152.277,98.783,93.12299999999999,209.74899999999997,115.095,92.458,317.82,176.905,97.806,88.013,81.803,69.87299999999999,80.131,205.849,74.428,99.361,54.277,75.51400000000001,63.231,61.171,69.556,89.697,81.288,73.636,80.65799999999999,75.537,70.94800000000001,68.365,94.66499999999999,104.306,113.516,76.809,63.203,84.657,71.571,70.549,96.099,59.007,80.782,72.866,151.197,75.495,81.65299999999999,71.35499999999999,76.80199999999999,100.99600000000001,75.88799999999999,80.45,84.65499999999999,69.56,74.589,62.318999999999996,73.51400000000001,70.921,79.46000000000001,73.331,86.589,68.21000000000001,80.976,77.099,175.97,92.577,80.81700000000001,81.205,51.77,110.51100000000001,107.218,69.263,98.17099999999999,86.85,88.332,79.67399999999999,69.561,117.646,92.021,75.17499999999998,88.195,92.15599999999999,79.395,77.083,68.209,95.489,82.112,77.037,110.163,85.518,95.2,105.37499999999999,95.229,76.80499999999999,89.077,112.024,96.85199999999999,75.408,68.78,92.17199999999998,80.94500000000001,67.649,99.479,220.135,76.106,98.086,99.361,72.881,80.459,74.576,76.106,298.92999999999995,191.192,75.343,74.44900000000001,80.813,59.006,73.73100000000001,63.415,77.627,87.508,84.44400000000002,83.95100000000001,81.224,79.786,108.758,71.38799999999999,77.49600000000001,92.98,104.359,124.16499999999999,68.533,78.01100000000001,63.531,68.20700000000001,79.239,119.255,97.80799999999999,89.624,68.895,120.109,98.836,77.788,62.398,85.337,70.85499999999999,601.328,72.266,72.063,98.086,71.366,49.996,1049.461,77.71900000000001,107.66499999999999,67.139,85.192,64.16199999999999,74.95,110.284,127.531,99.862,93.738,54.086,84.225,71.365
2005-12-01,92.687,78.59,72.206,186.879,76.894,70.76,74.928,80.26100000000001,92.68299999999999,67.535,92.68599999999999,243.535,80.818,69.792,68.94700000000002,150.153,100.611,92.971,207.08200000000002,115.256,92.586,310.29799999999994,177.329,97.91300000000001,87.337,81.421,70.169,80.729,205.04399999999998,74.793,99.77199999999999,54.407,74.99400000000001,63.477,61.469,69.789,89.003,81.362,73.592,85.595,75.854,71.053,67.612,94.896,105.351,114.507,76.891,63.449999999999996,84.326,72.001,70.757,94.503,59.348,81.405,71.983,145.147,75.70700000000001,81.87199999999999,71.485,76.88499999999999,100.37299999999999,76.06,80.633,85.236,69.793,77.12899999999999,62.422000000000004,73.22,71.07,79.76400000000001,73.498,86.899,68.41900000000001,81.042,77.274,175.295,92.837,80.81700000000001,80.988,52.082,111.283,107.335,70.05799999999999,97.83,86.5,88.7,79.67399999999999,69.793,119.26100000000001,92.193,75.612,88.12499999999999,92.15599999999999,79.081,77.251,68.418,95.588,81.857,77.2,109.803,87.785,95.34100000000001,105.37499999999999,95.36999999999999,76.887,89.69,112.66199999999999,97.124,75.587,68.95400000000001,91.721,81.139,67.636,97.45100000000001,218.602,76.27,97.978,99.77199999999999,72.99000000000001,80.641,77.116,76.27,294.904,186.061,75.646,74.479,80.813,59.346,73.977,63.45099999999999,78.271,87.554,84.418,83.76100000000001,79.84100000000001,80.04,107.423,71.38799999999999,77.611,92.70400000000001,104.089,123.542,68.726,78.224,63.829,68.41600000000001,79.509,118.18199999999999,97.915,89.039,69.032,119.863,99.768,78.718,62.567,85.65899999999999,71.004,592.7940000000001,72.52499999999999,71.906,97.978,71.495,50.182,1049.461,78.121,108.318,67.46400000000001,86.74900000000001,64.371,75.021,109.978,131.418,99.051,93.5,54.349,83.856,71.495
2006-01-01,92.832,79.98,72.579,184.64,76.94600000000001,70.933,75.46700000000001,80.191,92.82799999999999,67.96400000000001,92.83,244.40800000000002,81.312,70.024,69.74100000000001,152.334,99.915,92.785,202.09,115.534,93.062,303.246,174.997,97.91300000000001,87.083,81.779,70.38,80.70700000000001,203.944,75.036,99.74300000000001,54.85699999999999,78.63499999999999,63.172000000000004,61.754,70.021,88.68199999999999,81.44700000000002,74.251,83.24400000000001,75.973,71.71300000000001,66.99000000000001,94.357,105.543,114.408,77.239,63.145,85.48700000000001,72.24700000000001,70.938,100.559,59.736000000000004,82.027,73.503,146.53,75.71400000000001,81.82799999999999,71.647,77.233,100.424,76.13499999999999,80.85199999999999,85.29700000000001,70.02499999999999,77.25,63.493,73.194,71.34700000000001,82.636,73.889,87.209,68.724,80.90100000000001,77.545,175.925,93.04400000000001,81.312,82.723,52.68,111.026,107.335,70.61999999999999,97.83,87.195,88.84400000000001,79.49600000000001,70.026,119.867,93.24100000000001,76.032,88.265,91.55499999999999,79.44000000000001,77.51400000000001,68.723,95.293,81.666,77.456,109.43900000000001,86.144,95.691,105.607,95.72,77.235,89.915,112.338,97.326,75.44600000000001,69.74900000000001,91.864,81.057,67.99900000000001,98.17099999999999,219.196,76.5,98.41000000000001,99.742,73.24600000000001,80.86,77.23700000000001,76.49900000000001,293.99799999999993,182.82500000000002,75.816,74.899,81.307,59.73500000000001,74.498,63.666000000000004,78.399,87.545,84.318,83.477,79.149,80.16199999999999,107.391,71.929,77.834,92.849,104.359,123.452,68.918,78.23,64.146,68.721,79.537,118.489,97.915,90.79400000000001,69.005,120.23100000000001,99.235,78.727,63.157,85.821,71.281,589.813,72.76100000000001,71.766,98.41000000000001,71.65799999999999,50.373999999999995,1045.212,78.167,108.333,68.359,89.17899999999999,64.581,75.199,111.813,132.285,98.54,93.977,54.555,85.45700000000001,71.657
2006-02-01,92.96900000000001,81.65799999999999,72.98700000000001,183.137,76.88799999999999,71.164,75.46700000000001,80.79,92.965,68.01100000000001,92.968,241.79,81.34100000000001,70.082,69.67399999999999,150.874,101.22,93.70700000000001,200.54899999999998,115.584,92.93900000000001,301.835,173.60299999999998,97.806,87.928,81.23100000000001,70.613,80.762,202.655,75.4,99.616,55.176,79.10799999999999,63.845,62.015,70.079,89.21600000000001,81.54700000000001,74.20700000000001,80.793,76.12199999999999,71.644,66.80499999999999,94.279,105.67099999999999,113.99400000000001,77.391,63.81699999999999,86.787,72.339,71.17499999999998,99.197,60.04,81.016,67.815,139.32700000000003,75.79400000000001,80.774,71.874,77.38499999999999,101.579,76.421,81.228,85.908,70.084,75.989,64.20100000000001,73.41100000000002,71.573,82.18299999999999,72.94100000000002,86.977,68.932,80.899,77.759,173.314,93.928,81.34,83.033,53.73800000000001,111.026,106.98400000000001,69.853,96.807,87.546,89.581,79.898,70.084,119.867,93.868,76.542,88.406,92.292,79.35,77.721,68.93100000000001,95.784,82.12499999999999,77.65799999999999,109.43400000000001,85.44000000000001,95.691,106.303,95.72,77.387,90.098,111.796,97.10199999999999,75.71600000000001,69.68299999999999,91.93400000000001,81.051,67.787,98.61,216.425,76.729,98.46400000000001,99.615,73.46600000000001,81.236,75.976,76.729,291.784,185.45600000000002,75.88,76.387,81.336,60.039,74.584,63.64,78.657,87.549,84.94800000000001,83.998,79.409,80.27799999999999,108.383,72.279,77.983,92.98700000000001,104.44000000000001,122.976,69.149,78.316,64.406,68.93,79.67899999999999,119.516,97.80799999999999,90.356,69.202,120.194,99.834,77.80199999999999,63.832,86.24000000000001,71.506,577.9659999999999,72.95,71.811,98.46400000000001,71.88499999999999,50.452999999999996,1028.217,78.34,108.233,68.643,87.24700000000001,64.62299999999999,75.818,109.534,127.874,97.409,94.81,54.855,84.15899999999999,71.884
2006-03-01,93.389,82.115,73.071,184.672,77.468,71.279,75.60199999999999,81,93.38499999999999,68.357,93.38799999999999,240.04399999999998,81.472,70.257,69.883,149.812,101.48100000000001,93.85,197.612,115.67499999999998,92.811,297.60400000000004,171.51299999999998,97.91300000000001,88.18199999999999,81.71900000000001,70.952,80.99900000000001,202.46800000000002,75.643,99.342,55.379,79.34400000000001,63.937,62.288000000000004,70.254,89.163,81.698,73.812,80.598,76.273,71.331,66.44400000000002,94.51100000000001,105.983,113.75,77.67599999999999,63.909,86.289,72.646,71.295,98.258,60.368,81.016,71.64,132.64299999999997,76.034,81.565,72.101,77.66999999999999,101.568,76.68799999999999,81.475,87.559,70.258,75.915,65.867,74.427,71.669,80.384,71.938,87.364,69.43,81.008,78.07199999999999,171.132,93.356,81.472,82.785,54.253,110.51100000000001,107.45100000000001,70.889,97.489,87.089,89.87499999999999,79.76400000000001,70.258,120.119,95.08,76.537,88.477,91.032,79.754,78.02799999999999,69.429,96.17799999999998,82.21400000000001,77.96100000000001,108.60799999999999,85.753,95.551,105.607,95.58,77.67199999999998,89.96600000000001,111.196,97.29400000000001,75.829,69.892,91.869,81.04700000000001,67.779,98.684,213.754,76.99100000000001,98.896,99.342,73.627,81.483,75.902,76.99100000000001,284.33599999999996,185.21899999999997,76.60499999999999,77.17599999999999,81.46700000000001,60.367,74.559,63.675000000000004,78.786,87.67199999999998,85.18599999999999,83.809,79.063,80.35499999999999,107.49600000000001,72.428,78.257,93.406,104.657,122.829,69.515,78.471,64.648,69.427,79.953,119.301,97.915,90.94100000000002,69.57,120.01100000000001,99.368,79.06700000000001,65.26700000000001,86.353,71.60199999999999,566.585,73.256,71.859,98.896,72.112,50.758,1028.217,78.435,108.205,68.806,86.531,64.79,75.979,108.953,127.815,99.286,94.751,55.024,85.169,72.111
2006-04-01,94.593,81.65199999999999,73.356,184.70399999999998,77.818,71.279,75.13,81.012,94.589,68.021,94.592,234.80700000000002,81.893,70.43100000000001,70.12499999999999,149.547,101.046,93.62199999999999,196.046,115.851,92.056,289.141,169.787,97.806,87.759,80.912,71.48100000000001,81.16,198.576,75.703,99.74300000000001,55.582,79.391,63.949,62.672000000000004,70.428,89.109,81.9,73.02199999999999,79.009,76.31400000000001,71.748,66.728,94.588,105.406,114.516,77.965,63.922000000000004,85.79100000000001,72.738,71.299,105.67599999999999,60.708000000000006,80.938,72.523,127.918,76.57499999999999,82.092,72.32799999999999,77.958,101.763,76.956,81.574,87.436,70.432,76.191,68.52,75.001,71.681,82.074,73.554,87.054,69.77199999999999,81.148,78.334,171.19899999999998,93.512,81.892,82.661,54.525000000000006,110.51100000000001,107.568,71.059,97.83,87.096,89.801,80.255,70.432,120.498,94.91600000000001,76.695,88.54700000000001,90.402,79.754,78.285,69.771,95.784,82.323,78.215,109.792,86.144,95.48100000000001,105.955,95.51,77.96100000000001,90.482,110.59400000000001,97.748,75.978,70.13499999999999,91.733,80.988,68.259,102.49600000000001,212.023,77.286,99.274,99.742,73.793,81.582,76.17799999999998,77.286,281.316,184.904,77.21000000000001,78.124,81.88799999999999,60.707,75.353,63.767,78.721,87.70700000000001,85.255,84.282,78.371,81.918,107.569,72.78,78.889,94.611,106.026,122.01400000000001,69.68799999999999,78.803,64.928,69.77,80.274,118.30499999999999,97.80799999999999,90.868,66.898,121.62899999999999,99.568,79.513,64.803,86.369,71.614,557.8389999999999,73.304,71.842,99.274,72.339,50.667,1011.221,78.77,108.146,69.133,86.251,64.958,76.16,110.74300000000001,127.94900000000001,99.93400000000001,94.751,55.249,86.084,72.338
2006-05-01,94.456,82.21600000000001,73.91300000000001,186.14399999999998,77.894,71.424,75.501,81.082,94.452,67.44200000000001,94.45400000000001,228.696,82.141,70.838,70.368,150.969,102.26400000000001,93.87599999999999,198.64,115.786,91.618,283.73499999999996,168.787,98.87599999999999,88.013,81.52199999999999,71.819,81.161,197.71699999999998,75.703,99.77199999999999,55.988,79.25,63.991,62.97,70.835,89.323,82.187,73.856,77.523,76.386,72.339,66.229,94.973,104.516,114.813,78.277,63.964,83.96600000000001,73.537,71.44500000000001,107.319,61.049,81.24900000000001,72.474,126.535,76.927,82.092,72.588,78.271,101.589,77.288,82.015,87.52799999999999,70.839,76.67299999999999,70.077,73.63499999999999,71.758,83.766,75.16999999999999,87.13199999999999,70.115,81.366,78.722,169.489,93.46000000000001,82.14,82.94000000000001,56.436,110.51100000000001,107.218,70.73700000000001,97.148,86.86999999999999,90.16999999999999,80.65799999999999,70.839,120.37199999999999,95.166,76.962,88.617,88.80499999999999,80.113,78.67099999999999,70.114,95.883,83.228,78.599,109.91300000000001,85.44000000000001,95.48100000000001,104.91100000000002,95.51,78.273,89.861,109.881,98.318,76.206,70.377,91.536,81.229,69.301,104.49000000000001,206.23499999999999,77.647,99.436,99.77199999999999,74.053,82.023,76.66,77.646,274.371,182.37800000000001,77.77199999999999,78.877,82.136,61.047,75.523,63.806999999999995,78.721,87.84400000000001,85.342,83.524,78.112,82.532,108.007,72.88499999999999,79.22,94.473,105.81,121.968,69.99600000000001,79.036,65.412,70.112,80.551,118.94900000000001,98.87799999999999,91.16,68.624,121.273,99.768,79.66199999999999,64.845,87.16,71.691,538.656,73.516,72.13799999999999,99.436,72.599,50.613,994.226,79.027,107.776,69.5,86.624,65.293,76.534,110.192,127.77,100.136,94.989,55.475,85.833,72.598
2006-06-01,94.256,82.664,74.31700000000001,185.536,77.95400000000001,71.59700000000001,75.771,81.235,94.252,67.14999999999999,94.255,225.20499999999998,82.337,71.303,70.646,148.561,101.48100000000001,94.476,195.728,116.02,91.87499999999999,281.619,166.788,98.66199999999999,87.421,80.34700000000001,72.137,81.151,198.36100000000002,75.94600000000001,100.163,56.366,80.337,64.40100000000001,63.392,71.3,89.323,82.49000000000001,73.46100000000001,79.71300000000001,76.537,73.069,65.952,95.513,105.745,115.10199999999999,78.55199999999999,64.37299999999999,86.98100000000001,74.02799999999999,71.619,107.74100000000001,61.400999999999996,81.63799999999999,76.298,120.94600000000001,77.21300000000001,82.268,72.88,78.545,101.49700000000001,77.515,82.41700000000002,86.978,71.304,77.539,70.516,75.27199999999999,71.85,88.343,75.337,87.752,70.66,81.576,79.477,167.756,93.512,82.336,82.87799999999999,56.428000000000004,110.897,107.80199999999999,70.86,97.233,86.756,90.16999999999999,81.37299999999999,71.304,120.119,95.55199999999999,77.285,88.54700000000001,88.533,79.889,79.425,70.66,96.276,83.387,79.35199999999999,110.974,85.206,95.48100000000001,104.332,95.51,78.548,90.136,109.18799999999999,97.529,76.501,70.65499999999999,91.47,81.24300000000001,69.428,104.07199999999999,204.404,78.007,99.22,100.163,74.242,82.425,77.52499999999999,78.007,265.71599999999995,180.74699999999999,78.068,78.705,82.332,61.4,75.692,63.934,78.721,88.104,85.37899999999999,83.43,78.41400000000002,82.90700000000001,107.485,73.21000000000001,79.435,94.274,105.333,122.75,70.18799999999999,79.279,65.691,70.65799999999999,80.811,119.24000000000001,98.664,90.648,70.299,120.293,99.96700000000001,79.91300000000001,65.309,86.99000000000001,71.783,530.0419999999999,73.752,72.148,99.22,72.891,50.999,964.484,79.43100000000001,107.238,69.62299999999999,87.21600000000001,65.587,76.73400000000001,110.406,127.96400000000001,100.796,96.061,55.737,86.061,72.89
2006-07-01,96.486,82.46400000000001,74.504,184.83200000000002,78.16799999999999,72.03,76.545,81.41400000000002,96.482,66.667,96.48400000000001,221.71299999999997,82.788,71.477,70.854,148.959,103.048,94.611,194.823,116.343,91.816,279.503,166.939,98.02,87.337,81.46100000000001,72.348,81.527,197.207,76.189,99.977,56.438,80.526,64.639,63.766000000000005,71.474,89.536,82.74000000000001,73.066,78.787,76.66799999999999,72.54700000000001,65.898,94.048,106.24900000000001,114.813,78.84700000000001,64.611,88.751,74.30499999999999,72.053,115.769,61.802,81.405,72.866,120.36999999999999,77.316,82.44300000000001,73.14,78.84100000000001,101.538,77.74900000000001,82.546,87.1,71.478,78.45100000000001,69.796,74.82,72.006,94.696,75.059,87.364,70.869,81.753,79.563,167.576,93.148,82.787,83.962,56.946,110.38199999999999,107.80199999999999,70.67199999999998,97.148,87.048,90.16799999999999,80.97,71.478,121.381,95.277,77.495,88.477,88.848,79.889,79.515,70.868,96.276,83.215,79.44200000000001,110.029,83.955,95.691,105.027,95.72,78.843,90.215,108.698,97.96600000000001,76.87299999999999,70.863,91.536,81.777,68.399,105.235,203.86,78.30199999999999,99.22,99.977,74.44000000000001,82.553,78.43700000000001,78.30199999999999,263.3,182.11499999999998,78.384,78.35499999999999,82.783,61.800999999999995,75.424,64.269,78.91400000000002,88.21700000000001,85.634,83.71400000000001,77.766,82.933,107.548,73.403,79.37899999999999,96.503,106.883,121.527,70.381,79.41400000000002,65.933,70.866,81.084,118.259,98.02199999999999,89.697,70.52,120.501,99.235,80.601,64.67599999999999,87.821,71.93900000000001,524.751,73.86999999999999,72.112,99.22,73.151,51.006,947.489,79.696,106.712,69.867,87.12299999999999,65.67099999999999,77.14999999999999,110.972,128.637,98.96300000000001,95.823,55.943999999999996,87.09400000000001,73.14999999999999
2006-08-01,96.616,82.75,74.71000000000001,184.257,78.327,72.81,76.67999999999999,81.63,96.612,67.556,96.615,216.912,83.127,71.651,71.23400000000001,148.106,102.526,94.789,192.474,116.082,91.81,280.444,165.15200000000002,98.44800000000001,87.506,80.924,72.49700000000001,81.551,196,76.432,99.94800000000001,56.656,80.621,64.99400000000001,64.363,71.648,90.07,82.973,73.41700000000002,82.09400000000001,76.80799999999999,73.799,65.706,93.354,108.321,114.985,79.17199999999998,64.96600000000001,88.363,74.366,72.832,119.196,62.105000000000004,81.405,74.48400000000001,122.502,77.504,82.57499999999999,73.432,79.16499999999999,101.70100000000001,77.96400000000001,82.615,87.436,71.65299999999999,78.292,69.71100000000001,74.77499999999999,72.137,94.12899999999999,76.396,87.67399999999999,71.008,82.077,79.63799999999999,166.946,92.992,83.12599999999999,84.644,57.833,111.412,107.45100000000001,70.55,97.233,88.644,90.09400000000001,80.21100000000001,71.65299999999999,121.381,95.346,77.71600000000001,88.68799999999999,88.232,80.068,79.593,71.007,96.866,83.41300000000001,79.52,110.26400000000001,84.033,95.831,105.37499999999999,95.86,79.16799999999999,90.333,108.725,97.86999999999999,77.11999999999999,71.24300000000001,91.28,81.55199999999999,68.46100000000001,106.98100000000001,200.15,78.56400000000001,99.112,99.94800000000001,74.606,82.62299999999999,78.279,78.56400000000001,262.99799999999993,181.589,78.65499999999999,78.865,83.12199999999999,62.104,75.49300000000001,64.361,79.10799999999999,88.274,85.883,84.18799999999999,78.67399999999999,83.034,107.99700000000001,73.90700000000001,79.471,96.634,106.72,120.383,70.631,79.563,66.101,71.005,81.248,117.86,98.45,89.77,70.667,119.80199999999999,100.034,80.657,65.225,87.926,72.069,511.28299999999996,74.2,72.068,99.112,73.44300000000001,50.962,930.494,79.91000000000001,106.432,69.867,89.116,65.62899999999999,76.986,109.351,129.17499999999998,100.202,95.346,56.094,87.345,73.44300000000001
2006-09-01,95.453,80.927,75.01,181.314,78.429,72.81,77.051,81.853,95.44900000000001,67.418,95.452,211.23899999999998,82.74900000000001,72.17399999999999,71.785,145.20499999999998,100.959,95.043,188.485,115.893,92.971,277.388,165.18200000000002,99.09,88.013,80.70700000000001,72.92,81.87599999999999,197.71699999999998,76.614,100.661,56.946,80.905,65.21100000000001,64.4,72.17099999999999,90.284,83.189,73.592,83.723,76.968,74.286,65.776,93.046,108.21100000000001,114.10199999999999,79.357,65.18299999999999,88.972,74.67299999999999,72.831,104.455,62.397,81.71600000000001,73.74900000000001,126.478,77.68599999999999,82.224,73.724,79.351,102.273,78.084,82.91000000000001,87.039,72.17599999999999,78.44900000000001,70.043,74.894,72.197,84.639,76.285,87.985,71.238,82.55499999999999,79.955,168.589,93.304,82.748,83.9,59.114,111.798,107.68499999999999,70.631,97.91600000000001,87.76,90.537,81.462,72.17599999999999,122.26400000000001,97.193,77.94300000000001,88.617,88.354,80.203,79.912,71.23700000000001,96.276,83.062,79.838,110.146,85.98700000000001,95.972,105.37499999999999,96.001,79.353,90.271,108.86999999999999,97.44900000000001,77.31700000000001,71.79400000000001,91.086,81.24700000000001,69.268,102.24300000000001,198.171,78.79400000000001,98.67999999999999,100.661,74.65799999999999,82.918,78.435,78.79400000000001,259.47499999999997,181.536,78.781,79.197,82.74400000000001,62.396,75.565,64.23400000000001,78.979,88.239,86.13,84.235,78.501,82.94300000000001,106.89,74.45,79.582,95.471,105.026,121.13,70.90100000000001,79.751,66.324,71.235,81.384,118.458,99.092,89.99000000000001,70.52,117.191,100.633,80.01,66.026,88.21600000000001,72.13,502.449,74.554,72.061,98.67999999999999,73.735,50.938,905.001,80.16499999999999,106.027,69.94900000000001,94.194,65.922,77.257,107.27,130.476,100.781,94.691,56.318999999999996,87.38199999999999,73.735
2006-10-01,96.424,79.71300000000001,75.007,181.154,78.55199999999999,73.329,77.21900000000001,82.248,96.42,67.824,96.422,211.23899999999998,82.36999999999999,72.17399999999999,72.09400000000001,145.053,101.65499999999999,94.425,190.17399999999998,114.962,92.928,273.862,163.607,98.87599999999999,87.928,81.093,73.21600000000001,83.601,197.69,76.857,100.87599999999999,57.526,80.66799999999999,65.55,64.562,72.17099999999999,90.65799999999999,83.49100000000001,73.856,80.139,77.045,74.286,65.507,93.354,108.513,114.381,79.66199999999999,65.52199999999999,88.66799999999999,75.01100000000001,73.35,92.953,62.749,81.483,74.386,116.221,78.111,82.57499999999999,73.983,79.65599999999999,101.405,78.238,83.13,87.712,72.17599999999999,78.535,70.245,74.94500000000001,72.051,80.71600000000001,76.062,88.527,71.5,83.13499999999999,80.438,166.74399999999997,93.46000000000001,82.369,82.506,59.469,111.798,107.80199999999999,70.848,97.40400000000001,87.835,90.24100000000001,81.462,72.17599999999999,124.157,96.824,78.596,88.82799999999999,90.20100000000001,80.24700000000001,80.398,71.5,96.374,82.112,80.323,109.67699999999999,88.254,95.76100000000001,105.955,95.79,79.65799999999999,90.051,109.016,97.972,77.45700000000001,72.10199999999999,90.889,81.412,70.236,97.311,200.101,79.089,98.62599999999999,100.87599999999999,74.90700000000001,83.13799999999999,78.521,79.089,255.248,180.01,78.96400000000001,79.588,82.365,62.748000000000005,76.585,64.339,78.85,88.107,86.136,84.56700000000001,78.631,82.46600000000001,108.09,74.804,79.98,96.44200000000001,105.801,122.059,70.824,79.83,66.604,71.498,81.367,118.995,98.87799999999999,90.136,71.27199999999999,117.546,100.5,80.224,66.279,88.281,71.983,503.606,74.93100000000001,72.02199999999999,98.62599999999999,73.99400000000001,50.962,875.259,80.095,105.577,70.07199999999999,93.789,66.17299999999999,77.784,107.576,132.046,100.208,95.406,56.507,87.426,73.995
2006-11-01,96.293,81.53,74.99900000000001,182.018,78.76100000000001,73.647,77.253,82.477,96.289,68.3,96.29100000000001,205.565,82.41900000000001,72.29,72.335,143.46,100.785,95.432,190.125,113.752,92.345,272.92099999999994,162.941,98.66199999999999,89.112,80.363,73.49100000000001,83.85,197.529,77.1,100.827,57.845,80.384,66.01400000000001,64.773,72.287,90.978,83.74100000000001,74.383,78.86,77.074,73.62499999999999,65.20700000000001,93.81700000000001,109.94300000000001,114.111,79.82199999999999,65.985,88.032,75.319,73.664,91.96700000000001,63.162000000000006,81.405,77.91700000000002,121.753,78.273,83.146,74.24300000000001,79.815,101.783,78.377,83.45,88.476,72.292,78.702,70.136,74.823,72.114,83.782,76.898,89.147,71.736,83.565,80.807,161.501,93.408,82.418,83.12599999999999,60.075,111.412,108.15199999999999,71.09400000000001,96.892,88.781,90.537,81.953,72.292,124.157,96.32499999999999,78.771,88.899,89.94400000000002,80.24700000000001,80.773,71.735,96.079,81.972,80.699,109.562,88.88,95.48100000000001,106.418,95.51,79.818,89.864,109.101,98.281,77.62599999999999,72.342,90.181,81.396,69.99900000000001,96.533,199.20999999999998,79.318,98.95,100.827,75.063,83.459,78.689,79.318,254.64399999999998,180.29899999999998,79.18499999999999,79.191,82.41400000000002,63.161,76.65599999999999,64.40100000000001,80.33,88.17699999999999,86.099,84.093,78.803,82.51700000000001,108.17399999999999,75.02,80.13799999999999,96.311,106.04400000000001,121.04,70.41900000000001,79.98400000000001,66.864,71.733,81.41300000000001,117.646,98.664,89.843,71.667,118.478,100.433,80.28,66.32199999999999,88.724,72.04700000000001,497.73099999999994,75.143,72.12799999999999,98.95,74.254,50.79600000000001,832.7710000000001,80.163,105.232,70.399,89.366,66.593,77.812,108.21900000000001,129.51899999999998,99.649,95.406,56.676,86.106,74.256
2006-12-01,95.529,76.479,75.223,178.819,78.54,73.82,77.421,82.56,95.52499999999999,67.894,95.52799999999999,199.89100000000002,82.85799999999999,72.40700000000001,72.644,140.74899999999997,100.089,95.49100000000001,189.85600000000002,113.194,94.93400000000001,274.097,164.27299999999997,99.09,89.70400000000001,80.702,73.724,84.117,195.033,77.282,101.824,58.048,80.574,66.17699999999999,65.096,72.40400000000001,90.871,84.01,74.20700000000001,81.089,77.02499999999999,73.556,64.923,94.12499999999999,109.503,113.696,80.02499999999999,66.148,88.529,75.472,73.831,99.61999999999999,63.49,81.016,81.88799999999999,124.979,78.521,83.49700000000001,74.56700000000001,80.018,102.263,78.633,83.74900000000001,88.689,72.408,81.029,69.998,75.26700000000001,72.38799999999999,83.49000000000001,77.399,88.527,71.886,83.918,81.49700000000001,160.44299999999998,92.837,82.857,84.24100000000001,59.912,111.798,108.035,70.77199999999999,97.148,84.44200000000001,90.68499999999999,81.41700000000002,72.408,123.526,95.758,78.91300000000001,88.899,89.886,79.84400000000001,81.471,71.88499999999999,95.391,82.004,81.402,109.684,90.13,95.41100000000002,106.418,95.44000000000001,80.021,90.12199999999999,109.1,98.96400000000001,77.79100000000001,72.64999999999999,89.983,80.98700000000001,70.09700000000001,99.66499999999999,199.507,79.548,99.32799999999999,101.824,75.30199999999999,83.759,81.015,79.54700000000001,254.141,179.87800000000001,79.248,79.387,82.853,63.489,76.783,64.45400000000001,80.395,88.531,86.18199999999999,84.56700000000001,79.279,82.52199999999999,108.09,75.082,80.45100000000001,95.54700000000001,105.603,119.862,70.034,80.31,67.144,71.883,81.693,116.588,99.092,90.282,71.612,118.68599999999999,100.766,80.17799999999998,66.533,88.7,72.32,494.92099999999994,75.37899999999999,72.222,99.32799999999999,74.579,51.568000000000005,811.526,80.334,104.694,70.848,86.34400000000001,67.054,77.91900000000001,109.09100000000001,131.478,100.082,95.465,56.900999999999996,85.331,74.581
2007-01-01,95.566,78.17699999999999,75.722,177.489,78.569,73.895,77.968,83.166,95.562,68.09400000000001,95.56400000000001,196.29899999999998,82.995,72.546,72.759,140.30100000000002,99.227,95.536,186.94899999999998,112.806,94.468,268.40999999999997,163.78,98.568,89.455,80.836,74.002,84.273,194.287,77.458,100.73400000000001,58.664,81.74900000000001,66.827,65.403,72.543,91.239,84.277,74.24600000000001,84.203,77.335,74.412,64.512,94.81400000000001,108.908,113.535,80.273,66.798,88.62899999999999,75.884,73.897,96.87899999999999,63.704,81.483,82.483,123.053,79.215,82.754,74.81,80.26700000000001,101.84400000000001,78.462,84.161,89.197,72.54700000000001,80.256,68.74400000000001,74.819,72.82199999999999,83.94900000000001,78.38199999999999,89.319,71.99000000000001,84.21000000000001,82.111,160.767,93.2,82.99400000000001,82.883,60.097,111.799,107.99400000000001,70.932,96.118,85.05499999999999,90.795,83.12799999999999,72.548,123.66499999999999,96.67999999999999,79.13799999999999,89.251,90.96600000000001,80.68599999999999,82.099,71.989,93.584,82.24100000000001,82.037,109.804,89.423,95.426,106.79400000000001,95.455,80.269,90.784,109.475,98.149,78.44600000000001,72.763,89.98100000000001,81.49000000000001,71.34,96.2,198.04299999999998,79.759,99.598,100.733,75.654,84.17199999999998,80.242,79.759,253.789,176.053,79.44900000000001,79.868,82.99000000000001,63.703,78.37599999999999,65.345,80.367,91.24600000000001,86.73700000000001,84.61,79.313,82.836,107.955,75.727,81.309,95.583,105.543,119.44700000000002,70.726,80.803,67.427,71.98700000000001,82.02199999999999,116.596,98.57,89.753,72.21700000000001,118.422,101.095,81.438,66.989,88.883,72.754,487.827,75.563,72.276,99.599,74.821,53.152,792.619,80.579,104.307,70.617,89.884,67.41400000000002,78.069,109.973,133.508,100.889,95.81400000000001,57.178000000000004,88.43,74.824
2007-02-01,94.96300000000001,79.792,75.94700000000002,176.43,78.609,74.05199999999999,78.31700000000001,83.38799999999999,94.959,68.972,94.96100000000001,192.39700000000002,83.31700000000001,72.903,72.958,140.859,99.98400000000001,95.16799999999999,186.364,113.063,94.141,266.532,163.44299999999998,97.083,90.236,80.923,74.37799999999999,84.44200000000001,194.161,77.699,101.46900000000001,58.965,81.906,66.94200000000001,65.758,72.9,91.5,84.542,74.71600000000001,85.533,77.412,75.12299999999999,64.27,95.57499999999999,108.96100000000001,114.54,80.485,66.91300000000001,92.74300000000001,76.327,74.046,98.30199999999999,64.076,82.96100000000001,87.893,124.861,79.46000000000001,84.723,75.134,80.478,102.301,78.62599999999999,84.208,90.059,72.905,78.295,68.23100000000001,75.29400000000001,72.933,80.48100000000001,80.007,89.68499999999999,72.24400000000001,84.32199999999999,82.053,160.82500000000002,93.60799999999999,83.316,83.285,60.882999999999996,111.718,108.37499999999999,71.066,95.569,85.074,90.785,80.94600000000001,72.905,124.768,96.641,79.255,89.392,91.82799999999999,81.20700000000001,82.05199999999999,72.24300000000001,93.906,81.477,81.99600000000001,109.56700000000001,89.20400000000001,95.286,106.12199999999999,95.315,80.48,90.983,109.856,98.337,78.765,72.96100000000001,89.691,81.736,71.18499999999999,98.755,197.138,79.98,98.98700000000001,101.468,75.923,84.21900000000001,78.282,79.98,254.57399999999998,170.228,79.406,79.751,83.312,64.07499999999999,78.523,65.527,80.592,91.57199999999999,87.037,84.634,80.08,83.396,108.436,75.908,81.526,94.98,104.988,120.02,70.348,81.154,67.74900000000001,72.24100000000001,82.29100000000001,116.936,97.085,89.843,72.026,117.985,100.99400000000001,81.043,67.071,89.30199999999999,72.865,482.039,75.67199999999998,72.13499999999999,98.988,75.145,53.682,787.903,80.895,104.024,71.031,93.088,67.90400000000001,78.521,108.785,130.99800000000002,101.43100000000001,95.94300000000001,57.413,87.883,75.149
2007-03-01,95.021,80.43100000000001,76.12299999999999,176.805,78.323,74.504,78.418,83.573,95.01700000000001,69.959,95.02,187.431,83.75,72.983,73.191,140.823,100.91600000000001,95.209,184.76899999999998,113.383,95.05199999999999,265.199,162.629,96.988,90.603,81.742,74.67299999999999,84.483,193.879,77.269,101.257,59.876999999999995,82.194,66.647,66.01700000000001,72.979,91.303,84.762,74.92,90.02799999999999,77.51400000000001,75.49300000000001,65.251,95.027,108.55499999999999,114.812,80.55,66.618,91.726,76.59700000000001,74.492,105.086,64.418,83.039,86.921,128.724,79.616,84.421,75.395,80.543,102.68599999999999,78.75,84.503,89.45400000000001,72.98400000000001,76.928,68.843,75.476,73.016,78.99700000000001,77.843,91.392,72.553,84.309,82.32,161.041,93.93,83.74900000000001,84.27799999999999,60.741,111.194,108.06700000000001,71.121,95.49100000000001,85.703,90.968,82.483,72.98400000000001,125.315,98.01,79.32799999999999,89.321,92.61,81.618,82.326,72.55199999999999,93.44000000000001,81.252,82.27499999999999,109.609,87.94900000000001,95.436,105.73100000000001,95.465,80.545,91.104,110.27199999999999,98.31,79.23,73.194,89.90100000000001,82.133,71.071,101.44100000000002,195.935,80.17099999999999,99.232,101.257,76.008,84.51400000000001,76.915,80.17099999999999,245.304,170.796,79.94300000000001,80.092,83.745,64.41600000000001,78.627,65.663,80.77799999999999,91.554,87.29,85.599,80.79,83.256,108.418,76.161,81.436,95.039,105.435,118.80799999999999,70.02799999999999,81.263,68.084,72.55,82.41900000000001,116.925,96.99000000000001,89.584,72.56400000000001,119.147,100.435,81.198,67.568,89.327,72.94800000000001,475.378,75.766,72.083,99.232,75.406,53.79200000000001,763.7700000000001,81.002,103.819,71.865,93.253,68.228,78.745,107.979,127.98700000000001,101.196,96.988,57.73500000000001,86.748,75.41000000000001
2007-04-01,94.79100000000001,80.49900000000001,76.84400000000001,175.11299999999997,78.54700000000001,74.789,78.845,83.68499999999999,94.787,71.245,94.789,182.99200000000002,84.001,73.29700000000001,73.472,140.453,98.702,94.91000000000001,182.185,113.563,95.2,264.306,161.029,93.045,90.898,81.865,74.755,84.803,192.621,78.326,101.195,60.159,82.311,66.80799999999999,66.26700000000001,73.29400000000001,91.4,84.90400000000001,75.242,90.196,77.732,75.94700000000002,65.215,95.035,107.365,114.56700000000001,80.705,66.78,90.86999999999999,76.88799999999999,74.774,108.18499999999999,64.669,83.273,86.33,128.03,79.839,85.081,75.593,80.699,102.087,79.167,85.034,90.39,73.298,77.17299999999999,70.476,75.865,73.015,80.607,77.281,90.37599999999999,72.99700000000001,84.17899999999999,82.74700000000001,159.489,93.777,84,85.849,61.213,111.31,108.054,71.435,95.601,85.68299999999999,91.55799999999999,82.288,73.299,127.09400000000001,97.752,79.55,89.392,93.363,81.777,82.759,72.99600000000001,93.83,81.93900000000001,82.71000000000001,108.818,87.282,95.538,107.195,95.56700000000001,80.70100000000001,90.95700000000001,110.316,99.15199999999999,79.48,73.475,89.94400000000002,82.696,71.304,103.235,194.98100000000002,80.299,99.032,101.195,76.21300000000001,85.045,77.16,80.299,241.69,170.681,79.859,79.926,83.99600000000001,64.667,79.15599999999999,65.77499999999999,80.983,91.54400000000001,87.377,84.73100000000001,81.874,83.30799999999999,107.995,76.44000000000001,81.255,94.80799999999999,105.48700000000001,118.386,70.307,81.311,68.306,72.995,82.46700000000001,118.23400000000001,93.04700000000001,89.10199999999999,73.46100000000001,119.73100000000001,100.89,81.80199999999999,67.513,89.613,72.94700000000002,469.123,76.15299999999999,71.68599999999999,99.032,75.604,53.562000000000005,745.9669999999999,81.242,103.62199999999999,71.71900000000001,92.71000000000001,68.641,78.869,108.777,126.17699999999999,100.88799999999999,96.91600000000001,58.03,86.23,75.609
2007-05-01,94.648,79.76,77.19,173.42100000000002,79.10799999999999,75.205,78.96900000000001,84.01400000000001,94.644,71.335,94.646,182.477,84.349,73.485,73.733,139.342,98.455,94.619,182.51,114.057,94.80499999999999,261.182,161.696,94.037,91.31,81.821,75.04100000000001,84.90400000000001,191.383,78.41600000000001,101.507,60.413999999999994,82.426,66.67899999999999,66.556,73.482,91.66,84.98100000000001,75.3,87.054,78.134,76.48100000000001,66.02499999999999,94.729,107.697,114.043,80.9,66.64999999999999,91.495,77.24400000000001,75.187,113.37899999999999,64.94400000000002,83.428,94.421,128.35600000000002,80.02799999999999,85.104,75.819,80.893,101.81400000000001,79.37299999999999,85.09,91.37199999999999,73.486,77.902,71.44200000000001,75.85499999999999,73.065,79.732,77.971,91.187,73,84.17299999999999,82.60499999999999,158.161,94.056,84.348,87.103,61.29800000000001,111.85199999999999,107.952,71.309,95.289,84.52,91.96400000000001,83.3,73.486,126.086,97.91300000000001,79.66999999999999,89.321,95.43400000000001,82.588,82.621,72.99900000000001,93.811,81.935,82.57499999999999,108.43700000000001,85.62199999999999,95.23100000000001,108.861,95.26,80.896,90.784,110.44200000000001,99.74900000000001,79.681,73.736,89.933,82.36,71.458,103.71100000000001,193.71899999999997,80.37899999999999,99.319,101.506,76.41600000000001,85.101,77.889,80.37899999999999,241.258,173.685,80.143,79.49100000000001,84.343,64.94200000000001,79.223,65.788,81.05799999999999,91.45100000000001,87.429,86.68799999999999,82.534,83.479,108.639,76.42,81.24400000000001,94.66499999999999,105.47,118.482,70.453,81.368,68.81,72.99700000000001,82.573,118.49600000000001,94.039,89.136,73.582,119.952,101.535,81.579,67.98,89.694,72.99600000000001,461.98499999999996,76.40700000000001,71.37299999999999,99.32,75.83,53.761,727.187,81.313,103.472,72.136,91.92,68.91300000000001,79.04400000000001,108.535,127.98400000000001,100.581,96.436,58.323,86.218,75.835
2007-06-01,94.28,81.636,77.311,171.137,79.113,75.284,79.506,83.87199999999999,94.276,71.455,94.27799999999999,180.653,84.54400000000001,73.87599999999999,73.709,140.548,98.505,95.11,181.566,113.96000000000001,95.07,256.10900000000004,161.238,96.032,91.698,83.16499999999999,75.386,84.80499999999999,189.918,78.52,101.46100000000001,60.672000000000004,83.256,66.771,66.824,73.87299999999999,91.336,85.118,75.44800000000001,87.09400000000001,78.209,76.44700000000002,66.31,94.666,108.643,114.233,81.15599999999999,66.742,90.877,77.393,75.265,113.73400000000001,65.239,83.973,91.7,129.231,80.33,85.71400000000001,76.02199999999999,81.14999999999999,102.425,79.48100000000001,85.09700000000001,92.523,73.877,77.06,72.02,75.985,73.46600000000001,87.795,80.725,91.57,73.095,84.42,82.048,156.67399999999998,94.58,84.543,87.242,60.491,112.636,107.62799999999999,70.99100000000001,95.43700000000001,85.823,91.88,83.46100000000001,73.877,125.79,98.031,79.706,89.321,98.755,83.324,82.06700000000001,73.09400000000001,93.5,82.577,82.023,108.104,87.648,95.146,109.048,95.17499999999998,81.15199999999999,91.18299999999999,110.334,99.37299999999999,79.99700000000001,73.712,89.742,82.923,71.643,103.965,190.266,80.52799999999999,100.15599999999999,101.46000000000001,76.706,85.10799999999999,77.04700000000001,80.527,244.83100000000002,170.631,80.274,79.933,84.539,65.23700000000001,79.307,65.98,81.821,91.489,87.559,87.397,83.533,84.081,108.972,76.562,81.428,94.29700000000001,104.68499999999999,118.44000000000001,70.483,81.62499999999999,69.01,73.092,82.838,118.323,96.034,88.94900000000001,73.307,118.426,101.893,82.142,67.928,89.67499999999998,73.398,449.53299999999996,76.571,71.60199999999999,100.15599999999999,76.033,54.016999999999996,723.3209999999999,81.67199999999998,103.478,72.17599999999999,90.191,69.18499999999999,79.24100000000001,108.43400000000001,129.64,98.788,96.495,58.569,85.44300000000001,76.039
2007-07-01,94.354,82.614,77.90400000000001,172.931,78.927,75.299,79.74400000000001,84.205,94.35,70.94000000000001,94.35199999999999,179.291,84.694,74.069,73.99600000000001,142.417,97.91100000000002,95.12299999999999,178.363,114.018,95.013,253.288,158.71499999999997,94.166,91.846,84.732,75.616,84.849,187.333,78.663,101.131,61.12500000000001,83.13499999999999,67.06400000000001,67.137,74.066,91.732,85.24300000000001,76.036,86.74000000000001,78.37499999999999,75.983,66.218,95.357,108.44800000000001,113.845,81.307,67.035,89.16799999999999,77.67099999999999,75.28,114.23,65.56700000000001,83.35,97.387,126.02499999999999,80.94200000000001,85.692,76.253,81.301,102.3,79.74300000000001,84.96900000000001,92.754,74.07,76.972,72.221,76.4,73.554,92.26100000000001,79.488,91.546,73.324,84.811,82.05199999999999,154.916,94.546,84.694,87.894,61.836,112.708,106.82,71.346,96.226,86.23400000000001,91.55499999999999,82.583,74.07,125.926,97.222,79.799,89.392,105.06700000000001,82.98700000000001,82.073,73.323,93.75,83.34700000000001,82.029,108.15799999999999,89.865,95.18199999999999,108.05199999999999,95.21100000000001,81.303,91.518,110.22,99.859,80.296,73.99900000000001,89.82199999999999,83.034,71.545,106.394,189.148,80.67799999999998,100.18299999999999,101.131,77.057,84.98,76.959,80.67799999999998,238.872,166.85800000000003,80.739,79.792,84.689,65.565,80.076,65.926,82.277,91.523,87.65499999999999,86.452,83.783,84.697,109.06700000000001,76.84,82.068,94.371,104.74600000000001,120.192,71.042,81.902,69.309,73.321,83.16499999999999,119.556,94.167,89.60799999999999,73.27799999999999,118.477,102.38499999999999,82.87199999999999,67.284,89.867,73.486,443.42299999999994,76.645,71.684,100.18299999999999,76.265,54.18,705.348,81.85,103.589,71.31400000000001,89.436,69.59400000000001,79.574,109.043,129.121,98.118,96.695,58.963,85.342,76.271
2007-08-01,94.393,83.06700000000001,78.12799999999999,171.959,78.84400000000001,75.456,80.227,84.32499999999999,94.389,71,94.392,179.531,84.721,74.05199999999999,74.065,138.509,97.77199999999999,94.859,179.004,114.29700000000001,94.62299999999999,251.511,154.46800000000002,94.139,92.23100000000001,86.93400000000001,76.584,84.89,187.953,78.793,100.691,61.899,83.23,67.32199999999999,67.408,74.049,92.039,85.428,76.31,89.063,78.581,76.181,66.64999999999999,95.30499999999999,108.465,113.309,81.406,67.293,89.59700000000001,78.13,75.438,111.51,65.763,83.506,99.74700000000001,123.031,81.157,85.727,76.425,81.4,101.366,79.94800000000001,84.65299999999999,92.883,74.054,78.229,72.887,76.995,73.557,93.023,78.57499999999999,92.32199999999999,73.654,84.933,81.468,152.936,94.202,84.72,87.94600000000001,61.574,112.01,106.803,71.76100000000001,95.482,85.832,91.634,82.82199999999999,74.054,126.42,97.62499999999999,79.95700000000001,89.392,106.148,83.51,81.489,73.65299999999999,94.082,83.49000000000001,81.44600000000001,108.813,90.087,95.315,108.191,95.34400000000001,81.402,92.08,109.93100000000001,100.07199999999999,80.975,74.068,90.012,83.17999999999999,71.664,106.502,188.762,80.896,100.187,100.69,77.343,84.664,78.21600000000001,80.896,229.914,165.976,80.639,79.618,84.715,65.762,80.076,66.089,82.546,91.57799999999999,87.793,85.886,83.63199999999999,84.824,108.87899999999999,77.304,82.31400000000001,94.41100000000002,104.37499999999999,120.321,71.36,82.148,69.573,73.651,83.44500000000001,118.869,94.141,89.64,72.976,117.361,102.218,82.88199999999999,67.331,90.311,73.489,439.98499999999996,76.826,71.818,100.18799999999999,76.436,54.300999999999995,687.206,82.286,103.733,72.667,88.607,70.18499999999999,79.763,108.23700000000001,126.771,97.669,97.114,59.076,86.45100000000001,76.44200000000001
2007-09-01,94.706,82.01,78.224,169.963,79.49400000000001,75.786,80.321,84.543,94.702,71.70400000000001,94.705,176.236,85.08,73.95700000000001,74.733,136.329,98.657,94.41400000000002,174.71699999999998,114.44000000000001,94.001,250.359,156.24599999999998,92.93,92.289,88.038,76.899,84.96300000000001,185.618,79.12799999999999,101.12299999999999,61.972,83.68499999999999,67.019,67.648,73.95400000000001,91.836,85.6,76.223,89.06400000000001,78.284,76.329,66.95700000000001,95.586,109.194,112.684,81.587,66.99000000000001,90.799,78.37899999999999,75.76700000000001,115.337,65.925,82.883,104.892,123.134,81.349,86.374,76.657,81.58,101.513,80.377,84.959,92.79100000000001,73.958,77.96900000000001,73.979,77.799,73.619,84.084,79.65499999999999,92.479,73.845,84.729,82.056,154.687,93.41100000000002,85.079,88.98400000000001,62.143,111.983,106.74900000000001,72.118,95.95100000000001,84.436,91.5,81.422,73.959,126.726,98.036,79.803,89.392,107.206,83.412,82.077,73.84400000000001,93.689,83.611,82.035,109.215,89.99400000000001,95.196,108.48700000000001,95.224,81.583,92.166,109.795,99.782,81.142,74.73700000000001,89.983,83.13499999999999,72.848,109.715,188.792,81.117,100.55499999999999,101.12199999999999,77.693,84.96900000000001,77.956,81.116,227.599,168.871,81.166,80.702,85.074,65.924,80.286,66.74300000000001,82.894,92.15499999999999,87.84400000000001,84.859,84.24900000000001,85.74900000000001,107.482,77.478,82.471,94.724,104.30199999999999,120.7,71.533,82.21700000000001,69.87799999999999,73.843,83.67399999999999,117.49900000000001,92.932,89.392,73.62299999999999,116.542,102.065,82.843,68.336,90.554,73.55,437.384,77.20700000000001,72.001,100.55499999999999,76.66799999999999,54.733000000000004,679.048,82.353,104.164,72.96900000000001,90.199,70.316,79.864,108.01400000000001,127.24000000000001,97.41400000000002,97.509,59.338,85.789,76.67499999999998
2007-10-01,94.93,84.66799999999999,78.535,170.93200000000002,79.93,75.781,80.756,84.65899999999999,94.926,71.218,94.929,175.30200000000002,85.342,74.04,74.871,139.708,99.721,94.507,177.846,114.462,94.60199999999999,246.466,156.001,92.773,92.49700000000001,89.143,77.31,85.04100000000001,186.585,79.399,101.43700000000001,62.263000000000005,84.474,68.164,67.998,74.036,91.563,85.73100000000001,76.827,92.093,78.482,76.94900000000001,66.556,96.197,107.113,111.596,82.534,68.13499999999999,90.732,78.612,75.76100000000001,116.116,66.586,83.273,104.979,123.137,81.403,86.573,76.962,82.527,101.647,80.32799999999999,85.30799999999999,92.589,74.04100000000001,78.04400000000001,75.24300000000001,77.691,73.7,77.864,80.515,92.627,73.789,84.24900000000001,82.832,153.375,94.38199999999999,85.34100000000001,92.284,62.324,112.57199999999999,106.867,71.768,96.148,84.027,91.046,82.596,74.04100000000001,127.151,97.99900000000001,79.98100000000001,89.462,107.222,83.41400000000002,82.851,73.788,92.809,83.141,82.81,110.14,89.647,94.909,108.64,94.938,82.53,90.67699999999999,109.49400000000001,100.015,81.37199999999999,74.87499999999999,89.67599999999999,83.529,73.076,113.429,187.60999999999999,81.309,100.768,101.43700000000001,77.90700000000001,85.318,78.03,81.309,227.167,168.029,81.922,81.24400000000001,85.337,66.584,80.649,66.79700000000001,83.002,92.05499999999999,88.15299999999999,85.84,84.318,86.18299999999999,109.44100000000002,77.642,82.524,94.94800000000001,104.421,120.16199999999999,71.801,82.145,70.07799999999999,73.786,83.769,117.721,92.77499999999999,89.54700000000001,74.64,116.45100000000001,102.506,82.408,68.295,91.016,73.631,431.862,77.349,72.148,100.768,76.974,54.83,682.15,82.311,104.641,73.557,91.54100000000001,70.619,80.09100000000001,108.228,127.43,97.73,97.73,59.494,85.784,76.98
2007-11-01,95.959,86.90100000000001,78.624,171.038,79.92,75.73,81.452,84.938,95.955,71.62599999999999,95.958,172.731,86.013,74.32199999999999,75.15199999999999,139.511,100.194,94.513,175.22299999999998,114.12799999999999,94.73,237.11499999999998,155.925,93.548,91.989,89.471,77.539,85.387,185.404,79.592,101.532,62.617,84.56700000000001,68.972,68.429,74.319,91.645,85.921,77.543,88.199,78.639,77.106,66.67499999999998,95.093,106.862,111.98100000000001,82.962,68.94200000000001,93.221,78.781,75.71100000000001,126.478,67.01400000000001,83.506,104.736,124.05199999999999,81.624,87.002,77.24900000000001,82.956,101.579,80.52199999999999,85.732,92.515,74.323,78.40700000000001,75.554,77.667,73.96100000000001,79.849,80.99000000000001,92.63,73.99400000000001,84.02,83.163,153.90800000000002,94.15199999999999,86.012,97.04400000000001,63.629000000000005,112.145,107.096,71.843,96.44100000000002,84.04400000000001,91.877,82.99400000000001,74.324,126.807,97.363,80.32,89.532,108.212,83.395,83.17999999999999,73.99300000000001,92.94000000000001,82.849,83.13799999999999,110.032,89.899,95.113,109.196,95.142,82.958,90.534,109.16799999999999,100.29400000000001,81.657,75.157,89.97,83.472,73.684,128.536,184.97299999999998,81.57199999999999,100.77799999999999,101.532,78.12499999999999,85.74100000000001,78.394,81.57199999999999,224.167,166.708,82.212,81.501,86.007,67.013,81.41600000000001,67.02199999999999,82.928,91.093,88.345,85.886,84.315,86.13,109.824,78.18799999999999,82.76700000000001,95.977,104.971,119.16799999999999,72.16199999999999,82.316,70.368,73.99100000000001,83.909,116.76100000000001,93.55,90.06400000000001,75.106,116.086,102.63199999999999,83.042,68.71900000000001,91.215,73.892,422.92299999999994,77.569,72.202,100.779,77.26,54.961,675.521,82.661,104.894,73.953,93.139,71.043,80.35199999999999,109.293,129.399,97.729,98.09,59.805,85.01700000000001,77.26700000000001
2007-12-01,95.25,84.62899999999999,78.708,170.286,80.258,75.90100000000001,82.181,85.346,95.24600000000001,71.32499999999999,95.248,170.907,86.262,74.428,75.423,137.099,99.593,95.324,171.722,114.312,94.361,237.122,153.647,93.17599999999999,92.96700000000001,89.804,77.935,85.96100000000001,184.07,79.645,101.503,63.093,84.654,68.98400000000001,68.728,74.425,92.283,86.04700000000001,78.27499999999999,87.819,78.642,77.41400000000002,66.324,96.184,109.167,111.269,83.059,68.95400000000001,94.056,79.036,75.884,127.94600000000001,67.36999999999999,83.973,108.533,124.475,81.73100000000001,86.899,77.512,83.05199999999999,101.198,80.789,85.586,92.781,74.43,82.94500000000001,75.223,77.90400000000001,73.94700000000002,82.93700000000001,81,91.543,74.478,83.836,83.06400000000001,153.70299999999997,94.35799999999999,86.26100000000001,99.104,64.205,112.26700000000001,106.862,71.783,96.361,84.134,91.543,83.096,74.43,127.131,97.65299999999999,80.598,89.532,107.18799999999999,83.148,83.076,74.477,93.44200000000001,81.866,83.034,110.304,89.07799999999999,95.13,109.647,95.15899999999999,83.05499999999999,90.777,108.35499999999999,99.958,82.12899999999999,75.429,90.006,83.501,73.537,132.09,182.762,81.787,100.648,101.502,78.301,85.595,82.93100000000001,81.787,221.52,169.178,82.893,82.357,86.257,67.368,81.09700000000001,67.392,83.657,92.05199999999999,88.607,85.893,84.248,86.60799999999999,108.85799999999999,78.70100000000001,82.699,95.26700000000001,104.65199999999999,119.12799999999999,72.468,82.26100000000001,70.65299999999999,74.475,84.071,116.12199999999999,93.17799999999998,89.74100000000001,74.986,116.516,102.287,83.056,68.886,91.193,73.877,414.91099999999994,78.01700000000001,72.387,100.649,77.523,55.423,662.987,82.299,104.506,74.483,93.146,71.286,80.51100000000001,111.535,128.048,99.21000000000001,98.505,60.07,83.87499999999999,77.53
2008-01-01,95.41100000000002,85.343,79.09,168.933,80.571,76.857,82.46700000000001,85.45400000000001,95.40700000000001,71.313,95.409,168.22299999999998,86.559,74.581,75.95,142.17499999999998,100.40100000000001,95.60799999999999,173.64,114.41700000000002,94.315,236.569,154.177,93.046,93.69,90.161,78.268,86.24900000000001,183.35600000000002,79.649,101.506,63.269000000000005,84.614,69.44500000000001,69.05,74.57799999999999,92.38799999999999,86.099,79.406,86.12899999999999,78.756,77.651,66.307,96.577,108.91900000000001,111.527,82.96300000000001,69.415,94.68799999999999,79.473,76.84400000000001,128.85600000000002,67.74400000000001,83.35,110.013,123.35,81.84100000000001,87.488,77.721,82.95700000000001,100.751,81.083,86.051,93.615,74.583,83.691,74.424,78.019,74.235,85.84400000000001,81.899,93.18799999999999,75.476,83.968,83.509,153.748,95.11,86.55799999999999,101.121,65.812,111.874,106.169,72.23700000000001,96.468,85.796,92.269,83.137,74.583,126.71300000000001,98.17999999999999,81.01100000000001,89.603,107.065,83.811,83.51400000000001,75.475,93.51,82.212,83.471,110.319,89.573,95.04400000000001,110.76100000000001,95.073,82.959,91.101,106.727,99.52799999999999,82.07499999999999,75.95700000000001,89.819,83.773,73.235,135.101,180.813,81.94500000000001,100.331,101.505,78.612,86.05799999999999,83.67699999999999,81.94400000000002,221.259,168.429,83.612,82.21900000000001,86.554,67.742,81.62899999999999,67.906,84.08,92.259,88.88199999999999,86.238,85.936,86.84100000000001,109.07499999999999,79.471,82.70700000000001,95.428,105.11999999999999,119.019,72.751,82.43,70.905,75.473,84.134,116.37299999999999,93.048,89.95400000000001,75.329,117.886,101.87499999999999,83.783,69.542,90.933,74.166,407.453,78.43700000000001,72.369,100.331,77.732,56.009,653.8519999999999,82.41100000000002,103.85499999999999,74.337,94.763,71.41300000000001,81.085,108.832,130.76299999999998,98.91400000000002,98.776,60.382999999999996,85.103,77.739
2008-02-01,95.41400000000002,85.91100000000002,79.46300000000001,169.164,80.566,76.977,83.80799999999999,85.809,95.41000000000001,71.68499999999999,95.412,168.14899999999997,86.769,74.785,76.04,141.592,100.44400000000002,95.345,172.683,114.44200000000001,94.193,234.94299999999998,155.11599999999999,95.057,92.34100000000001,90.922,78.728,87.288,184.242,80.12799999999999,100.97,63.504,84.66199999999999,69.965,69.312,74.782,93.36,86.111,80.48700000000001,84.773,78.83,78.12499999999999,65.832,97.538,108.46700000000001,111.627,83.11999999999999,69.935,93.579,79.796,76.96600000000001,130.69899999999998,68.05499999999999,83.584,109.647,128.58200000000002,81.998,89.582,77.903,83.113,101.205,81.311,86.14999999999999,93.44200000000001,74.787,80.38,73.524,77.738,74.61999999999999,83.979,83.67699999999999,94.187,75.91600000000001,84.007,83.501,151.96800000000002,95.287,86.768,101.93700000000001,66.074,112.468,105.4,72.41300000000001,97.006,84.985,92.301,83.603,74.787,125.81,99.184,81.392,89.532,107.276,84.61,83.5,75.915,94.02499999999999,81.141,83.456,110.076,91.459,94.849,111.191,94.87799999999999,83.115,91.031,104.853,99.32499999999999,82.298,76.04700000000001,89.387,84.37499999999999,73.271,136.136,182.742,82.07799999999999,100.43100000000001,100.97,78.881,86.15599999999999,80.366,82.077,218.833,163.901,83.869,83.62799999999999,86.763,68.054,81.562,68.17399999999999,85.386,92.31400000000001,89.12899999999999,85.471,85.399,87.44100000000002,110.098,79.729,82.771,95.43100000000001,104.859,119.10799999999999,72.71400000000001,82.65199999999999,71.169,75.91300000000001,84.284,115.32199999999999,95.059,90.205,75.338,117.531,102.29400000000001,83.96600000000001,70.495,91.837,74.55,408.825,78.798,72.37199999999999,100.43100000000001,77.915,56.258,640.7230000000001,82.692,102.871,74.49600000000001,92.768,71.903,81.44100000000002,107.84100000000001,133.297,97.032,98.65799999999999,60.668000000000006,84.545,77.921
2008-03-01,94.977,88.21400000000001,79.68499999999999,166.045,80.804,77.18299999999999,84.766,86.549,94.973,72.136,94.976,164.81,87.079,75.18499999999999,76.252,139.964,99.74000000000001,96.193,170.83800000000002,114.548,94.66199999999999,233.35800000000003,153.935,94.251,94.029,90.57499999999999,79.066,87.44800000000001,183.777,80.45,101.44400000000002,63.702000000000005,85.197,69.787,69.633,75.18199999999999,93.73,86.13499999999999,80.24100000000001,84.24100000000001,78.842,78.087,66.012,98.301,108.44600000000001,113.485,83.32,69.756,93.10799999999999,80.273,77.17499999999998,132.17499999999998,68.339,83.66199999999999,113.41600000000001,134.187,82.098,91.32,78.098,83.31400000000001,101.45,81.495,86.369,94.758,75.18599999999999,80.309,72.17899999999999,77.857,75.55199999999999,85.58,84.49900000000001,93.503,76.24000000000001,84.053,83.848,149.57,94.978,87.07799999999999,103.468,68.079,113.41700000000002,105.40400000000001,72.432,96.838,85.026,92.235,83.892,75.187,125.66199999999999,99.309,82.262,89.74400000000001,104.96700000000001,84.66,83.843,76.239,94.548,81.16199999999999,83.79700000000001,109.712,92.27799999999999,94.815,111.332,94.84400000000001,83.316,91.896,105.17299999999999,100.506,82.54700000000001,76.26,88.995,84.67799999999998,72.82499999999999,150.571,185.562,82.235,100.312,101.44400000000002,79.141,86.37499999999999,80.296,82.235,217.67499999999998,166.19,84.212,84.759,87.074,68.338,81.34,69.30199999999999,84.74300000000001,92.239,89.189,84.148,85.202,88.927,109.93,79.839,82.86999999999999,94.995,105.049,119.16799999999999,72.88799999999999,82.73400000000001,71.43100000000001,76.23700000000001,84.54400000000001,114.68599999999999,94.253,90.394,76.073,117.866,102.765,84.722,71.453,92.62499999999999,75.482,412.22099999999995,79.17799999999998,72.536,100.312,78.11,56.22500000000001,624.875,82.538,102.94300000000001,74.639,92.585,72.255,81.809,108.298,130.497,95.958,98.754,60.931,84.756,78.116
2008-04-01,95.17499999999998,87.468,80.229,163.282,80.792,77.61,86.386,86.568,95.17099999999999,71.31700000000001,95.17399999999999,160.899,87.281,75.359,76.433,138.284,99.57499999999999,96.923,173.01399999999998,114.9,94.68199999999999,229.261,154.259,93.405,94.95100000000001,91.353,79.265,87.63799999999999,182.414,81.134,102.627,64.26400000000001,86.331,70.74000000000001,69.94300000000001,75.356,94.215,86.15499999999999,84.377,84.968,79.09100000000001,79.323,66.073,98.29700000000001,104.706,112.218,83.539,70.709,95.642,80.735,77.604,130.993,68.76700000000001,83.584,113.086,141.86800000000002,81.974,91.539,78.34400000000001,83.532,101.857,81.62899999999999,86.536,92.062,75.36,81.614,69.93700000000001,77.633,75.684,83.718,85.15799999999999,95.29400000000001,76.84,84.18199999999999,83.465,149.39200000000002,96.116,87.28,105.232,68.04700000000001,114.34100000000001,105.579,72.74400000000001,96.95700000000001,85.55499999999999,92.982,84.299,75.36,126.192,99.531,82.687,89.955,105.95400000000001,84.839,83.45700000000001,76.839,95.042,81.971,83.41000000000001,109.44800000000001,92.812,94.759,110.71700000000001,94.788,83.535,91.29700000000001,103.923,100.795,82.756,76.44100000000002,88.666,86.359,72.222,157.508,184.295,82.402,100.27799999999999,102.62599999999999,79.354,86.54100000000001,81.6,82.402,211.11299999999997,165.76899999999998,84.144,85.77,87.27499999999999,68.765,80.505,70.383,87.337,92.313,89.46700000000001,86.531,85.394,89.56700000000001,109.972,80.069,82.745,95.193,105.57799999999999,117.537,72.726,82.82199999999999,71.65899999999999,76.837,84.735,113.788,93.40700000000001,91.021,76.874,118.596,103.01700000000001,85.96100000000001,71.66,92.351,75.614,406.632,79.536,72.71100000000001,100.279,78.35499999999999,56.368,617.0569999999999,82.52499999999999,101.99900000000001,74.95,92.65799999999999,72.535,82.081,107.43,127.51,96.07499999999999,99.693,61.144,85.924,78.362
2008-05-01,96.148,92.17899999999999,80.539,163.698,80.75,78.206,87.681,86.898,96.144,72.371,96.147,160.563,87.79700000000001,75.62299999999999,76.694,139.607,99.509,97.54400000000001,173.395,115.394,94.593,226.99,154.059,94.337,95.27,91.838,79.49900000000001,87.929,181.472,81.95100000000001,101.95100000000001,64.54700000000001,87.24600000000001,71.157,70.236,75.61999999999999,94.364,86.07799999999999,84.932,88.477,79.253,79.62899999999999,66.695,99.16499999999999,105.151,111.25,83.617,71.12599999999999,96.035,81.07499999999999,78.20100000000001,137.266,69.051,83.895,112.42,149.784,82.29,93.085,78.503,83.61,101.306,81.816,86.90100000000001,92.107,75.62499999999999,82.30199999999999,68.45,77.303,75.96100000000001,81.52199999999999,85.537,94.10199999999999,77.429,84.22,83.736,152.547,96.482,87.796,107.666,68.486,113.985,105.485,72.124,97.121,84.793,93.319,83.62499999999999,75.62499999999999,126.693,99.60799999999999,83.353,89.884,105.192,84.549,83.725,77.428,95.23100000000001,83.306,83.67699999999999,109.696,93.88499999999999,94.806,110.818,94.835,83.613,92.139,102.871,100.227,83.056,76.703,88.506,86.554,72.476,170.126,185.394,82.49000000000001,99.479,101.95100000000001,79.68499999999999,86.905,82.288,82.489,209.63299999999998,164.537,84.298,85.95700000000001,87.792,69.05,80.986,70.471,87.9,92.362,89.785,86.023,86.163,90.086,109.66199999999999,80.503,83.061,96.166,106.25,115.501,72.37599999999999,83.05499999999999,71.956,77.426,84.986,114.356,94.339,90.99400000000001,77.17399999999999,118.393,102.771,86.063,71.79400000000001,93.076,75.89,406.372,79.982,72.763,99.48,78.51400000000001,56.839999999999996,606.053,82.624,101.037,75.13199999999999,93.73400000000001,73.149,82.509,108.057,127.93900000000001,95.906,100.083,61.379999999999995,85.38199999999999,78.52
2008-06-01,95.524,93.755,80.811,162.60999999999999,80.41000000000001,78.30499999999999,88.119,86.848,95.52,73.57799999999999,95.523,159.74699999999999,88.71700000000001,76.343,76.979,139.24099999999999,98.57799999999999,97.639,172.69299999999998,116.007,95.281,225.758,153.19899999999998,93.959,95.67299999999999,92.935,79.718,88.046,179.848,82.21900000000001,101.34100000000001,64.82799999999999,88.016,71.34700000000001,70.59,76.339,93.93100000000001,86.085,86.273,89.643,79.29700000000001,80.15599999999999,66.91300000000001,99.398,106.391,111.71700000000001,83.70100000000001,71.316,96.049,81.418,78.301,152.38600000000002,69.371,84.206,113.67699999999999,157.834,82.546,93.99100000000001,78.812,83.694,99.76400000000001,82.021,87.01700000000001,91.73400000000001,76.34400000000001,82.571,68.16799999999999,78.045,76.07499999999999,86.459,86.17299999999999,94.312,77.87799999999999,84.16499999999999,83.67099999999999,151.379,95.71400000000001,88.71600000000001,110.44800000000001,69.64999999999999,113.394,104.98700000000001,72.697,96.46400000000001,85.702,93.65499999999999,82.894,76.34400000000001,128.15200000000002,99.362,83.94800000000001,89.81400000000001,105.593,84.715,83.65599999999999,77.877,94.30799999999999,83.29100000000001,83.606,109.331,97.307,94.973,110.95100000000001,95.001,83.696,92.321,101.526,100.56400000000001,83.307,76.988,88.37299999999999,87.27199999999999,72.88,185.096,183.71699999999998,82.67099999999999,99.576,101.34100000000001,80.103,87.021,82.557,82.67099999999999,208.38500000000002,161.935,84.67799999999998,86.41100000000002,88.712,69.369,81.143,70.67099999999999,88.74300000000001,92.32799999999999,90.12799999999999,86.856,85.703,91.009,111.303,80.865,83.238,95.542,106.905,115.838,72.563,83.212,72.205,77.87499999999999,85.141,115.049,93.96100000000001,91.116,77.266,121.023,102.335,86.277,71.67899999999999,93.863,76.004,400.14300000000003,80.14,72.922,99.576,78.824,57.693000000000005,597.258,82.60799999999999,99.93,75.644,97.515,73.598,83.019,108.851,124.561,95.76100000000001,100.3,61.782000000000004,85.06400000000001,78.83
2008-07-01,96.181,92.74300000000001,80.854,162.72899999999998,80.54,78.483,89.6,86.925,96.17699999999999,74.192,96.17999999999999,157.412,89.351,76.818,77.167,137.23899999999998,98.15299999999999,97.646,171.9,116.67899999999999,94.95100000000001,223.083,152.984,96.646,96.115,94.37199999999999,80.015,88.239,177.484,82.742,101.832,64.91600000000001,89.80199999999999,70.57499999999999,70.76400000000001,76.815,93.646,86.023,88.07499999999999,90.642,79.363,80.803,66.978,98.67899999999999,107.87499999999999,112.273,83.921,70.54400000000001,96.71300000000001,81.752,78.478,158.069,69.65199999999999,84.362,113.84100000000001,167.037,82.7,95.603,79.07,83.91400000000002,100.586,82.253,87.17199999999998,91.91600000000001,76.82,83.167,68.34400000000001,78.127,76.60199999999999,87.74600000000001,86.90100000000001,94.788,78.67999999999999,84.133,84.09700000000001,149.093,96.087,89.35,114.723,71.563,114.11,105.74900000000001,72.67899999999999,96.019,86.44300000000001,93.472,84.70400000000001,76.82,128.395,99.881,84.109,89.955,110.103,85.073,84.07799999999999,78.67899999999999,94.663,84.774,84.02499999999999,109.758,93.477,95.55,111.351,95.579,83.91700000000002,92.412,100.633,100.251,83.44600000000001,77.17699999999999,88.141,87.85499999999999,72.07499999999999,186.88500000000002,185.46800000000002,82.799,99.99600000000001,101.832,80.62199999999999,87.17499999999998,83.15299999999999,82.799,202.66899999999998,164.608,84.938,86.96600000000001,89.345,69.651,80.51400000000001,70.733,89.718,92.515,90.615,87.648,86.74900000000001,93.111,110.265,81.507,83.144,96.199,107.63499999999999,116.16199999999999,72.512,83.45,72.495,78.67699999999999,85.276,115.94700000000002,96.648,91.52199999999999,77.49100000000001,121.815,103.329,86.979,69.849,94.99600000000001,76.53,401.29799999999994,80.29,72.955,99.99700000000001,79.082,58.366,589.653,82.73,98.94400000000002,75.755,99.933,74.004,83.598,108.65299999999999,125.164,96.67199999999998,100.67099999999999,62.059,86.24600000000001,79.087
2008-08-01,95.533,91.124,81.301,163.461,81.07499999999999,78.75,89.545,87.093,95.529,75.952,95.531,157.403,89.218,77.458,77.811,137.516,96.915,97.935,170.67899999999997,116.71700000000001,94.793,219.60899999999998,152.814,96.60499999999999,96.44100000000002,95.468,80.269,88.556,178.123,83.04,102.326,66.428,91.012,71.26,71.32,77.45400000000001,92.538,85.93900000000001,88.868,91.20700000000001,79.556,82.027,66.60499999999999,99.296,109.531,112.412,84.053,71.23,98.724,82.07,78.74400000000001,150.936,69.929,83.81700000000001,106.565,159.166,82.84400000000001,95.985,79.329,84.046,100.812,82.45100000000001,87.689,91.607,77.459,84.887,67.02499999999999,78.146,76.826,90.601,87.17599999999999,94.86,78.96100000000001,83.968,84.887,147.569,96.459,89.21700000000001,114.029,73.666,113.806,105.94200000000001,74.065,96.255,86.18199999999999,93.586,85.21300000000001,77.459,129.266,100.012,84.607,90.095,108.531,85.12199999999999,84.865,78.96000000000001,94.958,84.846,84.811,111.519,91.516,95.536,110.905,95.565,84.049,92.331,100.05499999999999,101.19,83.79700000000001,77.82199999999999,87.16499999999999,88.504,71.8,169.037,184.909,82.921,100.12599999999999,102.32499999999999,80.839,87.692,84.87299999999999,82.921,200.162,161.059,85.751,86.99900000000001,89.212,69.928,80.21400000000001,71.045,91.292,92.62899999999999,90.643,88.783,87.44900000000001,94.38499999999999,110.478,82.157,83.17799999999998,95.55,106.838,118.07,72.51400000000001,83.527,72.815,78.958,85.36999999999999,115.262,96.607,90.81,78.51100000000001,121.363,103.36,87.326,69.84100000000001,95.607,76.755,397.329,80.474,72.979,100.127,79.34100000000001,58.422000000000004,586.508,82.721,98.2,76.20700000000001,100.74400000000001,74.691,84.074,107.226,126.438,98.391,101.098,62.775000000000006,86.589,79.346
2008-09-01,95.962,94.377,81.49900000000001,164.817,81.432,78.694,90.17099999999999,87.273,95.958,76.09700000000001,95.96000000000001,156.54299999999998,89.29400000000001,77.835,78.21100000000001,140.69,98.331,98.884,170.08700000000002,116.72,95.61,215.166,151.914,96.66,96.074,95.505,80.502,88.94800000000001,178.571,83.27799999999999,101.98,66.62299999999999,90.456,71.554,71.91100000000002,77.832,90.889,85.912,90.268,90.745,79.94800000000001,82.771,68.024,99.71300000000001,109.29400000000001,113.06700000000001,84.01,71.523,99.269,82.477,78.68799999999999,151.692,70.321,83.74000000000001,108.167,147.316,82.91100000000002,97.019,79.556,84.003,101.26400000000001,82.74900000000001,87.609,91.34,77.837,84.43700000000001,64.509,76.897,77.304,93.94100000000002,86.99700000000001,96.399,79.12899999999999,83.703,85.04400000000001,147.324,96.91600000000001,89.293,113.03,73.932,113.929,106.2,74.287,96.093,86.18499999999999,93.164,86.959,77.837,129.124,100.592,85.18799999999999,90.377,106.883,85.70100000000001,85.02199999999999,79.12799999999999,94.889,84.38199999999999,84.96600000000001,113.65899999999999,90.21100000000001,95.133,110.693,95.16199999999999,84.005,92.779,99.301,100.98100000000001,83.923,78.221,86.44300000000001,88.87199999999999,72.056,157.953,182.064,83.111,100.266,101.979,81.236,87.612,84.422,83.111,200.011,161.26399999999998,86.23,88.865,89.288,70.32,80.17399999999999,71.131,92.748,92.76700000000001,90.851,89.64,87.93100000000001,95.661,110.86999999999999,82.311,83.307,95.98,107.074,117.568,72.733,83.483,73.05499999999999,79.12599999999999,85.336,114.17399999999999,96.66199999999999,90.709,78.91900000000001,122.073,103.438,88.31,72.18299999999999,96.141,77.232,388.59299999999996,80.85,73.04,100.266,79.568,58.443999999999996,573.38,82.62499999999999,97.319,76.573,99.349,74.925,84.428,107.035,127.84400000000001,98.14999999999999,101.57799999999999,62.998000000000005,86.459,79.573
2008-10-01,97.05199999999999,93.601,81.584,167.935,81.281,78.694,90.67999999999999,87.642,97.048,76.877,97.05,154.767,88.526,78.181,78.599,139.60899999999998,98.62499999999999,99.925,166.353,116.755,95.788,212.517,153.502,95.99000000000001,97.099,95.283,80.365,88.91700000000002,177.701,83.24600000000001,102.029,66.91900000000001,91.107,72.081,72.282,78.17799999999998,91.755,85.79700000000001,90.94700000000002,88.193,79.884,83.18199999999999,67.94100000000002,99.17499999999998,109.582,113.276,84.397,72.05,96.646,82.67799999999998,78.68599999999999,131.611,70.657,83.81700000000001,106.932,140.22899999999998,82.15499999999999,97.87599999999999,79.796,84.39,101.793,82.992,87.826,90.74600000000001,78.18299999999999,83.60199999999999,60.138000000000005,75.792,77.476,90.245,86.94700000000002,97.691,79.41300000000001,83.694,85.012,144.93200000000002,96.406,88.52499999999999,108.55199999999999,77.73100000000001,115.639,106.37799999999999,74.468,96.164,86.733,93.456,87.883,78.18299999999999,129.42200000000003,101.077,85.10799999999999,90.65899999999999,104.906,86.55499999999999,84.99100000000001,79.412,95.13199999999999,83.43400000000001,84.933,116.75,88.712,94.71300000000001,111.77499999999999,94.742,84.392,91.23700000000001,98.06400000000001,100.287,84.29700000000001,78.609,86.06700000000001,89.551,69.80499999999999,140.42200000000003,181.19899999999998,83.23,100.41700000000002,102.029,81.63499999999999,87.83,83.588,83.23,197.777,159.154,86.924,90.59400000000001,88.521,70.65599999999999,77.406,71.733,94.018,92.861,91.02,89.94700000000002,88.20400000000001,96.456,111.777,82.645,82.624,97.07,108.646,115.371,72.99700000000001,83.296,73.41900000000001,79.41000000000001,85.22,116.462,95.992,90.856,78.718,123.613,104.44500000000001,88.582,72.236,96.289,77.403,384.22499999999997,80.856,73.121,100.41700000000002,79.80799999999999,58.655,557.871,82.695,96.053,76.639,98.971,75.232,84.82199999999999,105.16,129.517,96.402,101.925,63.661,88.02499999999999,79.812
2008-11-01,97.44600000000001,91.395,81.90100000000001,164.526,81.44800000000001,78.799,90.809,87.88799999999999,97.44200000000001,75.918,97.44500000000001,154.77599999999998,86.959,78.435,78.857,135.95000000000002,98.927,100.67699999999999,167.96800000000002,117.034,96.684,210.424,152.859,95.199,96.345,95.512,80.581,88.82499999999999,174.864,83.364,102.581,67.086,91.315,72.311,72.646,78.432,92.10799999999999,85.77,91.099,83.32199999999999,79.89,83.04700000000001,67.842,99.17299999999999,110.504,112.349,84.524,72.28,93.88199999999999,83.10199999999999,78.79,91.371,71.021,84.051,103.67299999999999,133.684,81.93400000000001,98.295,80.005,84.518,100.95700000000001,83.238,87.87799999999999,90.23100000000001,78.43700000000001,84.121,56.477,75.642,77.79100000000001,90.21400000000001,86.316,98.198,80.05199999999999,84.007,85.33,141.725,96.91300000000001,86.958,102.44400000000002,79.348,114.813,106.645,75.081,96.119,86.73700000000001,93.069,87.786,78.43700000000001,130.091,101.268,85.077,90.799,105.90400000000001,86.972,85.309,80.051,95.359,81.748,85.25,116.67999999999999,89.586,94.586,111.68499999999999,94.614,84.52,91.21300000000001,97.32,101.225,84.503,78.864,85.726,90.157,68.12799999999999,119.34400000000001,178.90800000000002,83.44800000000001,100.84400000000001,102.58,81.922,87.88199999999999,84.106,83.44800000000001,194.345,158.82600000000002,88.235,90.67999999999999,86.953,71.02,76.304,71.68499999999999,95.339,93.17899999999999,91.08,90.321,89.05499999999999,97.077,111.72,82.755,82.421,97.46400000000001,108.755,114.73400000000001,73.363,83.30799999999999,73.705,80.049,85.269,117.538,95.20100000000001,91.301,79.01,124.111,103.776,89.15899999999999,72.235,96.46000000000001,77.718,376.972,80.268,73.429,100.84400000000001,80.01700000000001,58.663000000000004,547.717,82.818,95.227,76.84400000000001,99.193,75.483,85.114,105.346,127.96900000000001,96.435,102.05,64.01700000000001,88.147,80.02
2008-12-01,96.239,89.48700000000001,82.21900000000001,161.996,81.684,79.337,91.229,87.92,96.235,75.753,96.238,155.252,86.24300000000001,78.729,79.16799999999999,135.991,98.598,101.959,167.863,117.14999999999999,97.16499999999999,209.83200000000002,152.005,94.61999999999999,96.262,95.35499999999999,80.67599999999999,88.861,171.61399999999998,83.245,102.583,67.44400000000002,91.71600000000001,72.371,72.93900000000001,78.726,92.56700000000001,85.561,91.836,80.57199999999999,79.96600000000001,83.424,66.79400000000001,100.74000000000001,110.536,111.15499999999999,84.807,72.339,92.194,83.259,79.326,73.782,71.348,83.895,98.94900000000001,131.863,82.01100000000001,98.26,80.146,84.801,101.723,83.29,87.612,89.38199999999999,78.73100000000001,89.732,54.260000000000005,75.485,77.728,90.24000000000001,86.733,98.21700000000001,79.976,84.098,85.29,140.67899999999997,96.96900000000001,86.242,99.104,79.584,113.745,106.788,75.26100000000001,95.44300000000001,86.803,92.384,87.928,78.73100000000001,129.748,101.05,85.46900000000001,90.86999999999999,103.697,87.78,85.27,79.975,95.076,81.239,85.21100000000001,116.85199999999999,92.91600000000001,94.228,111.938,94.257,84.803,91.377,97.15199999999999,102.712,84.68499999999999,79.17399999999999,85.32799999999999,90.793,67.069,104.289,179.225,83.504,101.16,102.582,82.17599999999999,87.615,89.71700000000001,83.504,189.554,160.565,88.23100000000001,91.73700000000001,86.23700000000001,71.34700000000001,75.995,73.17099999999999,95.062,93.18199999999999,91.17499999999998,90.31,89.154,97.196,110.93900000000001,82.63199999999999,82.38199999999999,96.257,107.813,118.365,73.561,83.342,73.995,79.973,85.309,116.396,94.62199999999999,91.09,79.255,123.94400000000002,102.97,89.883,72.24400000000001,96.62599999999999,77.65499999999999,375.327,80.34400000000001,73.649,101.16,80.15799999999999,58.939,533.143,82.70700000000001,94.96300000000001,77.006,96.539,75.67699999999999,85.224,102.57,127.46600000000001,95.452,102.23,64.336,86.65199999999999,80.161
2009-01-01,95.295,88.139,82.36,160.26299999999998,81.712,79.62799999999999,91.031,87.708,95.29,74.751,95.293,154.737,86.46100000000001,79.062,79.287,140.40200000000002,98.88499999999999,101.724,166.718,117.37599999999999,98.193,207.78,152.87800000000001,93.72,96.43100000000001,94.005,81.08,89.024,173.192,83.257,103.02499999999999,67.687,91.98700000000001,72.44200000000001,73.212,79.059,93.012,85.46700000000001,90.46300000000001,80.79400000000001,80.05199999999999,83.906,66.27799999999999,100.248,109.868,111.531,85.095,72.41000000000001,90.428,83.495,79.616,76.471,71.70700000000001,84.051,99.57499999999999,128.68200000000002,81.754,98.296,80.331,85.088,101.116,84.206,87.826,89.099,79.06400000000001,89.73400000000001,49.825,72.507,78.30499999999999,90.48700000000001,86.23,98.043,79.94600000000001,84.368,85.45400000000001,142.05200000000002,97.55199999999999,86.46000000000001,96.681,80.13199999999999,113.368,106.641,75.538,96.519,86.816,92.489,88.785,79.06400000000001,130.265,101.432,85.327,91.01,102.296,87.712,85.43400000000001,79.94500000000001,95.21000000000001,80.692,85.374,119.034,95.899,94.776,111.44800000000001,94.804,85.09,90.137,96.738,101.813,84.98700000000001,79.29100000000001,85.75,91.359,65.78,98.788,176.653,83.687,101.699,103.02499999999999,82.45700000000001,87.82799999999999,89.718,83.687,189.433,157.126,88.221,92.048,86.456,71.706,74.336,73.585,95.359,93.94400000000002,91.27799999999999,89.619,89.32199999999999,97.95400000000001,111.565,82.795,81.986,95.312,107.692,117.62499999999999,73.73400000000001,83.607,74.383,79.94300000000001,85.323,117.005,93.722,90.813,79.561,124.63,102.021,91.79700000000001,72.52499999999999,96.95400000000001,78.232,367.753,80.468,73.971,101.7,80.343,59.403999999999996,517.4219999999999,83.045,94.468,77.505,95.90400000000001,76.17999999999999,85.836,99.27199999999999,129.446,94.71700000000001,102.542,64.51400000000001,87.486,80.345
2009-02-01,95.502,84.596,82.306,159.121,81.79700000000001,79.633,91.05199999999999,87.771,95.498,75.34700000000001,95.5,153.227,86.776,79.295,79.465,142.161,98.758,101.905,166.495,117.44000000000001,98.601,204.689,153.36800000000002,96.21000000000001,96.09100000000001,93.035,81.286,88.956,173.284,83.41000000000001,102.505,68.015,92.281,72.21100000000001,73.474,79.29100000000001,93.62599999999999,85.315,89.53,75.483,80.22,83.845,66.644,98.845,109.197,112.127,85.3,72.17999999999999,90.985,83.61999999999999,79.61999999999999,82.292,72.01700000000001,84.12899999999999,97.2,123.83,81.73100000000001,97.691,80.471,85.293,101.395,84.368,88.409,88.15899999999999,79.296,85.20700000000001,46.237,72.136,78.301,90.645,86.48,98.079,80.56400000000001,84.363,85.863,142.319,97.24000000000001,86.77499999999999,95.048,80.386,113.918,107.106,76.82799999999999,98.843,86.532,93.554,88.988,79.296,131.285,101.599,85.167,91.081,96.506,87.684,85.849,80.563,95.154,79.928,85.788,123.64999999999999,96.895,94.94200000000001,112.40700000000001,94.971,85.296,90.079,95.452,102.46700000000001,85.295,79.468,86.593,91.595,65.503,96.424,176.751,83.795,101.751,102.505,82.68499999999999,88.412,85.192,83.79400000000001,189.433,155.437,88.252,92.412,86.771,72.016,73.854,74.17599999999999,95.309,94.02199999999999,91.301,89.23,88.992,98.465,111.877,82.94600000000001,81.938,95.519,108.194,114.26100000000001,73.998,83.71900000000001,74.748,80.561,85.29700000000001,117.40700000000001,96.212,91.648,79.215,125.819,103.054,91.44700000000002,72.706,97.757,78.228,365.71599999999995,80.562,74.203,101.751,80.483,59.809999999999995,505.653,83.157,93.05,77.801,94.835,76.62299999999999,86.05499999999999,98.151,129.82800000000003,96.59400000000001,102.64999999999999,64.59400000000001,88.24700000000001,80.48400000000001
2009-03-01,96.17999999999999,82.92,82.51700000000001,158.542,81.93400000000001,79.70100000000001,91.21700000000001,88.581,96.17599999999999,74.281,96.17899999999999,152.79899999999998,86.69,79.489,79.699,142.489,99.498,102.02,167.924,117.593,98.157,200.24099999999999,152.844,95.208,96.252,91.648,81.425,89.107,172.95100000000002,83.67199999999998,103.192,68.418,92.166,73.224,73.752,79.486,92.91600000000001,85.26400000000001,89.953,76.12199999999999,80.37899999999999,83.95400000000001,66.06400000000001,98.119,109.41600000000001,113.203,85.521,73.193,90.099,83.85799999999999,79.687,78.609,72.324,84.284,93.57499999999999,117.733,81.66,97.697,80.60199999999999,85.515,101.43,84.472,88.44200000000001,87.149,79.49100000000001,85.062,44.013,71.425,78.52199999999999,88.30499999999999,87.06,99.256,80.648,84.67299999999999,85.865,141.42800000000003,97.755,86.689,92.607,79.838,114.17299999999999,107.62199999999999,76.68599999999999,99.33,86.54400000000001,93.52,88.356,79.49100000000001,131.126,101.74700000000001,85.59700000000001,91.081,92.283,87.73,85.863,80.647,95.13199999999999,80.721,85.799,123.206,97.915,95.046,113.003,95.074,85.51700000000001,89.238,93.38,103.71700000000001,85.316,79.70100000000001,87.269,91.41700000000002,64.82499999999999,91.065,176.005,83.982,101.367,103.192,82.789,88.44800000000001,85.048,83.982,188.507,152.993,88.579,92.63499999999999,86.68499999999999,72.32199999999999,73.37499999999999,74.394,96.051,94.208,91.399,88.368,89.15599999999999,98.627,111.95400000000001,83.11,81.856,96.198,108.362,112.31700000000001,74.062,83.80199999999999,75.02,80.645,85.31400000000001,116.30799999999999,95.21000000000001,92.21700000000001,79.393,124.353,103.68799999999999,91.661,72.57199999999999,98.151,78.44800000000001,361.89099999999996,80.643,74.433,101.367,80.614,66.41400000000002,495.371,83.35199999999999,91.279,78.157,93.706,76.87499999999999,86.20700000000001,97.44000000000001,127.477,96.78,102.697,64.93700000000001,87.5,80.614
2009-04-01,96.895,82.563,82.871,157.672,82.17099999999999,79.693,90.85499999999999,88.55499999999999,96.891,73.93400000000001,96.893,152.493,86.77799999999999,79.793,79.824,138.24399999999997,100.581,101.831,167.442,117.689,98.169,198.617,153.553,95.809,95.006,90.26,81.59700000000001,89.127,172.784,84.206,104.537,68.74100000000001,91.72,72.813,74.043,79.789,93.329,85.16499999999999,88.706,79.537,80.51700000000001,83.338,66.218,98.357,110.021,113.766,85.595,72.782,89.84700000000001,84.421,79.67799999999998,79.304,72.642,83.895,96.01400000000001,111.758,81.63799999999999,97.26,80.745,85.588,102.755,84.56400000000001,86.971,86.536,79.79400000000001,85.712,44.26800000000001,71.349,78.62799999999999,86.664,87.28,97.99400000000001,80.926,84.498,83.44100000000002,140.499,98.019,86.777,89.403,79.387,115.096,106.801,77.099,97.696,86.699,92.33,87.691,79.79400000000001,130.601,101.55799999999999,85.537,91.01,91.586,87.505,83.458,80.925,95.199,80.45700000000001,83.393,124.929,98.63199999999999,95.17399999999999,112.27499999999999,95.203,85.59,89.727,93.933,103.426,85.70100000000001,79.82499999999999,87.779,91.17699999999999,64.853,92.54700000000001,175.752,84.10499999999999,101.76700000000001,104.537,83.035,86.983,85.697,84.104,188.517,156.24699999999999,88.766,92.601,86.77199999999999,72.641,73.408,74.849,96.284,94.34,91.507,87.343,89.35499999999999,99.09700000000001,111.229,83.589,81.891,96.91300000000001,108.44000000000001,112.92,74.458,83.66499999999999,75.312,80.923,85.253,119.62599999999999,95.811,92.427,78.087,123.393,104.17599999999999,91.73700000000001,72.46300000000001,98.281,78.55499999999999,359.056,80.71700000000001,74.637,101.768,80.757,72.611,486.32099999999997,83.17599999999999,91.44200000000001,78.18199999999999,94.12899999999999,77.036,86.396,97.559,125.856,97.17099999999999,102.2,65.316,87.229,80.757
2009-05-01,96.982,79.99600000000001,82.95100000000001,158.248,82.21300000000001,79.784,90.66799999999999,88.436,96.978,73.559,96.98100000000001,151.98700000000002,86.905,79.96100000000001,80.033,136.409,99.471,102.687,166.373,117.78,97.91900000000001,197.053,152.363,96.40100000000001,95.134,89.816,81.846,89.01100000000001,171.904,84.318,103.88199999999999,68.91600000000001,91.194,72.871,74.3,79.958,94.143,85.103,88.20700000000001,76.15599999999999,80.395,83.83,68.505,96.95400000000001,109.23400000000001,113.972,85.921,72.839,89.149,84.326,79.768,83.181,73.087,84.12899999999999,92.479,105.67299999999999,81.804,97.202,80.864,85.91400000000002,103.927,84.718,87.248,85.066,79.96300000000001,86.12599999999999,44.22800000000001,71.45700000000001,78.52799999999999,84.545,87.148,98.239,81.068,84.96000000000001,83.71000000000001,143.937,98.23100000000001,86.90400000000001,88.395,78.906,114.198,106.866,77.788,97.727,86.65299999999999,92.95400000000001,86.35499999999999,79.96300000000001,130.535,100.601,84.777,90.94000000000001,90.856,88.032,83.73400000000001,81.06700000000001,96.07,81.119,83.66799999999999,123.634,100.891,95.41000000000001,112.453,95.43900000000001,85.91700000000002,89.1,94.233,103.197,85.848,80.034,88.363,90.62499999999999,65.17999999999999,91.933,175.11399999999998,84.24400000000001,102.003,103.88199999999999,83.09100000000001,87.262,86.112,84.24400000000001,191.01299999999998,153.537,88.823,92.569,86.9,73.086,74.048,75.505,96.548,94.681,91.54100000000001,86.955,88.74900000000001,99.16,110.7,83.63499999999999,82.145,97,108.386,113.62599999999999,74.927,83.706,75.452,81.065,85.252,120.069,96.403,92.507,77.955,122.699,103.399,91.32,72.84400000000001,97.94800000000001,78.455,355.399,80.766,74.57499999999999,102.004,80.87599999999999,72.403,471.323,83.319,91.864,79.005,93.256,77.06,86.339,95.965,123.727,96.99400000000001,102.32,65.81400000000001,87.05499999999999,80.87599999999999
2009-06-01,97.107,79.736,82.99100000000001,157.30100000000002,82.425,80.016,90.85799999999999,88.422,97.103,73.32799999999999,97.10499999999999,150.98800000000003,87.627,79.349,80.197,138.14,100.74700000000001,103.024,165.996,117.827,97.792,196.54299999999998,152.35000000000002,97.015,95.229,89.44400000000002,82.127,89.04,171.112,84.424,103.07,69.765,90.89,72.84100000000001,74.483,79.345,93.65599999999999,84.93400000000001,88.41100000000002,76.524,80.846,83.87799999999999,68.583,97.44900000000001,109.559,113.985,86.099,72.81,89.52199999999999,84.763,80,99.974,73.41900000000001,84.67299999999999,92.12299999999999,106.684,81.96400000000001,97.062,80.921,86.092,104.002,84.952,88.199,83.998,79.35,85.644,44.332,71.5,78.861,82.316,86.977,98.38499999999999,81.316,85.20700000000001,85.51100000000001,143.535,98.09,87.62599999999999,88.236,77.68599999999999,114.03,107.27199999999999,78.599,96.80199999999999,87.732,93.338,86.46000000000001,79.35,130.135,100.21100000000001,85.076,90.94000000000001,90.255,88.584,85.531,81.315,95.702,81.36,85.46400000000001,120.397,99.97,95.72,112.61999999999999,95.74900000000001,86.09400000000001,89.042,95.26400000000001,103.018,86.18599999999999,80.197,89.021,90.8,65.561,97.037,173.195,84.259,101.641,103.07,83.21400000000001,88.212,85.63,84.258,188.32600000000002,152.627,89.01100000000001,92.795,87.621,73.418,74.562,75.513,96.44900000000001,94.80799999999999,91.633,86.20400000000001,88.866,99.056,110.52199999999999,83.854,82.366,97.12499999999999,108.617,111.712,75.151,83.729,75.693,81.313,85.418,118.723,97.01700000000001,92.503,79.02499999999999,122.845,103.539,91.60199999999999,73.15199999999999,97.926,78.788,349.132,81.032,75.048,101.641,80.933,72.98700000000001,456.49399999999997,83.374,92.596,79.119,93.83,77.276,86.409,95.912,121.084,97.90700000000001,102.537,66.167,86.192,80.933
2009-07-01,96.412,81.393,83.11,155.86200000000002,82.65599999999999,79.93100000000001,90.44000000000001,88.326,96.408,71.612,96.41000000000001,152.07,87.6,79.846,80.365,135.722,99.60799999999999,102.68599999999999,165.661,118.10799999999999,98.786,190.271,151.318,99.054,95.026,88.661,82.274,89.057,170.97299999999998,84.516,102.788,70.324,90.103,72.812,74.71400000000001,79.843,93.524,84.76,87.96700000000001,75.027,81.12799999999999,84.30199999999999,69.02199999999999,98.16799999999999,109.507,113.164,86.121,72.781,90.41700000000002,84.826,79.91400000000002,99.39,73.651,84.67299999999999,89.776,106.66999999999999,82.44500000000001,97.74400000000001,80.909,86.114,103.17399999999999,85.083,88.286,82.44500000000001,79.848,85.81400000000001,43.406,71.187,80.79400000000001,87.587,87.573,97.79,81.41900000000001,85.47,85.859,142.48100000000002,97.959,87.599,86.74400000000001,77.703,113.887,107.43400000000001,78.795,95.799,87.70400000000001,93.137,86.596,79.848,128.446,100.258,85.069,90.799,89.899,89.05,85.863,81.418,95.04100000000001,80.471,85.798,120.184,101.088,94.763,112.609,94.79100000000001,86.116,89.384,95.983,102.12599999999999,86.6,80.365,89.48100000000001,90.647,66.66799999999999,96.70100000000001,170.553,84.24900000000001,101.279,102.788,83.24300000000001,88.29400000000001,85.799,84.24900000000001,185.70899999999997,150.493,88.923,92.548,87.595,73.64999999999999,75.972,76.13199999999999,96.06700000000001,94.99700000000001,91.751,85.65599999999999,87.37899999999999,99.645,111.55799999999999,84.057,82.869,96.43,107.862,111.196,75.3,83.922,76.12899999999999,81.41600000000001,85.574,123.894,99.056,92.82199999999999,79.319,122.074,103.483,90.726,73.22,97.30499999999999,80.71900000000001,341.46299999999997,81.256,75.307,101.279,80.921,74.613,443.96,83.63199999999999,92.813,79.73,93.38499999999999,77.35199999999999,86.533,97.206,120.161,97.829,102.306,66.631,85.061,80.92
2009-08-01,96.16799999999999,83.94000000000001,82.96100000000001,154.816,82.776,79.976,90.24600000000001,88.425,96.164,72.4,96.166,150.167,87.894,79.776,80.357,133.2,100.196,102.809,164.298,118.282,98.05499999999999,185.74599999999998,150.678,100.79,96.03,88.43400000000001,82.384,89.06,168.515,85.039,103.023,70.839,90.093,74.663,75.043,79.77199999999999,93.23100000000001,84.68299999999999,87.736,74.44800000000001,81.218,83.87899999999999,69.394,98.059,108.641,111.258,86.695,74.631,89.209,85.085,79.959,105.02799999999999,74.42,84.67299999999999,92.312,106.148,82.754,97.55499999999999,80.91400000000002,86.68799999999999,100.16,85.326,88.853,83.412,79.777,85.61999999999999,42.897,71.321,81.222,90.87799999999999,86.689,97.65899999999999,81.268,85.538,86.968,141.566,98.666,87.893,86.938,77.399,113.65299999999999,107.26700000000001,78.824,96.478,87.781,92.90100000000001,86.929,79.77799999999999,126.968,100.018,85.359,90.86999999999999,89.276,89.34400000000001,86.96300000000001,81.26700000000001,95.94500000000001,80.666,86.9,120.898,102.57199999999999,95.2,112.867,95.229,86.69,88.646,97.44500000000001,102.32,87.082,80.357,88.70700000000001,90.89,67.233,101.512,169.58800000000002,84.316,101.78,103.023,83.319,88.86,85.60499999999999,84.316,185.196,148.904,89.17099999999999,93.023,87.88799999999999,74.418,76.94200000000001,76.783,95.18199999999999,95.02199999999999,91.84700000000001,84.82,88.17599999999999,99.534,112.033,84.143,83.248,96.18599999999999,107.74600000000001,112.256,75.695,84.038,76.61,81.265,85.67399999999999,122.59700000000001,100.793,93.18499999999999,80.34700000000001,122.67199999999998,103.21000000000001,90.867,73.002,96.877,81.146,337.203,81.384,75.48400000000001,101.781,80.926,74.684,436.48199999999997,83.815,94.334,79.9,92.34100000000001,77.549,86.697,96.979,119.71700000000001,97.88799999999999,102.44800000000001,67.22,84.926,80.925
2009-09-01,96.524,84.977,83.644,154.029,82.71900000000001,80.145,90.106,88.7,96.52,72.13799999999999,96.523,151.236,88.063,78.99100000000001,80.508,138.89200000000002,100.513,103.339,162.509,118.44500000000001,97.927,185.286,147.546,100.512,96.195,88.79700000000001,82.563,89.018,167.994,84.94400000000002,103.02199999999999,71.112,90.274,74.729,75.17899999999999,78.988,94.004,84.46400000000001,87.54100000000001,74.787,82.587,83.475,69.887,97.979,108.432,112.24400000000001,86.698,74.697,89.053,85.145,80.12799999999999,106.263,74.795,84.67299999999999,88.57199999999999,105.26400000000001,82.902,97.339,80.88199999999999,86.691,100.053,85.509,88.921,83.935,78.99300000000001,85.44300000000001,42.772000000000006,71.60799999999999,81.285,85.88799999999999,87.867,97.65599999999999,82.38199999999999,85.762,86.18299999999999,143.359,98.633,88.062,87.307,77.67199999999998,114.367,106.288,78.751,96.24700000000001,87.925,93.693,86.526,78.99300000000001,126.15899999999999,99.52199999999999,85.326,91.01,89.76400000000001,88.57,86.17699999999999,82.381,96.084,81.15499999999999,86.117,119.524,102.651,96.708,112.771,96.738,86.693,89.299,98.899,103.63199999999999,86.79700000000001,80.507,89.089,90.60199999999999,67.47,101.166,172.26,84.222,101.81,103.02199999999999,83.429,88.93,85.428,84.221,179.811,147.578,89.228,92.361,88.05799999999999,74.793,77.35799999999999,77.534,95.38799999999999,95.082,91.952,83.774,87.32,99.643,112.11999999999999,84.233,83.477,96.542,108.26700000000001,109.79100000000001,76.111,84.12899999999999,76.84400000000001,82.37899999999999,85.758,119.148,100.51400000000001,93.387,79.91300000000001,124.05799999999999,103.90100000000001,91.596,73.582,96.681,81.209,340.10400000000004,81.371,75.631,101.81,80.894,75.41300000000001,417.193,84.002,95.99400000000001,79.26700000000001,91.096,77.599,87.053,95.646,119.248,98.65199999999999,103.082,67.576,84.804,80.893
2009-10-01,96.962,85.374,84.001,153.972,82.696,81.44400000000002,90.104,88.769,96.958,71.753,96.96000000000001,150.363,88.32799999999999,80.418,80.581,137.267,99.861,103.22,161.227,118.394,98.193,185.29299999999998,149.954,98.46100000000001,96.01700000000001,88.93400000000001,82.82499999999999,89.02799999999999,166.265,84.983,102.603,71.357,90.65799999999999,74.71600000000001,75.35499999999999,80.41400000000002,94.327,84.34700000000001,87.32199999999999,78.82,82.795,82.238,69.59,98.542,107.692,111.735,87.65299999999999,74.684,89.636,85.423,81.427,107.393,75.256,84.67299999999999,89.41300000000001,106.87199999999999,83.501,97.27199999999999,80.784,87.646,100.15799999999999,85.971,88.471,85.38,80.41900000000001,86.265,44.980999999999995,73.04100000000001,81.254,83.422,88.362,97.519,82.812,86.307,85.77199999999999,141.946,99.568,88.327,89.87299999999999,77.818,114.16,106.104,79.41000000000001,95.976,89.127,92.92,86.91700000000002,80.42,125.332,98.891,85.18299999999999,91.151,91.087,88.902,85.773,82.811,96.438,80.472,85.71600000000001,118.67299999999999,100.813,96.868,113.11,96.897,87.649,88.409,101.268,103.44300000000001,86.521,80.581,90.532,91.22,69.44200000000001,103.44200000000001,179.26399999999998,84.209,102.11,102.603,83.45700000000001,88.48400000000001,86.25,84.208,176.55,147.933,89.21600000000001,92.20400000000001,88.32199999999999,75.255,79.553,77.93900000000001,95.226,95.4,92.127,83.23100000000001,87.03,99.292,111.821,84.51700000000001,84.255,96.98,108.74600000000001,110.189,76.41000000000001,84.44200000000001,77.13799999999999,82.809,85.798,118.13799999999999,98.46300000000001,93.722,79.657,123.85199999999999,104.169,91.48,73.789,96.936,81.17799999999998,351.383,81.971,76.412,102.111,80.796,75.67399999999999,396.41599999999994,84.55799999999999,98.857,79.51700000000001,90.94600000000001,77.792,87.374,96.44400000000002,119.191,98.106,102.532,68.157,84.88,80.795
2009-11-01,96.57,87.588,83.801,153.86,82.971,81.829,90.053,88.728,96.566,72.57799999999999,96.569,149.626,88.624,80.67599999999999,80.884,134.16899999999998,99.136,103.864,158.946,117.693,98.506,184.912,150.36,99.94400000000002,95.76100000000001,88.018,82.94100000000002,89.029,164.497,85.089,101.649,71.839,91.181,74.71700000000001,75.6,80.67199999999998,94.26100000000001,84.163,86.983,84.809,83.042,83.393,68.773,98.306,107.739,110.94100000000002,87.833,74.68499999999999,89.398,85.489,81.81400000000001,112.021,75.39,84.67299999999999,92.363,110.438,83.54400000000001,96.96300000000001,80.726,87.826,99.664,86.074,88.488,84.486,80.67699999999999,87.46600000000001,46.407,73.689,81.483,88.532,89.13199999999999,97.01,83.199,86.456,86.118,139.126,99.131,88.62299999999999,93.43900000000001,77.779,113.57,105.95100000000001,79.526,95.71400000000001,89.141,92.65599999999999,85.77,80.67799999999998,126.323,99.151,85.15499999999999,91.081,91.699,90.076,86.12499999999999,83.198,96.592,80.15599999999999,86.07199999999999,118.359,99.753,98.059,113.507,98.089,87.82799999999999,88.048,102.387,103.15599999999999,86.93900000000001,80.884,91.147,90.89,69.49000000000001,111.057,177.934,84.109,101.853,101.649,83.617,88.504,87.45100000000001,84.109,173.611,148.738,89.48700000000001,92.669,88.618,75.389,79.486,77.87199999999999,94.81400000000001,95.571,92.39,82.823,87.453,98.42,112.07799999999999,84.43900000000001,84.296,96.588,107.24300000000001,110.051,76.573,84.49700000000001,77.43100000000001,83.195,85.792,114.89,99.94600000000001,94.01400000000001,79.90100000000001,121.548,103.606,92.16799999999999,73.90100000000001,97.462,81.40700000000001,346.198,82.27,76.369,101.854,80.738,76.435,393.697,84.71400000000001,100.542,79.73100000000001,92.04400000000001,77.902,87.41600000000001,96.8,119.482,97.07799999999999,102.58,68.483,84.49100000000001,80.736
2009-12-01,96.092,89.06700000000001,84.16,154.122,83.086,81.82199999999999,90.513,88.721,96.088,72.203,96.09,150.167,88.66999999999999,80.95100000000001,81.027,132.88000000000002,98.205,103.415,159.35700000000003,117.839,98.37199999999999,184.58700000000002,148.21899999999997,98.99900000000001,95.833,88.71600000000001,83.195,89.18499999999999,163.829,85.198,102.44500000000001,72.092,91.15499999999999,74.726,75.867,80.94700000000002,94.17699999999999,84.092,87.515,86.17299999999999,83.116,83.409,68.76100000000001,97.789,107.52,111.149,87.98700000000001,74.694,88.777,85.725,81.809,111.334,75.68799999999999,84.67299999999999,92.91700000000002,108.56400000000001,83.803,96.788,80.69,87.98,99.20100000000001,86.30199999999999,87.77799999999999,84.503,80.952,90.12899999999999,47.005,73.742,81.60199999999999,87.99100000000001,88.636,97.053,83.262,86.634,85.91900000000001,138.62,98.661,88.669,95.04,78.04,114.337,105.698,78.965,95.67299999999999,89.20100000000001,90.821,85.738,80.953,126.005,99.627,85.17599999999999,91.081,92.756,89.642,85.93,83.26100000000001,96.051,80.036,85.881,116.843,98.86,97.94800000000001,112.16,97.978,87.982,87.974,103.624,102.648,87.258,81.027,91.106,91.019,69.782,111.06400000000001,173.111,84.103,100.418,102.44500000000001,83.65899999999999,87.795,90.113,84.10199999999999,170.571,147.22299999999998,89.80499999999999,92.34100000000001,88.664,75.68599999999999,80.007,77.82499999999999,94.87199999999999,95.733,92.43400000000001,83.333,87.71900000000001,98.099,111.141,84.44800000000001,84.566,96.11,106.624,107.763,76.742,84.712,77.723,83.259,85.94200000000001,113.90100000000001,99.001,94.366,80.04400000000001,121.248,104.569,92.393,73.406,97.87799999999999,81.526,334.264,82.477,76.473,100.418,80.702,76.65599999999999,385.539,85.089,102.40700000000001,80.054,93.452,77.99000000000001,87.38199999999999,98.94300000000001,119.57199999999999,97.992,102.16,68.809,84.269,80.7
2010-01-01,96.644,89.208,84.399,152.874,83.326,82.268,90.004,88.833,96.64,71.44700000000002,96.642,149.88800000000003,88.727,81.12899999999999,81.166,135.44,99.59400000000001,102.584,160.906,117.851,97.438,183.781,148.54899999999998,99.18599999999999,95.80199999999999,89.223,83.33,88.87299999999999,163.201,85.41400000000002,102.583,72.27,90.353,75.006,76.189,81.12499999999999,94.357,83.99000000000001,87.504,85.49100000000001,83.143,84.142,70.124,97.95400000000001,106.52199999999999,110.857,88.13499999999999,74.974,91.304,85.753,82.258,113.67899999999999,75.922,84.67299999999999,93.04,111.972,84.056,96.44300000000001,80.70700000000001,88.12799999999999,99.034,87.60199999999999,87.67699999999999,84.563,81.13,89.312,49.486,74.48700000000001,81.742,82.838,87.41900000000001,97.21300000000001,83.80799999999999,86.829,85.74100000000001,141.721,98.127,88.726,100.134,78.224,114.32799999999999,105.864,79.042,95.495,89.192,90.849,86.235,81.13,125.609,100.164,84.801,91.01,95.21700000000001,89.51400000000001,85.755,83.806,97.18199999999999,79.01700000000001,85.71000000000001,116.46600000000001,97.979,97.477,111.04700000000001,97.506,88.13,88.198,104.8,102.49300000000001,87.269,81.167,90.869,90.94000000000001,70.076,117.846,171.55700000000002,84.046,100.54100000000001,102.582,83.67499999999998,87.693,89.29700000000001,84.045,171.55800000000002,147.936,90.32199999999999,92.85199999999999,88.722,75.921,80.345,77.938,95.232,96.099,92.523,85.161,87.311,98.2,110.81,84.62299999999999,84.71400000000001,96.66199999999999,106.733,107.354,77.01400000000001,84.96000000000001,78.05499999999999,83.804,86.139,113.009,99.18799999999999,94.32199999999999,79.616,120.36,104.898,92.889,73.107,98.17999999999999,81.66499999999999,328.70099999999996,82.604,76.538,100.54100000000001,80.71900000000001,76.74300000000001,373.6,85.501,104.15899999999999,80.24100000000001,93.316,78.223,87.435,98.384,117.512,97.24400000000001,101.333,69.394,86.227,80.718
2010-02-01,96.73100000000001,89.192,84.099,153.80200000000002,82.769,82.45700000000001,90.166,88.63,96.726,72.103,96.729,148.26399999999998,88.643,81.281,81.757,133.05,99.89,102.90700000000001,159.23499999999999,117.65899999999999,97.199,182.065,149.485,100.44100000000002,96.059,89.283,83.251,89.29100000000001,162.10299999999998,85.573,103.32799999999999,72.795,89.85799999999999,75.295,76.49400000000001,81.277,94.43900000000001,83.985,87.67399999999999,84.71300000000001,83.17099999999999,83.301,70.05799999999999,97.269,104.728,110.333,88.334,75.262,89.477,86.026,82.44900000000001,110.896,76.189,84.67299999999999,96.229,112.507,84.115,96.406,80.706,88.327,99.038,87.799,87.881,84.524,81.282,88.806,51.714,75.20400000000001,81.94100000000002,83.096,86.65499999999999,96.9,83.799,86.886,85.9,140.706,98.124,88.642,100.17499999999998,79.465,114.30499999999999,104.906,79.41900000000001,95.566,89.285,91.20700000000001,84.908,81.283,125.077,100.62199999999999,84.912,90.94000000000001,95.21300000000001,89.35799999999999,85.91700000000002,83.798,96.80799999999999,79.119,85.87599999999999,117.932,95.972,97.258,111.15899999999999,97.288,88.33,88.134,105.354,102.96600000000001,87.327,81.758,90.902,91.012,70.03,115.008,169.529,84.02799999999999,100.408,103.32799999999999,83.691,87.898,88.79,84.02799999999999,170.118,148.97,90.145,92.786,88.637,76.187,80.10799999999999,77.94300000000001,94.816,96.266,92.82,87.104,87.752,98.664,110.202,85.169,84.709,96.748,106.755,107.909,77.324,85.07499999999999,78.256,83.796,86.202,115.008,100.44300000000001,94.242,79.922,120.30499999999999,104.862,93.895,73.329,98.606,81.865,322.537,82.821,76.70400000000001,100.409,80.718,76.787,357.49699999999996,85.708,104.531,80.52199999999999,93.73100000000001,78.26,87.579,99.55499999999999,115.118,97.86,101.21400000000001,69.826,85.87199999999999,80.71700000000001
2010-03-01,96.519,89.64999999999999,84.392,153.284,82.82199999999999,82.64999999999999,90.34700000000001,88.755,96.515,72.846,96.51700000000001,146.553,88.67199999999998,81.51,82.07199999999999,133.839,100.069,102.723,156.632,117.66999999999999,97.46000000000001,182.533,147.32800000000003,101.93900000000001,96.05,89.546,83.46900000000001,89.40400000000001,161.58200000000002,85.84700000000001,103.49000000000001,72.796,91.519,76.29400000000001,76.785,81.506,94.161,83.99300000000001,87.225,87.79100000000001,83.117,83.092,69.736,96.894,104.68499999999999,109.874,88.54100000000001,76.26100000000001,92.63499999999999,86.16999999999999,82.644,109.65199999999999,76.66499999999999,84.67299999999999,96.85799999999999,111.149,84.187,96.338,80.75,88.534,99.32499999999999,87.91300000000001,87.424,85.023,81.51100000000001,89.12499999999999,54.679,76.061,82.071,83.505,88.553,96.893,84.18299999999999,86.842,85.706,140.98000000000002,98.501,88.67099999999999,99.118,79.009,113.742,104.41600000000001,79.324,95.667,89.282,89.975,85.697,81.512,124.57199999999999,100.62799999999999,85.07799999999999,90.94000000000001,94.971,89.13799999999999,85.725,84.18199999999999,96.12799999999999,79.35799999999999,85.687,117.18299999999999,95.96000000000001,97.05499999999999,111.93400000000001,97.084,88.537,87.908,105.137,103.393,87.49100000000001,82.074,90.89,90.827,70.16799999999999,115.79400000000001,167.86200000000002,83.96600000000001,99.938,103.489,83.649,87.44300000000001,89.11,83.965,169.71599999999998,148.57299999999998,89.87599999999999,92.46900000000001,88.667,76.663,80.37499999999999,78.034,94.482,96.478,92.985,86.46700000000001,87.545,98.49000000000001,110.7,85.364,84.804,96.537,107.085,107.95100000000001,77.67199999999998,85.083,78.545,84.17999999999999,86.133,114.54,101.94100000000002,93.698,80.45700000000001,120.729,104.60199999999999,92.95400000000001,74.254,98.595,81.99400000000001,317.369,83.101,76.843,99.938,80.762,77.20700000000001,355.202,85.64,104.169,80.74100000000001,97.44000000000001,78.415,87.812,100.042,116.971,97.792,101.13499999999999,70.17999999999999,84.953,80.762
2010-04-01,96.71900000000001,90.606,84.468,153.287,82.831,82.752,90.07,89.224,96.715,74.868,96.71700000000001,144.655,88.693,81.645,82.44700000000002,136.32500000000002,99.909,102.369,156.88800000000003,117.70100000000001,97.02499999999999,181.369,144.559,101.315,95.85,89.383,84.034,89.257,161.212,86.111,102.979,72.979,92.13,76.255,77.05,81.642,94.096,84.11,87.429,86.292,83.191,83.59,68.131,96.738,105.009,108.068,88.723,76.222,89.905,86.17999999999999,82.74600000000001,109.49300000000001,77.039,84.67299999999999,94.63499999999999,108.79700000000001,84.44300000000001,96.29,80.785,88.71600000000001,99.268,88.09100000000001,88.361,85.614,81.647,89.819,54.456999999999994,76.223,82.09100000000001,86.07199999999999,89.116,96.81,84.15499999999999,86.87499999999999,86.048,138.406,97.824,88.692,99.398,80.803,112.389,104.224,79.203,95.21400000000001,86.617,92.068,85.813,81.647,123.88799999999999,99.618,85.117,91.151,93.46700000000001,89.67299999999999,86.069,84.154,96.479,79.15899999999999,86.032,115.65599999999999,92.633,96.71100000000001,112.7,96.74100000000001,88.718,87.606,104.67599999999999,103.581,87.585,82.44800000000001,90.813,90.88499999999999,70.732,118.49400000000001,167.88700000000003,83.955,99.29,102.979,83.763,88.384,89.804,83.955,168.92100000000002,149.394,90.31400000000001,92.20100000000001,88.687,77.038,81.38799999999999,78.107,94.607,96.66199999999999,93.07499999999999,87.669,87.71900000000001,98.48,111.581,85.42,85.087,96.73700000000001,106.892,108.70100000000001,77.893,85.189,78.807,84.15199999999999,86.007,112.601,101.31700000000001,93.864,80.96700000000001,119.982,103.699,93.353,74.612,98.412,82.01400000000001,315.686,83.113,76.811,99.29,80.79700000000001,77.59100000000001,351.46299999999997,85.807,103.62899999999999,81.115,99.53,78.91000000000001,88.07199999999999,101.25,116.485,96.77499999999999,101.006,70.62799999999999,85.10499999999999,80.79700000000001
2010-05-01,96.059,91.35799999999999,84.57799999999999,152.43,82.903,82.62199999999999,90.485,89.371,96.05499999999999,75.763,96.057,143.85600000000002,88.646,81.892,82.551,133.655,99.978,101.17299999999999,155.2,117.85,96.726,179.108,143.045,100.29700000000001,95.703,89.91700000000002,84.119,89.31400000000001,159.526,86.121,101.725,73.321,91.548,76.32199999999999,77.316,81.88799999999999,94.136,84.345,87.70400000000001,86.002,83.15299999999999,83.485,68.52,96.51700000000001,104.892,108.79700000000001,88.80199999999999,76.289,89.274,86.471,82.618,107.345,77.274,84.596,91.98400000000001,109.65599999999999,84.52,95.542,80.819,88.795,98.93400000000001,88.284,88.776,86.09100000000001,81.893,89.985,55.15,76.687,82.664,89.09700000000001,90.751,96.52,84.145,87.026,86.634,136.14499999999998,97.757,88.645,98.01,81.48100000000001,111.40700000000001,104.271,79.034,95.293,86.614,92.263,86.07799999999999,81.893,123.63199999999999,100.26400000000001,85.405,91.081,94.02199999999999,89.922,86.65599999999999,84.144,96.208,79.88,86.621,114.84,95.52499999999999,96.554,112.87499999999999,96.583,88.79700000000001,87.63499999999999,104.39,103.801,87.748,82.553,90.68499999999999,90.892,71.836,116.81400000000001,168.93,84.004,99.111,101.724,83.883,88.799,89.97,84.004,164.814,146.189,90.615,92.71100000000001,88.641,77.273,81.489,78.281,94.336,96.70700000000001,93.026,88.968,87.634,98.18499999999999,109.908,85.37299999999999,85.104,96.077,106.982,108.071,78.255,85.223,79.113,84.141,86.082,112.583,100.299,93.392,81.57,120.543,102.96700000000001,93.979,76.191,98.67499999999998,82.587,316.166,83.253,76.959,99.111,80.831,78.581,344.877,85.874,103.316,81.121,97.806,79.37799999999999,88.056,101.057,115.021,96.67099999999999,100.975,71.04700000000001,84.67299999999999,80.831
2010-06-01,97.433,91.74400000000001,84.75,152.38800000000003,83.425,82.71400000000001,90.151,89.453,97.429,76.584,97.432,141.569,88.609,82.229,82.90400000000001,130.089,99.857,101.553,152.98600000000002,117.773,97.569,177.67899999999997,139.35500000000002,100.079,95.62599999999999,89.74700000000001,84.333,89.332,158.21699999999998,86.369,100.502,73.849,91.215,76.356,77.519,82.226,94.21700000000001,84.636,87.661,83.842,83.44200000000001,84.14,69.07199999999999,96.633,105.14999999999999,107.839,88.97,76.323,88.81400000000001,86.488,82.712,105.083,77.609,84.596,93.01,108.922,84.425,95.224,80.90400000000001,88.96300000000001,99.269,88.455,88.94900000000001,86.095,82.23100000000001,90.208,56.333999999999996,76.71700000000001,82.924,94.77499999999999,89.912,96.43100000000001,84.144,87.074,87.43900000000001,137.89100000000002,97.90400000000001,88.60799999999999,97.634,82.004,112.958,103.82499999999999,79.28,96.01700000000001,86.571,91.77799999999999,87.16199999999999,82.23100000000001,122.792,101.036,85.396,91.081,95.67399999999999,90.06400000000001,87.462,84.142,95.94100000000002,79.82199999999999,87.427,114.232,95.456,96.49000000000001,111.955,96.519,88.96600000000001,87.27799999999999,105.868,103.49300000000001,87.74100000000001,82.906,90.67999999999999,90.75,71.131,113.113,169.257,84.05199999999999,98.29700000000001,100.502,83.98,88.971,90.193,84.051,160.687,141.564,90.70400000000001,92.642,88.604,77.60799999999999,80.835,78.356,94.637,97.209,93.057,90.08,87.738,97.501,110.27499999999999,85.45,84.90100000000001,97.45100000000001,107.77499999999999,106.641,78.44700000000002,85.199,79.353,84.14,86.103,111.979,100.081,93.55199999999999,82.092,120.266,103.927,92.86999999999999,76.085,99.136,82.84700000000001,315.552,83.337,77.131,98.29700000000001,80.91600000000001,79.066,342.371,85.864,104.44100000000002,81.55799999999999,94.722,79.68199999999999,88.17199999999998,98.41300000000001,114.371,96.303,100.838,71.27799999999999,84.42,80.91600000000001
2010-07-01,97.44400000000002,92.337,84.909,151.35500000000002,83.136,82.90700000000001,90.09,89.56700000000001,97.44000000000001,76.44400000000002,97.44300000000001,139.221,88.77499999999999,80.292,82.99700000000001,128.48800000000003,100.793,102.197,151.933,117.854,98.402,178.43800000000002,135.83200000000002,99.14999999999999,95.881,90.09,84.5,89.34,156.872,86.45700000000001,101.293,73.729,91.538,76.257,77.76100000000001,80.289,94.193,84.97,87.813,85.661,83.57,84.633,69.46400000000001,97.09400000000001,105.408,107.242,88.99900000000001,76.224,86.718,86.644,82.905,107.851,77.748,84.596,92.08,109.771,84.288,94.85499999999999,80.94600000000001,88.992,98.562,88.71600000000001,89.24700000000001,86.345,80.29400000000001,90.474,56.778000000000006,76.604,83.6,104.157,88.17999999999999,96.64,84.854,87.061,87.8,133.507,98.257,88.774,97.202,82.164,112.705,103.381,79.111,95.318,86.56400000000001,92.12499999999999,87.504,80.29400000000001,123.131,100.505,85.502,91.151,96.45100000000001,90.634,87.82199999999999,84.853,95.66,80.615,87.787,113.54100000000001,95.192,96.41700000000002,111.534,96.44600000000001,88.99400000000001,87.839,104.337,102.657,87.73400000000001,82.998,90.94200000000001,90.787,70.318,111.292,169.762,84.086,98.31,101.292,84.059,89.266,90.458,84.085,159.55,139.52,90.88799999999999,93.921,88.769,77.74700000000001,79.863,78.71300000000001,94.124,97.332,93.189,90.926,88.218,97.368,110.323,85.468,84.585,97.462,107.67699999999999,106.109,78.44900000000001,85.24600000000001,79.636,84.851,86.35,112.32499999999999,99.15199999999999,93.364,81.823,120.221,103.85,93.54100000000001,76.18499999999999,99.67499999999998,83.52199999999999,315.512,83.611,77.195,98.31,80.958,79.709,337.527,86.089,103.77,82.142,93.49600000000001,80.74400000000001,88.137,98.394,114.534,96.45100000000001,101.342,71.66799999999999,84.74400000000001,80.959
2010-08-01,97.296,89.902,85.07499999999999,150.757,83.18199999999999,83.43900000000001,89.76700000000001,89.503,97.29100000000001,75.986,97.29400000000001,136.768,88.905,81.477,83.262,127.55199999999999,99.542,102.086,152.16299999999998,117.933,97.87299999999999,179.373,136.69299999999998,99.94200000000001,95.90100000000001,90.124,84.71300000000001,89.386,156.684,86.495,101.784,72.905,91.76700000000001,75.739,77.738,81.474,94.027,85.336,88.23400000000001,87.839,83.67299999999999,84.319,68.49600000000001,98.456,104.55,106.601,89.144,75.706,86.033,86.661,83.438,109.536,78.203,84.596,92.506,109.577,84.582,95.48,80.91000000000001,89.137,97.842,88.856,89.366,86.09,81.479,90.068,56.478,76.35,83.781,104.368,90.436,97.013,84.71900000000001,87.189,87.94600000000001,131.67299999999997,98.323,88.90400000000001,97.74300000000001,81.798,113.468,103.34100000000001,78.60499999999999,95.59,85.56400000000001,92.16999999999999,87.49300000000001,81.479,123.73,101.06400000000001,85.436,91.222,96.361,90.642,87.968,84.718,95.403,80.603,87.932,113.383,97.67399999999999,96.5,112.20700000000001,96.529,89.14,87.62499999999999,104.304,101.832,87.67199999999998,83.263,91.265,91.084,71.054,112.24900000000001,168.04,84.093,98.55499999999999,101.784,84.228,89.38199999999999,90.053,84.092,158.624,140.74299999999997,90.88799999999999,94.75,88.899,78.20100000000001,80.648,78.67299999999999,94.68499999999999,97.582,93.43700000000001,91.07499999999999,87.826,97.735,110.45400000000001,85.73100000000001,84.816,97.31400000000001,107.285,106.479,78.848,85.44000000000001,80.037,84.715,86.56,113.043,99.94400000000002,93.24300000000001,82.019,119.77499999999999,104.589,93.148,76.24400000000001,100.27799999999999,83.703,311.59099999999995,83.757,77.367,98.55499999999999,80.922,80.16199999999999,330.729,86.343,104.085,82.16199999999999,94.394,80.339,88.44100000000002,97.10499999999999,112.986,95.369,100.94900000000001,71.935,85.384,80.923
2010-09-01,97.856,87.582,85.44500000000001,150.45000000000002,83.144,83.971,90.42,89.49400000000001,97.851,76.238,97.854,134.167,89.048,83.295,83.298,132.751,98.621,101.857,149.70399999999998,117.99300000000001,97.195,179.738,136.796,101.49100000000001,97.74300000000001,90.32799999999999,84.902,89.452,157.017,86.62299999999999,102.036,73.282,91.425,75.757,78.20400000000001,83.29100000000001,94.601,85.79,88.403,89.65899999999999,84.79400000000001,84.736,68.65199999999999,97.66999999999999,104.363,106.346,89.29400000000001,75.725,86.974,86.974,83.97,110.96600000000001,78.11999999999999,85.218,98.15199999999999,108.587,84.67499999999998,95.198,81.013,89.286,97.76400000000001,88.891,88.45,85.91400000000002,83.29700000000001,90.593,55.598000000000006,76.17199999999998,83.91600000000001,96.84,90.823,96.337,84.74400000000001,87.33,87.534,132.416,98.586,89.04700000000001,99.42,83.43100000000001,112.37299999999999,103.13199999999999,78.546,95.543,85.57,90.24100000000001,87.793,83.29700000000001,122.795,100.592,85.27499999999999,91.081,95.633,90.691,87.556,84.74300000000001,96.09,79.93100000000001,87.521,112.548,98.549,96.689,112.40700000000001,96.71900000000001,89.289,87.64,104.729,101.992,87.87199999999999,83.299,91.548,90.66,71.154,113.12899999999999,164.96800000000002,84.13,99.397,102.036,84.331,88.465,90.57799999999999,84.13,156.68200000000002,138.767,90.66799999999999,94.289,89.043,78.118,80.46600000000001,78.866,94.46000000000001,97.706,93.593,92.198,88.65899999999999,97.293,110.329,85.933,84.768,97.874,107.07799999999999,105.633,79.12299999999999,85.524,80.21000000000001,84.74100000000001,86.666,112.925,101.49300000000001,93.561,81.538,118.712,103.71000000000001,94.14,75.549,100.166,83.837,305.4309999999999,83.899,77.67599999999999,99.398,81.02499999999999,80.21100000000001,327.287,86.24300000000001,104.52499999999999,82.643,94.651,81.085,88.74000000000001,96.70100000000001,109.657,95.788,100.971,72.345,84.106,81.026
2010-10-01,97.742,88.813,85.664,149.92600000000002,83.505,83.952,90.226,89.111,97.738,76.96600000000001,97.74000000000001,134.608,89.35799999999999,82.526,83.304,133.287,97.95100000000001,101.692,151.10399999999998,117.838,97.08,178.374,137.047,101.301,97.339,90.85,85.09,89.615,156.77499999999998,86.736,100.859,73.636,91.24600000000001,75.799,78.40400000000001,82.52199999999999,94.535,86.313,89.009,90.127,84.784,85.56,68.062,97.266,105.145,106.34,89.366,75.766,87.587,87.279,83.952,117.56,78.252,85.218,89.242,108.881,85.34400000000001,95.15199999999999,81.012,89.35799999999999,98.17799999999998,88.86999999999999,88.232,85.894,82.527,91.579,56.429,75.726,84.01700000000001,92.36,89.95700000000001,95.77,84.574,87.516,87.18599999999999,131.38100000000003,98.107,89.357,100.332,83.51100000000001,111.62299999999999,103.222,78.765,95.406,85.346,90.205,87.91900000000001,82.527,121.488,100.87299999999999,85.164,91.222,96.40400000000001,90.783,87.20700000000001,84.573,95.24000000000001,78.915,87.17299999999999,112.164,99.107,96.853,111.592,96.88199999999999,89.361,87.816,104.563,101.777,88.641,83.307,91.618,90.566,73.139,118.398,167.466,84.17799999999998,99.49600000000001,100.85799999999999,84.477,88.24700000000001,91.56400000000001,84.17799999999998,155.967,136.22,90.51400000000001,94.829,89.353,78.251,82.646,78.99400000000001,93.752,97.806,93.566,93.71600000000001,89.67599999999999,97.545,110.15899999999999,85.93100000000001,85.429,97.76,107.084,105.53,79.339,85.869,80.46700000000001,84.571,86.721,112.112,101.303,94.02199999999999,81.042,118.42,103.016,94.369,75.563,100.77499999999999,83.93900000000001,309.83299999999997,84.021,77.974,99.49600000000001,81.024,80.239,322.146,86.397,104.52499999999999,82.91300000000001,94.537,81.289,88.95100000000001,96.49600000000001,108.82,95.335,101.44200000000001,72.617,84.086,81.02499999999999
2010-11-01,98.31,90.877,85.99400000000001,148.726,83.618,83.979,90.91400000000002,89.21900000000001,98.306,77.095,98.309,132.93200000000002,89.585,82.766,83.568,122.96700000000001,98.269,101.288,150.597,117.864,97.74300000000001,177.19899999999998,136.36200000000002,99.617,97.781,90.891,85.41400000000002,89.723,156.105,86.992,100.75,73.856,91.427,75.91100000000002,78.64,82.763,94.553,86.938,89.63,93.337,84.863,86.722,68.012,98.20700000000001,105.6,106.09100000000001,89.424,75.87799999999999,89.224,87.44300000000001,83.979,120.66,78.59400000000001,85.68499999999999,96.348,105.09,85.54100000000001,94.34,81.181,89.41700000000002,98.228,89.043,88.458,85.62299999999999,82.768,92.696,56.306,75.637,83.98100000000001,96.892,92.46000000000001,96.31,84.933,87.637,87.045,132.092,97.271,89.584,100.883,83.354,112.324,102.549,78.333,94.962,85.353,90.846,88.818,82.768,120.223,100.65599999999999,85.181,91.433,97.004,90.853,87.065,84.932,94.568,79.402,87.03,112.146,99.12299999999999,96.835,111.51400000000001,96.864,89.41900000000001,87.90700000000001,105.485,101.67599999999999,88.926,83.57,91.87899999999999,90.712,73.41600000000001,123.405,167.056,84.268,100.187,100.75,84.537,88.472,92.681,84.268,152.29299999999998,135.86800000000002,90.509,95.28,89.579,78.592,83.01100000000001,78.906,93.41100000000002,97.893,93.59100000000001,93.577,89.30799999999999,97.751,110.348,86.222,85.606,98.329,107.199,104.196,79.631,86.083,80.74900000000001,84.93,86.782,110.415,99.619,93.259,80.992,118.90100000000001,103.368,93.265,75.611,101.323,83.903,309.101,84.215,78.229,100.187,81.193,80.37899999999999,317.388,86.68199999999999,105.167,83.184,93.357,81.424,88.968,96.823,108.338,95.624,101.04100000000001,73.08,84.54,81.195
2010-12-01,98.10199999999999,91.44600000000001,86.056,148.23,82.94300000000001,84.477,90.67499999999998,89.428,98.098,76.636,98.1,130.593,89.94400000000002,82.924,84.073,122.726,97.79400000000001,101.239,148.474,117.194,97.54,174.376,132.65200000000002,100.70100000000001,96.52199999999999,91.262,85.397,90.235,155.98600000000002,87.07,101.27799999999999,74.601,91.77,76.07799999999999,78.90400000000001,82.921,94.46600000000001,87.60499999999999,88.753,94.473,85.004,86.892,68.363,96.738,103.62599999999999,106.111,89.465,76.045,91.76400000000001,87.42,84.477,127.516,78.857,85.68499999999999,99.09100000000001,105.75,85.587,95.98100000000001,81.33,89.458,98.268,89.054,88.545,86.646,82.926,95.66199999999999,55.284,76.049,84.1,95.647,93.819,95.053,85.324,87.238,87.27799999999999,128.35200000000003,98.074,89.94400000000002,102.23100000000001,83.032,112.209,102.95700000000001,79.088,95.12799999999999,84.886,91.144,89,82.926,120.24400000000001,99.62799999999999,85.44600000000001,91.574,97.44400000000002,90.71000000000001,87.296,85.323,94.85199999999999,79.933,87.259,111.779,98.224,96.887,112.863,96.91700000000002,89.46100000000001,88.74300000000001,105.926,101.596,89.141,84.07499999999999,92.06700000000001,90.5,72.62799999999999,129.405,166.74899999999997,84.342,100.362,101.27799999999999,84.615,88.557,95.646,84.34100000000001,147.583,136.047,90.432,95.371,89.93900000000001,78.85499999999999,82.88499999999999,78.926,94.048,97.99100000000001,93.614,92.79700000000001,88.77499999999999,97.381,109.68499999999999,86.371,85.617,98.11999999999999,106.05,104.492,79.861,86.15599999999999,81.02,85.321,86.94400000000002,110.29400000000001,100.703,93.019,80.695,117.062,103.59700000000001,94.433,74.926,101.842,84.021,308.81,84.324,78.483,100.363,81.342,80.796,311.312,86.925,105.67499999999998,83.35499999999999,94.781,81.598,89.062,95.65199999999999,109.74700000000001,95.845,100.84700000000001,73.495,83.646,81.345
2011-01-01,99.17399999999999,92.75,86.137,147.53,83.248,85.15899999999999,91.306,89.34,99.16999999999999,79.542,99.17199999999998,130.483,90.236,83.024,84.167,126.753,96.836,101.617,149.677,116.57799999999999,97.509,171.466,133.194,101.821,98.01700000000001,90.254,85.44400000000002,90.35,155.471,87.11999999999999,101.636,75.258,91.43700000000001,76.062,79.15899999999999,83.02,94.724,88.351,90.703,97.043,85.18199999999999,87.26700000000001,68.184,96.612,103.63,105.76100000000001,89.57199999999999,76.029,93.41700000000002,87.556,85.15799999999999,129.727,79.37499999999999,86.30799999999999,97.738,105.149,86.124,96.74000000000001,81.49300000000001,89.565,98.74400000000001,90.664,88.62499999999999,87.05799999999999,83.02499999999999,96.606,53.800999999999995,75.661,86.057,96.59100000000001,94.571,96.708,85.66499999999999,87.583,87.561,130.04399999999998,97.862,90.235,102.154,83.17599999999999,111.524,102.631,79.239,95.505,84.88199999999999,90.723,89.62499999999999,83.02499999999999,119.187,99.839,85.753,91.925,97.603,90.613,87.57499999999999,85.664,95.083,80.73700000000001,87.536,112.027,96.418,96.891,114.17799999999998,96.92,89.568,88.918,106.866,101.023,89.46000000000001,84.16799999999999,92.37199999999999,90.52,73.892,138.208,165.863,84.43400000000001,100.41100000000002,101.63499999999999,84.815,88.634,96.589,84.43400000000001,149.82700000000003,135.189,91.212,95.20400000000001,90.23100000000001,79.374,84.588,79.409,94.60799999999999,97.66199999999999,93.70400000000001,93.71000000000001,89.024,97.813,109.894,86.781,86.24100000000001,99.192,106.166,104.336,80.112,86.391,81.298,85.661,87.28,111.66799999999999,101.823,93.694,81.43700000000001,115.593,103.17099999999999,94.223,73.664,102.845,85.977,307.695,84.501,78.69,100.412,81.505,80.74300000000001,306.553,87.551,106.403,83.725,96.647,82.005,89.27199999999999,96.596,113.513,96.37599999999999,101.127,73.776,85.121,81.507
2011-02-01,99.912,95.15599999999999,86.118,146.871,83.669,85.38799999999999,91.474,89.435,99.90700000000001,80.363,99.91000000000001,130.24299999999997,90.526,83.203,84.309,126.424,96.565,102.045,151.256,116.47,98.31700000000001,169.92800000000003,133.354,103.41000000000001,98.532,90.661,85.47,90.44500000000001,154.105,87.17499999999998,101.32,75.34700000000001,91.617,76.433,79.408,83.199,95.111,89.06,91.94900000000001,102.479,85.365,88.643,68.048,96.905,104.10799999999999,105.56400000000001,89.883,76.4,91.706,87.84700000000001,85.38799999999999,131.879,79.796,86.15199999999999,97.05799999999999,106.787,86.326,97.505,81.614,89.87599999999999,99.15599999999999,90.807,88.43900000000001,86.18199999999999,83.20400000000001,97.475,52.962,75.36999999999999,86.13199999999999,97.46000000000001,95.429,96.83,85.94000000000001,87.667,87.67799999999998,131.23899999999998,98.27499999999999,90.52499999999999,102.928,82.789,111.09400000000001,102.663,79.065,95.40700000000001,84.313,90.26,90.166,83.20400000000001,118.251,99.478,85.849,92.62899999999999,98.106,90.697,87.689,85.93900000000001,94.245,80.624,87.647,111.604,94.554,97.505,113.398,97.535,89.87899999999999,88.838,106.71600000000001,100.894,89.543,84.31,92.81400000000001,91.117,74.2,146.166,166.225,84.554,99.986,101.32,84.94100000000002,88.44500000000001,97.459,84.553,148.036,137.004,91.472,94.383,90.521,79.79400000000001,84.895,79.428,94.738,98.131,93.823,94.61999999999999,89.489,98.67199999999998,110.84700000000001,87.255,86.44100000000002,99.93,106.897,105.342,80.455,86.495,81.579,85.936,87.51,112.508,103.412,93.691,81.195,116.04400000000001,103.406,94.93,74.233,103.32799999999999,86.051,308.59799999999996,84.66999999999999,78.79400000000001,99.986,81.62599999999999,81.139,303.069,87.60199999999999,106.184,83.77199999999999,101.8,82.729,89.31700000000001,97.465,113.51100000000001,96.48100000000001,101.485,74.279,85.538,81.62899999999999
2011-03-01,99.722,98.23,86.37599999999999,146.88400000000001,83.786,85.357,91.81,89.37899999999999,99.718,81.799,99.721,131.797,90.995,83.369,84.43100000000001,124.338,96.579,101.60799999999999,148.52200000000002,116.452,98.65599999999999,168.099,131.655,103.459,100.361,91.583,85.74900000000001,89.91100000000002,152.063,87.09700000000001,100.546,75.776,92.334,76.566,79.712,83.365,95.032,89.657,94.203,104.224,85.619,89.35499999999999,68.721,98.21600000000001,103.472,106.21700000000001,90.18799999999999,76.533,91.38499999999999,87.863,85.357,139.01,80.06700000000001,85.374,98.49400000000001,106.233,86.57799999999999,98.498,81.74000000000001,90.181,99.21900000000001,90.96700000000001,88.334,86.276,83.36999999999999,97.242,53.104,75.139,86.22,97.226,95.785,97.288,86.119,88.02799999999999,87.65299999999999,131.687,97.898,90.99400000000001,104.096,83.32199999999999,111.30199999999999,104.482,78.95100000000001,95.366,84.32,89.918,90.46900000000001,83.371,117.654,99.91300000000001,85.38499999999999,92.91100000000002,101.40400000000001,90.99700000000001,87.661,86.118,94.332,79.87899999999999,87.615,111.745,97.321,98.103,113.089,98.133,90.184,88.777,106.17899999999999,101.62899999999999,89.806,84.43100000000001,93.15799999999999,91.708,74.806,155.195,165.319,84.627,99.978,100.546,85.212,88.338,97.225,84.627,144.785,141.303,91.408,94.86999999999999,90.989,80.066,85.338,79.316,95.583,98.215,93.74600000000001,95.955,89.315,98.722,109.189,87.255,86.66999999999999,99.74100000000001,106.881,105.46300000000001,80.803,86.84100000000001,81.854,86.116,87.712,112.223,103.46100000000001,93.846,81.35,115.82499999999999,103.346,95.55199999999999,75.323,102.958,86.139,306.869,84.77499999999999,79.374,99.978,81.752,81.51100000000001,300.43499999999995,87.811,105.77799999999999,83.851,106.6,83.17199999999998,89.306,97.23100000000001,111.04700000000001,96.07799999999999,100.99300000000001,74.67599999999999,86.32199999999999,81.756
2011-04-01,99.864,96.498,86.634,147.098,84.15499999999999,85.498,92.258,89.513,99.859,82.271,99.862,133.224,91.422,83.533,84.60799999999999,124.979,96.563,101.23400000000001,148.27499999999998,116.405,98.93100000000001,167.15200000000002,131.21899999999997,102.066,101.921,93.149,85.955,89.96400000000001,152.38700000000003,87.288,100.812,76.04100000000001,92.569,78.54400000000001,79.925,83.53,95.24100000000001,90.189,94.43100000000001,105.23100000000001,85.762,88.892,69.002,98.62599999999999,103.455,106.527,90.363,78.51,91.252,88.09400000000001,85.49700000000001,146.04,80.331,85.91900000000001,99.489,107.823,86.94900000000001,97.96400000000001,81.837,90.35499999999999,99.262,91.012,88.238,86.384,83.535,96.369,53.274,75.47,86.604,96.354,98.29400000000001,97.71600000000001,86.163,88.145,87.139,132.556,98.043,91.421,105.202,85.508,111.327,104.273,79.387,95.405,84.599,89.96400000000001,92.228,83.535,119.587,100.07199999999999,85.837,93.192,103.62499999999999,91.66199999999999,87.145,86.16199999999999,94.40700000000001,79.786,87.09400000000001,112.02199999999999,97.276,98.593,113.09100000000001,98.62299999999999,90.35799999999999,88.71900000000001,107.46900000000001,102.226,90.088,84.609,93.366,92.33,75.95700000000001,160.122,164.99800000000002,84.70100000000001,99.79700000000001,100.811,85.543,88.24100000000001,96.353,84.7,143.708,139.967,91.69,95.099,91.41700000000002,80.329,86.114,79.424,95.392,98.37199999999999,93.898,96.692,89.68599999999999,98.81400000000001,108.41600000000001,87.455,87.012,99.88199999999999,106.796,105.255,81.311,87.44500000000001,82.118,86.15899999999999,87.88499999999999,111.73100000000001,102.068,93.279,81.07199999999999,115.23100000000001,103.66199999999999,94.751,75.62499999999999,103.574,86.523,305.955,85.088,80.048,99.79700000000001,81.849,81.41900000000001,294.954,88.17399999999999,106.42,84.887,104.016,83.367,89.533,96.359,110.829,96.41600000000001,100.813,74.94100000000002,86.045,81.853
2011-05-01,100.618,98.35499999999999,87.82499999999999,145.662,84.41600000000001,85.607,93.252,89.562,100.613,82.82,100.616,134.206,91.71300000000001,83.753,84.796,127.114,97.257,101.394,147.602,116.377,97.60799999999999,165.725,129.92200000000003,102.94500000000001,103.551,94.301,86.232,90.21900000000001,153.21099999999998,87.41400000000002,99.73,76.299,92.96000000000001,78.735,80.12899999999999,83.75,94.41600000000001,90.67899999999999,95.112,103.046,85.834,90.695,69.646,98.65499999999999,104.43,107.069,90.614,78.70100000000001,90.41300000000001,88.374,85.60499999999999,148.186,80.698,86.853,103.833,108.646,87.15599999999999,98.9,81.96100000000001,90.606,100.019,91.118,88.909,85.537,83.755,96.29100000000001,53.217,75.96000000000001,87.068,96.27499999999999,98.912,97.789,87.139,87.87599999999999,88.16199999999999,133.323,98.184,91.712,108.366,87.588,111.67799999999998,103.471,79.62599999999999,96.44400000000002,84.604,90.726,92.893,83.755,119.87199999999999,100.17399999999999,86.06,94.107,105.029,91.34700000000001,88.169,87.13799999999999,93.796,79.09400000000001,88.114,112.62299999999999,95.53,99.709,113.239,99.739,90.609,89.262,108.037,101.663,90.221,84.79700000000001,93.82,92.45700000000001,76.05799999999999,158.824,164.305,84.79700000000001,99.37799999999999,99.73,85.71000000000001,88.91100000000002,96.274,84.79700000000001,141.836,139.946,92.533,94.968,91.70700000000001,80.697,86.397,79.44200000000001,95.895,98.428,94.02499999999999,97.96900000000001,90.667,98.754,107.834,88.061,87.254,100.636,107.142,105.205,81.777,87.62199999999999,82.336,87.136,87.99700000000001,112.425,102.94700000000002,94.089,81.384,114.515,103.91100000000002,95.45,76.93,104.88,86.98700000000001,304.08099999999996,85.25,80.312,99.37899999999999,81.973,81.276,285.861,87.93,106.98100000000001,84.96900000000001,101.72,83.562,89.86,96.281,110.905,97.34,100.661,75.103,85.603,81.976
2011-06-01,101.39,95.895,88.013,144.277,84.363,85.62299999999999,93.565,89.604,101.38499999999999,82.27499999999999,101.38799999999999,132.26399999999998,91.71300000000001,84.21000000000001,84.975,126.49900000000001,97.24300000000001,101.45400000000001,147.008,116.465,98.41900000000001,161.85800000000003,129.889,103.205,104.518,95.15499999999999,86.277,90.218,153.072,87.428,99.76,76.65799999999999,92.63199999999999,78.94400000000002,80.474,84.206,94.618,91.141,96.282,103.75,85.956,91.04,68.44700000000002,97.87799999999999,105.485,107.863,90.826,78.91000000000001,90.66799999999999,88.513,85.619,143.37800000000001,80.95700000000001,85.763,102.62499999999999,108.232,87.161,100.083,82.09100000000001,90.819,100.343,91.26100000000001,88.927,87.7,84.21100000000001,96.365,52.983,76.546,87.118,96.349,98.637,98.06,87.588,88.142,88.131,132.742,98.41300000000001,91.712,109.543,88.354,111.14,102.498,79.6,97.336,85.621,90.754,92.387,84.212,120.13799999999999,100.61999999999999,86.06,94.248,105.455,91.43700000000001,88.139,87.586,93.44200000000001,78.80499999999999,88.084,113.256,97.26100000000001,100.67999999999999,113.67399999999999,100.71000000000001,90.821,88.68799999999999,109.116,101.253,90.31,84.976,93.89,92.795,75.74900000000001,155.32700000000003,163.068,84.928,100.612,99.76,85.992,88.929,96.348,84.927,141.44299999999998,138.678,92.88499999999999,94.835,91.70700000000001,80.955,86.40700000000001,79.611,96.17499999999998,98.54700000000001,94.1,97.94000000000001,90.598,99.383,107.26700000000001,88.02799999999999,87.41400000000002,101.408,107.49900000000001,104.367,81.723,87.859,82.65499999999999,87.584,88.089,111.99900000000001,103.20700000000001,94.17699999999999,80.909,114.184,103.633,96.559,78.16499999999999,106.054,87.036,300.93699999999995,85.36999999999999,80.471,100.613,82.103,81.351,284.757,88.29100000000001,108.254,85.228,99.861,83.818,89.91400000000002,96.354,110.48100000000001,97.923,100.666,75.44100000000002,85.865,82.107
2011-07-01,101.71400000000001,95.65299999999999,88.114,144.901,84.77,85.57499999999999,93.968,89.542,101.709,82.90400000000001,101.712,131.553,91.953,84.955,85.121,126.283,98.886,101.936,146.509,116.15299999999999,98.598,161.461,129.659,102.67499999999998,105.274,96.418,86.38,90.424,152.20499999999998,87.475,99.079,76.87799999999999,93.51100000000001,79.103,80.74300000000001,84.95100000000001,95.529,91.60199999999999,97.10499999999999,105.224,85.982,91.164,69.646,98.004,106.258,107.01,90.91000000000001,79.069,93.611,88.57799999999999,85.56700000000001,143.584,81.282,85.218,103.99000000000001,106.91600000000001,87.10199999999999,99.036,82.233,90.903,100.66499999999999,91.281,88.363,89.84400000000001,84.956,96.455,53.339,77.265,87.139,96.44000000000001,98.93700000000001,98.94600000000001,87.823,88.232,87.96400000000001,130.814,98.349,91.952,111.281,91.331,111.07799999999999,102.224,79.21600000000001,98.503,85.54400000000001,89.41600000000001,93.66799999999999,84.95700000000001,121.357,101.65299999999999,86.161,94.67099999999999,106.282,91.279,87.977,87.82199999999999,92.738,77.91700000000002,87.921,112.20700000000001,96.77199999999999,100.845,114.003,100.87499999999999,90.905,89.17699999999999,109.026,101.027,90.534,85.12199999999999,93.958,93.048,75.619,152.63899999999998,162.599,85.118,98.599,99.079,86.16199999999999,88.367,96.438,85.118,140.35600000000002,140.477,92.561,95.495,91.94700000000002,81.281,86.307,80.485,97.239,98.60199999999999,94.209,97.777,90.702,99.508,107.537,88.116,87.52,101.733,107.393,104.421,82.008,87.857,82.884,87.82,88.134,112.61,102.67699999999999,93.953,80.161,113.779,103.58,96.396,78.60799999999999,106.251,87.05799999999999,298.97999999999996,85.55799999999999,80.639,98.599,82.245,81.05199999999999,280.33799999999997,88.456,108.67499999999998,86.332,98.924,84.027,90,96.44500000000001,109.998,98.68199999999999,100.05499999999999,75.726,87.087,82.24900000000001
2011-08-01,101.307,97.381,88.3,144.14,84.839,86.212,94.598,89.66799999999999,101.303,83.748,101.30499999999999,130.671,92.24300000000001,86.833,85.402,125.631,100.519,102.712,144.842,116.256,97.834,157.94899999999998,129.96200000000002,103.307,105.771,97.09100000000001,86.542,90.601,152.071,87.67699999999999,98.925,76.99300000000001,93.60499999999999,79.221,80.782,86.829,95.54700000000001,91.96700000000001,97.804,105.932,86.24900000000001,91.389,70.087,97.367,106.312,107.04,91.131,79.187,93.604,88.87599999999999,86.202,144.18200000000002,82.245,84.90700000000001,105.381,107.116,87.21400000000001,100.336,82.516,91.124,101.44300000000001,91.412,88.757,88.94300000000001,86.834,96.492,53.852999999999994,77.116,87.15499999999999,96.477,99.94200000000001,99.06,88.223,88.526,88.356,129.032,98.131,92.242,110.965,93.309,111.349,103.163,79.99100000000001,99.01100000000001,85.277,89.725,94.07499999999999,86.835,123.889,102.37499999999999,86.25,94.811,107.362,91.538,88.374,88.222,92.89,77.925,88.31700000000001,111.24300000000001,96.227,100.838,113.54400000000001,100.869,91.12599999999999,88.85799999999999,109.516,100.48700000000001,90.504,85.403,93.953,93.926,75.71900000000001,151.985,161.248,85.281,97.65899999999999,98.924,86.345,88.76100000000001,96.475,85.281,137.92000000000002,139.164,92.571,95.81700000000001,92.23700000000001,82.24300000000001,86.319,80.57799999999999,97.076,98.857,94.06700000000001,98.131,90.856,100.44300000000001,105.99700000000001,88.312,87.67999999999999,101.326,106.98700000000001,103.562,82.167,87.99000000000001,83.262,88.22,88.41400000000002,111.803,103.309,94.326,80.94600000000001,113.527,103.986,97.54,78.44800000000001,106.651,87.073,295.193,85.861,81.098,97.65899999999999,82.52799999999999,81.582,274.559,88.696,109.361,87.34,99.85799999999999,84.367,90.202,96.482,110.67799999999998,99.68799999999999,99.908,75.811,86.82499999999999,82.532
2011-09-01,100.971,98.396,88.44800000000001,143.51299999999998,85.503,86.44400000000002,94.955,89.74400000000001,100.96600000000001,84.086,100.96900000000001,128.445,92.44300000000001,86.533,85.191,122.91600000000001,100.58,103.82499999999999,141.561,116.242,98.579,156.153,129.377,103.136,105.824,98.077,86.73400000000001,90.67399999999999,150.833,87.94900000000001,99.592,77.646,94.065,79.21100000000001,81.10499999999999,86.529,95.739,92.197,98.387,103.112,86.586,91.667,70.783,96.93700000000001,106.08,106.41900000000001,91.393,79.17699999999999,94.55499999999999,89.018,86.435,145.515,82.57,85.218,109.05199999999999,107.118,87.36,101.618,82.71000000000001,91.386,101.21000000000001,91.44900000000001,88.354,88.709,86.535,95.515,54.643,77.95400000000001,87.203,95.5,97.70400000000001,99.113,88.71900000000001,88.252,88.046,130.67399999999998,98.288,92.44200000000001,111.06400000000001,94.394,111.21100000000001,103.548,80.17399999999999,99.283,86.27799999999999,89.288,93.424,86.535,123.624,102.723,86.194,95.304,108.12199999999999,91.813,88.069,88.718,93.982,78.309,88.008,110.77799999999999,97.72,100.93100000000001,113.762,100.96100000000001,91.38799999999999,88.619,109.009,100.513,90.73,85.192,93.787,94.14,74.886,150.85800000000003,161.16899999999998,85.38,99.23,99.592,86.489,88.359,95.49900000000001,85.38,136.864,136.499,93.274,96.815,92.438,82.569,85.72,80.664,98.339,98.96600000000001,94.05499999999999,99.21000000000001,91.48100000000001,100.4,106.329,88.40700000000001,87.559,100.989,106.49300000000001,103.436,82.427,88.11999999999999,83.426,88.71600000000001,88.55799999999999,112.089,103.13799999999999,94.485,80.874,112.842,103.818,99.19,78.479,106.289,87.12199999999999,293.48199999999997,86.12199999999999,81.30199999999999,99.23,82.723,82.106,270.141,88.831,109.257,87.193,100.738,84.60799999999999,90.881,95.505,110.06,99.25,99.482,76.537,86.924,82.727
2011-10-01,101.353,99.21300000000001,88.288,141.88500000000002,85.983,86.236,95.77499999999999,89.84700000000001,101.349,84.465,101.35199999999999,129.95100000000002,92.506,85.453,85.962,121.478,100.95700000000001,104.468,141.598,116.301,99.232,154.914,127.399,104.15199999999999,105.812,97.82499999999999,86.91300000000001,90.76400000000001,149.24699999999999,88.02799999999999,99.59700000000001,77.965,94.046,80.74700000000001,81.343,85.44900000000001,95.76100000000001,92.425,98.887,102.488,86.666,91.777,72.02199999999999,96.769,106.084,106.768,91.523,80.71300000000001,91.906,89.146,86.228,144.04,82.884,85.14,108.94700000000002,105.29100000000001,87.139,101.59400000000001,82.956,91.516,101.048,91.74100000000001,87.99600000000001,88.667,85.45400000000001,95.32499999999999,55.365,78.16,87.49300000000001,95.31,100.55,99.23400000000001,89.05,88.49600000000001,87.773,130.931,98.45700000000001,92.505,110.65899999999999,93.59700000000001,110.771,103.09,80.49400000000001,99.965,85.804,88.40100000000001,93.643,85.455,124.458,103.276,86.44800000000001,95.23400000000001,107.001,92.17099999999999,87.80199999999999,89.049,93.76,79.184,87.73400000000001,110.007,98.438,100.859,113.31,100.89,91.518,88.784,109.16499999999999,100.812,89.548,85.96300000000001,94.05,94.725,73.12899999999999,150.132,160.476,85.54,100.80199999999999,99.59700000000001,86.71900000000001,88.002,95.309,85.54,135.565,139.833,93.17099999999999,97.23700000000001,92.5,82.883,83.107,81.561,99.56,99.096,94.131,99.063,92.065,100.149,106.644,88.424,86.842,101.37199999999999,106.613,101.829,82.666,88.205,83.657,89.046,88.613,111.392,104.154,93.927,81.604,112.28,103.51100000000001,99.31700000000001,78.99000000000001,106.046,87.41100000000002,290.404,86.232,81.77199999999999,100.803,82.968,82.30799999999999,266.189,88.871,109.46100000000001,87.504,99.074,84.85499999999999,91.07,95.315,110.32799999999999,99.56400000000001,99.476,76.709,86.70100000000001,82.973
2011-11-01,101.60799999999999,99.933,88.38799999999999,140.60899999999998,86.30199999999999,86.55199999999999,95.329,90.227,101.604,84.89,101.606,129.39700000000002,92.67699999999999,85.601,85.846,116.816,101.529,104.823,140.93200000000002,116.262,99.733,155.52,128.689,104.131,106.397,97.62199999999999,87.147,90.773,148.36200000000002,88.205,100.184,78.34400000000001,93.908,80.88,81.579,85.59700000000001,95.208,92.548,99.523,104.601,87.49300000000001,91.868,73.935,96.792,106.284,107.262,91.66,80.845,91.562,89.30799999999999,86.543,145.394,83.304,84.44000000000001,106.056,103.46400000000001,87.684,102.406,83.136,91.65299999999999,100.905,91.787,88.312,89.222,85.60199999999999,95.02499999999999,55.29200000000001,78.319,87.705,95.01,100.62899999999999,99.25,89.164,88.725,86.894,129.569,98.133,92.67499999999998,110.054,93.838,111.06400000000001,102.982,81.15799999999999,100.85199999999999,85.169,90.55799999999999,94.09700000000001,85.603,123.912,102.636,86.54100000000001,95.23400000000001,106.531,91.985,86.928,89.163,93.639,80.137,86.857,109.17399999999999,97.77,100.774,112.923,100.804,91.65599999999999,89.16199999999999,109.647,101.562,89.762,85.84700000000001,94.136,94.691,73.96600000000001,154.206,158.567,85.664,100.681,100.184,86.982,88.32,95.009,85.664,135.656,138.872,93.004,97.77199999999999,92.66999999999999,83.30199999999999,84.24900000000001,81.818,100.6,99.24000000000001,94.043,99.93400000000001,92.01700000000001,100.46000000000001,106.687,88.826,87.293,101.627,106.24400000000001,101.93900000000001,82.854,88.46100000000001,83.895,89.161,88.73400000000001,109.46600000000001,104.133,94.04700000000001,80.34400000000001,111.832,103.85799999999999,97.66,80.016,107.256,87.62299999999999,284.902,86.566,82.15299999999999,100.681,83.149,82.598,259.264,88.91600000000001,109.765,87.818,98.365,85.085,91.03,95.015,110.609,100.793,99.62799999999999,76.91900000000001,85.774,83.15299999999999
2011-12-01,101.77,100.61,88.613,139.505,86.67699999999999,86.748,95.435,90.26,101.765,85.848,101.768,128.698,92.699,85.77,86.04100000000001,114.586,102.371,104.54100000000001,138.593,116.38499999999999,99.29700000000001,152.721,130.82200000000003,104.857,106.539,97.232,87.304,90.874,148.759,88.233,99.67899999999999,78.46100000000001,93.725,81.016,81.842,85.766,95.12199999999999,92.642,100.549,105.271,87.67099999999999,92.843,73.61999999999999,97.889,104.96300000000001,108.21600000000001,92.018,80.98100000000001,91.282,89.41400000000002,86.738,141.76399999999998,83.669,83.428,105.65799999999999,101.67999999999999,87.69,102.864,83.329,92.01100000000001,100.83,91.87599999999999,89.17099999999999,89.803,85.77199999999999,94.923,54.809999999999995,80.088,87.73700000000001,94.908,101.104,98.96700000000001,89.785,89.051,87.17799999999998,127.952,98.09400000000001,92.697,108.424,94.54700000000001,111.066,103.04400000000001,81.393,100.68799999999999,86.198,92.71900000000001,95.04400000000001,85.77199999999999,124.354,103.17799999999998,86.62599999999999,95.163,106.452,91.932,87.21700000000001,89.784,93.691,80.468,87.145,108.5,97.502,100.77199999999999,113.384,100.80199999999999,92.013,88.268,109.292,101.71300000000001,90.019,86.043,94.193,95.01100000000001,74.54,152.73,156.97899999999998,85.82499999999999,100.01,99.67899999999999,87.142,89.18299999999999,94.906,85.82499999999999,134.33700000000002,134.576,93.13799999999999,97.99100000000001,92.692,83.66799999999999,84.17099999999999,81.894,100.633,99.40700000000001,94.221,100.098,93.037,100.222,106.94300000000001,88.783,87.44600000000001,101.788,106.002,101.289,83.161,88.66199999999999,84.17499999999998,89.781,88.813,109.151,104.859,94.273,80.228,111.736,104.05199999999999,98.035,79.221,108.41900000000001,87.65499999999999,279.77799999999996,87.016,82.259,100.01,83.34100000000001,82.67499999999998,257.734,88.925,109.545,88.062,97.61,85.545,91.023,94.91300000000001,110.609,100.85,99.612,77.398,84.766,83.345
2012-01-01,101.62599999999999,100.74100000000001,89.318,139.4,87.117,86.902,95.641,90.15799999999999,101.621,87.6,101.624,126.974,92.952,86.038,86.197,117.519,104.01,104.465,139.70399999999998,116.644,99.617,151.752,130.577,103.93400000000001,106.203,98.832,87.425,91.21000000000001,147.94,88.24400000000001,99.895,78.9,93.545,81.16199999999999,82.11,86.034,95.51,92.669,102.235,103.284,87.811,92.67499999999998,73.348,97.433,104.366,107.869,91.971,81.127,90.71300000000001,89.67999999999999,86.889,144.24099999999999,83.851,82.64999999999999,107.93,99.589,87.768,102.81400000000001,83.48,91.96400000000001,101.18499999999999,92.537,90.189,88.236,86.039,94.524,55.437,80.929,87.781,94.509,102.21400000000001,99.13799999999999,89.82199999999999,88.634,88.85199999999999,127.519,98.596,92.95,107.23700000000001,94.60199999999999,111.458,103.21400000000001,82.41900000000001,101.118,86.103,92.995,94.729,86.04,126.033,103.524,87.14,95.515,107.23,92.67299999999999,88.896,89.821,93.748,80.65499999999999,88.824,108.17099999999999,96.526,100.607,113.664,100.637,91.96600000000001,89.369,108.68299999999999,101.257,90.271,86.199,94.806,95.475,75.63,154.91899999999998,157.691,85.98700000000001,100.104,99.895,87.4,90.208,94.508,85.986,131.418,133.4,93.003,98.38799999999999,92.94400000000002,83.849,85.405,86.001,99.73,99.537,94.46900000000001,99.765,93.27499999999999,100.383,106.473,88.819,88.02499999999999,101.645,106.738,101.56400000000001,83.516,88.871,84.398,89.818,88.86999999999999,110.936,103.93700000000001,94.357,82.664,112.571,104.369,99.362,79.835,109.139,87.699,278.529,86.779,82.538,100.10499999999999,83.49300000000001,82.897,253.73999999999998,88.865,108.884,88.24000000000001,96.387,85.65199999999999,91.29400000000001,94.51400000000001,110.748,101.228,100.421,77.811,85.24700000000001,83.49700000000001
2012-02-01,102.14999999999999,102.561,89.784,138.271,87.276,86.859,96.519,90.49600000000001,102.146,87.191,102.148,126.86999999999999,93.14999999999999,86.406,86.34,117.87199999999999,103.884,104.418,140.67299999999997,116.589,98.74300000000001,151.536,128.374,104.657,105.523,98.79400000000001,87.568,91.218,148.407,88.44300000000001,99.924,79.35499999999999,93.288,81.093,82.386,86.402,95.627,92.644,101.883,103.506,88.013,92.27499999999999,74.073,97.536,104.233,108.057,92.036,81.05799999999999,90.62199999999999,89.99400000000001,86.843,149.13299999999998,84.059,82.96100000000001,102.782,96.696,87.776,102.52199999999999,83.667,92.02799999999999,101.958,92.692,89.462,89.45,86.40700000000001,94.548,55.659,81.28,88.212,94.533,101.598,99.199,89.90100000000001,89.112,87.953,127.285,98.27,93.148,106.589,94.26,111.298,103.41000000000001,81.86,100.285,87.113,92.218,94.7,86.408,127.88799999999999,104.40400000000001,87.46000000000001,95.726,105.88199999999999,93.17399999999999,88.002,89.9,93.498,82.758,87.93,106.877,95.026,100.723,112.91300000000001,100.753,92.031,88.893,106.46000000000001,100.76,91.17799999999998,86.342,95.224,96.032,76.529,159.21099999999998,158.463,86.103,100.806,99.924,87.54400000000001,89.48700000000001,94.532,86.10199999999999,132.465,131.111,93.151,99.062,93.143,84.05799999999999,85.891,86.266,100.861,99.61999999999999,94.59700000000001,99.362,93.651,100.807,106.24600000000001,89.15299999999999,88.316,102.169,106.902,101.796,83.90700000000001,88.958,84.71700000000001,89.898,88.77,111.758,104.65899999999999,94.45,81.813,112.645,104.083,99.456,79.52499999999999,109.24600000000001,88.12899999999999,277.345,86.787,82.66799999999999,100.807,83.67899999999999,82.91100000000002,249.10899999999998,88.80199999999999,107.304,88.86999999999999,93.44200000000001,85.603,91.495,94.538,111.315,101.144,99.859,78.32799999999999,85.968,83.68299999999999
2012-03-01,101.694,102.67299999999999,89.46000000000001,137.51899999999998,87.52499999999999,87.099,96.279,90.648,101.69,87.332,101.692,125.71300000000001,93.345,86.62299999999999,86.455,115.223,103.908,104.534,138.018,116.609,99.736,149.80100000000002,127.296,105.30499999999999,105.33,98.898,87.6,91.222,147.167,88.46100000000001,101.399,79.809,92.922,81.329,82.57499999999999,86.619,95.533,92.692,102.286,105.57499999999999,88.394,92.691,74.397,96.80499999999999,103.779,108.259,92.203,81.29400000000001,91.10499999999999,89.52499999999999,87.079,150.369,84.327,82.96100000000001,105.032,96.318,88.006,102.49300000000001,83.827,92.196,101.79,92.786,89.874,89.218,86.62499999999999,94.24100000000001,55.433,81.621,88.849,94.226,101.44600000000001,99.343,90.16499999999999,89.081,87.883,128.49800000000002,98.11999999999999,93.343,106.54700000000001,95.99400000000001,110.90400000000001,103.054,82.73100000000001,101.639,87.111,93.006,95.45700000000001,86.62499999999999,128.099,103.71100000000001,87.559,95.79700000000001,105.41100000000002,93.225,87.94100000000002,90.164,93.265,83.15299999999999,87.863,106.571,95.52199999999999,100.67099999999999,112.524,100.702,92.198,89.161,108.18799999999999,101.78,91.103,86.458,95.364,96.362,76.827,163.46,158.112,86.287,100.465,101.399,87.753,89.903,94.225,86.287,128.44899999999998,131.61599999999999,93.533,99.23100000000001,93.338,84.326,86.423,86.31,100.91100000000002,99.71900000000001,94.65599999999999,99.193,94.93100000000001,101.321,106.614,89.44500000000001,88.62799999999999,101.71300000000001,106.684,101.579,84.198,89.063,84.953,90.16199999999999,88.91300000000001,110.521,105.307,95.031,82.393,112.339,103.88,99.98700000000001,80.212,108.97,88.766,274.182,87.001,82.815,100.465,83.839,82.889,244.01,88.86,107.989,89.07199999999999,93.007,85.823,91.36999999999999,94.23100000000001,110.32799999999999,101.52499999999999,99.81400000000001,78.777,87.342,83.843
2012-04-01,101.046,103.224,89.854,135.495,87.62599999999999,87.146,96.554,90.819,101.042,87.09100000000001,101.045,125.22,93.5,86.723,86.613,115.051,103.22,104.27199999999999,137.74599999999998,116.96900000000001,100.346,147.33700000000002,126.596,105.27499999999999,105.646,97.712,87.67299999999999,91.65799999999999,144.752,88.56700000000001,101.475,80.15499999999999,93.038,82.29400000000001,82.798,86.71900000000001,96.071,92.74400000000001,102.17299999999999,104.056,88.4,92.763,75.768,96.816,104.048,108.103,92.576,82.258,92.832,89.81400000000001,87.12299999999999,150.41899999999998,84.56,83.66199999999999,105.896,94.88,88.73,102.71400000000001,84.035,92.568,101.87199999999999,93.001,89.87199999999999,89.197,86.725,95.111,53.708000000000006,81.34400000000001,88.902,95.095,99.412,98.98100000000001,90.012,89.013,87.924,126.74100000000001,98.151,93.498,106.68599999999999,96.424,110.569,103.406,82.96400000000001,102.085,87.12799999999999,92.67799999999998,94.424,86.725,128.21599999999998,104.148,87.933,96.008,104.60499999999999,93.04400000000001,87.99000000000001,90.01100000000001,93.45400000000001,82.342,87.906,106.56,96.646,100.80799999999999,113.595,100.839,92.571,89.336,108.282,101.51100000000001,90.936,86.615,95.20400000000001,96.38199999999999,78.086,161.584,156.32100000000003,86.479,100.589,101.475,88.013,89.902,95.09400000000001,86.479,125.87299999999999,133.971,93.259,99.143,93.49300000000001,84.55799999999999,88.248,86.34,101.581,99.77499999999999,94.67899999999999,99.46700000000001,95.395,101.266,106.61,89.27199999999999,89.286,101.065,106.834,100.877,84.30199999999999,89.281,85.21700000000001,90.008,89.31400000000001,110.306,105.277,95.909,82.67399999999999,113.906,103.63199999999999,100.327,80.871,109.096,88.819,268.558,87.366,83,100.59,84.048,83.21300000000001,237.80700000000002,89.166,108.333,89.164,93.619,85.956,91.34400000000001,95.1,110.94900000000001,102.38799999999999,99.908,79.617,87.019,84.051
2012-05-01,100.80199999999999,103.345,90.30799999999999,132.74699999999999,87.867,87.475,96.568,90.902,100.798,87.242,100.8,123.4,93.307,86.97,86.821,112.93100000000001,104.063,103.60499999999999,138.18200000000002,117.29700000000001,99.489,148.19299999999998,126.766,105.84,104.807,97.429,87.832,91.471,145.023,88.80799999999999,100.34700000000001,80.738,93.032,82.745,83.034,86.96700000000001,97.508,92.70400000000001,102.475,103.209,88.44500000000001,92.31700000000001,75.485,96.702,104.273,108.10199999999999,92.84400000000001,82.709,92.812,89.859,87.45100000000001,143.14499999999998,84.859,84.12899999999999,104.57199999999999,92.18299999999999,88.96100000000001,102.768,84.199,92.836,101.99900000000001,93.109,89.67799999999998,89.849,86.972,95.506,53.147,81.63499999999999,89.01400000000001,95.49100000000001,98.785,99.15299999999999,90.068,89.05499999999999,88.34700000000001,124.189,97.843,93.30499999999999,104.723,96.502,110.25,103.187,83.661,101.766,87.287,92.269,94.67699999999999,86.972,128.33,103.48700000000001,87.87599999999999,96.07799999999999,104.621,93.2,88.41400000000002,90.06700000000001,93.506,81.99400000000001,88.32799999999999,105.773,96.834,100.929,113.07499999999999,100.959,92.839,88.788,108.48400000000001,102.009,91.304,86.824,95.15499999999999,96.65199999999999,78.34400000000001,157.11399999999998,155.985,86.587,101.59400000000001,100.346,88.24700000000001,89.71000000000001,95.49000000000001,86.587,124.574,133.83100000000002,93.87799999999999,99.081,93.3,84.857,88.474,86.501,100.98,99.78,94.757,97.66499999999999,94.086,101.196,106.48,89.306,89.427,100.821,106.692,100.67299999999999,84.426,89.365,85.507,90.06400000000001,89.41900000000001,109.91400000000002,105.842,96.17799999999998,83.343,113.116,103.753,99.834,80.989,109.05199999999999,88.93100000000001,265.462,87.657,83.24000000000001,101.595,84.21100000000001,83.269,235.64,89.32799999999999,108.962,89.381,94.67599999999999,86.073,91.639,95.49600000000001,110.962,102.909,100.18599999999999,79.9,85.834,84.215
2012-06-01,101.67999999999999,102.73700000000001,90.864,133.16899999999998,88.05199999999999,87.832,96.029,90.91300000000001,101.67599999999999,87.725,101.67799999999998,123.208,93.23,86.41300000000001,86.927,112.936,104.557,104.145,137.89800000000002,117.333,100.256,148.35500000000002,124.258,106.05199999999999,105.005,97.94800000000001,88.083,92.036,144.798,88.974,100.304,81.16999999999999,92.96300000000001,83.515,83.29100000000001,86.409,97.02199999999999,92.644,102.17099999999999,104.384,88.664,92.566,78.304,97.301,104.149,107.98,93.046,83.479,93.6,89.886,87.81,137.403,85.099,84.518,105.20400000000001,93.26100000000001,89.04400000000001,102.433,84.332,93.038,101.781,93.221,90.573,91.043,86.41400000000002,95.801,53.631,82.17499999999998,89.026,95.786,98.799,99.14,90.09700000000001,89.04100000000001,90.489,123.69,98.34100000000001,93.228,102.004,96.77199999999999,110.565,103.498,84.43100000000001,100.94900000000001,88.282,92.548,94.34400000000001,86.415,128.309,103.96300000000001,88.236,95.938,103.94100000000002,92.965,90.549,90.096,94.013,81.889,90.46600000000001,105.854,97.646,101.09700000000001,113.299,101.12799999999999,93.04100000000001,89.06400000000001,107.07799999999999,102.121,91.366,86.93,95.24000000000001,96.61,78.009,144.752,153.70399999999998,86.67699999999999,101.351,100.303,88.54100000000001,90.60499999999999,95.785,86.67699999999999,123.236,131.777,93.85199999999999,99.21900000000001,93.223,85.09700000000001,88.12599999999999,86.6,101.096,99.745,94.695,97.07499999999999,95.498,101.74900000000001,105.44900000000001,89.69,89.38,101.699,106.681,99.81700000000001,84.68799999999999,89.412,85.71600000000001,90.093,89.52,109.95700000000001,106.054,97.07499999999999,84.529,112.59400000000001,103.99300000000001,100.222,81.343,109.05,88.94300000000001,259.094,88.032,83.452,101.35199999999999,84.345,83.342,229.437,89.41600000000001,108.486,89.535,96.343,86.26400000000001,91.73,95.79100000000001,110.703,102.062,100.906,80.435,86.94600000000001,84.348
2012-07-01,102.368,100.71300000000001,90.592,134.094,88.229,87.48,96.62599999999999,91.013,102.363,88.495,102.366,123.94100000000002,93.257,86.859,87.256,112.681,104.323,104.30799999999999,139.08700000000002,116.84700000000001,99.742,147.57299999999998,123.364,107.13799999999999,104.03,96.843,88.17599999999999,91.859,143.845,89.15299999999999,101.133,81.782,92.327,83.835,83.43400000000001,86.856,96.301,92.631,101.96100000000001,106.02,88.836,92.79400000000001,79.321,97.893,103.738,108.752,93.44900000000001,83.798,92.65799999999999,90.202,87.46300000000001,135.55800000000002,85.52,85.91900000000001,105.21700000000001,93.553,89.286,102.279,84.521,93.44100000000002,101.986,93.233,90.40700000000001,89.32199999999999,86.861,95.639,54.17,82.57,90.143,95.624,95.869,99.04100000000001,90.086,89.14,90.73100000000001,122.508,98.069,93.255,99.932,96.287,110.397,103.274,84.26,102.46700000000001,88.026,92.438,93.96400000000001,86.861,128.762,103.831,88.18799999999999,96.008,104.273,92.826,90.77199999999999,90.085,93.98,81.71300000000001,90.702,104.851,97.925,101.038,114.512,101.069,93.44400000000002,88.831,107.349,102.44400000000002,91.387,87.259,95.323,96.492,78.67699999999999,144.047,152.36800000000002,86.81400000000001,101.04,101.133,88.754,90.44000000000001,95.62299999999999,86.81400000000001,123.13499999999999,130.23999999999998,94.65799999999999,99.141,93.25,85.518,88.76400000000001,87.44900000000001,99.95700000000001,99.87199999999999,94.74100000000001,96.85499999999999,96.646,101.092,105.889,90.459,89.588,102.386,106.66499999999999,99.356,85.18199999999999,89.565,86.131,90.083,89.599,109.684,107.14,96.44200000000001,84.36999999999999,112.32,104.086,100.66799999999999,81.893,109.25,90.059,254.189,88.229,83.842,101.04,84.534,83.618,226.463,89.581,108.532,89.399,96.765,86.647,91.657,95.62899999999999,111.263,101.47,101.255,80.61,86.309,84.537
2012-08-01,102.006,101.004,90.62199999999999,134.04299999999998,88.7,87.758,96.453,91.24900000000001,102.001,88.48700000000001,102.004,122.95,93.798,87.757,87.334,111.922,104.399,104.10199999999999,138.30700000000002,116.242,100.735,146.27499999999998,120.58,108.886,103.849,96.80199999999999,88.65899999999999,92.013,142.60999999999999,89.563,101.048,82.818,92.61999999999999,84.161,83.765,87.753,96.15499999999999,92.65899999999999,101.391,109.095,88.87299999999999,92.667,78.681,97.01,103.37299999999999,108.65199999999999,93.581,84.12499999999999,93.587,90.242,87.74400000000001,146.23399999999998,85.757,84.751,110.532,95.329,89.55,102.206,84.691,93.573,101.768,93.293,90.521,88.988,87.758,95.11999999999999,52.95399999999999,82.798,90.226,95.10499999999999,98.012,99.068,90.427,89.781,90.106,120.90400000000001,98.224,93.79700000000001,98.94000000000001,95.167,111.389,102.834,84.036,102.96100000000001,86.93100000000001,92.74300000000001,93.975,87.759,127.868,103.91700000000002,88.27499999999999,96.07799999999999,104.512,93.17399999999999,90.131,90.426,94.353,81.34,90.073,104.66799999999999,97.527,101.16999999999999,113.418,101.20100000000001,93.576,88.787,106.827,102.455,91.55799999999999,87.337,95.5,96.82499999999999,79.339,150.694,151.661,86.992,100.524,101.048,88.93100000000001,90.553,95.104,86.992,122.149,129.13,94.49700000000001,99.42,93.792,85.756,89.212,88.163,100.85199999999999,99.829,94.90100000000001,97.584,96.147,101.117,105.669,90.588,89.774,102.024,106.912,99.09100000000001,85.389,89.666,86.55199999999999,90.423,89.65899999999999,109.661,108.88799999999999,96.616,84.472,112.49300000000001,105.282,99.94900000000001,82.16199999999999,109.24900000000001,90.142,250.157,88.459,83.94400000000002,100.524,84.70400000000001,83.596,225.14499999999998,89.796,107.886,89.702,95.803,86.792,91.73400000000001,95.11,110.796,99.392,99.71600000000001,81.5,88.663,84.70700000000001
2012-09-01,102.535,100.76,90.823,133.502,89.01400000000001,87.76700000000001,96.68599999999999,91.274,102.53,88.633,102.533,123.47,94.245,88.099,87.67399999999999,111.43100000000001,104.509,103.67999999999999,135.001,116.41100000000002,100.255,144.343,119.726,108.583,103.73100000000001,96.788,88.835,92.104,141.60399999999998,89.76,101.551,83.30199999999999,92.72,83.587,83.87799999999999,88.095,95.81700000000001,92.702,102.17499999999998,110.55499999999999,89.5,92.757,78.536,96.6,103.139,108.93900000000001,93.65599999999999,83.551,93.79,90.25,87.757,154.07399999999998,86.15199999999999,85.296,107.037,95.46300000000001,89.98100000000001,101.44000000000001,84.893,93.649,101.596,93.41700000000002,90.786,89.45400000000001,88.101,95.807,51.773,83.573,90.60499999999999,95.79100000000001,99.24600000000001,100.059,90.46300000000001,89.766,89.921,122.337,98.16499999999999,94.245,97.617,97.288,110.44600000000001,102.319,84.67399999999999,102.31700000000001,87.429,92.85799999999999,93.371,88.101,126.163,103.82499999999999,88.22,96.36,104.51700000000001,93.277,89.93400000000001,90.462,94.532,81.422,89.887,105.07199999999999,96.054,101.17699999999999,111.829,101.20700000000001,93.651,88.877,106.712,102.298,91.57199999999999,87.67699999999999,95.62199999999999,96.646,79.68199999999999,156.88700000000003,151.072,87.18599999999999,100.593,101.55,89.05,90.81700000000001,95.79,87.18599999999999,121.18199999999999,128.82000000000002,94.893,100.37299999999999,94.24100000000001,86.14999999999999,89.87799999999999,88.34,100.697,100.009,94.928,96.468,96.045,101.453,105.44600000000001,90.759,90.09100000000001,102.554,107.274,99.861,85.456,89.836,86.834,90.46000000000001,89.895,109.88799999999999,108.585,96.795,83.87499999999999,112.728,104.07499999999999,100.157,82.459,108.82199999999999,90.521,246.333,88.471,84.127,100.59400000000001,84.905,83.74600000000001,220.854,90.233,107.38799999999999,90.07199999999999,95.397,86.898,91.871,95.796,111.85499999999999,101.424,100.034,81.64999999999999,90.085,84.908
2012-10-01,102.836,102.18199999999999,90.923,132.571,88.801,88.307,97.32499999999999,91.348,102.832,89.053,102.834,120.349,94.49900000000001,88.33,87.909,111.389,105.687,103.859,134.533,116.66199999999999,100.192,142.728,119.41400000000002,105.771,103.71000000000001,97.13799999999999,89.151,92.17999999999999,141.64399999999998,89.857,101.089,83.29400000000001,92.95700000000001,83.74400000000001,84.17799999999998,88.326,95.851,92.699,101.93900000000001,112.04,89.627,93.063,80.637,96.99400000000001,102.728,108.648,93.66799999999999,83.708,94.065,90.742,88.299,156.701,86.56400000000001,84.90700000000001,108.495,96.21600000000001,90.631,101.63799999999999,85.221,93.66,101.851,93.422,91.073,89.853,88.331,95.733,53.136,84.796,90.99000000000001,95.71700000000001,99.265,99.30499999999999,90.45700000000001,89.694,90.59400000000001,122.486,97.892,94.49900000000001,97.05,93.893,110.37199999999999,102.51100000000001,84.94500000000001,102.023,87.042,92.735,93.66199999999999,88.332,127.661,103.428,88.12299999999999,97.134,105.436,93.038,90.59700000000001,90.456,94.97,80.853,90.56,103.739,95.84700000000001,101.17799999999998,112.68599999999999,101.209,93.663,89.661,107.468,102.15799999999999,91.41000000000001,87.912,95.766,97.071,80.71100000000001,158.536,151.493,87.338,101.143,101.089,89.112,91.103,95.71600000000001,87.338,120.44800000000001,128.79299999999998,95.007,100.13799999999999,94.49600000000001,86.562,91.23700000000001,88.313,100.779,100.016,94.972,96.955,97.46300000000001,101.64999999999999,104.335,91.18299999999999,90.642,102.85499999999999,107.475,101.17299999999999,85.553,89.902,87.157,90.45400000000001,90.07199999999999,109.157,105.773,97.63,84.13199999999999,112.415,103.928,99.93900000000001,82.46700000000001,109.038,90.905,244.14499999999998,88.67999999999999,84.205,101.143,85.233,83.82499999999999,217.285,90.473,107.557,90.326,95.692,87.13799999999999,92.068,95.722,111.412,102.838,99.883,81.843,88.85799999999999,85.236
2012-11-01,103.15299999999999,101.87799999999999,91.12199999999999,131.833,88.92,88.335,96.893,91.398,103.149,89.23700000000001,103.15199999999999,119.56400000000001,94.34,88.38799999999999,88.087,110.925,103.684,103.74600000000001,134.597,116.776,99.891,140.516,121.268,106.301,103.141,97.43400000000001,89.346,92.25,141.80800000000002,89.98400000000001,100.962,83.765,93.28,84.478,84.44900000000001,88.38499999999999,95.506,92.67999999999999,102.33,114.603,89.796,92.87799999999999,80.374,97.433,101.94500000000001,108.501,93.725,84.44100000000002,94.703,91.31,88.329,148.594,86.782,86.23,107.729,98.773,90.821,102.16499999999999,85.38499999999999,93.718,101.881,93.408,91.39,89.273,88.39,95.255,53.781,85.613,91.024,95.239,98.763,99.94800000000001,90.906,90.189,90.056,122.209,97.928,94.34100000000001,96.46900000000001,97.51400000000001,110.482,103.09100000000001,85.67599999999999,102.83,87.573,93.37799999999999,93.581,88.39,129.85800000000003,103.49400000000001,88.43700000000001,97.205,108.101,93.30799999999999,90.043,90.905,95.018,81.799,90.016,103.526,96.884,101.63,113.391,101.66,93.721,89.965,107.24600000000001,102.44800000000001,91.812,88.089,95.98,97.21400000000001,80.759,158.221,149.742,87.478,101.883,100.962,89.209,91.41700000000002,95.238,87.478,118.807,127.88,95.331,100.52199999999999,94.338,86.78,91.392,88.34,101.99700000000001,99.759,94.94000000000001,97.079,97.256,101.988,104.568,91.33,90.781,103.17199999999998,107.56700000000001,100.71700000000001,85.089,90.019,87.474,90.903,90.277,108.82,106.304,98.163,84.02,112.339,104.112,98.698,81.96300000000001,108.377,90.93900000000001,238.47,88.769,84.346,101.883,85.398,84.066,214.991,90.729,107.453,90.44800000000001,95.833,87.482,92.198,95.245,112.163,102.34700000000001,99.816,82.24000000000001,86.15799999999999,85.399
2012-12-01,103.35199999999999,101.784,91.30799999999999,130.137,89.038,88.356,97.054,91.87499999999999,103.348,90.042,103.35,117.233,94.329,88.698,88.399,110.631,103.45100000000001,103.755,133.476,116.807,99.248,139.444,121.40700000000001,107.982,103.65199999999999,97.812,89.793,92.409,139.905,90.164,100.109,83.894,93.304,84.515,84.712,88.694,95.412,92.65299999999999,102.31,113.509,89.88799999999999,92.82,77.286,97.495,100.99400000000001,107.94600000000001,94.301,84.478,96.26,91.346,88.354,144.46800000000002,87.11,86.386,106.139,99.038,90.985,102.212,85.55799999999999,94.293,101.84,93.571,91.406,88.99700000000001,88.699,95.98100000000001,53.949,84.327,91.054,95.96600000000001,98.46900000000001,99.68799999999999,90.932,90.98,90.43,119.93400000000001,98.21300000000001,94.33,95.398,97.238,110.435,102.99100000000001,86.42,103.002,86.785,93.089,93.874,88.7,129.228,103.43,88.563,97.27499999999999,108.44600000000001,93.455,90.393,90.93100000000001,94.395,82.689,90.37599999999999,104.134,98.37199999999999,101.881,113.588,101.912,94.296,89.35499999999999,108.553,102.383,91.727,88.40100000000001,96.151,97.139,81.187,158.29399999999998,149.623,87.613,101.953,100.109,89.32199999999999,91.43,95.965,87.613,118.274,125.93900000000001,95.471,100.23100000000001,94.327,87.10799999999999,91.88,88.74000000000001,100.82,99.77,94.953,97.046,97.972,101.26,104.71100000000001,91.38799999999999,90.99100000000001,103.371,107.68299999999999,100.40100000000001,84.771,90.167,87.74700000000001,90.928,90.43700000000001,108.226,107.985,98.57199999999999,85.113,112.05199999999999,104.035,99.16,81.62199999999999,108.61999999999999,90.96900000000001,235.418,88.66999999999999,84.596,101.953,85.57,84.24700000000001,212.95100000000002,90.811,108.26700000000001,90.57,96.649,87.542,92.163,95.971,111.787,102.116,100.307,82.554,88.666,85.571
2013-01-01,103.49300000000001,101.71600000000001,91.46400000000001,131.829,89.137,88.4,97.79400000000001,92.10499999999999,103.488,90.35,103.49100000000001,115.684,94.51700000000001,89.073,88.642,115.41300000000001,103.59700000000001,103.30799999999999,134.70999999999998,116.80499999999999,99.056,139.15,120.34400000000001,104.703,103.428,98.154,90.04700000000001,92.703,139.596,90.758,99.595,84.533,93.789,85.433,84.96300000000001,89.069,95.79100000000001,92.371,102.289,116.12899999999999,90.166,92.975,76.192,97.119,101.74900000000001,107.212,94.636,85.396,95.549,91.893,88.402,144.67899999999997,87.598,85.452,107.453,98.148,91.17399999999999,101.44600000000001,85.74400000000001,94.62899999999999,101.79,92.193,91.43100000000001,89.67099999999999,89.07499999999999,96.76700000000001,54.111,84.198,91.12899999999999,96.752,98.24100000000001,99.529,92.223,91.606,90.48100000000001,121.163,98.41600000000001,94.516,97.09400000000001,96.845,110.516,103.023,88.74700000000001,103.81,86.881,93.329,93.468,89.07499999999999,127.971,103.282,88.729,97.41600000000001,107.94600000000001,93.74000000000001,90.508,92.222,94.894,82.371,90.46000000000001,103.39,102.081,101.835,114.02799999999999,101.866,94.631,89.42,108.783,102.034,91.37499999999999,88.642,96.56400000000001,96.76700000000001,82.181,156.638,150.404,87.762,101.977,99.595,89.43100000000001,91.44700000000002,96.751,87.762,117.77,126.09100000000001,95.46700000000001,100.17299999999999,94.51100000000001,87.596,92.236,88.745,101.10199999999999,99.91000000000001,95.12899999999999,97.321,98.534,101.409,104.90400000000001,91.546,91.10199999999999,103.512,107.283,100.899,84.85199999999999,90.37499999999999,88.032,92.21900000000001,90.54400000000001,109.96600000000001,104.705,99.157,85.32499999999999,111.287,103.93100000000001,99.839,82.054,107.745,91.04400000000001,235.834,89.109,84.826,101.977,85.757,84.54,209.89200000000002,90.968,108.627,91.32499999999999,98.513,87.593,92.486,96.757,111.29700000000001,102.91700000000002,100.008,82.982,88.809,85.758
2013-02-01,103.345,101.863,91.85199999999999,132.463,89.36999999999999,89.465,97.504,92.20100000000001,103.34100000000001,89.922,103.34400000000001,118.49400000000001,95.03,89.479,88.76700000000001,115.41300000000001,104.26400000000001,103.43100000000001,133.70899999999997,117.046,99.31400000000001,138.165,120.753,104.59,103.109,97.99400000000001,90.361,92.586,138.638,90.475,99.637,84.862,93.927,85.44500000000001,85.21600000000001,89.475,96.15499999999999,92.154,101.45,113.62299999999999,90.426,92.871,81.512,97.056,101.029,108.039,94.86999999999999,85.409,95.70100000000001,92.17399999999999,89.471,155.111,87.82,87.008,109.91600000000001,99.164,91.266,102.365,85.958,94.863,102.60799999999999,92.54700000000001,91.738,89.864,89.48,96.368,55.005,84.192,91.187,96.353,98.488,99.30499999999999,92.403,91.64999999999999,89.96700000000001,119.023,98.54700000000001,95.029,97.536,96.831,110.142,102.766,88.46900000000001,103.05799999999999,85.01100000000001,94.399,94.455,89.48100000000001,127.049,103.505,88.896,97.486,107.34700000000001,94.06,89.992,92.402,94.91300000000001,81.91900000000001,89.94700000000002,103.503,101.195,101.435,114.07499999999999,101.46600000000001,94.865,88.93,108.85199999999999,101.44600000000001,91.732,88.76700000000001,96.29400000000001,96.843,82.604,158.045,151.42800000000003,87.93900000000001,102.023,99.637,89.498,91.74900000000001,96.351,87.93900000000001,116.784,128.335,95.49300000000001,100.377,95.024,87.818,92.273,88.869,101.081,99.928,95.35,97.891,98.335,101.9,105.394,91.697,91.212,103.364,106.86999999999999,99.363,84.476,90.489,88.24100000000001,92.399,90.636,108.94700000000002,104.592,99.43700000000001,84.899,111.062,103.742,98.59,82.31400000000001,107.391,91.10199999999999,236.31,89.615,84.94100000000002,102.024,85.971,84.657,205.55800000000002,91.049,108.661,91.51700000000001,99.67599999999999,87.67999999999999,92.65799999999999,96.35799999999999,112.834,103.196,100.54,83.227,89.786,85.971
2013-03-01,103.14999999999999,101.38,91.76700000000001,128.64399999999998,89.515,89.60799999999999,98.033,92.369,103.146,89.369,103.148,121.46700000000001,94.763,89.712,88.87899999999999,114.601,101.98,103.049,130.672,117.245,100.54400000000001,137.227,119.069,106.501,102.782,97.495,90.819,92.759,138.563,90.526,100.798,85.37799999999999,93.76100000000001,85.624,85.488,89.708,96.28,91.93400000000001,100.935,112.589,90.55799999999999,93.34400000000001,82.03,97.615,100.68799999999999,107.642,95.03,85.587,95.221,91.94700000000002,89.619,146.313,88.092,88.72,108.87599999999999,98.712,91.37599999999999,101.926,86.18499999999999,95.023,102.584,92.86,91.24700000000001,89.74900000000001,89.71300000000001,96.755,56.049,84.647,93.70400000000001,96.74000000000001,98.38799999999999,99.512,93.453,91.881,89.71900000000001,116.96100000000001,99.44000000000001,94.762,98.288,95.903,109.78,102.32499999999999,88.691,102.801,85.45100000000001,93.636,93.97,89.71400000000001,126.884,103.343,89.04400000000001,97.768,106.905,94.18199999999999,89.74600000000001,93.452,95.588,82.483,89.706,102.83,99.771,101.459,112.44500000000001,101.489,95.026,89.103,108.24700000000001,101.67299999999999,91.806,88.87899999999999,96.354,97.351,82.61999999999999,154.598,150.172,88.08,101.97,100.798,89.66199999999999,91.254,96.739,88.08,117.609,127.583,96.18299999999999,101.039,94.757,88.09,92.049,89.397,101.09,100.09,95.49700000000001,97.90400000000001,98.664,102.209,106.32799999999999,91.80799999999999,91.34,103.169,106.67199999999998,99.864,84.782,90.634,88.51100000000001,93.44900000000001,90.725,108.456,106.504,98.67599999999999,84.818,110.387,103.67999999999999,98.648,82.034,107.508,93.617,232.918,89.612,84.99900000000001,101.97,86.198,84.65899999999999,202.329,91.23100000000001,108.02499999999999,91.739,100.366,87.84100000000001,92.63,96.745,112.965,101.784,100.61,83.538,90.144,86.197
2013-04-01,104.065,99.519,92.163,127.115,89.48100000000001,89.61,98.84400000000001,92.57199999999999,104.061,88.627,104.063,116.421,94.565,89.788,88.99900000000001,114.561,101.17599999999999,103.377,129.503,116.61999999999999,100.21000000000001,135.191,117.363,107.14,101.85499999999999,97.751,90.95,92.94200000000001,138.829,90.62299999999999,100.27199999999999,85.718,94.01700000000001,85.35499999999999,85.75,89.785,96.637,91.795,101.39,110.62199999999999,90.98700000000001,94.66199999999999,81.48700000000001,98.082,99.485,107.49900000000001,94.384,85.318,94.033,91.98700000000001,89.62599999999999,139.21699999999998,88.35,88.48700000000001,110.04100000000001,102.263,91.465,102.157,86.34400000000001,94.377,103.30799999999999,93.086,91.02499999999999,90.114,89.79,96.236,56.748000000000005,84.563,93.783,96.221,98.827,99.985,93.11999999999999,92.453,88.988,117.083,98.96400000000001,94.56400000000001,98.99900000000001,97.236,110.354,102.74900000000001,88.933,103.974,85.488,93.833,94.349,89.79,126.46100000000001,103.279,88.72,97.41600000000001,106.453,94.31700000000001,89.021,93.118,95.67699999999999,82.452,88.989,102.279,97.95,101.52499999999999,113.16799999999999,101.55499999999999,94.37899999999999,90.35499999999999,108.06700000000001,102.365,91.77199999999999,88.998,96.561,97.66,84.324,148.874,148.638,88.263,102.215,100.27199999999999,89.982,91.03,96.22,88.262,117.438,126.67799999999998,95.99400000000001,100.813,94.559,88.349,91.533,89.455,101.065,99.684,95.12899999999999,97.759,99.357,102.49400000000001,106.357,92.113,91.475,104.084,106.433,99.965,84.856,90.783,88.755,93.116,90.842,108.04100000000001,107.143,98.96700000000001,84.386,109.256,103.926,98.562,82.612,106.703,93.696,228.819,89.82799999999999,84.94200000000001,102.215,86.357,85.368,197.35800000000003,91.472,107.783,91.893,98.80799999999999,88.12899999999999,92.696,96.226,112.85,100.921,101.115,83.73700000000001,89.574,86.357
2013-05-01,103.667,99.548,92.315,127.073,89.584,89.56700000000001,98.21600000000001,92.573,103.663,88.796,103.666,116.535,94.604,89.94300000000001,89.161,113.735,101.95400000000001,103.119,131.68,116.649,99.938,134.404,116.551,107.986,101.803,97.694,91.063,92.973,138.134,90.624,99.538,86.149,94.647,85.392,85.856,89.93900000000001,96.422,91.67499999999998,101.10499999999999,113.513,91.42,93.874,81.271,97.613,98.49300000000001,107.184,94.562,85.35499999999999,94.786,92.45,89.586,138.168,88.571,90.121,110.456,104.93100000000001,91.59700000000001,102.34100000000001,86.587,94.55499999999999,103.34400000000001,93.31700000000001,91.285,90.81700000000001,89.94500000000001,96.47,57.702000000000005,84.148,93.818,96.455,99.26700000000001,98.83,93.061,92.13,89.68599999999999,119.54,99.063,94.603,99.51,96.472,109.854,102.504,89.233,103.986,85.24900000000001,94.139,93.97,89.94500000000001,125.899,103.712,88.774,97.134,105.18299999999999,94.40100000000001,89.722,93.06,96.391,82.66499999999999,89.694,101.637,98.016,101.435,113.23700000000001,101.46600000000001,94.557,90.136,108.005,102.287,92.03,89.16,96.62599999999999,97.32499999999999,84.91300000000001,145.469,147.664,88.43,101.687,99.538,90.17499999999998,91.287,96.45400000000001,88.429,116.321,124.93100000000001,96.44200000000001,101.221,94.598,88.569,91.46900000000001,89.74600000000001,101.367,99.856,95.119,97.91300000000001,99.311,102.616,105.815,92.3,91.56700000000001,103.687,107.18499999999999,100.20100000000001,84.47,90.884,89.046,93.057,90.988,107.938,107.988,99.087,85.543,110.323,103.71000000000001,98.197,83.068,106.18499999999999,93.73,225.306,89.979,85.057,101.687,86.6,85.54,198.29299999999998,91.661,107.725,91.974,98.01400000000001,88.348,92.95400000000001,96.46000000000001,111.12499999999999,100.661,101.07799999999999,84.07199999999999,89.56,86.599
2013-06-01,103.34700000000001,100.699,92.397,125.689,89.752,89.973,98.43700000000001,92.54700000000001,103.343,89.02499999999999,103.346,116.24700000000001,94.829,90.51400000000001,89.18499999999999,112.67899999999999,101.70700000000001,103.164,130.797,116.54700000000001,99.80799999999999,133.393,116.59700000000001,109.068,101.62499999999999,97.114,91.312,93.367,136.80200000000002,90.64,100.42,86.479,94.788,86.45100000000001,86.17299999999999,90.51,96.377,91.603,100.709,112.955,91.61,94.121,76.57499999999999,97.106,98.383,107.483,94.765,86.41400000000002,94.617,92.67399999999999,89.99400000000001,140.469,88.801,89.654,111.85499999999999,103.838,91.786,102.515,86.785,94.757,103.07499999999999,93.51700000000001,91.40700000000001,90.82499999999999,90.515,96.49700000000001,57.519,83.864,93.82799999999999,96.482,99.63799999999999,99.235,93.289,92.38799999999999,90.221,119.727,99.38,94.82799999999999,99.988,95.724,109.505,102.82199999999999,89.554,103.953,86.762,93.95,94.21400000000001,90.516,125.952,103.471,89.238,97.627,106.596,94.831,90.257,93.288,97.43700000000001,82.87899999999999,90.229,101.74000000000001,96.67699999999999,101.55,113.18599999999999,101.581,94.76,90.361,108.23400000000001,102.586,92.316,89.184,97.039,97.24600000000001,85.79,148.602,146.82800000000003,88.607,101.74100000000001,100.42,90.32499999999999,91.406,96.48,88.607,115.073,123.41600000000001,96.44700000000002,102.005,94.823,88.799,91.87899999999999,90.348,101.48,100.01100000000001,95.336,97.93100000000001,100.718,101.859,105.788,92.364,91.63199999999999,103.367,106.495,100.46000000000001,84.753,90.94700000000002,89.274,93.286,91.089,107.67199999999998,109.07,99.853,85.545,110.013,103.561,98.667,82.779,105.689,93.74000000000001,221.731,90.019,85.17199999999998,101.74100000000001,86.798,85.276,196.38100000000003,91.807,107.895,91.91300000000001,98.26400000000001,88.485,93.059,96.48700000000001,110.41300000000001,100.39,100.975,84.409,91.26400000000001,86.79700000000001
2013-07-01,104.293,102.535,92.643,127.29100000000001,89.99300000000001,90.04700000000001,98.195,92.899,104.288,89.66199999999999,104.29100000000001,113.37499999999999,95.015,92.316,89.38499999999999,107.588,100.93400000000001,102.865,130.168,116.421,99.67999999999999,131.785,116,107.65799999999999,101.21400000000001,97.205,91.598,93.245,136.63899999999998,90.546,99.936,87.05499999999999,95.2,86.59700000000001,86.52499999999999,92.312,96.887,91.519,100.364,112.27799999999999,91.843,94.554,76.30199999999999,97.61999999999999,98.551,107.063,94.974,86.56,95.14,92.68599999999999,90.068,140.77899999999997,89.04700000000001,91.05499999999999,110.809,101.768,91.96100000000001,102.402,86.921,94.96600000000001,102.96000000000001,93.877,91.342,91.609,92.318,95.827,58.171,84.116,93.902,95.812,100.092,98.336,93.54700000000001,93.14,90.74600000000001,117.607,99.482,95.01400000000001,100.909,95.253,109.195,103.054,89.492,103.853,86.643,93.476,93.80499999999999,92.318,124.66199999999999,103.038,89.343,97.06400000000001,106.30799999999999,95.113,90.777,93.545,97.262,83.356,90.74600000000001,102.13499999999999,95.94200000000001,101.67899999999999,112.82199999999999,101.71000000000001,94.96900000000001,90.458,108.49400000000001,102.468,92.17699999999999,89.383,97.20400000000001,97.725,85.538,151.291,145.141,88.736,100.89,99.936,90.468,91.338,95.811,88.736,112.96900000000001,123.279,96.85,100.87899999999999,95.009,89.045,92.74100000000001,90.864,101.498,100.038,95.38499999999999,98.85,100.057,101.877,105.909,92.74400000000001,91.66199999999999,104.312,106.74900000000001,101.418,85.042,90.884,89.458,93.543,91.148,107.17299999999999,107.66,98.973,85.697,109.887,103.82199999999999,98.274,82.84,105.29100000000001,93.81400000000001,216.61299999999997,90.08,85.516,100.891,86.93400000000001,85.87899999999999,192.38700000000003,91.79700000000001,108.117,92.082,100.038,88.604,93.368,95.81700000000001,110.603,102.17799999999998,101.295,84.66,91.644,86.932
2013-08-01,103.23700000000001,102.99100000000001,92.84700000000001,126.91000000000001,90.24400000000001,90.68199999999999,98.62899999999999,93.149,103.232,89.897,103.235,113.148,95.242,90.91100000000002,89.432,106.16499999999999,99.809,102.689,127.195,116.60199999999999,100.23700000000001,131.446,114.88799999999999,107.503,99.953,97.619,91.68299999999999,93.49700000000001,136.164,90.636,100.67099999999999,85.73100000000001,95.147,86.51,87.10199999999999,90.90700000000001,96.751,91.559,100.34100000000001,111.396,92.14,95.453,80.893,98.384,98.427,107.399,94.99000000000001,86.472,94.666,92.88199999999999,90.703,143.007,89.46400000000001,90.899,108.345,99.588,92.154,102.042,87.235,94.983,103.21600000000001,94.147,91.68199999999999,90.792,90.91300000000001,95.099,59.425000000000004,84.77499999999999,94.081,95.084,100.198,98.88,93.596,92.912,91.008,116.35799999999999,99.425,95.24100000000001,102.60499999999999,96.088,107.607,103.167,90.13,103.85,85.292,93.82199999999999,94.02199999999999,90.91300000000001,124.154,103.331,89.718,97.486,106.24000000000001,94.821,91.033,93.595,96.928,83.46900000000001,91,101.16999999999999,96.587,101.774,112.35,101.80499999999999,94.985,90.406,108.82499999999999,101.651,92.10199999999999,89.429,97.21000000000001,96.733,86.34400000000001,155.345,145.126,88.95100000000001,100.621,100.67099999999999,90.618,91.67599999999999,95.083,88.95100000000001,112.285,124.36,96.91300000000001,100.166,95.236,89.462,93.37299999999999,91.035,101.427,99.695,95.42,99.198,101.436,101.925,105.35,93.023,91.762,103.256,106.25,102.066,85.502,91.027,89.73400000000001,93.593,91.29100000000001,107.612,107.505,98.838,86.67999999999999,109.49900000000001,102.09400000000001,97.22,83.187,104.756,93.99300000000001,213.727,90.27199999999999,85.574,100.62199999999999,87.248,86.33,189.923,91.94500000000001,108.46100000000001,92.312,103.136,88.68599999999999,93.46300000000001,95.089,110.832,102.20700000000001,101.57799999999999,84.703,86.365,87.24600000000001
2013-09-01,101.95100000000001,102.654,92.933,126.94200000000001,90.49100000000001,90.657,98.70400000000001,93.19,101.94700000000002,90.05499999999999,101.95,111.55499999999999,95.277,89.59700000000001,89.48,107.546,99.56,102.079,126.725,116.827,100.024,131.32200000000003,115.979,108.57199999999999,100.04700000000001,97.218,91.91100000000002,93.645,134.282,90.759,101.039,86.48,95.79,86.846,87.218,89.593,97.21900000000001,91.59,99.869,112.257,92.215,95.87899999999999,80.472,98.142,98.918,106.611,95.265,86.80799999999999,94.336,93.04700000000001,90.67799999999998,140.256,89.589,91.67799999999998,107.621,99.95,92.26700000000001,102.4,87.39,95.257,103.364,94.386,92.24400000000001,90.403,89.599,97.843,61.325,84.80799999999999,94.11,97.82799999999999,98.959,98.788,93.34,93.026,90.561,115.508,99.381,95.276,104.823,95.773,107.66199999999999,103.631,89.752,103.31700000000001,86.043,95.115,94.735,89.599,123.222,102.523,89.889,97.41600000000001,106.187,94.649,90.57799999999999,93.339,97.20700000000001,83.42,90.54400000000001,101.973,98.05799999999999,101.867,111.75,101.898,95.26,90.396,109.45700000000001,101.87299999999999,92.26400000000001,89.478,97.563,96.723,85.93700000000001,155.537,143.36,89.11999999999999,101.284,101.039,90.694,92.238,97.826,89.11999999999999,110.68499999999999,122.792,97.21900000000001,101.007,95.27199999999999,89.588,93.74600000000001,91.357,101.45100000000001,99.82,95.65799999999999,99.398,101.74900000000001,101.581,104.85499999999999,93.15599999999999,91.90700000000001,101.97,105.14999999999999,101.91400000000002,85.758,91.26100000000001,89.93,93.336,91.392,107.99000000000001,108.574,98.364,86.854,108.782,101.897,97.459,83.553,104.32799999999999,94.02199999999999,208.005,90.40700000000001,85.63199999999999,101.285,87.403,86.505,187.288,92.1,109.12499999999999,92.524,101.56700000000001,89.099,93.62799999999999,97.833,111.70700000000001,102.488,101.254,84.877,90.64999999999999,87.40100000000001
2013-10-01,102.423,103.37799999999999,93.329,126.11999999999999,90.67499999999998,90.93400000000001,98.154,92.94600000000001,102.418,90.521,102.421,111.101,95.32799999999999,90.366,89.733,108.139,99.88199999999999,101.647,125.891,116.91600000000001,98.49400000000001,129.824,116.56,106.918,100.703,96.306,92.06,93.95700000000001,133.373,90.87299999999999,101.607,87.17199999999998,95.801,87.537,87.471,90.363,96.867,91.684,99.908,113.04700000000001,92.357,97.74000000000001,81.17799999999998,97.96900000000001,98.884,106.339,95.692,87.5,94.834,93.02,90.95400000000001,139.46200000000002,89.835,90.35499999999999,109.432,100.09,92.296,102.62899999999999,87.554,95.684,103.16499999999999,94.086,92.312,87.24000000000001,90.368,96.73400000000001,62.412,85.16,94.095,96.718,98.90700000000001,98.54700000000001,93.45,93.326,90.36,115.44700000000002,99.54400000000001,95.327,104.43700000000001,96.339,108.283,102.421,90.21400000000001,104.281,86.309,95.334,94.44500000000001,90.369,123.54100000000001,103.16,90.098,97.41600000000001,106.472,95.118,90.369,93.44900000000001,97.131,83.63199999999999,90.336,103.124,98.069,101.65799999999999,111.867,101.689,95.687,89.826,110.051,102.45400000000001,92.18299999999999,89.73,97.527,96.894,87.76400000000001,153.59,140.40200000000002,89.31400000000001,101.85799999999999,101.607,90.81,92.30799999999999,96.71700000000001,89.31400000000001,107.91700000000002,122.145,97.142,101.71400000000001,95.323,89.834,93.85199999999999,91.43,100.3,99.898,95.66499999999999,100.205,102.479,101.99100000000001,105.227,93.452,92.11,102.44200000000001,105.606,102.10799999999999,85.998,91.60199999999999,90.15199999999999,93.44700000000002,91.562,107.342,106.92,98.06,86.24300000000001,108.827,102.816,97.823,83.695,104.218,94.007,200.37,90.509,85.689,101.85799999999999,87.56700000000001,86.661,185.80100000000002,92.293,109.699,92.74000000000001,101.44200000000001,89.41000000000001,93.67299999999999,96.723,111.143,101.532,100.28,85.399,89.421,87.566
2013-11-01,103.111,100.94400000000002,93.573,127.166,90.91700000000002,90.57499999999999,97.99700000000001,93.299,103.106,91.209,103.109,110.70400000000001,95.504,90.61999999999999,90.004,109.36,100.642,101.51400000000001,124.77,116.832,98.849,128.661,114.70400000000001,105.362,99.782,96.643,92.24400000000001,94.218,133.045,90.96400000000001,101.405,87.489,96.02199999999999,87.599,87.67699999999999,90.617,96.30799999999999,91.849,99.90700000000001,113.008,92.579,97.164,80.74000000000001,97.071,98.141,105.848,95.784,87.561,95.253,93.41000000000001,90.593,140.17,90.189,90.043,111.74300000000001,99.354,92.43400000000001,102.332,87.73700000000001,95.777,103.04,94.111,92.67399999999999,90.113,90.62199999999999,96.752,63.007,85.971,94.1,96.736,98.502,98.569,93.845,93.40700000000001,91.476,115.645,99.584,95.503,104.96100000000001,96.57499999999999,108.21300000000001,101.51700000000001,91.271,103.696,85.85499999999999,95.019,94.381,90.62299999999999,123.598,102.516,90.226,97.486,107.588,95.32,91.483,93.84400000000001,95.99300000000001,83.831,91.44900000000001,102.74400000000001,96.471,101.599,111.586,101.63,95.779,89.998,110.666,101.94900000000001,92.364,90.001,97.55199999999999,96.755,88.348,154.32800000000003,143.65200000000002,89.54,100.76,101.405,91.01,92.66999999999999,96.735,89.539,110.634,118.898,97.292,101.066,95.498,90.187,94.065,91.62599999999999,100.827,100.073,95.70700000000001,99.96100000000001,100.57199999999999,102.196,104.67499999999998,93.84,92.333,103.13,106.348,101.4,86.134,91.868,90.424,93.84100000000001,91.722,108.28,105.364,98.192,86.55499999999999,109.52199999999999,103.001,97.346,84.092,103.95700000000001,94.012,201.3,90.57199999999999,85.976,100.76,87.751,86.72,185.929,92.415,110.232,93.029,99.751,89.715,93.619,96.742,110.342,102.289,99.88,85.492,89.495,87.74900000000001
2013-12-01,102.692,107.52,93.44700000000002,125.145,90.91100000000002,90.732,97.953,93.527,102.687,91.829,102.69,110.477,95.757,90.935,90.351,107.062,101.618,101.387,124.05799999999999,116.835,100.015,130.168,112.798,103.254,99.144,96.819,92.346,94.94200000000001,132.55100000000002,91.263,100.9,87.93900000000001,96.333,87.45400000000001,87.94100000000002,90.932,96.512,92.073,99.848,114.842,92.896,97.15799999999999,79.99700000000001,96.735,98.062,105.386,95.85199999999999,87.41600000000001,94.612,93.696,90.74700000000001,143.007,90.51,89.265,112.421,98.696,92.586,101.935,88.008,95.845,102.199,94.21900000000001,92.4,90.007,90.93700000000001,96.618,63.103,86.07799999999999,94.115,96.60199999999999,98.284,99.14,94.084,93.712,91.585,113.982,99.697,95.756,108.94300000000001,97.032,108.157,101.71000000000001,91.205,104.137,85.807,94.54400000000001,93.973,90.93700000000001,121.992,102.702,90.313,97.556,108.598,95.505,91.59700000000001,94.083,95.815,82.60799999999999,91.56,100.785,99.87499999999999,101.361,111.146,101.392,95.848,90.346,110.864,101.05199999999999,92.52499999999999,90.348,97.576,97.312,88.581,155.74699999999999,141.995,89.786,100.295,100.899,91.143,92.398,96.601,89.785,110.121,113.415,97.009,100.806,95.751,90.508,94.315,91.41400000000002,101.226,100.084,95.703,101.18299999999999,100.909,101.568,104.418,94.02,92.539,102.71100000000001,105.93900000000001,102.77199999999999,85.501,92.027,90.68199999999999,94.08,91.87599999999999,108.752,103.256,97.738,87.144,109.12499999999999,102.82,96.617,84.42,104.563,94.027,195.016,90.915,86.034,100.295,88.021,86.91400000000002,183.847,92.45400000000001,110.55199999999999,93.184,98.12299999999999,90.04700000000001,93.67099999999999,96.60799999999999,110.537,104.521,100.71300000000001,85.706,89.206,88.02
2014-01-01,103.012,102.706,93.29700000000001,126.114,91.03,91.15899999999999,98.422,93.51100000000001,103.007,91.754,103.01,110.27199999999999,95.989,91.043,89.983,110.542,101.568,102.016,123.016,116.485,100.059,129.03,112.871,104.829,99.04400000000001,96.848,92.537,94.863,130.6,91.41100000000002,101.27,86.763,97.538,87.313,88.195,91.039,96.84400000000001,92.27499999999999,99.718,117.834,93.085,98.59100000000001,85.886,97.021,98.306,105.393,96,87.27499999999999,95.95400000000001,93.862,91.16799999999999,145.45200000000003,90.723,89.343,114.667,102.548,92.765,102.424,88.23400000000001,95.992,102.253,94.384,92.849,90.455,91.045,96.387,63.227000000000004,85.696,94.121,96.371,96.861,99.057,94.333,93.66,91.87299999999999,116.489,99.908,95.988,120.101,96.727,108.095,102.203,91.057,103.049,85.586,95.601,94.77799999999999,91.045,122.019,102.486,90.298,97.205,108.694,95.621,91.896,94.332,95.91000000000001,83.366,91.854,100.12899999999999,101.868,101.05199999999999,110.283,101.083,95.995,90.62599999999999,110.063,100.99400000000001,92.266,89.979,97.46300000000001,96.956,90.141,160.589,143.236,89.973,100.76400000000001,101.27,91.23100000000001,92.849,96.36999999999999,89.972,109.849,115.212,97.139,100.588,95.983,90.722,94.59400000000001,91.65299999999999,101.24900000000001,100.07199999999999,95.788,101.61,101.252,101.262,105.192,94.065,92.65299999999999,103.031,105.666,102.24600000000001,86.136,92.118,90.936,94.329,92.077,106.283,104.831,97.46100000000001,88.027,108.49300000000001,102.851,97.593,84.76,104.283,94.033,192.42800000000003,91.111,86.263,100.76400000000001,88.24700000000001,87.363,181.34,92.473,109.859,92.94200000000001,96.56400000000001,90.359,93.898,96.37599999999999,110.971,104.235,100.51,85.95100000000001,88.5,88.24700000000001
2014-02-01,103.70100000000001,100.648,93.346,127.617,91.049,91.62199999999999,98.55499999999999,93.527,103.697,94.753,103.699,106.776,96.095,90.654,90.109,108.76700000000001,101.289,101.94900000000001,122.233,115.476,100.43400000000001,127.739,112.068,106.68299999999999,98.46900000000001,97.79100000000001,92.614,95.112,131.333,91.783,101.257,87.71900000000001,97.273,87.42,88.43700000000001,90.64999999999999,97.62199999999999,92.513,99.909,121.345,93.35199999999999,99.699,92.07,97.113,98.56400000000001,104.735,96.093,87.383,97.195,93.694,91.62799999999999,143.93,91.202,92.06700000000001,115.85199999999999,106.65299999999999,92.90700000000001,101.895,88.41000000000001,96.085,103.25,94.44100000000002,92.894,90.845,90.65599999999999,96.11,63.85099999999999,85.886,94.31,96.09400000000001,95.735,98.398,94.47,93.561,91.633,115.024,99.46900000000001,96.09400000000001,134.084,96.76100000000001,108.17399999999999,102.43700000000001,91.085,102.973,85.71600000000001,95.76100000000001,93.846,90.65599999999999,122.31700000000001,102.95,89.889,97.345,109.857,95.7,91.661,94.468,95.962,82.55,91.616,100.15299999999999,102.329,100.986,110.26700000000001,101.01700000000001,96.088,90.733,109.418,100.67399999999999,92.315,90.10499999999999,97.6,97.492,89.768,162.45000000000002,140.105,90.169,100.36,101.257,91.509,92.896,96.093,90.169,108.99400000000001,113.215,97.332,100.598,96.089,91.2,94.763,91.722,101.377,100.225,95.84700000000001,101.832,100.768,100.995,104.788,94.07499999999999,92.766,103.72,105.65499999999999,101.889,86.73700000000001,92.17099999999999,91.197,94.46600000000001,92.236,105.498,106.68599999999999,97.71900000000001,88.87199999999999,108.111,102.56400000000001,97.521,85.78,103.93900000000001,94.222,184.42100000000002,91.473,86.37799999999999,100.361,88.424,87.588,179.343,92.507,109.254,92.98100000000001,97.501,90.71400000000001,94.18499999999999,96.1,111.425,103.17299999999999,99.935,86.287,90.349,88.423
2014-03-01,103.864,102.938,93.438,124.863,91.33,91.902,98.17999999999999,93.667,103.86,96.166,103.862,108.77,96.29100000000001,90.80799999999999,90.60499999999999,109.93700000000001,102.67299999999999,101.81,121.49400000000001,115.23100000000001,100.312,127.41700000000002,111.25,107.495,99.31400000000001,98.956,92.71700000000001,95.383,130.965,91.95700000000001,101.566,87.579,98.69,87.353,88.67199999999998,90.804,97.766,92.801,100.781,124.95,93.475,98.896,95.74900000000001,97.17499999999998,98.23700000000001,104.04,96.245,87.316,100.069,94.01700000000001,91.90700000000001,141.662,91.47,92.689,119.68599999999999,114.68599999999999,93.09100000000001,102.924,88.696,96.23700000000001,102.732,94.49000000000001,92.738,92.398,90.81,96.918,63.482,85.577,94.353,96.903,95.854,98.195,94.87799999999999,94.142,91.657,114.837,99.235,96.29,116.38199999999999,97.432,108.598,102.46300000000001,92.05799999999999,103.342,86.26100000000001,95.473,94.57799999999999,90.81,120.504,103.17799999999998,90.019,97.41600000000001,111.92,95.752,91.68599999999999,94.87599999999999,96.59700000000001,83.238,91.63799999999999,100.476,105.141,100.971,109.62599999999999,101.002,96.24000000000001,90.883,108.512,100.758,92.438,90.601,97.501,97.157,90.891,159.129,141.465,90.389,100.405,101.566,91.768,92.74100000000001,96.902,90.38799999999999,110.91600000000001,114.365,97.131,101.06400000000001,96.285,91.46900000000001,94.887,91.908,102.424,100.24000000000001,95.98,103.05499999999999,101.66,100.38499999999999,104.956,94.282,92.924,103.883,105.67899999999999,102.742,86.604,92.30199999999999,91.456,94.874,92.453,107.68499999999999,107.49700000000001,97.604,87.792,107.781,103.54700000000001,98.17499999999998,85.94000000000001,103.88199999999999,94.265,182.77299999999997,91.66,86.37799999999999,100.406,88.709,87.807,176.666,92.66999999999999,108.474,93.139,96.618,90.93,94.051,96.908,109.98700000000001,103.15199999999999,100.113,86.579,90.695,88.709
2014-04-01,104.74300000000001,104.48400000000001,93.87499999999999,124.099,91.527,92.02799999999999,98.62799999999999,93.64999999999999,104.738,99.056,104.74100000000001,109.848,96.47,91.55499999999999,90.692,105.51100000000001,103.781,100.927,121.49400000000001,114.992,101.12899999999999,126.895,111.111,108.523,99.418,99.733,92.85,95.298,128.523,92.134,100.98700000000001,88.21400000000001,95.95100000000001,87.30199999999999,88.93700000000001,91.55199999999999,97.77199999999999,93.086,100.089,127.998,93.889,98.549,95.927,97.049,98.68799999999999,104.592,96.245,87.265,101.164,94.16,92.033,144.108,91.75,95.10199999999999,120.033,114.321,93.26,102.04400000000001,88.99300000000001,96.238,102.015,94.54700000000001,93.029,92.68499999999999,91.557,96.783,64.251,86.854,94.371,96.76700000000001,95.327,98.085,95.076,94.03,92.22,113.36999999999999,99.111,96.46900000000001,107.062,97.04,108.476,101.74900000000001,93.527,103.289,86.343,95.478,96.034,91.55799999999999,118.571,103.137,90.836,97.486,113.042,95.789,92.245,95.074,96.927,83.67899999999999,92.196,100.145,102.88199999999999,101.18199999999999,108.371,101.21300000000001,96.24000000000001,91.114,108.286,101.35199999999999,92.64,90.687,97.806,97.255,91.01400000000001,156.816,141.431,90.579,100.796,100.986,92,93.033,96.766,90.579,113.593,116.475,97.453,101.748,96.46400000000001,91.748,94.923,92.393,101.018,100.353,95.9,106.745,100.621,100.732,105.633,94.723,93.07199999999999,104.762,105.618,103.452,87.032,92.45100000000001,91.689,95.07199999999999,92.696,106.868,108.52499999999999,97.65199999999999,88.195,107.725,103.776,97.16799999999999,86.106,104.009,94.283,179.697,91.68499999999999,87.351,100.796,89.006,88.045,175.90200000000002,92.935,108.17799999999998,93.38799999999999,97.477,91.11999999999999,94.17999999999999,96.77199999999999,109.59100000000001,103.254,99.99300000000001,86.77199999999999,89.32499999999999,89.006
2014-05-01,102.44400000000002,105.599,94.068,124.403,91.71900000000001,91.754,98.573,93.87299999999999,102.44000000000001,98.864,102.44200000000001,109.958,96.654,91.766,90.897,102.1,103.36999999999999,100.77,121.729,114.52,101.705,125.67099999999999,110.826,108.353,99.806,101.147,93.036,95.45100000000001,127.72,92.17699999999999,99.95,88.651,98.079,87.95400000000001,89.282,91.763,98.84700000000001,93.396,100.44100000000002,125.725,94.208,100.631,95.4,97.856,98.866,104.54400000000001,96.389,87.91600000000001,101.607,94.369,91.759,142.19,92.024,94.79100000000001,120.958,112.342,93.421,102.113,89.239,96.38199999999999,101.728,94.566,92.992,95.387,91.768,95.976,66.14999999999999,88.254,94.263,95.96000000000001,95.031,98.236,95.14999999999999,94.191,92.051,114.081,100.323,96.65299999999999,106.70400000000001,97.837,108.44200000000001,101.459,94.894,103.045,85.94200000000001,95.694,97.199,91.768,117.283,103.199,91.10499999999999,97.06400000000001,113.80799999999999,95.721,92.073,95.149,96.818,84.133,92.02199999999999,100.112,99.953,101.306,108.34,101.337,96.384,91.118,108.24000000000001,101.49400000000001,92.75,90.892,97.90100000000001,97.793,91.506,154.721,139.27399999999997,90.769,101.046,99.94900000000001,92.15899999999999,92.998,95.959,90.769,112.96900000000001,115.862,96.93,101.65299999999999,96.648,92.02199999999999,95.013,92.651,101.29,100.44600000000001,96.09400000000001,110.085,101.848,101.271,105.319,94.689,93.28,102.46300000000001,105.164,102.733,87.618,92.63799999999999,91.861,95.146,92.84400000000001,104.425,108.35499999999999,98.15499999999999,87.736,107.45,103.20100000000001,96.689,86.335,103.816,94.17499999999998,174.375,91.70100000000001,87.35,101.04700000000001,89.252,88.36999999999999,170.506,93.12299999999999,108.035,93.73400000000001,98.654,91.21400000000001,94.359,95.965,110.342,103.792,100.24700000000001,86.96600000000001,88.773,89.252
2014-06-01,102.692,105.349,94.215,122.64999999999999,91.91000000000001,92.084,98.24000000000001,93.94200000000001,102.68799999999999,98.62499999999999,102.691,109.303,96.782,92.46900000000001,91.117,105.60799999999999,102.897,100.691,121.712,113.87599999999999,101.34400000000001,125.012,111.735,107.59400000000001,100.083,100.938,93.265,95.456,128.045,92.21100000000001,100.279,88.78,98.804,87.95400000000001,89.642,92.465,98.71300000000001,93.71700000000001,100.74300000000001,124.85499999999999,94.334,100.97,94.729,98.18599999999999,99.076,104.62799999999999,96.49100000000001,87.91600000000001,100.61,94.18599999999999,92.087,142.672,92.285,94.94600000000001,120.82799999999999,109.896,93.548,102.13,89.5,96.483,101.645,94.593,93.01400000000001,93.507,92.471,96.14,67.46700000000001,87.91100000000002,94.343,96.12499999999999,94.965,98.26400000000001,95.193,94.32499999999999,92.27499999999999,114.851,99.614,96.781,105.9,98.46400000000001,108.834,101.282,93.95700000000001,103.54100000000001,85.424,95.74600000000001,98.16999999999999,92.471,116.169,103.23100000000001,91.709,97.345,113.56700000000001,95.56,92.29700000000001,95.192,96.595,84.031,92.24300000000001,99.30199999999999,98.12499999999999,101.335,107.842,101.366,96.486,91.14,108.24700000000001,101.51700000000001,93.016,91.112,97.599,97.649,91.64,154.754,135.48000000000002,90.94300000000001,100.64,100.279,92.34,93.02,96.124,90.94300000000001,113,115.759,97.615,101.531,96.776,92.284,95.10199999999999,92.612,101.17999999999999,100.527,96.455,109.795,102.394,101.55199999999999,104.343,94.842,93.49600000000001,102.71100000000001,105.23400000000001,102.87199999999999,88.17399999999999,92.85,92.043,95.19,92.992,105.271,107.596,98.783,88.316,108.133,103.428,97.032,85.507,102.99100000000001,94.255,167.503,91.515,87.35,100.641,89.513,88.792,166.68200000000002,93.227,107.98,93.883,99.983,91.44300000000001,94.588,96.13,110.6,103.574,100.54100000000001,87.21900000000001,90.502,89.51400000000001
2014-07-01,102.66799999999999,105.929,94.131,120.49100000000001,91.799,92.073,98.62299999999999,94.032,102.664,98.976,102.667,106.383,96.891,92.898,91.20700000000001,108.24700000000001,102.611,99.669,122.23,114.015,101.582,123.915,112.84400000000001,106.614,100.588,101.54700000000001,93.357,95.504,127.975,92.15199999999999,100.99000000000001,89.101,99.166,89.34,90.05799999999999,92.894,98.224,94.10199999999999,101.212,126.392,94.57499999999999,101.06,96.809,98.41100000000002,99.935,103.816,96.436,89.30199999999999,100.504,94.32799999999999,92.074,141.48700000000002,92.46900000000001,95.258,119.898,109.422,93.661,102.475,89.774,96.428,101.557,94.61,93.523,94.599,92.9,95.616,67.62299999999999,87.531,94.73100000000001,95.601,95.44900000000001,98.49900000000001,95.471,94.498,93.021,116.189,99.87499999999999,96.89,108.456,97.4,109.167,101.12599999999999,93.96400000000001,104.38499999999999,86.228,96.316,98.785,92.9,117.18599999999999,103.361,92.076,97.486,113.024,95.539,93.045,95.47,96.871,84.691,92.98700000000001,99.074,97.94200000000001,101.349,106.66499999999999,101.38,96.43100000000001,91.38499999999999,108.478,101.72,93.15899999999999,91.203,98.042,98.509,92.977,153.16899999999998,136.435,91.15299999999999,101.093,100.989,92.666,93.53,95.6,91.15299999999999,112.768,113.30499999999999,97.67399999999999,101.141,96.88499999999999,92.46700000000001,95.251,92.37899999999999,101.031,100.561,96.62799999999999,109.648,102.80499999999999,100.68799999999999,103.82,94.983,93.79,102.687,104.402,101.319,88.51100000000001,93.09700000000001,92.245,95.46700000000001,93.061,105.475,106.616,99.67799999999998,88.834,106.924,104.195,96.49000000000001,86.462,103.236,94.642,166.931,91.851,87.349,101.09400000000001,89.787,88.121,163.75,93.256,108.198,93.99700000000001,99.363,91.533,94.811,95.606,108.823,102.568,100.5,87.894,91.145,89.788
2014-08-01,102.718,106.968,94.371,119.46100000000001,91.643,92.12799999999999,98.827,94.139,102.71400000000001,103.076,102.71700000000001,107.871,96.87499999999999,91.763,91.529,107.735,101.72,99.34100000000001,120.953,113.95,101.76,122.363,113.371,107,101.202,102.02799999999999,93.534,95.71600000000001,127.076,92.71400000000001,101.423,90.01400000000001,99.187,89.38,90.38499999999999,91.76,98.205,94.489,101.365,124.092,94.79,101.342,98.965,97.99700000000001,100.68599999999999,103.752,96.71300000000001,89.342,98.94700000000002,94.4,92.12799999999999,139.16899999999998,92.65799999999999,95.10199999999999,119.311,105.68199999999999,93.785,102.562,89.98700000000001,96.706,101.933,94.708,93.147,95.235,91.765,94.512,67.862,88.601,94.648,94.49700000000001,95.073,98.24000000000001,95.595,94.561,92.729,113.566,99.971,96.874,108.37599999999999,98.902,108.927,101.307,93.512,102.233,85.90700000000001,95.648,99.142,91.766,116.085,103.285,92.398,97.486,113.16999999999999,96.32499999999999,92.753,95.593,96.14,85.62899999999999,92.693,98.871,97.074,101.27,105.965,101.301,96.708,91.343,108.697,101.036,93.44100000000002,91.52499999999999,98.397,98.406,92.459,153.752,136.687,91.338,100.886,101.422,92.922,93.15499999999999,94.49600000000001,91.338,113.956,110.227,97.864,100.633,96.869,92.65599999999999,95.37899999999999,92.403,101.04100000000001,100.59,96.44400000000002,110.509,103.145,100.52499999999999,103.37199999999999,95.03,93.968,102.73700000000001,104.539,101.059,88.43700000000001,93.307,92.364,95.59100000000001,93.191,105.286,107.002,99.82199999999999,88.17299999999999,106.613,104.04700000000001,96.76400000000001,86.922,103.054,94.56,165.874,92.005,87.406,100.887,90,88.221,162.518,93.359,108.383,94.221,98.17099999999999,91.588,94.757,94.502,107.958,102.71600000000001,101.31400000000001,88.342,90.282,90.001
2014-09-01,102.848,106.35,94.579,118.18499999999999,91.927,92.12199999999999,98.63199999999999,94.10199999999999,102.84400000000001,105.584,102.84700000000001,107.989,96.88199999999999,92.346,91.84400000000001,108.18299999999999,101.31400000000001,99.503,119.962,113.41000000000001,101.87199999999999,120.65199999999999,111.989,106.57499999999999,101.758,101.864,93.732,95.718,126.271,92.803,101.803,90.479,98.748,89.757,90.649,92.342,98.32199999999999,94.909,101.666,125.194,94.9,101.601,99.024,97.71100000000001,101.01,103.034,96.9,89.71900000000001,99.965,94.459,92.121,135.46800000000002,92.729,94.79100000000001,117.774,105.89,93.93100000000001,102.18799999999999,90.256,96.892,102.96400000000001,94.774,93.007,95.462,92.348,94.197,68.194,88.643,95.09100000000001,94.18199999999999,95.16799999999999,98.29400000000001,95.206,94.735,92.14999999999999,113.386,100.37799999999999,96.881,108.10799999999999,98.258,108.723,101.257,93.41400000000002,102.712,85.915,95.391,100.25,92.348,115.583,102.415,92.34700000000001,97.556,113.088,96.24600000000001,92.17199999999998,95.205,97.365,86.203,92.112,99.616,94.815,101.394,107.698,101.425,96.895,91.49700000000001,109.057,102.521,93.568,91.84100000000001,98.533,98.293,92.94100000000002,148.64899999999997,133.689,91.529,100.819,101.80199999999999,93.18299999999999,93.015,94.181,91.529,114.20700000000001,109.553,98.071,100.812,96.87599999999999,92.727,95.548,92.759,100.835,100.649,96.37499999999999,110.793,103.31,101.399,103.534,95.15299999999999,94.112,102.868,104.922,99.478,88.816,93.422,92.48700000000001,95.203,93.34100000000001,105.354,106.57799999999999,100.556,87.98400000000001,106.98400000000001,104.073,98.32199999999999,87.127,102.648,95.002,161.285,92.116,87.405,100.82,90.27,88.399,160.98800000000003,93.44300000000001,108.657,94.215,97.418,91.779,95.15799999999999,94.187,108.10799999999999,102.924,101.005,88.54700000000001,92.40400000000001,90.27
2014-10-01,102.604,104.24000000000001,95.006,118.233,92.36999999999999,92.235,98.70400000000001,94.452,102.599,106.24000000000001,102.60199999999999,106.339,96.863,92.694,91.968,107.66499999999999,102.02,100.228,120.97,112.44200000000001,102.27199999999999,119.94000000000001,112.498,105.38799999999999,101.93,102.94500000000001,93.94500000000001,96.063,125.76400000000001,93.06,101.343,91.045,98.91400000000002,90.16,90.84700000000001,92.691,98.221,95.37299999999999,101.9,126.21300000000001,95.112,101.41600000000001,98.924,97.513,99.796,103.479,96.01700000000001,90.121,100.538,94.769,92.23400000000001,131.42000000000002,93.057,95.258,117.149,103.60499999999999,94.18199999999999,102.427,90.46600000000001,96.009,103.13,94.887,93.137,95.76400000000001,92.696,94.582,69,89.004,95.195,94.56700000000001,94.12299999999999,98.718,95.832,94.97,91.783,113.316,100.35199999999999,96.862,107.063,98.983,108.332,101.56400000000001,95.12499999999999,102.24700000000001,85.71100000000001,95.48400000000001,99.973,92.697,115.29700000000001,103.26,93.121,97.556,112.424,95.866,91.801,95.831,98.157,86.57199999999999,91.74300000000001,100.86999999999999,98.21600000000001,101.49300000000001,108.301,101.524,96.012,93.542,108.257,100.318,93.76100000000001,91.965,98.781,98.181,92.005,142.1,132.284,91.735,101.335,101.343,93.397,93.147,94.566,91.73400000000001,112.889,111.79700000000001,97.929,100.986,96.857,93.056,95.788,93.02,101.48400000000001,100.65899999999999,96.718,110.223,102.394,101.566,104.412,95.30199999999999,94.218,102.62299999999999,104.857,98.476,89.386,93.62899999999999,92.745,95.82799999999999,93.67399999999999,106.057,105.39,100.765,88.472,106.867,103.989,97.346,87.84,102.471,95.106,159.02100000000002,92.364,87.405,101.336,90.48,88.883,159.11899999999997,93.774,107.99000000000001,94.59,98.586,91.977,95.456,94.57199999999999,107.952,103.074,100.562,89.271,91.76100000000001,90.48
2014-11-01,102.03,105.21700000000001,95.524,116.85199999999999,92.087,92.235,98.44700000000002,94.502,102.02499999999999,107.339,102.02799999999999,105.327,96.67999999999999,92.55,92.227,103.627,101.958,100.604,118.8,111.6,101.22,118.15499999999999,112.953,105.381,102.326,102.866,94.076,96.229,124.331,93.24600000000001,100.77199999999999,91.07499999999999,98.639,90.224,91.11999999999999,92.546,98.84400000000001,95.874,101.361,124.62799999999999,95.20100000000001,101.41100000000002,99.834,98.20400000000001,99.083,103.501,96.266,90.18499999999999,98.543,94.865,92.23400000000001,123.82,93.342,95.335,119.43700000000001,102.527,94.32,102.292,90.77799999999999,96.258,102.649,94.956,93.25,96.01700000000001,92.551,96.383,69.709,89.127,95.16799999999999,96.368,93.79,99.37499999999999,95.968,95.084,91.45700000000001,111.21900000000001,100.613,96.67899999999999,105.363,98.52,107.438,101.31400000000001,94.73400000000001,102.196,85.868,95.479,100.526,92.55199999999999,114.353,102.415,93.076,97.41600000000001,111.349,96.415,91.47,95.96600000000001,98.254,86.198,91.412,100.343,101.136,101.60199999999999,107.369,101.633,96.26100000000001,93.489,107.073,100.48700000000001,93.738,92.225,98.81400000000001,98.61999999999999,92.754,138.71499999999997,128.406,91.95,101.345,100.771,93.75,93.26100000000001,96.367,91.94900000000001,111.933,109.15599999999999,98.23100000000001,100.425,96.67499999999998,93.34,95.952,93.295,100.67299999999999,100.687,97.265,109.94100000000002,103.061,101.715,104.343,95.26,94.292,102.049,104.324,98.349,90.07499999999999,93.691,92.94500000000001,95.96400000000001,93.74000000000001,106.661,105.383,100.384,88.48400000000001,106.288,102.777,97.141,88.697,102.09100000000001,95.079,154.166,92.642,88.548,101.346,90.792,89.08,155.507,93.912,106.93,94.798,100.016,92.309,95.561,96.37299999999999,111.60199999999999,102.41400000000002,101.681,89.857,89.48400000000001,90.792
2014-12-01,101.588,106.313,95.506,115.99400000000001,92.44000000000001,92.035,98.84400000000001,94.94000000000001,101.584,108.806,101.586,103.37599999999999,96.38199999999999,92.508,92.405,99.889,102.365,100.838,116.85,111.351,101.013,116.409,111.49600000000001,103.319,101.94700000000002,103.05199999999999,94.21600000000001,96.381,125.423,93.263,100.562,91.718,99.37299999999999,90.909,91.41000000000001,92.504,98.975,96.349,100.809,120.753,95.48700000000001,101.349,98.684,98.596,98.839,103.71700000000001,96.38799999999999,90.86999999999999,98.65299999999999,94.862,92.035,112.67999999999999,93.55,95.80199999999999,124.63799999999999,104.13199999999999,94.433,101.868,90.98100000000001,96.38,103.032,94.96600000000001,93.19,96.57,92.51,95.978,70.34,88.982,95.16,95.96300000000001,93.824,99.03,95.796,95.17399999999999,91.99600000000001,108.111,100.526,96.381,103.37499999999999,99.34400000000001,107.818,101.433,95.599,101.67299999999999,86.316,94.869,100.85,92.51,113.55199999999999,101.96600000000001,92.843,97.27499999999999,111.45700000000001,96.106,92,95.795,98.146,83.90100000000001,91.94200000000001,100.641,100.193,101.399,107.472,101.43,96.383,93.311,105.881,100.88,93.725,92.40400000000001,98.829,98.97,93.239,125.98100000000001,127.96100000000001,92.113,101.224,100.561,94.001,93.20100000000001,95.962,92.112,109.51700000000001,106.24300000000001,98.426,100.077,96.37599999999999,93.548,96.10499999999999,93.893,101.684,100.806,97.30499999999999,109.601,102.569,101.831,103.459,95.345,94.384,101.607,103.523,99.05199999999999,91.066,93.801,93.16999999999999,95.793,93.829,105.55499999999999,103.321,100.696,89.536,105.474,102.91400000000002,97.651,89.44500000000001,102.607,95.071,153.787,92.82,88.54700000000001,101.224,90.995,89.44900000000001,153.51,94.116,105.745,94.834,102.065,92.471,95.63199999999999,95.968,107.94300000000001,101.384,101.17299999999999,90.456,88.304,90.995
2015-01-01,102.15499999999999,103.641,95.46100000000001,116.11,92.633,92.20700000000001,99.636,94.861,102.151,109.17199999999998,102.15299999999999,101.979,95.768,92.72,92.79,103.276,102.88199999999999,99.968,117.68199999999999,111.198,102.17599999999999,115.633,110.823,102.107,102.476,102.561,94.588,96.617,123.633,93.433,101.784,92.74400000000001,99.75,91.189,91.696,92.71600000000001,98.17199999999998,96.926,100.782,117.345,95.896,100.865,98.48700000000001,98.54,99.621,103.111,96.561,91.14999999999999,97.60799999999999,95.13199999999999,92.20700000000001,94.408,94.039,95.569,124.285,102.113,94.644,102.753,91.254,96.553,103.061,94.79400000000001,93.811,97.255,92.722,94.691,69.68799999999999,89.669,95.453,94.67599999999999,93.17399999999999,98.921,96.226,95.18499999999999,92.073,110.30499999999999,100.366,95.76700000000001,98.745,99.057,107.582,100.826,95.23700000000001,100.74900000000001,86.295,96.203,101.68299999999999,92.722,112.45700000000001,102.409,93.049,98.11999999999999,110.01,95.766,92.066,96.225,96.96400000000001,84.94600000000001,92.006,100.94400000000002,102.889,100.924,105.86,100.95400000000001,96.556,93.65599999999999,105.121,99.915,94.15799999999999,92.79,98.31400000000001,98.538,93.31700000000001,112.698,127.857,92.346,99.72,101.784,94.164,93.82199999999999,94.67499999999998,92.345,111.329,108.006,98.085,99.524,95.762,94.037,96.34400000000001,93.887,101.634,99.059,96.86999999999999,109.103,103.28,100.985,104.228,95.24400000000001,94.57199999999999,102.17399999999999,103.65799999999999,99.43100000000001,90.96000000000001,94.057,93.41400000000002,96.222,93.902,105.279,102.109,100.057,91.166,105.252,102.08,99.513,91.337,102.921,95.364,154.164,93.397,88.259,99.72,91.26700000000001,89.51700000000001,151.726,94.509,105.082,94.851,100.721,93.039,95.732,94.681,106.087,101.296,100.478,90.616,90.562,91.268
2015-02-01,102.67199999999998,102.91600000000001,95.642,116.733,92.67299999999999,92.271,99.571,94.21000000000001,102.667,109.438,102.66999999999999,101.29,96.01100000000001,93.008,92.862,104.64999999999999,100.343,100.462,117.46600000000001,110.812,101.245,115.53,110.87199999999999,103.651,102.618,102.453,94.80199999999999,96.619,121.607,93.37299999999999,102.40100000000001,92.843,100.13799999999999,91.223,91.96700000000001,93.004,98.288,97.41600000000001,100.433,109.779,96.062,101.181,98.94900000000001,98.13799999999999,99.44500000000001,102.67999999999999,96.71000000000001,91.184,97.429,95.284,92.27199999999999,97.757,94.221,96.892,124.995,99.94000000000001,94.82799999999999,102.57199999999999,91.561,96.702,103.29,94.853,93.87299999999999,96.524,93.01,93.998,69.574,89.831,95.727,93.983,92.15899999999999,99.17699999999999,96.543,95.361,92.924,109.79400000000001,100.43700000000001,96.01,98.226,98.424,107.045,101.007,94.74000000000001,102.30499999999999,86.94000000000001,94.978,101.571,93.01,113.109,102.455,93.342,97.768,106.865,95.769,92.912,96.542,95.82199999999999,86.279,92.851,99.542,101.029,101.26400000000001,105.753,101.295,96.705,93.866,106.977,100.864,94.359,92.863,98.59700000000001,99.455,93.036,111.96900000000001,126.783,92.595,100.337,102.40100000000001,94.394,93.883,93.982,92.59400000000001,110.181,109.782,98.857,100.369,96.005,94.22,96.526,94.46300000000001,102.003,99.124,97.036,107.926,103.43400000000001,101.026,104.12899999999999,95.581,94.777,102.691,103.79,99.57199999999999,91.263,94.218,93.753,96.539,94.035,104.29,103.65299999999999,99.87599999999999,92.88,105.312,102.039,100.73400000000001,90.639,102.908,95.63799999999999,153.19299999999998,93.242,88.543,100.338,91.57499999999999,89.87899999999999,150.324,94.72,106.833,94.88799999999999,99.579,93.151,95.827,93.988,105.807,100.515,100.742,91.019,91.586,91.576
2015-03-01,102.2,102.371,95.70700000000001,115.76400000000001,92.508,92.44000000000001,99.753,94.803,102.196,108.91900000000001,102.199,100.928,96.27,93.191,93.67299999999999,105.083,102.766,101.081,116.811,110.351,100.569,114.521,111.91100000000002,104.842,102.32499999999999,101.953,94.77,96.59,121.784,93.43700000000001,102.4,93.479,99.383,91.191,92.27,93.187,98.009,97.793,99.46300000000001,111.228,96.253,100.91100000000002,98.863,97.49300000000001,99.38499999999999,103.57499999999999,96.826,91.15199999999999,95.181,95.40700000000001,92.44100000000002,101.371,94.556,97.43700000000001,125.574,98.146,95.033,103.151,91.848,96.819,103.12499999999999,94.90700000000001,94.273,97.586,93.192,93.67999999999999,70.004,89.74000000000001,95.65599999999999,93.66499999999999,92.45400000000001,98.752,96.871,95.383,93.98,108.87599999999999,100.134,96.269,98.519,98.759,106.587,101.111,94.971,103.502,86.617,94.689,101.30499999999999,93.193,112.13499999999999,103.31400000000001,93.477,97.768,106.87299999999999,95.811,93.968,96.869,96.52199999999999,86.252,93.90700000000001,100.65299999999999,100.93700000000001,101.351,106.166,101.38199999999999,96.821,94.07499999999999,107.307,100.475,94.492,93.67499999999998,98.812,99.222,93.965,120.38799999999999,124.02799999999999,92.835,100.107,102.4,94.516,94.284,93.664,92.835,107.715,106.654,98.57,100.427,96.26400000000001,94.554,96.7,94.44700000000002,101.478,99.115,97.02,105.41700000000002,103.789,101.281,104.118,95.57799999999999,95.06,102.21900000000001,103.345,98.757,91.67599999999999,94.363,93.84,96.867,94.184,104.391,104.84400000000001,100.35799999999999,93.93700000000001,104.74900000000001,100.62299999999999,100.532,91.49300000000001,102.31,95.56700000000001,150.011,93.34400000000001,88.542,100.10799999999999,91.862,90.045,150.026,94.843,107.14999999999999,94.965,99.88199999999999,93.392,95.74600000000001,93.66999999999999,102.874,100.568,100.88199999999999,91.29100000000001,90.883,91.863
2015-04-01,104.06400000000001,101.94400000000002,96.042,115.924,92.815,92.67599999999999,99.34400000000001,94.894,104.059,109.228,104.062,99.77499999999999,96.36999999999999,93.41000000000001,94.46300000000001,106.23,103.351,101.012,117.18199999999999,110.02,100.346,114.498,111.568,105.49600000000001,102.477,101.203,95.124,96.615,121.851,93.533,101.84700000000001,93.539,99.462,91.193,92.527,93.406,97.87199999999999,98.084,99.67099999999999,111.521,96.44200000000001,100.283,97.17499999999998,98.74400000000001,99.905,104.96300000000001,97.093,91.15299999999999,95.549,95.962,92.67799999999998,99.894,94.856,97.826,122.49600000000001,95.55199999999999,95.167,103.20700000000001,92.085,97.085,103.018,94.982,94.527,97.61999999999999,93.412,93.62499999999999,70.953,89.642,96.736,93.61,92.036,99.462,96.91900000000001,95.548,94.323,109.137,100.09400000000001,96.369,97.42,100.06700000000001,105.862,101.44500000000001,95.17899999999999,102.604,87.01100000000001,95.225,101.504,93.412,112.17699999999999,102.93900000000001,94.26100000000001,97.908,106.311,95.83,94.31700000000001,96.918,96.534,87.17999999999999,94.258,100.518,100.49700000000001,101.335,105.252,101.366,97.088,93.80799999999999,107.843,100.769,94.789,94.46600000000001,99.131,99.101,94.73700000000001,111.36999999999999,121.46000000000001,93.09400000000001,100.568,101.846,94.74100000000001,94.538,93.609,93.09400000000001,107.383,107.71400000000001,98.537,100.87599999999999,96.364,94.854,96.783,94.65299999999999,101.81400000000001,99.15799999999999,97.04,102.71900000000001,103.753,100.62199999999999,104.715,95.706,95.30799999999999,104.083,103.326,98.4,92.016,94.397,94.042,96.91600000000001,94.32499999999999,104.61999999999999,105.498,100.12799999999999,93.884,103.99600000000001,100.16,99.57499999999999,91.507,102.095,96.645,146.88800000000003,93.488,89.057,100.569,92.099,90.09400000000001,147.51899999999998,94.757,107.657,94.82499999999999,99.359,93.585,96.116,93.615,105.436,100.80799999999999,100.52,91.545,90.709,92.1
2015-05-01,103.786,102.71000000000001,96.44200000000001,115.59100000000001,92.819,92.91000000000001,99.386,95.117,103.781,108.832,103.784,99.164,96.68799999999999,93.59100000000001,94.63,106.012,102.83,101.277,116.47,109.44500000000001,100.008,113.912,112.819,104.557,101.38499999999999,101.018,95.293,96.725,121.051,94.035,101.849,93.782,98.56400000000001,91.197,92.915,93.587,98.422,98.21900000000001,99.458,112.583,96.74600000000001,99.826,97.205,98.862,99.636,104.187,97.145,91.15799999999999,96.056,95.924,92.91100000000002,106.281,95.073,98.137,124.134,94.861,95.30199999999999,103.01,92.336,97.13799999999999,102.96400000000001,95.10199999999999,95.193,95.79,93.593,94.07499999999999,71.782,90.585,96.71900000000001,94.06,91.354,99.336,96.958,95.909,94.46100000000001,108.728,100.708,96.687,95.73400000000001,99.18799999999999,106.032,101.823,96.77799999999999,102.203,88.348,95.495,101.189,93.593,111.43100000000001,102.66,94.43400000000001,97.979,106.003,96.154,94.45700000000001,96.95700000000001,97,88.321,94.4,98.938,101.17499999999998,101.41600000000001,105.556,101.44700000000002,97.14,94.77,108.48400000000001,100.829,94.693,94.63199999999999,99.334,99.327,94.65799999999999,111.90700000000001,120.842,93.307,100.995,101.848,94.94300000000001,95.20400000000001,94.059,93.307,106.55799999999999,109.64999999999999,98.973,100.383,96.68199999999999,95.071,96.82,94.67099999999999,102.262,99.149,97.043,102.563,101.959,100.892,104.51700000000001,96.023,95.498,103.80499999999999,103.066,99.16499999999999,92.34100000000001,94.524,94.235,96.95400000000001,94.545,104.319,104.559,99.98100000000001,95.703,102.498,101.299,100.624,91.399,102.37899999999999,96.62799999999999,145.965,93.687,89.17199999999998,100.995,92.35,90.476,145.905,94.824,108.295,95.16499999999999,99.476,94.304,96.40700000000001,94.065,103.092,100.248,100.56,91.86999999999999,90.35,92.35
2015-06-01,103.393,102.192,96.276,114.568,92.89,92.90100000000001,99.706,96.613,103.38799999999999,109.07799999999999,103.391,99.06400000000001,96.955,93.63799999999999,94.952,104.59400000000001,104.09,100.593,115.364,109.136,100.06400000000001,112.906,111.856,103.338,101.689,100.579,95.582,96.859,120.265,94.82,101.113,93.276,99.019,92.641,93.255,93.634,98.69,98.35,99.59100000000001,112.55199999999999,97.117,99.063,97.28,98.773,100.144,104.218,97.21400000000001,92.601,95.972,96.008,92.9,108.892,95.338,97.826,146.86800000000002,95.474,95.485,103.221,92.634,97.206,102.593,95.18299999999999,95.76400000000001,93.897,93.639,94.17299999999999,72.486,91.296,96.804,94.15799999999999,91.87799999999999,99.44300000000001,97.05,96.07,94.18799999999999,110.292,99.74000000000001,96.95400000000001,95.08,97.80799999999999,105.319,101.706,95.58,101.99400000000001,88.04400000000001,97.504,101.27799999999999,93.64,111.319,102.46400000000001,94.98,98.049,105.44800000000001,96.46700000000001,94.18499999999999,97.049,97.13,90.647,94.12899999999999,98.18799999999999,99.94200000000001,101.76,105.068,101.79100000000001,97.209,95.147,108.66199999999999,99.848,94.71300000000001,94.955,99.521,99.62499999999999,95.215,111.46600000000001,118.062,93.619,100.606,101.112,95.104,95.776,94.157,93.619,107.846,104.16999999999999,98.932,100.05499999999999,96.94900000000001,95.336,96.85499999999999,94.76700000000001,101.985,99.17699999999999,97.149,102.01100000000001,103.39,101.24600000000001,104.85799999999999,95.93,95.62499999999999,103.412,103.002,98.861,92.44100000000002,94.715,94.46000000000001,97.04700000000001,94.74700000000001,104.333,103.34,99.91000000000001,96.096,103.329,100.433,100.397,92.146,101.726,96.71400000000001,142.283,93.99600000000001,89.286,100.607,92.648,90.88499999999999,145.225,94.95,108.433,95.363,98.74300000000001,94.609,96.48400000000001,94.163,101.62199999999999,99.562,100.021,92.21300000000001,91.34400000000001,92.648
2015-07-01,104.263,102.636,96.318,114.526,93.077,93.274,100.438,96.712,104.259,108.766,104.262,99.31700000000001,97.109,89.983,95.24600000000001,104.565,104.197,100.666,115.57199999999999,109.13,99.784,112.161,110.208,104.46600000000001,102.06700000000001,101.49300000000001,95.87499999999999,96.886,119.972,94.67099999999999,101.12599999999999,93.62299999999999,98.71300000000001,91.99100000000001,93.524,89.979,98.11999999999999,98.318,98.72,109.22,97.604,98.91700000000002,96.94000000000001,98.45,100.16799999999999,103.598,97.276,91.95100000000001,96.09700000000001,96.18499999999999,93.269,109.26100000000001,95.667,97.12499999999999,149.45700000000002,93.895,95.74000000000001,102.62199999999999,92.94500000000001,97.268,102.031,95.202,95.867,97.769,89.985,96.10799999999999,73.15199999999999,92,96.84700000000001,96.093,93.311,99.754,96.67999999999999,96.286,94.35,109.319,99.84100000000001,97.10799999999999,93.41300000000001,98.049,104.614,101.265,96.74000000000001,101.338,80.62799999999999,97.99400000000001,101.898,89.985,110.271,102.124,95.029,98.11999999999999,106.396,96.67799999999998,94.343,96.67799999999998,98.932,91.21700000000001,94.289,98.21300000000001,101.15499999999999,101.321,105.348,101.35199999999999,97.271,94.699,108.335,100.501,94.906,95.248,99.52499999999999,99.689,95.107,107.24400000000001,118.601,93.87899999999999,100.21600000000001,101.12499999999999,95.298,95.87899999999999,96.09100000000001,93.87899999999999,106.34700000000001,105.425,98.902,100.21100000000001,97.103,95.66499999999999,96.952,94.924,102.452,99.393,97.245,102.116,102.935,100.079,104.265,96.02199999999999,95.82,104.283,103.477,98.97,92.391,95.024,94.883,96.67599999999999,95.062,104.15799999999999,104.468,100.21300000000001,95.19,103.821,100.293,100.862,91.616,101.795,96.756,142.45600000000002,94.10799999999999,89.80199999999999,100.21600000000001,92.959,91.256,142.97299999999998,95.258,108.145,95.48700000000001,98.254,94.819,96.553,96.098,101.13499999999999,99.96700000000001,100.11,92.57,91.563,92.959
2015-08-01,104.26700000000001,101.035,96.356,114.338,92.924,93.657,100.23700000000001,96.66799999999999,104.263,107.99000000000001,104.266,98.16499999999999,97.109,90.1,95.40400000000001,107.27499999999999,107.374,100.20100000000001,114.209,108.80799999999999,99.82199999999999,111.223,111.402,102.905,101.94900000000001,101.04400000000001,96.043,97.004,118.689,94.803,100.459,94.15499999999999,98.645,91.977,93.616,90.096,97.849,98.12299999999999,99.458,112.301,97.77199999999999,99.91700000000002,96.91300000000001,98.536,99.24900000000001,102.262,97.455,91.938,97.617,96.921,93.64999999999999,106.392,95.809,97.43700000000001,162.036,93.983,95.884,102.798,93.232,97.44700000000002,101.857,95.26400000000001,95.908,96.824,90.101,97.386,73.96300000000001,92.134,96.925,97.36999999999999,91.509,99.983,96.906,96.32799999999999,94.324,107.93100000000001,99.962,97.10799999999999,92.501,98.501,104.813,100.968,96.669,101.09,80.927,97.364,101.983,90.10199999999999,110.365,102.24900000000001,95.40400000000001,98.19,104.96600000000001,96.753,94.315,96.905,98.34,92.548,94.262,97.40100000000001,101.978,101.30799999999999,105.071,101.339,97.45,95.301,107.73,100.326,95.136,95.405,99.49900000000001,99.788,95.21600000000001,100.788,115.94500000000001,94.089,100.124,100.459,95.49700000000001,95.92,97.369,94.089,106.196,109.406,98.698,99.978,97.103,95.807,97.02199999999999,95.17799999999998,102.513,99.44300000000001,97.421,101.57499999999999,102.44300000000001,100.02799999999999,104.423,96.409,95.918,104.287,103.616,97.67299999999999,92.389,95.194,94.84100000000001,96.902,95.205,103.12199999999999,102.90700000000001,100.76100000000001,96.556,103.52,100.393,100.98700000000001,91.641,101.637,96.835,138.65200000000002,94.389,89.975,100.12499999999999,93.24600000000001,91.62299999999999,140.76399999999998,95.49900000000001,107.574,95.41000000000001,99.462,95.287,96.433,97.37599999999999,99.752,100.59,99.995,93.34,91.836,93.245
2015-09-01,103.557,101.60499999999999,96.46600000000001,114.94500000000001,93.16,94.54400000000001,100.22,96.93,103.55199999999999,107.82,103.55499999999999,97.912,96.891,96.38,95.728,108.363,107.104,100.452,114.67899999999999,108.697,100.26100000000001,111.51,111.829,103.133,101.228,101.472,96.203,97.035,118.649,94.99300000000001,100.72,94.664,98.565,92.11999999999999,93.938,96.37599999999999,98.27199999999999,97.861,99.583,107.777,98.293,98.889,94.57799999999999,100.15199999999999,98.59700000000001,102.782,97.549,92.081,98.20700000000001,97.04700000000001,94.537,95.233,96.242,97.592,161.107,93.253,96.056,101.99100000000001,93.57799999999999,97.54100000000001,101.723,95.362,95.59,97.079,96.38199999999999,97.368,74.925,92.728,96.927,97.35199999999999,92.706,100.029,98.053,96.73,94.06,108.584,99.639,96.89,91.147,99.154,104.371,101.654,96.866,102.007,80.752,97.12599999999999,102.26100000000001,96.383,110.936,101.589,95.34,98.26,104.795,96.71100000000001,94.051,98.05199999999999,97.874,92.107,93.99700000000001,98.01,99.84,101.245,104.537,101.276,97.54400000000001,95.248,107.23400000000001,100.44000000000001,95.66999999999999,95.729,99.695,100.274,93.889,96.924,113.16,94.342,99.938,100.72,95.792,95.603,97.351,94.34100000000001,107.615,111.874,99.498,100.29100000000001,96.88499999999999,96.24000000000001,97.21700000000001,95.327,102.596,99.44000000000001,97.425,102.44600000000001,101.526,100.617,105.92,96.604,96.048,103.576,103.52799999999999,98.289,92.554,95.295,95.26400000000001,98.049,95.25,102.218,103.13499999999999,100.18799999999999,94.811,103.924,100.039,101.45100000000001,91.641,101.99700000000001,96.837,134.58100000000002,94.774,90.09,99.938,93.592,91.77,139.319,95.736,107.026,95.504,100.586,95.529,96.533,97.357,99.972,100.029,99.748,93.611,90.362,93.59100000000001
2015-10-01,101.94000000000001,100.37299999999999,96.579,114.74400000000001,93.759,94.565,100.71600000000001,97.005,101.936,107.337,101.93900000000001,97.074,96.986,97.412,95.874,108.209,105.362,100.21000000000001,115.147,108.98400000000001,101.262,110.617,112.426,105.471,101.124,101.34400000000001,96.332,97.127,118.131,95.621,101.018,95.031,98.36,92.59,94.202,97.408,98.52199999999999,97.44800000000001,100.426,105.28,98.488,98.31,94.694,100.903,99.345,102.73,97.289,92.55,98.68599999999999,97.618,94.559,93.973,96.37499999999999,97.515,153.183,92.225,96.157,103.286,93.854,97.281,102.006,95.524,95.932,97.554,97.41400000000002,98.396,75.959,93.326,97.43,98.381,92.374,100.46300000000001,98.076,96.718,94.212,107.29400000000001,99.82,96.985,92.742,96.774,104.408,102.012,97.082,101.41900000000001,80.642,96.479,102.31400000000001,97.415,109.592,101.616,95.38199999999999,98.26,103.923,97.324,94.203,98.074,98.724,92.35199999999999,94.147,98.59400000000001,99.271,101.05799999999999,103.729,101.088,97.284,96.10799999999999,106.38,100.49100000000001,95.502,95.87499999999999,99.68499999999999,100.31700000000001,91.998,95.144,114.55,94.55799999999999,100.07199999999999,101.018,95.973,95.94600000000001,98.38,94.557,106.99100000000001,108.29,98.26400000000001,100.148,96.98,96.37299999999999,97.44400000000002,95.631,101.615,99.54100000000001,97.412,103.236,102.081,100.617,104.915,96.824,96.146,101.959,102.953,100.725,92.684,95.266,95.53,98.07199999999999,95.195,102.754,105.473,99.867,96.235,104.107,100.35199999999999,100.756,92.036,101.287,97.339,135.344,95.098,90.95,100.07199999999999,93.868,91.94800000000001,137.83200000000002,95.91600000000001,106.169,95.631,100.823,95.748,96.777,98.386,99.21400000000001,99.45,100.529,93.776,91.65499999999999,93.866
2015-11-01,101.551,100.245,96.66499999999999,115.288,93.753,94.806,100.24300000000001,97.4,101.54700000000001,106.069,101.55,96.57199999999999,97.10199999999999,97.24100000000001,96.13,105.318,107.265,100.301,111.498,108.897,101.036,109.87599999999999,111.05,104.94300000000001,100.71400000000001,100.832,96.73400000000001,97.23400000000001,117.079,95.84100000000001,100.82799999999999,95.319,98.306,93.371,94.57,97.23700000000001,97.99700000000001,96.91300000000001,99.784,105.12899999999999,98.776,98.232,94.694,101.299,99.233,102.699,97.44000000000001,93.33,99.559,97.634,94.801,93.803,96.601,97.359,148.759,90.833,96.30799999999999,102.49600000000001,94.086,97.432,101.01,95.801,95.74000000000001,98.763,97.24300000000001,97.506,76.96900000000001,93.29100000000001,97.561,97.49100000000001,91.12499999999999,100.049,97.813,97.03,94.783,107.535,99.90100000000001,97.101,91.93400000000001,97.66199999999999,103.644,101.48100000000001,96.71000000000001,102.09400000000001,96.206,95.63,102.76,97.24300000000001,109.523,101.99400000000001,95.533,98.331,102.91100000000002,96.983,94.773,97.812,98.265,92.195,94.71600000000001,99.614,96.68799999999999,100.891,103.151,100.921,97.435,95.429,105.292,100.259,95.592,96.13,99.90400000000001,100.019,93.006,95.32,112.16499999999999,94.76400000000001,99.78,100.82799999999999,96.133,95.755,97.49000000000001,94.76400000000001,106.286,106.63799999999999,99.083,100.599,97.096,96.599,97.553,95.66499999999999,102.071,99.637,97.35,102.752,101.769,99.81700000000001,105.96600000000001,97.17999999999999,96.29100000000001,101.57,102.76700000000001,99.116,93.099,95.35,95.725,97.81,95.25,102.647,104.94600000000001,100.04400000000001,95.61999999999999,103.98100000000001,99.892,100.23100000000001,92.036,101.715,97.47,131.516,95.306,91.238,99.78,94.1,92.315,136.98200000000003,96.024,105.033,95.798,101.766,96.034,96.87899999999999,97.49600000000001,100.144,99.63499999999999,100.40400000000001,93.99700000000001,90.426,94.098
2015-12-01,100.595,97.98100000000001,96.81,113.273,93.989,94.67099999999999,99.884,97.21900000000001,100.59100000000001,104.339,100.593,96.34100000000001,96.998,97.202,96.197,103.145,102.838,100.88,111.596,108.489,101.119,108.691,110.169,105.354,101.148,100.44700000000002,96.91900000000001,97.279,115.40700000000001,96.054,100.61,95.77199999999999,98.007,93.008,94.84100000000001,97.197,98.398,96.293,100.349,101.95100000000001,98.93,97.928,94.617,100.299,99.748,102.77799999999999,97.586,92.96700000000001,99.956,97.10499999999999,94.666,89.932,96.831,97.281,143.11599999999999,87.94700000000002,96.44200000000001,102.67899999999999,94.336,97.57799999999999,100.49900000000001,95.89,95.79400000000001,97.98,97.203,98.21100000000001,77.94900000000001,94.49700000000001,97.58,98.196,93.389,99.856,97.927,97.111,96.093,108.397,100.09100000000001,96.99700000000001,91.398,98.693,103.116,101.306,96.09100000000001,103.38799999999999,96.34100000000001,95.365,102.654,97.20400000000001,108.76100000000001,101.636,96.042,98.40100000000001,102.71100000000001,97.07499999999999,96.08,97.926,97.245,94.851,96.023,100.932,91.399,100.908,102.421,100.93900000000001,97.581,95.557,104.771,99.615,95.94800000000001,96.196,99.651,99.639,93.006,86.32799999999999,109.34100000000001,94.99900000000001,99.418,100.61,96.23,95.81,98.195,94.998,105.702,110.195,99.118,100.534,96.992,96.829,97.49100000000001,95.995,101.51700000000001,99.76100000000001,97.339,101.88499999999999,100.32799999999999,99.962,107.33,97.306,96.475,100.614,102.613,99.04,93.195,95.536,95.94000000000001,97.924,95.345,102.918,105.357,99.848,94.027,104.49700000000001,99.898,100.17599999999999,91.768,101.96100000000001,97.489,127.085,95.353,91.584,99.41900000000001,94.35,92.654,132.86100000000002,96.082,104.37499999999999,95.91900000000001,102.524,96.361,97.191,98.20100000000001,103.596,99.66999999999999,99.977,94.306,88.97,94.34700000000001
2016-01-01,100.768,99.96700000000001,96.95,112.94300000000001,94.006,94.295,100.667,97.459,100.76400000000001,103.54400000000001,100.76700000000001,96.1,96.953,97.94300000000001,96.32,107.17999999999999,102.826,100.66,112.316,108.257,101.34700000000001,106.78,109.381,103.705,101.18499999999999,100.912,97.17899999999999,97.534,114.508,96.235,100.74900000000001,96.232,97.44900000000001,92.932,95.141,97.93900000000001,99.35799999999999,95.588,100.191,102.52199999999999,99.05,98.199,94.621,100.143,100.07,102.824,97.513,92.892,100.40100000000001,97.34100000000001,94.289,85.505,96.96900000000001,97.203,132.771,88.62199999999999,96.667,101.891,94.65299999999999,97.505,100.67699999999999,96.801,96.151,99.062,97.94500000000001,97.93700000000001,79.321,96.293,97.62599999999999,97.922,95.80499999999999,99.67699999999999,98.043,97.45400000000001,95.34100000000001,108.192,100.006,96.952,90.17599999999999,98.93700000000001,102.667,100.935,95.804,101.20100000000001,93.91400000000002,95.54,102.15299999999999,97.94500000000001,107.796,101.15199999999999,96.018,98.40100000000001,102.224,97.611,95.324,98.042,98.536,93.98,95.27,100.959,95.79100000000001,100.62899999999999,101.95,100.65899999999999,97.508,95.856,105.145,99.233,96.26,96.318,99.312,99.753,93.367,80.70400000000001,107.787,95.265,99.73400000000001,100.74900000000001,96.57799999999999,96.16799999999999,97.92,95.265,104.57499999999999,108.209,99.193,100.65199999999999,96.94700000000002,96.96700000000001,97.359,96.508,102.09100000000001,99.229,97.751,100.94800000000001,100.01400000000001,100.48400000000001,106.13199999999999,97.353,96.74700000000001,100.787,102.2,100.24300000000001,93.614,95.853,96.151,98.039,95.62299999999999,103.039,103.708,100.215,99.145,103.87899999999999,99.926,100.088,92.557,102.477,97.535,124.04700000000001,95.21700000000001,91.81700000000001,99.73400000000001,94.667,93.15899999999999,130.60899999999998,96.118,104.864,96.285,104.759,96.408,97.238,97.927,106.549,98.63499999999999,100.783,94.557,91.29100000000001,94.663
2016-02-01,100.324,100.324,97.16499999999999,113.765,94.53,94.312,100.37499999999999,97.566,100.32,103.251,100.32199999999999,95.289,96.824,97.842,96.492,104.504,103.712,101.16799999999999,112.193,107.576,100.96400000000001,106.369,108.697,101.958,100.94200000000001,100.621,97.866,97.60499999999999,112.903,96.44600000000001,101.51700000000001,95.739,97.073,93.893,95.432,97.838,99.17299999999999,94.98,100.04,100.396,99.203,97.712,95.337,100.726,99.598,102.066,97.65499999999999,93.85199999999999,101.933,97.49600000000001,94.304,76.728,97.21000000000001,97.203,131.6,88.80499999999999,96.91300000000001,102.9,94.95100000000001,97.647,100.928,96.821,96.571,99.55,97.84400000000001,97.903,80.705,97.06,97.926,97.88799999999999,97.15799999999999,99.91600000000001,98.29,97.803,95.40100000000001,108.728,101.212,96.823,90.82199999999999,98.25,103.22,100.91400000000002,96.551,100.902,94.04700000000001,96.43900000000001,102.57,97.84400000000001,106.968,101.77499999999999,96.456,98.471,101.615,97.598,95.38199999999999,98.289,98.982,96.89,95.332,100.474,100.049,101.004,102.16499999999999,101.034,97.64999999999999,96.74300000000001,104.534,99.033,96.435,96.488,99.783,99.972,92.229,78.364,106.427,95.512,100.329,101.51700000000001,96.725,96.588,97.887,95.512,103.94100000000002,107.869,99.274,100.725,96.819,97.208,97.537,96.42,101.692,99.432,97.758,100.17499999999998,100.034,100.412,107.197,97.596,96.99900000000001,100.342,101.889,100.018,94.47,96.13799999999999,96.364,98.286,95.929,104.079,101.96000000000001,101.03,98.492,103.729,100.34400000000001,100.118,92.835,102.34,97.834,121.289,95.37799999999999,92.163,100.33,94.965,93.033,127.975,96.319,104.37799999999999,96.32799999999999,105.117,96.861,97.229,97.893,103.33,99.321,101.22,94.76100000000001,99.394,94.96000000000001
2016-03-01,100.027,100.73400000000001,97.277,113.44800000000001,95.079,94.32199999999999,100.016,97.769,100.023,103.584,100.026,94.455,97.12799999999999,97.989,96.646,104.093,102.62799999999999,101.40100000000001,111.579,107.702,101.116,106.41600000000001,106.498,103.20700000000001,100.224,100.11999999999999,97.45,97.595,112.468,96.60799999999999,101.228,95.554,97.268,94.015,95.765,97.985,99.612,94.46900000000001,99.723,98.021,99.722,98.056,95.337,99.607,100.556,102.334,97.82499999999999,93.974,99.846,97.612,94.31,82.542,97.453,97.12499999999999,125.834,88.90400000000001,97.082,101.76,95.228,97.81700000000001,101.351,96.868,96.938,98.657,97.99100000000001,97.77799999999999,82.09700000000001,97.771,97.965,97.762,94.91100000000002,99.894,98.474,98.386,97.63,104.956,100.868,97.127,89.611,98.07,103.986,100.85499999999999,97.475,100.1,99.836,97.315,101.99600000000001,97.99100000000001,107.285,101.71700000000001,96.61,98.612,100.586,97.801,97.609,98.472,98.831,96.968,97.563,100.18599999999999,101.918,100.94300000000001,102.955,100.974,97.82,96.773,104.24000000000001,98.86999999999999,96.513,96.641,99.921,100.17699999999999,92.909,79.706,106.57,95.74000000000001,99.319,101.228,96.952,96.95700000000001,97.76100000000001,95.74000000000001,105.29,106.646,99.06700000000001,100.93400000000001,97.12199999999999,97.45100000000001,97.96100000000001,96.696,101.40100000000001,99.33,97.73400000000001,99.87899999999999,99.62199999999999,100.477,101.98400000000001,97.46300000000001,97.143,100.046,101.836,100.91000000000001,94.992,96.333,96.543,98.47,96.17099999999999,102.258,103.209,100.695,93.973,103.956,100.427,100.12599999999999,93.799,101.91100000000002,97.874,120.283,95.756,92.279,99.319,95.242,93.254,125.51,96.627,104.136,96.479,102.57799999999999,97.197,97.55199999999999,97.768,103.67499999999998,100.536,100.513,95.228,94.974,95.23700000000001
2016-04-01,102.337,99.405,97.52799999999999,111.49700000000001,95.31400000000001,94.43700000000001,100.299,97.938,102.332,102.811,102.335,91.383,97.5,98.103,96.81700000000001,102.256,100.452,100.473,112.604,107.40100000000001,100.769,106.44600000000001,108.29100000000001,103.923,100.37499999999999,100.52499999999999,98.15599999999999,97.63,112.01700000000001,96.846,101.415,96.681,97.24400000000001,92.735,96.082,98.099,100.293,94.12899999999999,99.883,97.91600000000001,99.774,98.614,96.336,98.56700000000001,100.972,102.09700000000001,97.82,92.695,98.96400000000001,97.595,94.42,87.035,97.702,96.81400000000001,117.563,89.348,97.279,101.78,95.52799999999999,97.812,100.589,96.958,97.49000000000001,97.44500000000001,98.10499999999999,97.524,83.167,98.01700000000001,98.31,97.508,96.66499999999999,100.299,98.471,98.326,97.80499999999999,104.96100000000001,100.976,97.49900000000001,89.65199999999999,98.19,104.17599999999999,100.423,96.44500000000001,101.257,99.74700000000001,98.15299999999999,101.59,98.106,106.684,101.71000000000001,96.361,98.331,100.315,98.02799999999999,97.786,98.47,99.27799999999999,96.062,97.74700000000001,100.769,103.277,100.818,104.61,100.848,97.815,97.44000000000001,105.548,99.29,96.821,96.811,99.79700000000001,100.35499999999999,93.962,81.25,108.386,96.02199999999999,99.026,101.41400000000002,97.187,97.51,97.507,96.02199999999999,104.253,108.74300000000001,99.424,100.582,97.49400000000001,97.7,98.725,96.988,102.82199999999999,99.455,97.80199999999999,100.601,100.585,100.893,101.91600000000001,97.458,97.289,102.356,103.44600000000001,100.16199999999999,95.65199999999999,96.46700000000001,96.748,98.468,96.34400000000001,101.91000000000001,103.925,100.85499999999999,94.695,104.766,100.427,100.748,94.503,102.17199999999998,98.21900000000001,121.167,95.99700000000001,93.254,99.026,95.543,93.124,123.811,97.074,105.44000000000001,96.65499999999999,100.708,97.537,97.867,97.513,102.965,99.84,100.563,95.74900000000001,93.74600000000001,95.536
2016-05-01,102.311,97.194,97.922,110.74900000000001,95.788,95.784,99.785,98.194,102.307,102.52,102.309,92.015,97.73100000000001,98.146,96.935,103.397,100.49600000000001,100.88799999999999,111.71400000000001,107.096,101.21700000000001,105.438,103.65599999999999,103.21300000000001,100.311,99.698,98.285,97.603,111.639,96.91700000000002,100.68599999999999,96.646,97.432,94,96.26100000000001,98.142,100.654,93.955,99.16799999999999,98.154,99.85499999999999,98.611,97.018,98.31700000000001,100.515,101.607,98.063,93.96000000000001,99.215,97.877,95.76400000000001,88.44800000000001,97.975,96.65799999999999,113.357,90.239,97.492,101.63,95.84400000000001,98.05499999999999,100.421,96.959,97.44800000000001,98.327,98.148,100.202,84.32,98.765,98.32499999999999,100.18599999999999,100.141,99.804,98.63199999999999,98.473,98.09100000000001,103.689,100.438,97.73,90.921,97.80499999999999,103.121,100.221,97.59700000000001,101.909,90.712,97.812,100.729,98.149,106.333,101.485,96.65799999999999,98.331,100.285,98.17099999999999,98.076,98.631,99.29700000000001,97.426,98.04,100.309,106.44000000000001,100.728,103.62499999999999,100.759,98.05799999999999,97.115,106.16,99.561,96.9,96.929,99.776,100.16,95.12799999999999,86.274,108.732,96.353,99.691,100.68499999999999,97.402,97.47,100.18499999999999,96.353,104.354,110.013,99.34100000000001,100.03,97.725,97.973,99.15599999999999,97.37299999999999,101.618,99.507,98.389,100.228,100.366,100.98100000000001,101.144,97.6,97.508,102.33,103.28,100.45,94.94600000000001,96.684,96.986,98.62799999999999,96.583,102.273,103.215,100.786,95.18599999999999,104.44400000000002,100.137,100.24400000000001,94.789,101.356,98.233,120.41100000000002,96.702,93.369,99.692,95.859,93.279,120.667,97.44100000000002,106.116,96.69,99.20400000000001,97.848,98.033,100.191,103.77799999999999,100.708,100.356,96.38199999999999,96.823,95.85199999999999
2016-06-01,101.069,99.35799999999999,97.977,110.391,96.34,96.333,99.96100000000001,98.195,101.065,101.27,101.06700000000001,94.486,98.002,98.17399999999999,97.149,101.784,98.412,101.383,110.04,106.661,100.68599999999999,104.599,103.832,97.755,99.768,99.086,98.116,97.849,110.539,97.51100000000001,100.384,97.915,97.52799999999999,94.199,96.38,98.16999999999999,100.277,93.867,99.12299999999999,96.698,100.07799999999999,98.894,97.013,98.65599999999999,101.161,100.94200000000001,98.212,94.15799999999999,99.068,98.043,96.315,92.627,98.107,96.503,107.67999999999999,90.335,97.66,101.44300000000001,96.148,98.20400000000001,101.007,96.978,98.043,99.85,98.17599999999999,99.587,85.551,99.077,98.32499999999999,99.571,98.381,99.44600000000001,98.565,98.548,98.55799999999999,102.29400000000001,99.94600000000001,98.001,92.549,97.019,102.18599999999999,100.48,97.228,101.804,91.004,98.18299999999999,100.585,98.17599999999999,105.98,101.44100000000002,97.52799999999999,98.331,99.867,98.254,98.55,98.563,99.265,101.645,98.515,99.99300000000001,107.38,100.415,103.462,100.44500000000001,98.20700000000001,97.32,104.99600000000001,99.389,97.087,97.142,99.81400000000001,100.106,95.596,89.09,107.07,96.649,99.985,100.383,97.57499999999999,98.065,99.57,96.649,103.086,109.798,99.698,99.81,97.99600000000001,98.10499999999999,99.181,97.618,101.592,99.471,98.15499999999999,100.49000000000001,99.908,100.727,100.95100000000001,97.498,97.71900000000001,101.088,101.848,96.52499999999999,96.05799999999999,96.903,97.31400000000001,98.561,96.894,102.697,97.757,99.245,98.342,102.801,99.66999999999999,100.212,96.061,101.118,98.233,117.47,97.29,93.426,99.985,96.16199999999999,94.166,116.928,97.606,105.008,96.83,99.354,97.96000000000001,98.116,99.576,102.41000000000001,101.167,100.394,96.52,96.93100000000001,96.15499999999999
2016-07-01,101.265,101.579,98.048,110.087,96.542,97.909,99.66999999999999,98.22,101.26100000000001,100.05199999999999,101.26400000000001,96.82499999999999,97.952,98.408,97.54400000000001,102.248,100.936,101.486,109.754,106.248,100.76700000000001,103.915,104.34100000000001,99.44700000000002,99.691,99.429,98.157,97.86999999999999,109.44100000000002,97.831,100.74100000000001,98.345,97.887,94.266,96.509,98.40400000000001,99.98700000000001,93.881,98.98,96.31,99.912,99.189,97.406,95.75,100.801,100.46300000000001,98.43400000000001,94.225,98.738,98.20100000000001,97.897,87.51100000000001,98.199,96.65799999999999,106.124,93.926,97.8,101.81700000000001,96.435,98.426,100.66999999999999,97.145,97.91300000000001,98.476,98.41000000000001,99.15499999999999,86.82799999999999,98.85499999999999,98.505,99.139,96.99300000000001,99.87299999999999,98.80199999999999,98.549,97.54,105.008,100.256,97.95100000000001,94.01,95.573,99.98400000000001,100.80199999999999,96.978,102.282,100.099,97.715,99.91100000000002,98.41000000000001,104.196,100.524,97.831,98.753,98.866,98.301,97.543,98.8,100.196,102.44700000000002,97.507,100.803,104.38799999999999,100.56,102.76700000000001,100.59,98.429,97.41100000000002,103.86999999999999,98.84700000000001,98.032,97.537,99.94000000000001,99.974,96.526,87.926,104.898,96.924,100.266,100.74100000000001,97.774,97.935,99.13799999999999,96.924,104.334,106.65599999999999,99.91700000000002,99.843,97.94600000000001,98.197,98.84100000000001,97.851,101.933,99.374,98.63499999999999,100.012,99.65499999999999,100.357,99.899,97.66499999999999,97.96900000000001,101.284,102.051,95.10499999999999,96.831,97.145,97.49700000000001,98.798,97.27799999999999,102.71400000000001,99.45,98.902,100.725,102.995,98.856,100.18499999999999,96.35199999999999,100.35799999999999,98.41300000000001,114.033,97.9,94.16999999999999,100.266,96.45,94.146,113.614,97.60499999999999,103.843,96.837,99.21900000000001,98.27199999999999,98.292,99.144,102.49400000000001,100.127,100.13499999999999,96.38,98.74100000000001,96.44200000000001
2016-08-01,101.05799999999999,100.75,98.13,108.26700000000001,96.383,97.884,100.031,98.46000000000001,101.054,100.2,101.056,97.75,98.134,99.049,97.955,102.24600000000001,101.35799999999999,100.691,109.17099999999999,106.184,101.581,103.238,102.98100000000001,97.892,99.616,99.311,98.73100000000001,97.928,109.529,97.95700000000001,100.587,99.71100000000001,98.13799999999999,94.361,96.732,99.045,99.709,94.01100000000001,99.056,95.318,100.429,98.9,97.504,97.41000000000001,101.498,99.289,98.619,94.32,99.12599999999999,98.31700000000001,97.87499999999999,86.68199999999999,98.15499999999999,97.12499999999999,101.268,95.478,98.046,101.08,96.70700000000001,98.611,100.088,97.26,97.842,99.49600000000001,99.051,100.154,88.074,98.705,98.495,100.13799999999999,100.288,99.97,98.798,98.998,97.823,104.304,100.07799999999999,98.133,91.694,98.712,98.476,100.589,96.104,102.46900000000001,100.037,97.521,99.94200000000001,99.051,103.533,100.697,97.759,98.753,99.76400000000001,98.27499999999999,97.833,98.79700000000001,100.17499999999998,101.636,97.796,99.134,102.312,100.533,102.68299999999999,100.563,98.614,98.01100000000001,103.57499999999999,99.066,98.12499999999999,97.94800000000001,99.94000000000001,100.019,96.887,85.71700000000001,104.557,97.192,100.02499999999999,100.587,97.98700000000001,97.863,100.137,97.192,103.871,105.788,99.432,100.32199999999999,98.12799999999999,98.15299999999999,98.833,98.036,101.154,99.577,98.529,99.49000000000001,99.507,100.757,105.224,97.832,98.266,101.077,101.721,94.684,98.076,97.415,97.80499999999999,98.795,97.756,101.82199999999999,97.894,100.082,100.303,102.51700000000001,97.87799999999999,100.369,96.095,101.118,98.403,112.636,97.889,94.227,100.02499999999999,96.721,94.769,111.23400000000001,97.735,103.505,97.036,98.925,98.365,98.24400000000001,100.144,101.627,99.51700000000001,100.012,96.818,97.268,96.71400000000001
2016-09-01,101.16499999999999,96.527,98.38499999999999,106.124,96.009,98.377,99.724,98.583,101.161,100.046,101.164,97.318,98.391,99.827,98.08,100.60799999999999,99.72,100.725,108.706,105.35499999999999,101.10199999999999,102.892,103.296,95.67399999999999,99.85499999999999,98.96300000000001,98.98400000000001,98.198,108.086,98.147,100.785,100.60499999999999,98.838,94.4,96.866,99.823,99.728,94.343,99.127,92.589,98.74400000000001,99.753,100.077,98.35499999999999,102.44600000000001,99.46100000000001,98.753,94.359,99.321,98.577,98.369,89.512,98.4,98.215,100.918,96.12299999999999,98.279,101.27799999999999,97.033,98.745,100.245,97.27199999999999,98.24000000000001,99.824,99.829,99.53,89.285,99.09700000000001,98.617,99.51400000000001,98.02,99.359,98.936,99.161,98.149,104.722,99.99600000000001,98.39,91.65599999999999,97.959,100.912,100.838,98.565,101.62899999999999,100.054,98.315,100.061,99.829,103.398,100.721,97.754,98.96400000000001,101.32499999999999,98.276,98.16199999999999,98.935,100.569,100.723,98.12499999999999,98.339,102.472,100.651,102.863,100.68199999999999,98.748,97.903,105.093,99.87599999999999,98.27,98.073,100.111,99.71700000000001,96.67599999999999,87.735,103.889,97.54,99.332,100.785,98.144,98.26100000000001,99.513,97.54,102.975,104.859,98.868,100.787,98.38499999999999,98.398,99.03,98.024,100.71600000000001,99.66999999999999,98.537,98.593,100.038,100.995,103.49400000000001,97.91000000000001,98.49100000000001,101.184,101.418,93.516,98.99400000000001,97.68299999999999,98.04700000000001,98.932,98.03,101.042,95.67599999999999,100.33,101.338,101.726,100.021,100.512,96.99100000000001,100.546,98.524,110.921,98.339,94.16799999999999,99.332,97.048,94.95700000000001,108.345,97.992,104.983,97.353,98.54,98.59,98.033,99.519,100.76,99.93700000000001,100.277,97.20700000000001,96.893,97.04
2016-10-01,101.874,95.67399999999999,98.68499999999999,104.279,96.257,98.409,100.001,98.647,101.86999999999999,99.48700000000001,101.87199999999999,98.435,98.62199999999999,99.962,98.498,101.639,99.27199999999999,100.94200000000001,107.485,104.61999999999999,100.831,102.777,101.09,101.042,99.39,99.62499999999999,99.151,98.17399999999999,106.537,97.918,100.465,100.861,98.598,95.75,97.51,99.958,99.61999999999999,94.738,98.884,89.24600000000001,98.926,99.127,100.374,98.21300000000001,100.76700000000001,100.661,98.909,95.709,99.21000000000001,98.7,98.40100000000001,93.24100000000001,98.54700000000001,97.98100000000001,98.83,96.927,98.524,101.134,97.41600000000001,98.90100000000001,100.254,97.287,97.982,101.615,99.96400000000001,99.37499999999999,89.88799999999999,98.48,98.60799999999999,99.359,99.45100000000001,99.285,99.455,99.28,97.421,105.312,100.94900000000001,98.61999999999999,91.77,97.90700000000001,101.40400000000001,100.452,96.821,101.473,99.721,98.301,100.40100000000001,99.965,102.884,100.88499999999999,98.003,99.10499999999999,102.001,98.48100000000001,97.433,99.45400000000001,100.33,99.34100000000001,97.398,98.801,102.46900000000001,100.853,103.533,100.883,98.90400000000001,98.47,103.12899999999999,99.111,98.46600000000001,98.49100000000001,100.38,99.892,97.335,92.88,103.01400000000001,97.823,99.28,100.465,98.276,98.002,99.35799999999999,97.823,103.367,102.04400000000001,98.912,99.74000000000001,98.615,98.545,99.44300000000001,98.006,101.56,99.695,98.60799999999999,97.71900000000001,100.063,100.59700000000001,102.583,98.04400000000001,98.642,101.893,101.64999999999999,92.782,99.274,97.93400000000001,98.144,99.45100000000001,98.18799999999999,100.15899999999999,101.04400000000001,101.312,100.46400000000001,101.393,99.45,99.91700000000002,96.762,100.924,98.516,109.02199999999999,98.262,96.399,99.28,97.43100000000001,95.212,107.793,98.354,103.062,97.394,98.099,98.835,98.145,99.364,105.109,100.65599999999999,100.10799999999999,97.46900000000001,96.77799999999999,97.423
2016-11-01,101.197,98.26400000000001,98.866,106.048,96.91900000000001,98.147,100.007,99.02799999999999,101.193,99.396,101.195,98.43100000000001,98.738,100.046,98.634,99.015,100.329,100.718,105.535,104.811,100.599,102.436,98.958,101.93900000000001,99.968,99.032,99.286,98.189,106.23100000000001,98.024,100.17899999999999,101.59400000000001,98.41700000000002,96.402,97.826,100.042,99.733,95.295,97.616,90.896,99.15899999999999,99.256,100.374,98.495,100.959,99.936,99.031,96.361,99.48,98.838,98.139,93.893,98.67499999999998,98.604,99.67999999999999,96.543,98.696,101.03,97.74300000000001,99.023,100.002,97.35,97.636,100.54400000000001,100.048,100.46700000000001,90.886,98.792,98.456,100.45100000000001,99.43100000000001,99.56,99.77799999999999,99.381,98.37199999999999,102.285,100.38199999999999,98.73700000000001,92.195,97.67999999999999,102.715,100.59400000000001,97.75,100.986,100.474,98.886,100.16999999999999,100.048,101.974,99.889,98.148,99.17499999999998,100.742,98.649,98.387,99.777,100.436,99.798,98.351,98.07499999999999,101.109,100.871,102.14999999999999,100.902,99.026,98.76700000000001,101.49900000000001,98.94600000000001,98.51400000000001,98.62799999999999,100.28,99.585,97.482,91.785,103.736,98.142,99.55499999999999,100.17899999999999,98.359,97.65599999999999,100.45,98.141,102.41100000000002,100.31,98.67099999999999,99.773,98.732,98.67299999999999,99.65899999999999,98.812,101.771,99.795,98.863,97.603,99.516,100.74400000000001,103.311,98.72,98.782,101.21600000000001,100.93400000000001,94.299,98.726,98.143,98.62899999999999,99.774,98.327,98.983,101.94100000000002,100.91000000000001,95.313,100.634,101.203,99.44000000000001,96.818,99.647,98.364,108.839,98.254,96.45400000000001,99.55499999999999,97.758,95.366,103.119,98.666,101.438,97.521,97.796,99.233,98.751,100.45700000000001,103.606,101.273,99.391,97.75,92.52799999999999,97.75
2016-12-01,101.65499999999999,102.634,99.039,105.98400000000001,97.287,98.549,99.664,99.093,101.64999999999999,98.821,101.65299999999999,100.18599999999999,98.98700000000001,100.16799999999999,98.985,95.754,100.509,101.13799999999999,105.782,104.606,101.001,101.968,98.07,103.49100000000001,99.353,98.776,99.509,98.252,105.23,98.524,100.17899999999999,101.589,98.472,97.644,98.141,100.163,99.752,95.93400000000001,98.824,96.488,99.312,99.32,101.11999999999999,99.05799999999999,101.09700000000001,99.85199999999999,99.09700000000001,97.60199999999999,98.81400000000001,98.886,98.54100000000001,97.163,99.1,98.915,94.995,95.60499999999999,98.83,100.99600000000001,98.083,99.089,99.4,97.54700000000001,97.55799999999999,100.774,100.169,100.395,92.29100000000001,98.617,98.455,100.37899999999999,99.24100000000001,99.694,99.739,99.458,98.49300000000001,97.98,99.896,98.986,94.104,99.87499999999999,101.91600000000001,101.151,99.803,100.73700000000001,100.471,98.359,100.80199999999999,100.16999999999999,102.398,99.495,98.833,98.894,101.274,99.021,98.513,99.738,98.76400000000001,101.06700000000001,98.475,98.167,100.13499999999999,100.76100000000001,100.666,100.792,99.092,99.17199999999998,101.147,99.04400000000001,98.74300000000001,98.98,100.21300000000001,99.60499999999999,97.384,97.29700000000001,103.93400000000001,98.41100000000002,99.69,100.17899999999999,98.516,97.577,100.37799999999999,98.41100000000002,102.421,100.702,99.252,100.218,98.98100000000001,99.098,99.70100000000001,99.039,101.606,99.99100000000001,98.958,97.657,98.649,100.698,103.823,99.032,98.94500000000001,101.67299999999999,100.76,94.289,98.90100000000001,98.329,98.85499999999999,99.735,98.57,97.421,103.49300000000001,101.257,96.415,99.725,101.774,99.475,96.742,99.99000000000001,98.363,108.121,98.498,96.45100000000001,99.691,98.098,96.16499999999999,100.4,98.955,101.076,97.57,97.113,98.51,98.98400000000001,100.38499999999999,104.455,100.323,99.592,97.95,91.181,98.09
2017-01-01,101.435,102.11,99.099,105.40100000000001,97.8,100.482,100.32,99.32499999999999,101.43100000000001,98.766,101.433,99.618,99.387,100.535,99.41300000000001,102.67499999999998,100.387,100.94000000000001,107.31700000000001,104.37599999999999,100.60799999999999,102.199,100.903,102.518,99.472,100.309,99.282,98.292,104.409,98.563,100.303,100.145,98.492,97.478,98.43700000000001,100.531,100.258,96.66799999999999,98.54100000000001,97.647,99.524,99.335,101.31700000000001,100.081,100.471,100.725,99.17699999999999,97.436,97.722,98.96600000000001,100.476,102.67099999999999,99.02,99.071,108.276,97.18799999999999,99.054,100.84700000000001,98.371,99.169,99.765,99.462,98.49300000000001,100.723,100.537,100.562,93.959,97.938,98.67999999999999,100.546,98.646,99.016,100.38799999999999,99.396,98.573,101.49300000000001,100.31700000000001,99.386,96.403,98.298,100.723,100.906,98.813,101.021,99.79400000000001,98.107,99.83,100.537,102.67899999999999,99.715,98.933,99.17499999999998,101.69,99.52499999999999,98.603,100.387,99.206,99.55499999999999,98.561,97.96300000000001,100.21000000000001,101.208,102.006,101.239,99.17199999999998,99.339,100.641,99.306,98.923,99.409,100.657,100.016,97.77199999999999,100.698,103.44400000000002,98.645,99.62299999999999,100.30199999999999,98.90400000000001,98.51400000000001,100.545,98.644,101.87799999999999,105.58,99.46600000000001,99.698,99.381,99.018,98.956,98.79700000000001,100.85199999999999,99.698,99.425,97.348,98.864,100.513,103.894,99.36999999999999,99.149,101.45400000000001,100.53,95.651,99.205,98.44400000000002,99.09100000000001,100.38499999999999,98.718,98.84700000000001,102.52,100.51,101.698,99.48100000000001,100.05499999999999,99.955,95.566,100.35799999999999,98.588,106.715,98.886,96.561,99.624,98.38499999999999,96.306,102.397,98.637,100.598,99.19,94.87299999999999,98.908,99.526,100.551,104.763,100.218,100.117,98.545,96.187,98.377
2017-02-01,100.933,102.603,99.402,105.952,98.266,99.823,99.684,99.383,100.929,99.139,100.932,100.43400000000001,99.546,100.44100000000002,99.51700000000001,102.74300000000001,100.732,100.576,106.37899999999999,103.697,99.903,101.94900000000001,99.745,102.15899999999999,100.77199999999999,100.838,99.189,99.084,103.93900000000001,98.74600000000001,101.048,101.007,98.849,97.735,98.684,100.43700000000001,100.356,97.389,98.975,100.974,99.71400000000001,100.75,100.55199999999999,99.87899999999999,99.531,100.67299999999999,99.15299999999999,97.693,97.803,99.474,99.818,100.745,99.206,99.616,102.897,98.565,99.387,100.87499999999999,98.664,99.145,99.86999999999999,99.651,99.624,101.023,100.44300000000001,100.44000000000001,95.398,96.71100000000001,98.784,100.424,101.07499999999999,100.05199999999999,100.367,99.696,99.118,102.848,100.399,99.545,98.203,97.17899999999999,100.857,100.55199999999999,100.016,101.41100000000002,99.79700000000001,99.321,99.52799999999999,100.44400000000002,102.405,99.90400000000001,98.912,99.17499999999998,101.807,99.27,99.15799999999999,100.365,100.518,96.868,99.111,99.906,99.524,101.23100000000001,101.91400000000002,101.26100000000001,99.148,100.327,100.631,99.38499999999999,99.05799999999999,99.51400000000001,100.545,99.806,97.773,100.334,103.10799999999999,98.897,100.44700000000002,101.048,99.113,99.645,100.423,98.897,101.848,106.12499999999999,99.381,100.062,99.539,99.20400000000001,97.853,98.88499999999999,100.52199999999999,99.81,99.60799999999999,99.191,98.982,100.327,101.279,99.69,99.48100000000001,100.952,100.751,95.899,99.811,98.979,99.29700000000001,100.363,99.139,100.71700000000001,102.161,99.643,103.883,100.54100000000001,100.224,99.383,96.98,100.68199999999999,98.692,105.55,99.04400000000001,96.615,100.44700000000002,98.67899999999999,96.31,102.56700000000001,99.12799999999999,100.582,99.266,97.56400000000001,99.26100000000001,99.618,100.429,103.542,100.05499999999999,100.232,98.884,97.438,98.67099999999999
2017-03-01,100.121,96.722,99.483,104.986,98.935,99.804,100.131,99.65799999999999,100.117,98.91300000000001,100.119,99.509,99.49900000000001,100.44500000000001,99.67999999999999,101.476,98.995,100.507,106.04400000000001,100.712,98.87899999999999,100.654,98.59100000000001,100.624,100.242,99.96600000000001,99.46900000000001,99.16199999999999,103.10199999999999,99.242,100.84700000000001,101.277,98.715,98.833,98.88499999999999,100.44100000000002,99.66199999999999,98.02799999999999,99.84,99.684,99.706,99.59100000000001,100.55199999999999,100.274,99.29100000000001,100.583,99.34400000000001,98.79100000000001,99.45,99.46400000000001,99.8,99.31700000000001,99.271,100.394,99.145,98.269,99.10199999999999,100.346,98.933,99.336,99.777,99.866,99.661,98.71100000000001,100.44700000000002,100.08,96.596,96.96700000000001,98.89,100.06400000000001,100.77499999999999,99.902,99.87599999999999,99.604,98.856,103.96600000000001,100.80199999999999,99.498,98.037,99.49100000000001,99.262,100.516,100.089,100.107,99.79700000000001,99.30799999999999,100.37299999999999,100.44800000000001,102.066,100.323,99.001,99.17499999999998,101.395,99.37899999999999,98.905,99.87499999999999,98.566,96.627,98.856,98.85199999999999,98.251,101.002,101.292,101.032,99.339,99.62299999999999,101.056,100.007,99.396,99.67799999999998,100.43700000000001,100.245,97.798,99.57,102.38,99.099,100.391,100.84700000000001,99.27499999999999,99.681,100.063,99.098,101.103,102.386,99.362,99.883,99.49300000000001,99.269,97.905,99.169,101.363,99.91900000000001,99.789,100.786,99.989,100.3,101.482,99.531,99.338,100.139,100.27799999999999,101.35,99.782,99.144,99.462,99.87199999999999,99.40700000000001,100.807,100.62599999999999,100.70100000000001,101.694,100.468,100.116,99.79700000000001,99.94100000000002,101.157,98.79700000000001,104.068,99.596,96.727,100.392,98.94700000000002,96.618,102.227,98.94700000000002,100.96900000000001,99.473,98.389,99.361,99.553,100.07,103.3,101.40400000000001,100.33,99.142,93.527,98.94000000000001
2017-04-01,100.19,100.647,99.532,106.17499999999998,99.405,99.85,100.076,99.71900000000001,100.18499999999999,98.79700000000001,100.18799999999999,99.77499999999999,99.62199999999999,100.546,99.806,103.29700000000001,100.042,101.423,102.396,100.12499999999999,100.409,100.837,97.66999999999999,95.436,100.408,100.189,99.30499999999999,99.393,102.13799999999999,99.684,99.94500000000001,99.874,99.473,99.07199999999999,99.16,100.542,99.992,98.62799999999999,99.633,99.41400000000002,99.49900000000001,98.34,99.521,100.21600000000001,100.71900000000001,100.277,99.472,99.029,99.94400000000002,99.76100000000001,99.846,98.649,99.48700000000001,100.705,99.405,100.166,99.43700000000001,99.96900000000001,99.194,99.46400000000001,99.99400000000001,99.992,99.62199999999999,100.115,100.548,99.611,97.498,98.073,99.91300000000001,99.595,102.823,100.019,100.16499999999999,99.616,99.17999999999999,103.262,100.49100000000001,99.621,98.80499999999999,99.771,99.015,100.455,100.819,99.37799999999999,100.056,99,99.35799999999999,100.548,100.60199999999999,100.233,99.096,99.17499999999998,100.239,100.049,99.239,100.164,99.23,97.361,99.187,99.871,97.095,101.079,101.611,101.11,99.46700000000001,100.619,100.613,100.04,99.715,99.80499999999999,100.423,100.474,98.736,99.24000000000001,101.44500000000001,99.29400000000001,100.32499999999999,99.94500000000001,99.53,99.64,99.59400000000001,99.29400000000001,99.251,103.67299999999999,99.48400000000001,100.521,99.616,99.485,98.67899999999999,99.137,100.04400000000001,99.982,99.89,99.498,99.65499999999999,100.395,100.349,99.563,99.546,100.208,100.371,102.189,98.67899999999999,99.281,99.666,100.161,99.54,100.458,95.438,101.286,101.36999999999999,100.596,99.408,99.508,99.663,101.301,99.819,102.462,99.728,99.3,100.326,99.208,100.34,101.887,99.167,100.51,99.651,102.44100000000002,99.598,99.756,99.6,102.669,100.733,100.41100000000002,99.433,100.789,99.202
2017-05-01,100.16999999999999,99.762,99.854,102.19,99.824,99.596,100.26,99.695,100.166,98.471,100.169,99.60499999999999,99.545,100.54700000000001,99.821,102.161,98.693,100.715,102.295,99.755,99.508,99.58,100.118,94.983,100.66799999999999,99.811,99.657,99.57499999999999,101.48100000000001,99.815,99.72,98.95400000000001,99.933,100.148,99.592,100.543,100.613,99.209,100.296,99.41000000000001,99.768,99.702,99.521,100.03,101.51400000000001,100.189,99.579,100.10499999999999,99.723,99.889,99.592,93.34400000000001,99.648,100.083,94.863,101.745,99.453,100.027,99.527,99.571,100.657,100.092,99.48700000000001,100.41000000000001,100.549,98.909,98.68799999999999,98.867,100.003,98.894,99.641,100.85199999999999,99.45100000000001,99.908,99.66199999999999,99.32199999999999,99.857,99.54400000000001,98.669,98.893,100.121,100.85499999999999,101.884,100.026,100.05499999999999,99.198,100.029,100.549,100.11999999999999,100.426,99.56,99.24600000000001,100.462,99.91600000000001,99.728,99.44900000000001,99.769,99.48700000000001,99.67299999999999,100.395,99.41600000000001,100.705,100.66499999999999,100.736,99.574,100.054,100.553,100.712,100.015,99.82,100.362,100.266,99.90700000000001,96.506,100.31700000000001,99.503,100.319,99.72,99.722,99.503,98.893,99.503,100.026,102.215,99.99700000000001,100.468,99.539,99.646,99.16,99.5,100.066,100.001,99.88799999999999,99.627,100.242,100.307,99.07799999999999,99.59400000000001,99.66199999999999,100.189,100.015,101.881,98.649,99.43900000000001,99.887,99.44700000000002,99.823,101.562,94.985,100.91700000000002,99.85799999999999,99.853,99.559,99.696,99.864,100.483,99.91000000000001,100.748,99.71100000000001,99.356,100.319,99.542,100.356,101.67399999999999,98.773,100.515,99.27499999999999,101.99300000000001,99.44900000000001,99.834,98.899,99.531,99.715,99.27499999999999,99.74600000000001,101.523,99.536
2017-06-01,100.24900000000001,101.26400000000001,100.284,100.61999999999999,100.09100000000001,100.792,100.41400000000002,99.663,100.245,100.16,100.24700000000001,100.255,99.61,97.1,99.94400000000002,98.846,98.55199999999999,100.263,103.869,99.418,99.666,100.05,100.77799999999999,97.545,100.307,99.215,99.766,99.619,100.649,100.166,100.23100000000001,98.97,100.338,100.806,99.91700000000002,97.096,99.086,99.823,100.32199999999999,100.861,100.357,100.199,99.816,100.52799999999999,100.43900000000001,100.21600000000001,99.834,100.762,100.061,99.92,100.789,92.37899999999999,99.988,101.32799999999999,93.81,101.971,99.568,99.501,99.839,99.826,100.562,100.04700000000001,99.59,99.66199999999999,97.10199999999999,99.1,100.18199999999999,99.295,100.389,99.084,99.886,100.195,100.503,99.952,99.91900000000001,97.242,99.727,99.609,98.534,98.965,100.071,100.586,101.654,99.52799999999999,100.054,99.364,99.20700000000001,97.103,98.664,100.65599999999999,99.462,100.02,100.13799999999999,99.532,99.986,100.502,98.895,96.636,99.93,100.008,105.332,100.195,100.44000000000001,100.226,99.829,99.65899999999999,99.725,100.68299999999999,100.24400000000001,99.94400000000002,100.034,99.732,100.63,92.91700000000002,101.089,99.779,100.02199999999999,100.23100000000001,99.877,99.604,99.083,99.779,100.298,99.24000000000001,100.228,100.582,99.604,99.98700000000001,99.356,99.864,100.09400000000001,100.062,99.877,99.557,100.193,99.992,97.205,99.76700000000001,99.82499999999999,100.26700000000001,99.93900000000001,101.57499999999999,99.54100000000001,99.71400000000001,100.032,100.49900000000001,99.94800000000001,100.94700000000002,97.54700000000001,101.05799999999999,98.604,99.59700000000001,99.59700000000001,100.268,100.166,100.55,100.295,101.016,100.203,100.9,100.02199999999999,99.854,100.615,103.459,100.327,99.856,99.218,101.063,99.44500000000001,99.44400000000002,99.089,99.26,99.757,99.04700000000001,99.897,98.489,99.849
2017-07-01,100.23,98.408,100.1,99.193,100.51400000000001,100.54400000000001,99.983,100.068,100.225,101.16999999999999,100.228,99.985,99.642,95.849,99.899,100.94200000000001,98.418,99.44000000000001,98.52499999999999,98.592,99.819,101.018,102.402,99.192,100.146,100.127,99.928,100.67399999999999,99.26700000000001,100.582,100.063,100.32799999999999,100.696,101.02,100.083,95.845,98.70400000000001,100.386,100.725,100.79100000000001,100.197,100.193,99.816,100.595,99.546,99.66999999999999,99.892,100.976,100.718,100.07499999999999,100.54100000000001,90.47,100.12799999999999,100.083,93.99900000000001,101.083,99.903,99.581,100.101,99.884,100.27799999999999,100.074,100.44900000000001,95.614,95.851,99.59400000000001,101.512,100.636,99.26700000000001,99.57799999999999,97.60199999999999,100.088,100.546,100.281,100.20100000000001,98.529,99.56700000000001,99.641,99.206,101.392,100.318,100.111,100.70400000000001,99.349,100.054,100.034,101.20400000000001,95.851,98.495,101.068,100.15799999999999,100.37199999999999,100.121,99.62799999999999,100.266,100.545,100.52799999999999,98.539,100.208,100.009,106.06,99.34400000000001,100.21100000000001,99.374,99.887,100.196,99.09400000000001,101.148,100.139,99.899,99.59700000000001,99.65599999999999,99.736,91.1,99.44200000000001,100.037,99.471,100.063,100.09700000000001,100.462,99.577,100.037,101.636,96.298,100.621,100.22,99.636,100.12599999999999,100.27499999999999,100.721,99.768,100.034,99.893,99.864,100.256,100.224,98.566,99.83,99.96300000000001,100.248,100.137,102.395,100.857,100.07799999999999,100.17399999999999,100.542,99.983,100.26,99.194,99.905,100.258,100.056,99.68799999999999,100.70700000000001,100.932,100.136,99.17399999999999,98.94400000000002,100.458,101.01400000000001,99.471,100.116,100.806,101.67399999999999,100.37499999999999,99.262,99.533,100.492,99.989,99.55499999999999,99.584,98.666,100.37299999999999,99.62199999999999,100.098,101.422,100.112
2017-08-01,98.657,98.336,100.33,98.455,100.897,99.903,100.338,100.543,98.65199999999999,101.079,98.65499999999999,100.024,100.026,100.40100000000001,100.098,101.338,97.798,99.05199999999999,95.48100000000001,98.46900000000001,99.94100000000002,99.79100000000001,101.251,100.465,98.618,100.118,100.274,100.663,98.18799999999999,100.506,98.921,100.089,100.68599999999999,100.73,100.334,100.397,100.07199999999999,100.99100000000001,100.307,99.894,100.285,100.12199999999999,99.762,100.613,99.636,100.01,99.99300000000001,100.687,100.26100000000001,100.48700000000001,99.90100000000001,96.033,100.04700000000001,99.38199999999999,95.568,100.51100000000001,100.60499999999999,99.801,100.46400000000001,99.985,100.065,100.096,100.698,99.29700000000001,100.403,99.41600000000001,102.24700000000001,101.289,99.485,99.4,98.712,100.229,99.80499999999999,100.298,101.20700000000001,97.94400000000002,99.874,100.02499999999999,99.98700000000001,100.738,98.845,99.475,99.715,99.832,100.054,100.562,100.112,100.403,99.17999999999999,100.753,100.41400000000002,100.583,99.386,99.915,101.271,99.804,100.046,100.17899999999999,101.212,99.458,104.20700000000001,99.21100000000001,100.568,99.24100000000001,99.988,100.432,99.141,100.654,99.965,100.098,99.667,99.877,100.082,93.76400000000001,98.472,100.369,99.62499999999999,98.92,100.257,100.71000000000001,99.399,100.369,98.929,98.703,100.15199999999999,100.099,100.02,100.045,100.73,101.042,99.85799999999999,100.083,99.92,100.45,100.462,100.17799999999998,98.853,99.91600000000001,100.191,98.67499999999998,99.282,101.67299999999999,101.252,100.233,100.17599999999999,99.801,100.143,101.005,100.46700000000001,99.30799999999999,99.34400000000001,100.007,98.536,100.543,101.23400000000001,100.15299999999999,99.392,97.62899999999999,100.374,101.01400000000001,99.62599999999999,100.479,100.698,100.01700000000001,100.809,99.269,100.67299999999999,100.799,100.37199999999999,99.869,99.405,97.689,100.29400000000001,99.646,100.346,103.15899999999999,100.476
2017-09-01,99.18499999999999,99.374,100.27799999999999,99.702,100.992,99.725,100.15599999999999,100.43100000000001,99.181,100.326,99.18299999999999,100.762,100.537,102.27199999999999,100.218,98.05799999999999,104.191,98.87499999999999,94.507,98.49700000000001,99.75,99.17799999999998,99.312,99.848,99.54,99.99100000000001,100.52,100.693,97.892,100.585,100.045,99.024,100.756,100.883,100.689,102.26700000000001,99.995,101.502,100.31,100.15599999999999,99.732,99.783,99.742,98.94600000000001,99.262,99.836,100.124,100.839,100.922,100.48400000000001,99.726,107.57499999999999,100.46700000000001,99.771,98.29100000000001,99.79400000000001,100.29400000000001,99.96000000000001,100.70400000000001,100.116,99.965,100.053,100.43400000000001,99.983,102.274,100.065,102.37299999999999,101.312,101.056,100.049,100.333,100.23100000000001,99.72,100.007,100.74300000000001,100.739,99.97,100.535,101.80499999999999,99.80499999999999,99.46100000000001,99.09100000000001,100.839,99.893,100.054,100.613,99.77499999999999,102.274,98.861,100.24700000000001,100.412,100.65299999999999,98.615,100.66,100.80499999999999,99.71900000000001,100.757,100.01400000000001,100.745,99.428,101.394,98.849,99.849,98.87899999999999,100.119,100.76100000000001,97.846,99.292,100.524,100.22,99.49300000000001,99.871,100.40700000000001,101.418,98.057,100.643,99.99000000000001,100.04400000000001,100.52,100.44600000000001,100.048,100.643,98.013,99.897,100.57199999999999,100.27,100.53,100.465,100.74400000000001,100.779,99.663,100.198,100.30199999999999,101.026,100.23,99.768,99.61,99.98100000000001,100.354,99.203,99.74300000000001,99.542,100.465,100.789,100.296,99.71600000000001,100.459,100.863,99.85,99.63799999999999,99.27499999999999,100.394,100.315,100.339,101.41300000000001,99.99700000000001,100.962,96.938,100.361,101.47,99.99000000000001,100.71900000000001,100.92,98.82799999999999,100.829,97.94400000000002,100.851,100.751,100.68599999999999,100.48,100.054,98.82799999999999,99.87499999999999,100.124,100.62199999999999,102.8,100.71600000000001
2017-10-01,99.473,100.26700000000001,100.353,99.456,100.921,99.76700000000001,99.752,100.52799999999999,99.46900000000001,100.163,99.472,100.426,100.614,99.74400000000001,100.38199999999999,98.27,101.843,99.462,94.44100000000002,98.54100000000001,99.837,99.399,101.16,103.583,100.167,100.239,100.667,100.69,97.87899999999999,100.60799999999999,100.17599999999999,99.58,100.349,100.762,101.029,99.74000000000001,100.222,102.016,100.318,99.54700000000001,100.23,100.381,99.76700000000001,98.52499999999999,99.506,99.41300000000001,101.007,100.718,100.96600000000001,100.44200000000001,99.77,103.338,100.695,99.771,103.618,99.863,100.62299999999999,99.862,101.023,100.99900000000001,100.17099999999999,100.107,100.35499999999999,103.119,99.74600000000001,101.598,102.74900000000001,102.70700000000001,101.324,101.581,100.332,100.037,99.79,100.27,100.436,101.196,100.475,100.613,101.868,100.004,101.56700000000001,99.169,97.438,100.285,100.095,101.258,100.70100000000001,99.74600000000001,99.238,100.492,101.147,100.79400000000001,98.84100000000001,100.535,100.49400000000001,99.789,100.982,105.163,100.435,100.44600000000001,97.577,98.599,99.31,98.62899999999999,101.001,99.351,100.01,99.473,100.363,100.384,99.331,99.908,101.361,103.71600000000001,96.85499999999999,100.952,99.79,100.17499999999998,100.73,100.367,101.58,100.952,99.492,99.96300000000001,100.465,99.932,100.60799999999999,100.693,101.886,100.615,99.618,100.313,100.37899999999999,101.224,100.397,99.868,99.85799999999999,100.691,100.637,99.492,99.692,98.722,100.144,100.986,100.475,99.786,100.705,99.839,103.586,99.428,98.771,99.95400000000001,101.71300000000001,99.864,101.48400000000001,98.895,101.229,95.543,100.39,101.697,99.79,101.038,102.488,96.618,100.973,99.96900000000001,100.88499999999999,101.18299999999999,100.715,100.85499999999999,101.587,99.387,100.41600000000001,100.5,100.774,104.77499999999999,101.037
2017-11-01,99.288,102.501,100.488,93.894,101.226,99.89,99.412,100.383,99.284,100.76100000000001,99.287,100.801,100.883,99.689,100.559,96.26400000000001,100.10799999999999,98.962,96.164,98.75,101.30499999999999,98.82499999999999,99.779,102.755,99.163,99.81400000000001,100.869,100.99700000000001,96.722,100.705,99.526,101.053,100.618,100.762,101.433,99.68499999999999,100.68199999999999,102.44400000000002,100.4,100.932,100.44300000000001,100.78,99.787,99.37499999999999,101.119,99.38199999999999,101.095,100.718,101.327,100.507,99.892,107.859,100.94300000000001,99.849,102.838,99.61,100.99700000000001,99.777,101.336,101.087,99.836,100.206,100.412,100.834,99.691,99.96300000000001,103.59100000000001,102.654,101.266,99.94700000000002,100.412,100.054,99.76400000000001,100.27799999999999,101.01100000000001,96.66199999999999,99.793,100.88199999999999,103.24700000000001,103.26,100.37499999999999,99.48400000000001,99.604,99.646,100.095,101.16799999999999,99.906,99.692,98.245,97.99100000000001,101.406,100.79400000000001,99.037,100.702,101.066,99.763,100.289,106.046,101.005,101.559,95.887,99.042,98.298,99.07199999999999,101.09,99.853,100.4,99.582,100.815,100.562,99.41400000000002,100.25,102.556,108.886,96.80499999999999,101.212,100.22,99.52499999999999,100.91000000000001,100.423,99.94600000000001,101.21100000000001,99.583,92.397,100.196,98.708,100.877,100.94100000000002,101.82199999999999,100.795,99.399,99.897,100.53,100.651,99.581,99.15899999999999,99.624,101.053,100.827,99.307,99.574,98.593,100.54100000000001,101.516,100.57,99.76,101.089,97.94700000000002,102.757,99.038,97.67699999999999,99.899,100.91100000000002,99.96400000000001,101.573,97.912,101.17099999999999,95.356,100.516,101.755,100.22,101.351,102.51700000000001,95.471,100.88,100.311,101.012,100.37799999999999,100.94200000000001,100.586,99.953,96.67199999999998,99.232,100.49100000000001,101.1,102.91100000000002,101.351
2017-12-01,100.17199999999998,98.563,100.795,88.84,101.12899999999999,99.85199999999999,99.52799999999999,100.60499999999999,100.16799999999999,102.30199999999999,100.16999999999999,98.88499999999999,101.095,102.438,100.66499999999999,95.274,100.524,99.84700000000001,96.391,99.069,100.363,97.21000000000001,98.54,101.587,100.569,99.435,101.02199999999999,101.15599999999999,95.52,100.77499999999999,99.27799999999999,99.742,100.798,101.851,101.757,102.43400000000001,100.374,102.91900000000001,100.36999999999999,100.896,100.54400000000001,100.836,99.789,101.02499999999999,99.164,99.169,101.34400000000001,101.807,101.02799999999999,100.684,99.848,107.928,101.12799999999999,100.005,110.338,100.498,101.44700000000002,99.508,101.715,101.336,99.136,100.354,100.99700000000001,100.766,102.44000000000001,100.87799999999999,105.02499999999999,103.908,101.096,100.862,99.99600000000001,99.357,99.669,100.532,101.09400000000001,97.823,98.832,101.09400000000001,103.538,101.84,99.455,99.088,98.722,99.60499999999999,100.09400000000001,102.06700000000001,99.99900000000001,102.44000000000001,99.753,98.475,101.38,100.79400000000001,98.523,100.82799999999999,101.142,99.66799999999999,101.111,104.456,101.07799999999999,102.104,96.229,99.534,94.614,99.56400000000001,101.339,99.786,100.289,99.766,100.843,100.667,100.038,99.899,103.242,112.12299999999999,98.73400000000001,101.551,99.812,99.27799999999999,101.06700000000001,101.005,100.861,101.551,98.184,95.51700000000001,100.053,99.612,101.089,101.12599999999999,102.66199999999999,100.636,98.894,100.003,100.49900000000001,100.79700000000001,101.137,99.082,100.495,101.003,101.073,100.19,99.73100000000001,99.367,101.113,101.396,100.86,99.66499999999999,101.04700000000001,97.101,101.589,98.71100000000001,97.24000000000001,99.209,99.932,99.955,101.364,98.71400000000001,101.002,97.18499999999999,100.649,103.59,99.812,101.73,102.37599999999999,94.409,101.187,100.21600000000001,100.975,100.364,101.26400000000001,100.80199999999999,100.867,96.868,98.046,100.21000000000001,101.368,97.94700000000002,101.73100000000001
2018-01-01,100.43,96.256,101.282,89.46400000000001,101.007,100.925,100.595,101.083,100.426,101.24400000000001,100.429,95.908,101.52499999999999,102.545,100.706,96.131,101.43100000000001,98.67099999999999,95.68599999999999,99.271,100.631,97.45,101.381,106.86999999999999,99.06400000000001,100.37899999999999,100.82799999999999,101.663,93.757,101.076,99.77,99.549,100.757,101.851,102.049,102.54100000000001,101.23700000000001,103.282,100.23,100.01100000000001,100.71300000000001,100.553,99.801,99.458,100.588,99.862,101.537,101.807,102.229,100.587,100.912,111.045,101.17299999999999,100.62799999999999,110.929,98.21900000000001,102.109,99.651,102.062,101.529,100.20100000000001,102.634,101.31400000000001,99.033,102.54700000000001,101.703,104.67899999999999,103.531,101.43900000000001,101.687,96.745,99.78,99.745,101.077,100.819,101.284,99.492,101.524,104.903,101.563,100.54700000000001,99.24300000000001,98.65599999999999,100.193,99.755,102.21900000000001,100.134,102.548,100.44600000000001,101.276,102.854,100.935,98.15799999999999,100.483,100.85799999999999,99.74400000000001,100.196,103.87899999999999,100.79100000000001,103.389,97.518,99.37599999999999,94.233,99.406,101.532,100.669,100.576,98.953,100.836,100.709,99.85499999999999,100.30199999999999,103.866,123.386,100.46100000000001,101.816,100.273,99.77,101.43,101.31700000000001,101.68499999999999,101.816,97.56,100.537,100.47,100.07,101.519,101.17199999999998,102.549,100.958,99.738,100.16499999999999,100.483,101.47,99.863,99.52199999999999,100.738,100.94900000000001,101.324,100.44900000000001,99.924,98.793,101.57199999999999,101.738,101.049,99.74100000000001,101.77799999999999,97.71600000000001,106.87199999999999,97.792,99.296,99.307,99.79,101.21700000000001,101.96700000000001,99.27199999999999,101.345,98.88499999999999,100.99100000000001,103.71100000000001,100.273,102.077,102.698,91.35,101.633,100.532,101.079,100.57,101.65199999999999,100.87199999999999,101.692,98.77,99.669,100.427,101.806,100.273,102.08
2018-02-01,101.46700000000001,99.131,101.47,86.65299999999999,101.17499999999998,103.538,100.077,101.24600000000001,101.462,101.15599999999999,101.465,98.67499999999998,101.799,102.581,100.867,97.16999999999999,101.727,98.66199999999999,95.54,98.80499999999999,100.137,97.034,98.149,104.91900000000001,98.694,99.76400000000001,102.17199999999998,101.69,94.39,101.527,100.332,100.60199999999999,100.82,106.968,102.368,102.577,101.422,103.553,100.587,100.502,101.031,100.239,99.15499999999999,99.93700000000001,102.99000000000001,99.621,101.821,106.922,101.077,101.038,103.521,113.119,101.23100000000001,101.25,113.74400000000001,103.529,101.99100000000001,99.587,102.266,101.813,100.91400000000002,102.851,101.66499999999999,99.215,102.583,102.09700000000001,104.62299999999999,104.026,101.95,102.081,98.833,99.636,99.84400000000001,100.91400000000002,101.813,101.17799999999998,99.309,101.798,104.364,100.67899999999999,99.73,99.339,99.029,100.218,99.754,101.893,99.776,102.583,98.076,100.863,104.41700000000002,101.076,98.29400000000001,100.57,101.845,99.843,98.959,105.59,101.777,104.684,99.06700000000001,99.112,95.95700000000001,99.142,101.816,100.37299999999999,100.59700000000001,99.239,101.053,100.86999999999999,99.616,100.06700000000001,104.46900000000001,121.12799999999999,99.956,102.005,100.846,100.332,101.703,101.66499999999999,102.079,102.005,97.04700000000001,100.834,100.35499999999999,100.061,101.793,101.229,102.958,101.20100000000001,99.502,100.169,100.098,100.977,100.248,99.46000000000001,100.331,101.296,101.72,101.486,100.14,99.01400000000001,101.863,101.691,101.228,99.84,101.94600000000001,98.24000000000001,104.921,98.838,102.073,98.46700000000001,99.29400000000001,100.924,97.507,99.65799999999999,101.85499999999999,98.38799999999999,101.513,103.77199999999999,100.84700000000001,102.282,102.62599999999999,88.758,102.248,100.593,101.12899999999999,99.922,101.377,101.131,102.086,100.905,100.52499999999999,101.534,102.17799999999998,101.468,102.286
2018-03-01,103.046,101.071,101.576,86.509,101.184,104.145,100.723,101.582,103.042,101.396,103.04400000000001,100.46100000000001,101.818,102.52199999999999,101.018,94.554,103.921,99.189,95.19,98.607,100.071,96.96600000000001,96.765,103.438,99.106,100.184,103.331,102.17699999999999,94.17799999999998,101.99100000000001,100.283,100.87499999999999,100.79,106.968,102.67599999999999,102.518,101.076,103.94600000000001,99.976,104.146,101.043,101.265,99.15499999999999,101.52,103.698,99.26100000000001,101.985,106.922,100.001,101.134,104.131,109.13799999999999,101.02199999999999,101.48400000000001,115.285,102.57,102.559,99.34700000000001,102.501,101.977,100.88799999999999,102.923,101.559,101.221,102.524,102.151,105.026,104.48,101.95100000000001,102.13499999999999,100.573,99.657,99.579,101.342,101.73700000000001,100.539,99.49700000000001,101.81700000000001,104.509,100.754,99.144,99.76,102.604,100.222,99.845,102.54,100.468,102.52499999999999,98.548,101.968,104.582,101.076,97.59400000000001,100.78,101.762,99.57799999999999,98.66799999999999,104.723,101.697,104.05499999999999,100.842,99.256,98.453,99.286,101.98,100.63499999999999,100.23100000000001,100.15899999999999,101.027,101.02,99.738,99.84100000000001,106.167,119.48100000000001,97.874,102.331,98.81,100.283,101.833,101.557,102.134,102.331,97.157,101.087,101.532,99.346,101.812,101.02,103.29,101.654,99.273,100.41700000000002,100.58,100.96900000000001,100.70400000000001,99.607,99.41100000000002,101.366,101.654,103.065,101.06400000000001,99.353,101.649,102.11999999999999,101.49300000000001,99.57499999999999,102.224,99.282,103.44000000000001,100.99400000000001,98.62199999999999,98.549,99.29400000000001,100.979,98.27199999999999,99.637,101.856,96.338,102.37199999999999,104.061,98.81,102.516,102.34400000000001,87.823,101.903,100.282,101.20700000000001,99.59400000000001,101.63199999999999,100.99700000000001,102.14,97.63499999999999,100.27799999999999,101.27199999999999,102.40400000000001,100.798,102.521
2018-04-01,103.20100000000001,100.473,101.697,86.637,101.15499999999999,104.17099999999999,100.15499999999999,102.023,103.196,102.235,103.199,101.86999999999999,102.084,102.453,101.21700000000001,97.57199999999999,104.818,100.18599999999999,94.399,98.286,100.75,97.377,97.189,103.315,98.387,100.258,103.592,102.248,92.98400000000001,102.503,99.664,100.266,100.488,107.001,102.94900000000001,102.44900000000001,101.15599999999999,104.31400000000001,100.453,100.2,101.849,102.02799999999999,99.251,101.486,105.045,100.37899999999999,102.095,106.955,100.49000000000001,101.44100000000002,104.166,112.609,101.195,102.106,122.48,101.80799999999999,102.74700000000001,99.756,102.85,102.087,101.10799999999999,102.986,101.14,100.96400000000001,102.455,101.818,106.012,105.361,102.021,101.80199999999999,100.12599999999999,99.726,99.621,101.68799999999999,101.15199999999999,100.05499999999999,99.384,102.082,105.35,103.002,99.63199999999999,100.17499999999998,102.21600000000001,101.398,99.845,101.968,100.548,102.455,102.095,102.092,104.735,101.146,97.96300000000001,100.82199999999999,101.17099999999999,99.619,98.21400000000001,104.01100000000001,101.113,103.46300000000001,100.147,99.048,99.112,99.07799999999999,102.09,100.356,100,99.8,103.062,101.21900000000001,99.23700000000001,99.91700000000002,105.93700000000001,121.65499999999999,97.077,102.648,98.486,99.664,102.009,101.137,101.801,102.648,98.063,100.823,101.012,99.902,102.077,101.193,103.832,101.921,99.52499999999999,100.408,100.712,100.166,100.757,100.29400000000001,101.29700000000001,102.144,101.81,103.22,101.113,99.166,101.298,102.212,101.71600000000001,99.617,102.31400000000001,99.889,103.31700000000001,100.77199999999999,98.902,98.46400000000001,99.896,100.17699999999999,106.222,98.899,101.926,95.554,103.79400000000001,104.23400000000001,98.48700000000001,102.865,103.363,86.37899999999999,102.23,100.042,101.229,99.607,101.71900000000001,101.25,101.807,98.93700000000001,101.356,101.793,102.634,102.17199999999998,102.871
2018-05-01,101.357,100.67599999999999,101.789,87.228,101.189,104.32799999999999,100.298,102.224,101.35199999999999,100.606,101.35499999999999,99.561,102.31400000000001,103.088,101.37299999999999,98.691,106.133,100.52799999999999,91.453,98.427,100.58,97.25,96.004,103.018,98.32199999999999,99.91700000000002,103.076,103.236,91.304,102.389,99.55499999999999,103.256,100.838,107.03,103.117,103.083,100.70700000000001,104.61,99.87499999999999,99.912,101.67399999999999,100.99900000000001,99.251,102.09400000000001,104.279,100.121,102.21600000000001,106.983,100.37199999999999,101.606,104.32799999999999,114.31400000000001,101.37499999999999,101.795,115.331,100.98700000000001,102.99900000000001,99.418,103.111,102.208,100.554,103.19,101.59,104.87299999999999,103.09,100.68499999999999,106.99700000000001,105.67499999999998,102.44000000000001,100.669,99.976,99.79700000000001,99.67999999999999,101.573,101.883,99.198,99.593,102.313,105.832,104.15599999999999,98.952,99.63,101.648,100.82799999999999,99.75,102.145,100.245,103.09,103.568,100.83,105.32499999999999,101.357,97.909,100.81700000000001,101.897,99.67899999999999,97.139,104.982,101.843,104.03,97.259,99.371,100.039,99.40100000000001,102.21100000000001,100.99400000000001,100.56400000000001,99.78,103.27199999999999,101.37499999999999,99.43100000000001,100.015,106.033,120.9,95.49400000000001,102.91000000000001,100.906,99.55499999999999,102.35499999999999,101.587,100.66799999999999,102.91000000000001,98.124,102.007,101.452,99.17399999999999,102.30799999999999,101.37299999999999,104.04700000000001,101.92,99.049,100.553,100.785,99.545,100.70700000000001,100.554,101.44000000000001,103.071,102.003,101.37499999999999,99.592,98.312,102.327,102.548,101.846,99.67599999999999,102.38499999999999,99.52,103.02,100.292,101.02499999999999,97.353,100.233,100.17099999999999,106.46600000000001,99.705,102.34400000000001,93.99600000000001,103.86,104.579,100.906,103.127,103.63499999999999,84.807,102.402,100.518,101.581,99.689,102.17199999999998,101.423,100.67399999999999,98.018,102.224,100.736,102.925,101.035,103.133
2018-06-01,102.06700000000001,100.849,102.147,86.071,101.229,104.32799999999999,101.10499999999999,103.02,102.063,101.035,102.066,95.44600000000001,102.406,103.202,101.586,90.56400000000001,106.59400000000001,100.865,91.164,98.603,99.68799999999999,96.348,96.286,104.895,98.07199999999999,100.161,103.089,102.703,90.523,102.68499999999999,99.619,101.722,100.559,107.084,103.488,103.197,100.93400000000001,104.857,99.725,99.776,101.694,101.576,95.36,100.472,102.745,100.238,102.334,107.038,101.521,101.82799999999999,104.329,114.718,101.684,100.861,107.039,99.458,103.67899999999999,99.45700000000001,103.384,102.326,100.548,103.258,102.63199999999999,100.843,103.203,100.524,108.036,105.85499999999999,101.366,100.508,97.289,100.265,100.397,101.624,102.956,99.452,99.19,102.405,105.935,105.265,97.95700000000001,99.284,101.867,100.66199999999999,99.751,102.27199999999999,98.618,103.20400000000001,104.013,101.429,105.637,101.21700000000001,98.46300000000001,101.232,102.96600000000001,100.396,97.284,105.91400000000002,102.91400000000002,105.666,96.3,99.539,97.20400000000001,99.569,102.329,101.353,100.15799999999999,100.119,103.369,101.588,99.663,99.933,106.703,121.529,94.96000000000001,103.14,100.932,99.619,102.538,102.63,100.507,103.14,97.952,99.46900000000001,102.37899999999999,99.202,102.4,101.68199999999999,104.14,102.18299999999999,98.929,100.786,100.86999999999999,98.62899999999999,100.86,100.65799999999999,100.62799999999999,103.551,102.16999999999999,102.086,100.006,98.26100000000001,102.71700000000001,102.94800000000001,102.02499999999999,100.393,102.55799999999999,99.889,104.897,100.076,103.909,97.395,100.62899999999999,100.41700000000002,106.706,98.982,101.271,93.47,103.926,104.121,100.932,103.4,103.67599999999999,83.91400000000002,102.92,100.09100000000001,101.769,99.983,102.495,101.74400000000001,100.513,95.99900000000001,100.62899999999999,101.101,103.202,99.543,103.406
2018-07-01,104.293,101.024,102.163,86.624,101.386,104.21100000000001,100.845,103.07499999999999,104.288,101.60199999999999,104.29100000000001,95.193,102.486,103.357,101.41000000000001,89.684,105.579,100.827,91.429,99.01700000000001,99.74900000000001,94.57,97.43700000000001,104.77799999999999,98.57499999999999,100.17199999999998,102.998,102.783,90.823,102.76,99.729,102.24000000000001,100.17299999999999,108,103.99400000000001,103.35199999999999,101.142,105.15499999999999,100.069,97.82199999999999,101.73,101.845,95.36,100.813,100.978,99.67399999999999,102.538,107.953,102.381,102.16199999999999,104.21100000000001,113.918,102.17499999999998,103.274,109.728,99.453,103.795,99.28,103.72,102.53,100.754,104.32,102.83,100.477,103.359,100.49700000000001,108.606,105.727,101.76,100.48100000000001,97.589,100.309,101.18499999999999,101.862,103.287,98.433,99.752,102.485,106.01100000000001,104.71900000000001,97.313,99.721,104.529,100.661,99.751,102.396,99.10499999999999,103.359,106.4,102.049,106.01400000000001,101.287,97.624,100.99300000000001,103.293,101.184,98.301,107.036,103.24100000000001,106.41100000000002,97.24900000000001,99.67899999999999,96.661,99.709,102.533,101.043,99.877,99.524,103.565,101.41300000000001,99.616,100.096,106.925,122.736,95.895,103.438,100.768,99.729,102.634,102.83,100.48,103.43700000000001,97.037,98.60799999999999,103.44500000000001,100.573,102.48,102.17299999999999,103.91100000000002,102.271,98.846,100.921,100.859,98.32799999999999,101.436,100.588,100.94700000000002,103.67099999999999,102.35199999999999,104.312,100.869,98.46400000000001,101.783,103.287,102.09400000000001,101.181,102.93100000000001,100.21900000000001,104.78,100.535,103.63799999999999,96.505,101.12199999999999,99.634,107.353,98.54400000000001,101.66499999999999,94.39,104.034,104.865,100.768,103.736,103.952,82.93700000000001,103.15499999999999,99.832,102.57499999999999,101.18299999999999,102.579,101.856,100.486,95.537,99.03,100.91300000000001,103.54400000000001,101.68599999999999,103.742
2018-08-01,102.43,101.392,102.24100000000001,84.593,101.75,104.21100000000001,100.732,102.985,102.426,101.80499999999999,102.428,95.489,102.669,104.007,102.16499999999999,88.387,102.55499999999999,100.854,90.12899999999999,98.667,99.226,95.381,97.498,102.935,98.472,100.225,102.208,102.826,89.26100000000001,103.119,100.191,101.13,100.46900000000001,105.34,105.062,104.003,101.251,105.42,100.15299999999999,95.274,101.995,103.34100000000001,98.085,101.38799999999999,102.083,99.345,102.546,105.29400000000001,101.627,102.427,104.209,116.19,102.70100000000001,103.585,109.593,100.131,104.009,99.881,104.115,102.538,100.20700000000001,104.579,102.456,101.21300000000001,104.009,98.96900000000001,108.99700000000001,105.725,102.10499999999999,98.953,97.035,100.553,101.891,101.71600000000001,102.59400000000001,98.034,100.232,102.66799999999999,106.96300000000001,106.01,95.586,99.645,104.87199999999999,98.07799999999999,99.752,102.93400000000001,99.238,104.009,106.356,101.80499999999999,105.99000000000001,101.428,98.218,101.164,102.596,101.89,99.91400000000002,106.72,102.545,106.44800000000001,97.644,99.715,96.362,99.745,102.54100000000001,101.616,100.228,98.99900000000001,103.641,102.169,99.68599999999999,100.089,107.24000000000001,122.742,94.381,103.71900000000001,99.94600000000001,100.191,102.827,102.459,98.952,103.71900000000001,96.70400000000001,94.812,103.488,101.061,102.663,102.699,103.865,102.799,99.833,101.05499999999999,100.824,99.222,100.429,100.536,100.93400000000001,104.757,102.53,102.44900000000001,100.005,97.883,102.033,103.95,102.639,101.887,103.103,100.689,102.93700000000001,99.715,102.471,96.918,99.936,99.523,107.17299999999999,98.512,102.009,92.9,104.21400000000001,104.923,99.94600000000001,104.131,104.07,81.74700000000001,103.199,100.17899999999999,102.96900000000001,101.44300000000001,102.488,102.163,98.958,93.283,97.13199999999999,100.702,103.748,100.829,104.137
2018-09-01,101.23100000000001,103.765,102.748,85.409,101.955,104.29100000000001,100.936,103.07499999999999,101.226,101.593,101.229,95.092,102.881,104.49300000000001,102.30799999999999,88.606,105.277,101.032,88.823,98.62599999999999,99.071,96.59700000000001,97.16799999999999,102.647,98.63499999999999,100.12599999999999,102.523,102.763,88.008,103.62199999999999,100.48700000000001,100.818,99.923,105.559,105.667,104.489,101.29700000000001,105.61,100.099,95.01700000000001,102.318,102.769,98.085,102.12899999999999,102.27199999999999,100.389,102.732,105.51400000000001,101.708,102.43400000000001,104.288,118.139,102.874,104.05199999999999,108.203,97.727,104.12499999999999,100.489,104.343,102.723,100.43700000000001,104.881,102.866,99.70400000000001,104.495,98.853,109.17299999999999,106.301,101.71100000000001,98.837,95.57199999999999,101.371,101.90400000000001,102.506,102.45700000000001,98.284,100.134,102.88,107.395,106.543,95.593,99.593,103.223,100.63799999999999,99.752,102.99900000000001,99.17499999999998,104.49600000000001,106.71300000000001,101.28,105.94000000000001,101.498,98.056,101.88199999999999,102.453,101.903,99.76,106.74700000000001,102.406,106.722,99.351,99.884,96.452,99.91400000000002,102.726,101.722,99.309,98.17399999999999,103.864,102.311,99.44700000000002,100.374,107.925,125.143,91.759,103.94400000000002,100.94800000000001,100.48700000000001,103.05199999999999,102.871,98.836,103.94300000000001,96.21100000000001,96.848,103.30199999999999,100.634,102.87499999999999,102.87199999999999,104.403,102.79700000000001,99.812,101.199,100.811,98.905,99.47,100.815,99.40400000000001,104.884,102.768,101.25,99.27,94.99700000000001,101.64,103.773,102.84100000000001,101.9,103.537,101.399,102.649,99.15799999999999,102.972,96.792,99.09,100.79,107.104,98.474,101.616,90.32,104.38199999999999,105.095,100.94800000000001,104.359,104.16,80.09,103.70700000000001,99.326,102.661,101.545,103.206,102.70700000000001,98.843,92.925,98.94100000000002,101.56400000000001,103.906,103.12299999999999,104.364
2018-10-01,99.488,103.642,102.835,87.603,101.67799999999998,104.87599999999999,101.09700000000001,103.648,99.48400000000001,101.205,99.486,96.406,103.12199999999999,104.61,101.87499999999999,90.29100000000001,106.148,101.239,90.624,97.99100000000001,98.786,95.377,97.368,101.427,98.903,100.089,102.877,102.806,87.141,104.23400000000001,100.319,100.24400000000001,100.82499999999999,104.889,105.763,104.606,101.34400000000001,105.85499999999999,100.016,97.268,102.45700000000001,103.17099999999999,99.134,101.93100000000001,102.387,100.696,102.96100000000001,104.84400000000001,100.462,102.60799999999999,104.87199999999999,119.615,103.476,101.87299999999999,106.551,97.054,104.521,98.639,104.63,102.953,100.05199999999999,104.924,102.698,100.27199999999999,104.612,98.636,110.24000000000001,107.12899999999999,101.41600000000001,98.621,94.218,101.908,102.262,102.712,102.462,100.90400000000001,99.979,103.121,106.815,102.053,91.252,99.634,105.812,103.13199999999999,99.752,103.366,99.065,104.613,107.48400000000001,101.81700000000001,105.921,101.569,98.421,102.17399999999999,102.45100000000001,102.26100000000001,100.013,107.087,102.408,105.429,99.80199999999999,99.724,98.21600000000001,99.754,102.956,102.003,100.287,99.67499999999998,104.38799999999999,101.877,99.192,100.531,108.06700000000001,130.839,89.479,104.239,101.47,100.319,103.12499999999999,102.706,98.619,104.239,95.98,102.12799999999999,103.453,100.55799999999999,103.115,103.474,104.753,103.057,99.576,101.343,100.91300000000001,97.90100000000001,100.071,100.774,99.47,105.22,103.016,99.506,97.93,93.07,100.918,104.003,103.085,102.258,103.751,103.038,101.429,98.99100000000001,101.392,95.973,95.394,100.114,107.479,98.924,101.321,88.07499999999999,104.834,105.209,101.47,104.646,105.74100000000001,79.198,103.924,100.29100000000001,103.169,101.819,103.651,102.92,98.62599999999999,94.507,98.67899999999999,101.781,104.18499999999999,112.45700000000001,104.651
2018-11-01,99.983,107.226,103.09700000000001,85.815,101.859,106.255,101.579,103.751,99.979,101.503,99.982,96.90400000000001,103.049,104.586,102.239,88.131,105.87199999999999,101.167,93.146,96.76700000000001,98.70700000000001,93.65599999999999,97.728,102.327,98.63799999999999,99.518,102.93900000000001,103.614,86.57499999999999,104.16499999999999,100.035,100.131,100.94100000000002,104.866,106.01400000000001,104.581,101.46700000000001,106.113,100.252,98.43100000000001,102.68199999999999,103.606,99.134,100.67899999999999,103.07499999999999,100.198,103.12199999999999,104.821,99.52,102.754,106.251,112.55799999999999,103.756,102.884,106.516,96.777,104.44200000000001,99.331,105.015,103.114,100.24900000000001,105.228,103.46600000000001,98.61999999999999,104.588,98.657,111.67599999999999,107.515,101.415,98.641,96.04,101.895,103.59400000000001,103.026,101.813,100.258,100.082,103.048,105.612,106.43400000000001,92.34400000000001,99.26100000000001,106.642,101.76100000000001,99.752,104.956,99.27,104.588,108.30499999999999,101.94200000000001,106.191,101.709,98.66199999999999,102.57799999999999,101.795,103.593,99.69,106.76100000000001,101.76,105.23700000000001,100.45,99.813,96.784,99.84400000000001,103.117,102.57499999999999,101.399,100.087,106.009,102.24000000000001,99.266,100.978,106.80499999999999,126.364,88.351,104.565,101.94000000000001,100.035,103.425,103.478,98.64,104.565,96.332,101.471,103.809,102.471,103.043,103.754,104.91400000000002,103.366,99.17799999999998,101.38,101.232,99.46600000000001,99.62199999999999,100.838,99.10199999999999,108.363,103.295,100.002,98.334,93.69,101.134,104.488,103.292,103.59,103.927,101.359,102.329,98.71900000000001,101.21400000000001,96.257,96.397,100.44900000000001,107.77,99.024,101.321,86.965,105.363,105.208,101.94000000000001,105.031,105.968,78.009,102.292,101.381,103.144,103.054,103.88799999999999,103.29700000000001,98.646,93.205,98.18599999999999,101.478,104.666,101.92,105.035
2018-12-01,106.66799999999999,106.161,103.059,85.111,102.098,106.205,101.89,104.218,106.664,101.592,106.666,96.698,103.11999999999999,104.776,102.513,86.273,106.633,101.459,89.65199999999999,96.395,98.483,94.288,95.571,109.562,99.13,100.03,103.196,104.809,86.881,104.408,100.149,100.784,101.843,106.386,106.269,104.771,101.774,106.276,100.16999999999999,100.22,102.793,104.012,96.29,101.10499999999999,103.309,100.834,103.283,106.34,100.871,102.785,106.202,106.40100000000001,103.932,103.818,107.932,102.691,104.56700000000001,99.65299999999999,105.26700000000001,103.274,102.281,105.292,103.842,100.77499999999999,104.77799999999999,99.573,113.615,108.661,101.692,99.557,96.44400000000002,102.13,104.44700000000002,102.96400000000001,102.26100000000001,99.643,100.07,103.119,104.21700000000001,107.854,90.20400000000001,99.604,106.284,101.24100000000001,99.752,104.55799999999999,99.611,104.77799999999999,109.274,102.768,108.282,101.639,98.092,102.807,102.23700000000001,104.44600000000001,98.55499999999999,108.39,102.21000000000001,106.27799999999999,102.31,99.71900000000001,97.277,99.75,103.277,102.70400000000001,101.65899999999999,99.37199999999999,106.44700000000002,102.513,99.363,100.793,106.733,114.253,87.035,104.815,101.598,100.149,103.853,103.862,99.556,104.81400000000001,96.986,96.732,102.94400000000002,103.40100000000001,103.113,103.93,105.708,103.41300000000001,99.721,101.46100000000001,101.274,99.48,99.68299999999999,101.26700000000001,99.758,108.20400000000001,103.619,106.68799999999999,102.21300000000001,93.61,100.482,104.884,103.41900000000001,104.44300000000001,104.281,99.212,109.56400000000001,98.726,106.15899999999999,96.495,96.432,99.94700000000002,107.46600000000001,99.992,101.59700000000001,85.66999999999999,105.351,105.892,101.599,105.282,105.845,76.861,104.691,101.66199999999999,103.12599999999999,105.218,104.007,103.151,99.562,91.23100000000001,97.009,101.313,105.048,98.435,105.285
2019-01-01,106.288,106.566,103.117,87.865,102.07799999999999,105.071,102.313,104.346,106.284,102.549,106.287,96.65499999999999,103.036,104.799,102.831,88.585,103.995,101.513,91.189,96.24400000000001,98.754,94.133,93.94800000000001,109.33,98.657,99.687,103.703,105.124,86.62599999999999,104.548,100.681,99.533,100.84,107.631,106.574,104.795,101.73700000000001,106.263,100.383,99.425,103.035,104.107,96.333,100.995,103.71900000000001,101.18499999999999,103.477,107.585,102.06700000000001,102.815,105.07,98.702,104.14999999999999,101.95100000000001,105.37799999999999,101.502,104.62899999999999,99.32499999999999,105.561,103.46900000000001,102.33,104.27,104.134,101.95400000000001,104.801,99.003,113.71700000000001,108.776,101.894,98.98700000000001,96.02199999999999,103.039,104.32,102.95100000000001,102.212,99.54400000000001,100.973,103.035,102.087,106.936,91.193,100.553,109.01,100.71700000000001,99.75,105.13199999999999,99.363,104.801,109.902,103.45100000000001,108.65199999999999,101.92,98.621,102.85,102.18499999999999,104.318,97.32,108.976,102.166,106.032,102.884,99.76700000000001,97.37199999999999,99.79700000000001,103.472,103.46900000000001,103.197,99.861,106.21700000000001,102.833,99.60499999999999,100.811,104.27499999999999,108.104,85.868,105.076,102.35,100.67999999999999,104.263,104.164,98.986,105.076,98.26400000000001,102.05199999999999,103.64999999999999,102.654,103.029,104.148,105.67599999999999,103.79400000000001,99.391,101.07199999999999,101.277,99.94100000000002,99.477,101.723,101.67099999999999,105.922,103.926,106.30799999999999,101.908,93.76,101.059,105.779,103.64,104.316,104.815,102.51700000000001,109.332,99.815,106.29,96.30499999999999,97.44000000000001,101.24300000000001,108.074,100.31400000000001,101.799,84.52,105.12199999999999,105.842,102.35,105.576,106.212,76.054,104.98700000000001,103.12599999999999,102.77499999999999,104.838,104.263,103.526,98.992,94.166,97.377,101.667,105.113,100.354,105.582
2019-02-01,104.492,104.54400000000001,102.853,86.24300000000001,101.864,105.968,102.55199999999999,104.637,104.48700000000001,102.79,104.49000000000001,95.17099999999999,103.345,104.834,103.046,87.718,106.37599999999999,101.649,93.565,96.16199999999999,98.111,93.205,94.27799999999999,111.323,98.57499999999999,99.394,103.851,105.315,85.968,104.971,100.5,100.44100000000002,100.631,107.239,106.958,104.829,101.959,106.324,100.21300000000001,96.67799999999998,103.257,104.649,87.018,100.799,102.693,101.977,103.71100000000001,107.193,100.82799999999999,102.96900000000001,105.968,102.62499999999999,104.412,101.17199999999998,102.932,100.115,104.979,99.881,105.85499999999999,103.703,102.65199999999999,104.55799999999999,103.953,104.04100000000001,104.836,99.364,113.973,109.57199999999999,102.151,99.348,95.965,103.774,104.54100000000001,103.488,102.521,96.905,102.27499999999999,103.34400000000001,102.01400000000001,101.953,94.306,101.93,104.953,102.532,99.751,106.015,100.254,104.836,109.045,103.206,108.34,101.076,98.82199999999999,103.24400000000001,102.49100000000001,104.54,97.81400000000001,107.722,102.476,104.337,97.488,99.71000000000001,97.329,99.74000000000001,103.706,102.986,103.41300000000001,99.312,106.30499999999999,103.049,99.803,101.061,105.38199999999999,113.666,84.839,105.40100000000001,101.718,100.5,104.67799999999998,103.988,99.34700000000001,105.40100000000001,98.667,105.24900000000001,103.46600000000001,102.345,103.339,104.41000000000001,106.312,103.89,100.483,101.167,101.536,99.507,100.639,102.282,100.49600000000001,106.32,104.295,104.51100000000001,100.438,94.046,100.649,105.804,103.827,104.537,105.057,102.031,111.326,100.071,98.60199999999999,95.26400000000001,98.893,101.498,109.191,100.56700000000001,102.056,83.508,105.884,105.898,101.718,105.86999999999999,106.427,74.015,105.142,103.15499999999999,102.76400000000001,106.01700000000001,105.13,103.96600000000001,99.353,95.331,96.285,102.67499999999998,105.136,95.557,105.87599999999999
2019-03-01,106.15299999999999,102.9,103.059,86.298,102.16,105.974,102.503,104.777,106.149,102.70100000000001,106.15199999999999,95.40700000000001,103.736,104.79100000000001,103.37799999999999,84.47,106.409,102.495,92.393,95.729,97.827,93.769,93.44200000000001,114.114,98.252,99.776,103.915,105.585,84.97,105.762,100.08,100.013,100.899,107.196,107.228,104.787,101.868,106.391,100.624,98.78,103.432,103.9,86.8,100.46400000000001,104.585,102.502,103.796,107.14999999999999,101.23100000000001,103.18299999999999,105.974,108.568,104.849,100.083,103.898,101.357,105.065,101.12899999999999,106.283,103.787,101.657,104.77,104.816,103.932,104.793,100.327,114.524,109.492,102.502,100.311,91.435,103.576,105.189,103.339,103.083,97.93100000000001,102.144,103.735,102.905,107.22,94.512,101.79100000000001,105.49400000000001,101.17399999999999,99.751,105.895,99.773,104.79400000000001,107.319,102.84700000000001,108.167,101.146,100.16499999999999,102.592,103.051,105.18799999999999,98.41900000000001,108.348,103.034,103.71900000000001,95.831,100.273,96.965,100.304,103.79,103.32499999999999,102.68799999999999,98.742,106.569,103.38199999999999,100.32199999999999,100.536,106.095,116.166,83.29,105.724,100.17099999999999,100.079,104.87299999999999,104.85199999999999,100.31,105.724,98.667,105.985,103.44200000000001,104.143,103.729,104.84700000000001,106.32,104.471,101.57499999999999,101.181,101.699,100.348,99.706,102.543,99.86,106.563,104.163,106.17299999999999,101.32,94.257,101.25,105.862,104.04100000000001,105.18499999999999,105.019,101.43100000000001,114.116,99.26100000000001,103.777,95.13799999999999,99.012,102.579,100.762,100.715,102.406,81.98400000000001,105.35199999999999,105.955,100.17199999999998,106.298,107.898,71.12499999999999,104.965,102.39,102.205,107.46300000000001,105.34700000000001,104.76100000000001,100.316,94.10199999999999,95.94600000000001,102.232,105.553,102.727,106.304
2019-04-01,105.37499999999999,104.518,103.23700000000001,89.95700000000001,102.335,104.751,102.495,104.697,105.371,102.391,105.37299999999999,96.87299999999999,104.12599999999999,104.838,103.59,86.486,106.007,102.599,90.807,95.863,98.048,93.096,89.507,111.148,98.359,99.43400000000001,103.958,105.565,83.955,106.087,100.66,99.9,100.835,114.06700000000001,107.49900000000001,104.834,101.811,106.5,98.495,98.13,103.795,103.903,96.68599999999999,100.91100000000002,104.56700000000001,101.95700000000001,104.2,114.018,100.02199999999999,103.44100000000002,104.751,115.815,105.04400000000001,99.149,98.807,100.33,105.01100000000001,100.48,106.697,104.192,101.15299999999999,104.862,105.453,104.79100000000001,104.84,101.07799999999999,114.134,109.868,102.36,101.062,95.15799999999999,102.881,104.348,104.101,103.339,97.15199999999999,101.258,104.12499999999999,103.34400000000001,101.63199999999999,94.04100000000001,101.073,107.115,100.226,99.751,106.415,99.95,104.84,107.815,102.959,108.796,101.357,100.07799999999999,102.41100000000002,103.306,104.346,97.89,109.17899999999999,103.281,103.634,95.94200000000001,100.503,95.002,100.534,104.195,103.038,101.708,99.281,106.38,103.596,100.321,100.44000000000001,108.394,120.083,83.12199999999999,106.07799999999999,102.21400000000001,100.66,105.232,105.48400000000001,101.061,106.07799999999999,97.44900000000001,103.773,104.425,103.60799999999999,104.119,105.042,106.689,105.062,99.809,101.67399999999999,101.64,99.795,100.46100000000001,102.94400000000002,100.334,106.759,104.36999999999999,105.395,101.18299999999999,94.181,101.618,106.28,104.225,104.34400000000001,105.063,101.559,111.14999999999999,98.962,106.606,95.827,98.40400000000001,101.12799999999999,101.23700000000001,100.353,102.26400000000001,81.818,105.076,106.013,102.21400000000001,106.71300000000001,108.089,70.191,105.18299999999999,101.44100000000002,102.727,106.003,105.59,105.131,101.06700000000001,92.338,96.70100000000001,101.935,106.004,105.23100000000001,106.718
2019-05-01,102.96300000000001,106.32499999999999,102.99100000000001,87.974,102.242,104.787,103.22,104.68599999999999,102.958,102.99300000000001,102.96100000000001,96.921,104.151,104.576,104.169,90.79,105.32,102.537,91.742,95.832,97.403,92.476,89.84,109.309,98.34,100.15299999999999,104.258,103.729,83.71100000000001,106.353,100.865,99.08,100.728,113.929,107.473,104.571,102.326,106.539,100.17999999999999,93.87799999999999,104.311,104.029,99.069,101.10199999999999,105.02,102.49300000000001,104.136,113.88,99.43700000000001,103.843,104.786,114.409,105.167,98.99300000000001,96.462,98.523,104.965,100.003,106.95700000000001,104.12799999999999,101.99400000000001,105.06700000000001,104.273,105.836,104.57799999999999,101.44300000000001,113.71100000000001,109.654,103.505,101.427,96.015,103.968,104.24700000000001,103.509,104.221,97.823,101.111,104.14999999999999,103.756,102.83,95.23100000000001,100.27199999999999,109.513,100.119,99.752,104.18599999999999,100.224,104.57799999999999,107.96000000000001,102.29,108.13,102.202,99.82199999999999,102.745,104.191,104.24600000000001,100.31700000000001,110.395,104.15499999999999,102.356,96.712,100.507,94.85,100.538,104.131,103.15499999999999,100.699,99.46000000000001,106.583,104.17599999999999,100.189,100.298,109.238,122.254,82.301,106.354,103.86999999999999,100.864,105.46100000000001,104.29700000000001,101.426,106.354,96.21100000000001,103.04400000000001,105.05,104.273,104.145,105.16499999999999,106.45,105.293,100.263,101.84700000000001,101.84400000000001,101.603,100.31,103.505,99.095,107.07499999999999,104.52799999999999,102.982,100.276,95.117,101.316,106.54700000000001,104.45,104.24300000000001,105.151,100.62799999999999,109.312,98.86999999999999,103.251,96.874,98.34700000000001,101.242,105.04,100.857,103.408,81.01,105.59,106.47,103.86999999999999,106.973,108.392,69.12799999999999,105.09700000000001,100.492,103.202,105.012,105.921,104.889,101.432,89.252,96.647,102.66999999999999,106.269,102.965,106.977
2019-06-01,104.033,104.209,103.235,87.238,102.55199999999999,104.84100000000001,102.36,104.884,104.029,101.915,104.032,97.973,104.118,104.66799999999999,104.46300000000001,96.30199999999999,103.11999999999999,102.396,89.94300000000001,96.057,97.408,90.706,92.348,109.755,98.73100000000001,100.488,105.024,103.84100000000001,83.821,106.76700000000001,100.369,99.539,100.62299999999999,116.545,107.637,104.664,102.387,106.62899999999999,99.798,95.787,104.386,103.191,98.4,102.292,106.327,103.35199999999999,104.29,116.49400000000001,99.29,103.823,104.84,109.362,105.133,99.071,96.273,98.283,105.127,100.396,107.37899999999999,104.282,102.381,105.353,104.12199999999999,104.859,104.66999999999999,99.96100000000001,113.265,109.566,102.516,99.94500000000001,100.955,103.09,105.283,104.17199999999998,103.927,94.898,101.684,104.117,101.895,103.52199999999999,94.475,100.009,110.082,100.71100000000001,99.752,103.87899999999999,100.474,104.67099999999999,107.106,102.62199999999999,111.11,102.27199999999999,100.05199999999999,102.893,103.90400000000001,105.281,100.043,111.975,103.85499999999999,101.634,97.82,100.41900000000001,95.277,100.44900000000001,104.285,104.293,100.412,99.663,106.698,104.46900000000001,99.962,100.755,109.03,118.485,81.648,106.67199999999998,104.468,100.369,105.765,104.14,99.94400000000002,106.67099999999999,95.93900000000001,104.402,104.787,104.806,104.111,105.131,106.38799999999999,105.465,100.60199999999999,101.777,101.905,100.55199999999999,100.49100000000001,103.513,97.49100000000001,107.101,104.806,104.053,100.66499999999999,95.582,100.646,106.545,104.64,105.279,105.611,101.46400000000001,109.757,99.846,103.05199999999999,96.368,99.228,102.51100000000001,105.163,100.99600000000001,102.421,80.367,105.645,107.21300000000001,104.46900000000001,107.395,108.471,67.726,105.456,100.262,103.63499999999999,103.709,106.18799999999999,105.27499999999999,99.95,90.134,97.13,102.669,106.615,104.29100000000001,107.399
2019-07-01,103.59100000000001,105.432,103.62899999999999,86.227,102.698,105.498,102.60199999999999,105.41000000000001,103.587,102.27,103.589,98.318,104.35799999999999,104.84700000000001,104.81,95.727,103.23100000000001,102.273,88.703,95.971,97.95100000000001,93.43,88.82199999999999,110.07199999999999,98.691,100.27799999999999,105.29,105.056,82.98100000000001,106.95400000000001,100.962,99.15799999999999,101.021,115.024,107.921,104.842,102.45700000000001,106.67499999999998,98.902,95.206,105.05799999999999,103.48100000000001,99.65199999999999,102.84400000000001,107.051,103.51700000000001,104.361,114.975,99.118,103.903,105.49700000000001,110.94200000000001,105.111,99.538,97.221,97.303,105.361,100.363,107.709,104.35199999999999,102.462,105.41900000000001,104.408,105.23700000000001,104.849,98.418,113.29400000000001,109.69,102.918,98.403,98.335,102.91000000000001,106.30499999999999,104.30499999999999,104.324,96.41000000000001,102.118,104.357,101.85199999999999,107.60199999999999,94.694,100.887,110.60499999999999,100.99600000000001,99.752,104.93400000000001,100.67299999999999,104.849,105.323,103.134,111.781,102.343,100.79400000000001,103.456,104.312,106.304,100.91000000000001,114.357,104.24600000000001,101.535,98.75,100.271,93.785,100.301,104.35499999999999,104.34400000000001,100.289,99.783,107.41900000000001,104.815,99.77199999999999,100.098,109.845,119.035,80.703,106.935,102.435,100.962,105.97,104.41900000000001,98.40100000000001,106.93400000000001,97.82199999999999,97.91900000000001,103.456,103.94800000000001,104.35199999999999,105.109,106.55799999999999,105.44900000000001,100.38,102.02799999999999,101.925,100.927,99.595,104.09400000000001,98.73,107.35799999999999,105.03,103.61,99.71600000000001,94.768,101.006,104.79100000000001,104.739,106.301,105.85,101.26100000000001,110.07499999999999,99.921,102.359,94.753,100.026,102.083,105.70700000000001,100.57199999999999,102.821,79.43700000000001,106.103,108.41300000000001,102.435,107.725,109.54400000000001,66.239,105.722,100.194,104.48700000000001,104.849,106.773,105.17099999999999,98.408,92.10499999999999,97.311,102.546,106.84100000000001,104.027,107.728
2019-08-01,103.98100000000001,103.986,103.57499999999999,87.187,102.94200000000001,105.498,102.561,105.835,103.977,102.033,103.979,98.27,104.453,105.303,104.99000000000001,95.44900000000001,103.537,101.952,89.576,95.94800000000001,98.485,94.161,87.838,108.59700000000001,98.537,100.721,105.60499999999999,104.77,82.99700000000001,107.228,100.562,100.702,100.834,114.52,108.103,105.299,102.518,106.738,98.613,95.32799999999999,105.34400000000001,103.49000000000001,102.22,102.501,105.93,101.77799999999999,104.587,114.47,98.513,104.012,105.49700000000001,108.43100000000001,105.263,99.38199999999999,95.867,97.222,105.48,99.824,107.98400000000001,104.579,102.287,105.515,104.75,103.05,105.30499999999999,100.191,113.109,109.845,103.74000000000001,100.17499999999998,95.985,102.924,106.248,104.524,104.728,97.134,102.16,104.452,101.393,106.51700000000001,97.107,101.637,112.154,100.806,99.752,105.30499999999999,101.418,105.306,105.15199999999999,102.036,111.67399999999999,102.48400000000001,101.14999999999999,103.619,104.722,106.24600000000001,100.508,115.145,104.646,101.513,99.089,100.239,91.209,100.269,104.582,104.68299999999999,100.684,100.96700000000001,107.427,104.995,99.67899999999999,100.257,110.001,117.96900000000001,80.45100000000001,107.20400000000001,102.429,100.561,106.17999999999999,104.753,100.17399999999999,107.20400000000001,95.527,98.666,104.338,103.30799999999999,104.44700000000002,105.26100000000001,106.79700000000001,105.242,100.218,102.13499999999999,102.181,99.8,99.698,103.718,99.17999999999999,107.77,105.321,104,100.003,93.23100000000001,101.353,104.809,104.834,106.24300000000001,106.14999999999999,101.021,108.599,100.687,103.281,94.90400000000001,102.273,102.242,105.99600000000001,100.723,103.644,79.189,106.12199999999999,108.526,102.429,108,109.936,65.092,106.6,100.61,102.641,105.21300000000001,106.894,106.063,100.181,93.91100000000002,96.94100000000002,103.082,106.836,103.44300000000001,108.002
2019-09-01,107.06700000000001,104.383,103.806,87.98,103.145,105.43,103.232,105.935,107.063,102.62599999999999,107.065,100.13799999999999,104.614,106.124,105.208,95.77499999999999,103.01400000000001,101.985,89.04100000000001,95.27,98.288,93.395,87.71300000000001,105.643,98.587,100.78,105.753,104.332,82.627,107.756,100.23400000000001,98.90100000000001,101.087,112.49400000000001,107.975,106.11999999999999,101.869,106.84,98.74600000000001,92.81400000000001,104.5,103.194,102.23,102.223,104.081,102.693,104.771,112.44500000000001,98.133,104.062,105.43,107.742,105.402,98.293,101.292,96.053,105.611,99.799,108.353,104.763,102.063,106.04400000000001,104.026,105.069,106.12599999999999,100.2,112.71700000000001,109.754,103.107,100.18499999999999,95.453,103.202,106.092,104.49400000000001,104.438,96.099,101.333,104.613,100.161,107.94000000000001,97.359,102.194,110.02,103.334,99.753,104.776,100.84,106.12599999999999,106.738,101.77199999999999,111.40400000000001,102.48400000000001,101.65299999999999,103.44100000000002,104.433,106.09100000000001,98.877,113.554,104.353,101.87899999999999,98.96300000000001,99.98100000000001,91.15499999999999,100.01100000000001,104.766,104.85,100.68499999999999,100.412,107.723,105.215,99.566,100.422,109.958,117.098,79.036,107.504,102.001,100.23400000000001,106.425,104.02199999999999,100.18299999999999,107.503,94.983,98.435,104.752,103.78,104.60799999999999,105.4,106.687,105.62799999999999,100.365,102.036,102.471,100.402,99.29,103.63499999999999,97.968,107.85,105.583,107.087,101.627,89.886,100.561,105.489,105.147,106.088,106.17299999999999,102.45400000000001,105.645,101.002,101.627,94.627,103.332,103.91000000000001,106.31400000000001,101.489,103.01100000000001,77.796,106.238,108.697,102.001,108.369,110.33,64.285,106.535,100.63499999999999,103.607,104.27199999999999,106.978,106.262,100.19,94.603,96.066,103.15799999999999,107.197,100.543,108.371
2019-10-01,107.57499999999999,105.397,103.633,88.44100000000002,103.785,105.43,102.98400000000001,106.238,107.57,103.429,107.573,101.006,104.91000000000001,106.259,105.33,93.456,101.56700000000001,101.842,91.17899999999999,94.94200000000001,97.91400000000002,91.533,87.483,105.932,98.218,101.17199999999998,105.874,105.68599999999999,81.96700000000001,107.899,101.024,98.192,101.069,112.804,108.624,106.255,102.32,106.86,98.995,97.44700000000002,104.809,103.769,100.867,102.02499999999999,102.546,102.776,105.523,112.755,99.754,104.134,105.43100000000001,109.636,105.61999999999999,99.927,98.633,97.612,105.796,99.51100000000001,108.56,105.515,102.146,106.357,104.99700000000001,102.978,106.26100000000001,98.614,111.891,109.77199999999999,103.393,98.598,96.60799999999999,103.192,107.49000000000001,104.757,105.21600000000001,94.79,100.019,104.909,100.282,105.364,98.535,101.94700000000002,113.418,102.968,99.753,105.83,100.81700000000001,106.262,104.282,101.99900000000001,111.739,102.48400000000001,102.306,103.96900000000001,105.208,107.488,101.59,110.894,105.13,101.862,101.242,99.94100000000002,91.573,99.971,105.518,104.831,101.354,100.361,107.98100000000001,105.342,99.321,100.551,108.715,114.35,76.751,107.71000000000001,102.887,101.024,106.62899999999999,104.985,98.59700000000001,107.71000000000001,95.486,95.67199999999998,105.276,104.242,104.903,105.618,106.827,105.77,100.891,102.114,102.654,101.059,100.059,104.07799999999999,100.67499999999998,108.248,105.88799999999999,107.595,102.114,90.59400000000001,101.93100000000001,106.16499999999999,105.276,107.486,106.538,103.738,105.93400000000001,100.66199999999999,102.75,95.084,104.425,103.985,106.641,100.79400000000001,103.29700000000001,75.546,106.343,109.212,102.887,108.576,110.96000000000001,63.478,106.84400000000001,101.38799999999999,103.788,104.339,107.22,106.43400000000001,98.603,90.49000000000001,93.803,102.633,107.68499999999999,103.992,108.57799999999999
2019-11-01,108.898,103.38799999999999,103.62299999999999,86.566,104.005,105.197,103.057,106.727,108.893,104.187,108.896,100.958,105.205,106.34,105.593,89.633,101.838,101.932,91.502,95.30499999999999,97.54700000000001,91.369,85.051,106.84,99.57,101.706,106.134,106.52199999999999,81.28,107.99000000000001,101.42,98.669,101.167,113.133,108.895,106.335,102.59400000000001,106.965,99.251,100.032,105.045,103.56,100.912,101.595,101.849,102.43400000000001,105.692,113.084,98.533,104.38799999999999,105.196,111.763,105.762,100.93900000000001,99.397,96.88799999999999,105.93,99.565,108.861,105.684,101.112,106.579,105.74000000000001,102.116,106.342,99.092,111.45400000000001,109.865,103.8,99.077,97.478,103.903,107.88199999999999,104.854,105.10799999999999,94.965,99.52,105.20400000000001,100.54100000000001,104.036,98.20100000000001,101.422,114.26700000000001,100.49300000000001,99.753,106.94700000000002,101.18299999999999,106.342,104.084,101.67899999999999,111.927,102.41300000000001,102.79100000000001,103.348,105.13799999999999,107.881,103.577,108.254,105.01400000000001,101.206,104.07799999999999,99.815,92.35199999999999,99.845,105.687,104.273,101.16199999999999,100.309,108.19,105.607,99.367,100.74000000000001,108.77799999999999,116.459,76.147,107.99100000000001,103.897,101.41900000000001,106.785,105.70100000000001,99.07499999999999,107.99100000000001,97.087,94.157,105.789,105.636,105.199,105.76,107.037,105.735,101.277,102.136,102.666,102.13499999999999,99.71900000000001,104.141,100.41000000000001,108.326,106.21700000000001,108.918,102.819,91.254,101.67099999999999,106.008,105.412,107.87799999999999,106.837,105.004,106.842,100.664,106.584,94.99700000000001,103.837,103.886,106.193,101.422,103.703,74.952,106.279,109.09400000000001,103.897,108.877,111.77199999999999,62.118,107.02499999999999,101.329,103.722,104.504,107.48,106.553,99.082,90.84400000000001,94.96400000000001,101.88799999999999,107.977,103.71300000000001,108.87799999999999
2019-12-01,108.518,112.059,104.136,84.09700000000001,104.405,105.197,102.43700000000001,107.029,108.513,106.242,108.516,97.331,105.512,106.395,105.86999999999999,88.543,102.18299999999999,102.367,88.708,95.26700000000001,95.728,89.331,84.87799999999999,105.824,98.087,101.735,106.31700000000001,106.574,80.592,108.37199999999999,100.82499999999999,98.799,100.98700000000001,112.998,109.262,106.391,102.61999999999999,107.06700000000001,98.787,100.289,105.402,103.906,101.087,101.224,102.617,102.005,105.583,112.94900000000001,98.64,105.003,105.194,115.17999999999999,105.776,101.95100000000001,102.4,97.324,106.289,99.30499999999999,109.164,105.574,100.46100000000001,106.60499999999999,105.979,100.21000000000001,106.397,98.042,111.41700000000002,110.37299999999999,102.71000000000001,98.026,94.74300000000001,104.043,108.095,105.146,104.543,95.55499999999999,99.639,105.51100000000001,103.07,109.69,98.121,101.865,112.768,99.263,99.754,107.621,100.88799999999999,106.398,101.63799999999999,101.21100000000001,112.027,102.41300000000001,103.256,104.18299999999999,104.65599999999999,108.09400000000001,100.927,108.846,104.43700000000001,100.49600000000001,106.57499999999999,99.806,92.839,99.836,105.577,105.2,101.458,99.936,108.613,105.881,99.76100000000001,100.546,109.706,119.476,74.356,108.259,102.889,100.82499999999999,107.115,105.895,98.02499999999999,108.258,97.87199999999999,93.004,106.059,105.73100000000001,105.505,105.774,107.603,105.958,101.17299999999999,102.508,102.752,102.845,101.369,104.393,99.784,108.37599999999999,106.546,108.538,102.32,90.75,103.531,106.563,105.833,108.09100000000001,107.238,106.274,105.826,100.428,108.21300000000001,94.338,104.95700000000001,102.562,108.053,101.26,102.614,73.19,106.745,109.031,102.889,109.17999999999999,111.649,61.056,107.21400000000001,101.736,103.71400000000001,103.459,108.16499999999999,106.67899999999999,98.031,95.926,94.84100000000001,100.488,108.21600000000001,101.52199999999999,109.17999999999999
2020-01-01,109.16799999999999,107.65899999999999,104.509,84.26400000000001,104.537,105.958,102.581,107.76,109.163,106.338,109.166,98.191,105.71400000000001,106.551,106.15199999999999,93.027,102.023,102.31400000000001,89.006,95.412,96.093,88.689,83.87799999999999,106.24000000000001,97.972,101.489,106.24700000000001,106.793,80.3,108.696,100.641,96.44900000000001,100.968,113.507,109.615,106.54700000000001,102.52199999999999,107.26,99.65499999999999,104.62499999999999,105.60499999999999,104.57799999999999,105.287,100.27,103.475,102.24600000000001,105.935,113.458,97.228,105.286,105.952,114.374,106.19,101.795,100.73100000000001,97.87899999999999,106.369,100.02499999999999,109.54400000000001,105.926,100.815,106.644,106.19,102.04400000000001,106.553,98.532,110.232,110.27,103.065,98.51700000000001,94.01100000000001,104.273,108.26,105.07199999999999,104.736,97.137,100.729,105.71300000000001,100.51400000000001,106.415,99.191,102.14999999999999,115.521,100.084,99.754,107.654,101.824,106.553,102.87499999999999,101.41700000000002,112.17399999999999,102.554,105.01100000000001,104.94700000000002,104.96600000000001,108.258,101.334,110.67499999999998,104.604,100.32799999999999,108.51100000000001,100.06400000000001,93.321,100.095,105.929,104.55799999999999,100.881,99.51700000000001,109.306,106.15799999999999,99.952,100.543,111.306,116.7,73.921,108.611,102.029,100.64,107.51100000000001,106.02199999999999,98.515,108.611,96.46300000000001,89.221,107.94800000000001,104.936,105.708,106.18799999999999,107.712,106.109,101.49100000000001,102.254,102.862,103.371,101.34,104.28,99.73400000000001,109.332,106.89,109.18799999999999,102.71100000000001,90.14999999999999,103.571,106.492,106.076,108.255,107.38799999999999,103.68299999999999,106.24300000000001,100.29700000000001,109.269,94.34,104.508,104.521,109.034,101.056,102.968,72.76100000000001,107.336,109.195,102.03,109.561,111.94700000000002,60.121,107.435,101.284,104.199,106.531,108.633,106.857,98.52199999999999,98.009,93.903,101.23700000000001,108.367,103.93400000000001,109.561
2020-02-01,107.968,105.45,104.733,85.22,104.48100000000001,106.59700000000001,103.043,108.1,107.96300000000001,106.87799999999999,107.96600000000001,103.585,105.765,106.49300000000001,106.79400000000001,91.609,101.465,101.617,88.505,95.146,97.015,89.909,84.26,109.07199999999999,98.647,102.666,106.262,106.865,79.318,109.14999999999999,101.837,97.242,101.117,113.20400000000001,109.895,106.488,102.48,107.359,99.384,96.538,105.781,104.67299999999999,105.315,98.24100000000001,103.712,103.147,106.164,113.15599999999999,96.6,104.85799999999999,106.59,108.843,106.356,102.184,98.804,97.592,106.74600000000001,99.94100000000002,109.836,106.15499999999999,100.94200000000001,106.936,105.94400000000002,105.11999999999999,106.495,98.12499999999999,109.37499999999999,109.67999999999999,103.41700000000002,98.109,94.738,104.29400000000001,109.088,105.73,105.44800000000001,98.883,100.971,105.763,99.681,109.99100000000001,98.26700000000001,102.43,113.66799999999999,99.93400000000001,99.755,107.26700000000001,101.773,106.495,105.35,101.563,112.95,102.27199999999999,104.71600000000001,105.483,105.70100000000001,109.087,102.33,112.17499999999998,105.353,100.586,106.43400000000001,100.542,90.96900000000001,100.573,106.15799999999999,105.258,101.736,99.456,109.73700000000001,106.796,100.284,101.787,111.891,106.88,72.902,108.849,101.74300000000001,101.837,107.773,105.74400000000001,98.10799999999999,108.848,96.392,88.232,107.57499999999999,105.21900000000001,105.758,106.354,107.148,106.194,101.089,102.501,102.935,104.482,101.621,104.769,102.715,110.095,107.112,107.988,102.504,89.57,103.069,107.59700000000001,106.259,109.084,107.972,102.553,109.074,100.871,108.728,95.535,104.187,104.226,109.279,101.299,103.32,71.758,107.617,109.196,101.74300000000001,109.85199999999999,112.349,59.355999999999995,107.789,102.11999999999999,104.49400000000001,106.084,108.14,107.607,98.115,99.396,94.38199999999999,101.603,108.62899999999999,104.471,109.85199999999999
2020-03-01,105.669,98.04,104.74100000000001,86.35199999999999,104.703,106.59700000000001,103.208,108.187,105.66499999999999,106.73,105.667,104.20100000000001,105.286,106.77199999999999,106.91400000000002,92.5,97.732,102.729,87.93700000000001,94.082,97.169,90.988,83.233,101.361,99.337,103.22,106.956,106.906,78.88,109.266,101.49400000000001,97.334,100.93100000000001,113.311,110.20400000000001,106.76700000000001,102.51400000000001,107.507,100.38199999999999,98.59400000000001,106.086,104.02499999999999,105.301,100.17399999999999,103.298,101.96300000000001,106.333,113.262,97.119,104.821,106.593,96.781,106.543,102.495,102.908,98.32799999999999,106.79400000000001,100.11,110.164,106.32499999999999,101.349,107.21700000000001,106.909,96.664,106.774,94.409,108.867,109.571,103.615,94.394,92.29700000000001,105.166,110.867,105.98700000000001,106.084,97.13,101.099,105.285,97.99600000000001,105.962,98.276,102.637,114.472,99.929,99.755,107.923,101.729,106.774,104.906,101.236,113.046,102.27199999999999,104.755,106.26100000000001,106.259,110.866,103.471,112.67499999999998,106.085,100.007,99.238,100.357,90.381,100.387,106.32799999999999,104.95,102.66799999999999,99.52,110.255,106.91400000000002,99.968,101.94800000000001,113.52499999999999,92.631,72.432,109.117,101.515,101.49400000000001,107.988,106.71300000000001,94.393,109.117,96.412,89.032,107.71400000000001,105.377,105.279,106.54100000000001,106.799,107.13799999999999,101.62499999999999,102.523,102.99600000000001,103.807,102.601,104.15199999999999,101.27199999999999,110.286,107.114,105.689,100.982,90.323,102.74900000000001,107.728,106.477,110.863,108.533,102.598,101.363,98.91000000000001,109.009,95.056,103.67699999999999,104.99100000000001,109.422,101.127,103.518,71.296,107.929,109.26400000000001,101.515,110.181,113.709,59.31399999999999,108.181,102.83,104.79,105.94800000000001,108.23400000000001,108.287,94.399,100.801,93.543,102.35499999999999,108.921,105.74700000000001,110.17999999999999
2020-04-01,104.813,83.654,104.769,85.693,104.859,106.139,106.391,108.187,104.809,110.14999999999999,104.811,104.44500000000001,104.452,106.427,106.959,90.48100000000001,94.17299999999999,103.695,90.66499999999999,94.111,96.785,91.71400000000001,80.031,100.059,100.326,104.516,107.479,107.48400000000001,78.263,109.18799999999999,101.57499999999999,98.218,101.01100000000001,113.58,110.718,106.754,102.538,107.618,101.44700000000002,85.6,106.248,108.681,99.327,102.783,103.008,100.009,106.94200000000001,113.531,98.236,105.106,106.141,78.085,106.7,102.106,114.54400000000001,98.965,106.60499999999999,101.774,110.399,106.93400000000001,101.781,107.394,107.006,87.57199999999999,106.429,94.032,110.54400000000001,109.68799999999999,103.615,94.01700000000001,91.787,109.26100000000001,111.506,105.715,105.16799999999999,96.599,101.531,104.45100000000001,96.478,106.691,98.898,103.236,113.856,95.468,99.754,108.391,104.193,106.43,106.586,104.321,113.059,102.202,105.79100000000001,107.88,105.16,111.504,104.692,111.953,105.323,101.31400000000001,81.103,100.32199999999999,90.228,100.353,106.93700000000001,104.87499999999999,101.48400000000001,99.10199999999999,110.819,106.959,99.99300000000001,104.38499999999999,106.12799999999999,80.009,71.45700000000001,109.33,100.857,101.57499999999999,108.34400000000001,106.853,94.016,109.33,96.654,89.85499999999999,107.277,110.16499999999999,104.44500000000001,106.698,106.327,105.531,103.795,102.586,103.205,106.66,106.773,102.903,99.99300000000001,110.096,106.99900000000001,104.832,100.109,89.02499999999999,102.726,112.163,106.694,111.501,109.739,103.519,100.061,96.492,110.033,94.161,106.10199999999999,105.897,109.27199999999999,100.49300000000001,103.518,70.336,107.738,108.883,100.85799999999999,110.41600000000001,113.43400000000001,58.931,108.87599999999999,100.691,105.30199999999999,106.912,108.32499999999999,108.37499999999999,94.02199999999999,101.642,89.616,101.922,109.17699999999999,104.55499999999999,110.415
2020-05-01,104.94000000000001,94.52799999999999,105.798,85.006,105.12899999999999,106.215,105.57799999999999,108.361,104.936,121.98,104.93900000000001,101.473,104.35799999999999,106.641,106.94700000000002,89.988,93.233,104.405,90.423,94.20100000000001,96.037,90.807,80.371,102.07799999999999,99.70100000000001,105.79400000000001,108.396,107.80199999999999,77.76100000000001,109.024,101.56,98.225,100.725,112.07199999999999,110.96000000000001,106.87299999999999,103.071,107.786,101.069,86.846,106.192,108.259,109.051,102.338,102.221,101.18599999999999,107.477,112.024,98.35199999999999,105.345,106.22,75.906,106.84100000000001,103.118,109.353,98.81700000000001,106.24900000000001,103.113,110.65299999999999,107.46900000000001,101.874,107.426,109.476,86.21600000000001,106.643,93.334,111.57,109.37499999999999,101.899,93.32,90.474,109.361,110.936,105.777,107.52199999999999,96.473,101.709,104.357,97.228,105.669,98.282,103.863,114.57799999999999,93.41000000000001,99.754,111.458,104.96400000000001,106.644,107.12799999999999,105.723,112.998,102.27199999999999,105.163,107.785,107.426,110.93400000000001,103.11,107.84,107.726,101.139,77.832,100.37299999999999,90.34400000000001,100.40400000000001,107.472,104.369,100.76,99.01,111.561,106.94800000000001,100.164,104.474,105.851,76.556,72.353,109.58,102.327,101.56,108.85,109.353,93.319,109.58,97.268,87.79,108.906,110.391,104.35199999999999,106.839,105.87199999999999,105.148,104.28,103.068,103.692,108.67899999999999,108.40100000000001,102.73100000000001,101.6,110.21000000000001,107.081,104.96000000000001,99.793,87.95700000000001,102.641,110.923,106.912,110.932,110.681,103.705,102.08,94.581,111.164,93.228,107.06,106.588,109.26700000000001,101.15599999999999,101.803,71.218,107.773,109.233,102.32799999999999,110.669,113.07499999999999,58.549,109.568,99.9,105.32199999999999,107.88199999999999,108.95100000000001,108.801,93.32499999999999,99.157,86.745,102.432,109.283,105.80199999999999,110.669
2020-06-01,107.381,97.576,106.191,84.539,105.315,106.507,105.953,109.58,107.37599999999999,127.849,107.37899999999999,100.68299999999999,104.864,107.565,107.34700000000001,91.103,97.695,105.18299999999999,89.988,93.742,95.435,91.157,78.55,97.367,100.106,105.23,108.406,107.8,77.495,109.096,101.065,97.87899999999999,101.034,112.09400000000001,110.49100000000001,100.282,103.357,107.829,101.284,91.95,106.225,107.258,110.884,102.718,101.864,101.909,107.827,112.046,98.23400000000001,105.369,106.512,84.2,106.90700000000001,102.184,107.576,98.16799999999999,106.38799999999999,103.17599999999999,110.821,107.818,102.363,107.739,107.769,87.438,107.56700000000001,91.96300000000001,112.07,109.007,101.422,91.94900000000001,91.053,110.101,111.051,106.24400000000001,108.28,100.073,102.281,104.863,98.923,105.026,100.013,104.849,116.266,95.24300000000001,99.753,107.928,106.985,107.56700000000001,108.005,104.84100000000001,113.084,102.202,104.164,106.899,108.194,111.049,102.633,108.67699999999999,108.41600000000001,100.474,91.752,100.52799999999999,90.026,100.559,107.821,104.12199999999999,97.12599999999999,98.756,111.837,107.349,99.99600000000001,104.627,107.73700000000001,82.975,70.048,109.684,102.256,101.065,109.507,107.66799999999999,91.94800000000001,109.684,96.724,89.45,109.387,110.598,104.857,106.905,105.748,103.435,104.83,103.068,103.87899999999999,112.346,108.263,101.75,103.59,110.596,107.381,107.40100000000001,101.18799999999999,89.333,102.667,110.44200000000001,107.038,111.04700000000001,110.32199999999999,105.35799999999999,97.369,95.306,111.877,93.18499999999999,106.894,105.51,109.309,100.043,101.327,68.94900000000001,107.816,109.68599999999999,102.257,110.837,114.012,57.657,109.606,97.115,105.8,108.779,109.46700000000001,108.859,91.953,98.427,87.39,102.71400000000001,109.44900000000001,105.227,110.837
2020-07-01,109.99900000000001,87.699,105.224,85.636,105.985,106.48700000000001,105.93100000000001,111.273,109.99400000000001,116.938,109.99700000000001,102.77799999999999,105.398,108.015,107.524,89.62799999999999,99.48700000000001,107.114,90.103,94.103,95.94200000000001,90.94100000000002,80.76100000000001,102.81400000000001,99.43,104.056,109.021,107.955,77.31,109.16,101.642,98.339,101.21700000000001,112.114,110.085,100.343,103.109,108.021,101.113,92.163,106.586,107.21600000000001,110.526,103.732,102.296,101.103,108.221,112.066,98.56700000000001,105.44300000000001,106.489,87.38499999999999,107.263,99.771,104.518,97.12299999999999,105.81400000000001,102.01100000000001,111.076,108.212,103.10199999999999,107.696,104.415,88.933,108.01700000000001,92.071,110.68599999999999,109.18299999999999,101.245,92.056,92.299,109.8,111.016,106.187,103.64,100.12499999999999,101.853,105.397,99.361,106.24100000000001,96.60799999999999,104.315,117.11,95.66799999999999,99.753,102.924,106.06700000000001,108.01700000000001,110.409,105.228,113.478,102.835,104.577,106.99300000000001,103.664,111.01400000000001,104.073,110.02,103.592,99.956,95.556,101.12799999999999,91.05,101.15799999999999,108.21600000000001,104.732,98.884,98.21400000000001,112.069,107.529,100.406,104.44600000000001,111.604,85.88,68.85,109.91900000000001,102.611,101.641,110.05499999999999,104.327,92.05499999999999,109.918,97.369,91.331,108.339,114.67999999999999,105.392,107.26100000000001,106.05,104.262,104.924,103.151,104.01400000000001,108.809,106.053,101.877,102.663,111.016,107.827,110.019,102.82199999999999,89.44000000000001,102.68499999999999,110.57799999999999,107.18499999999999,111.01100000000001,110.518,105.61,102.816,96.609,111.90400000000001,93.44300000000001,103.533,104.864,109.245,100.789,101.151,67.77,107.735,109.21000000000001,102.611,111.093,115.21400000000001,57.147,110.986,98.98100000000001,105.96900000000001,109.009,110.027,108.801,92.061,96.6,87.845,102.827,109.871,104.715,111.093
2020-08-01,109.88799999999999,82.818,106.048,86.336,106.533,106.593,106.016,110.96400000000001,109.883,111.829,109.886,103.32799999999999,105.792,108.09,107.59100000000001,92.202,100.16999999999999,106.62499999999999,91.595,94.38199999999999,95.829,91.364,79.695,118.221,99.838,105.468,108.551,108.37199999999999,76.96400000000001,109.286,101.871,99.384,101.034,112.257,110.618,102.184,102.965,108.181,100.96300000000001,91.863,106.631,107.299,109.79700000000001,102.838,103.46700000000001,102.74700000000001,108.823,112.208,100.166,105.54700000000001,106.593,88.87199999999999,106.67299999999999,99.30499999999999,103.027,96.82799999999999,106.55199999999999,101.472,111.18599999999999,108.81400000000001,103.342,107.569,104.99900000000001,89.70400000000001,108.092,93.189,109.893,109.21700000000001,94.40700000000001,93.17399999999999,92.722,109.636,111.44900000000001,106.56400000000001,105.087,99.319,102.035,105.79,98.98700000000001,103.76400000000001,93.561,104.134,117.99100000000001,95.927,99.752,103.29400000000001,107.486,108.093,116.619,105.065,114.012,102.765,108.79700000000001,106.533,105.16799999999999,111.44800000000001,103.64999999999999,112.16199999999999,104.926,98.634,101.756,101.221,91.147,101.252,108.81700000000001,104.339,104.149,98.925,112.321,107.59700000000001,100.38499999999999,104.735,112.56400000000001,88.636,67.589,110.101,101.40100000000001,101.871,110.336,104.922,93.17299999999999,110.101,98.224,92.694,107.285,113.52799999999999,105.785,106.67099999999999,106.205,105.062,104.905,103.324,103.989,107.795,105.82199999999999,103.17399999999999,103.233,111.532,108.23,109.908,103.36,91.402,102.82,111.17699999999999,106.975,111.44500000000001,110.84400000000001,106.114,118.224,96.645,111.923,94.893,100.666,105.663,109.393,101.335,94.318,66.529,107.861,109.315,101.40100000000001,111.203,115.458,57.147,110.54,104.30499999999999,105.903,108.233,110.74100000000001,109.506,93.17899999999999,99.87299999999999,88.149,102.636,110.61999999999999,107.55,111.203
2020-09-01,108.46400000000001,90.266,106.113,86.557,106.792,106.621,105.88199999999999,111.27799999999999,108.459,110.96900000000001,108.462,102.093,106.069,108.37299999999999,107.99900000000001,90.43700000000001,97.194,106.592,90.986,94.585,95.009,88.056,75.194,114.196,99.61999999999999,104.776,108.773,108.618,77.63199999999999,109.784,102.074,99.087,101.843,112.736,110.96600000000001,102.535,103.80199999999999,108.256,100.857,95.41900000000001,105.87499999999999,107.96000000000001,108.97,104.147,102.663,103.57,108.91300000000001,112.68799999999999,99.54100000000001,105.848,106.621,91.09,106.193,99.38199999999999,101.79400000000001,99.803,107.021,102.406,111.295,108.90400000000001,103.725,107.513,105.592,89.86,108.37499999999999,93.823,109.73700000000001,108.807,102.756,93.80799999999999,94.49300000000001,108.868,112.513,106.82799999999999,104.687,97.938,102.881,106.068,99.18499999999999,104.27499999999999,95.396,103.83,116.194,95.903,99.751,106.395,106.251,108.37499999999999,115.09100000000001,104.232,114.427,101.498,108.85799999999999,106.364,104.77,112.51100000000001,104.43,114.892,104.483,96.024,105.338,101.46700000000001,92.409,101.498,108.90700000000001,104.983,110.74300000000001,100.042,112.38499999999999,108.004,100.557,104.17399999999999,113.933,85.383,67.45100000000001,110.17699999999999,99.395,102.074,111.02199999999999,105.52799999999999,93.807,110.17699999999999,98.536,94.29100000000001,109.276,109.488,106.063,106.191,105.751,107.051,105.223,103.37199999999999,104.312,105.85,106.756,101.932,102.027,111.726,108.563,108.48400000000001,103.043,92.94900000000001,101.995,111.016,107.471,112.508,111.10799999999999,104.59100000000001,114.199,96.037,111.332,96.039,100.866,105.94400000000002,109.806,100.86999999999999,102.66,66.392,108.103,109.31400000000001,99.396,111.312,115.793,56.806999999999995,111.029,110.792,105.93100000000001,108.20100000000001,111.086,109.736,93.813,98.927,89.06400000000001,102.263,110.723,106.593,111.313
2020-10-01,110.30799999999999,90.94800000000001,106.386,87.465,107.23,106.55,106.16999999999999,111.732,110.304,111.16,110.306,102.05799999999999,106.20100000000001,108.693,108.085,86.74400000000001,94.18299999999999,107.12499999999999,89.696,94.44900000000001,95.279,87.45,75.736,109,99.922,105.141,109.05199999999999,109.616,78.008,109.62599999999999,101.634,99.087,102.276,112.634,111.279,102.53,103.66499999999999,108.508,100.613,100.609,105.98700000000001,108.16499999999999,114.202,104.488,102.837,103.163,109.113,112.585,100.824,105.897,106.551,90.29,106.284,101.25,102.819,99.596,106.604,102.336,111.462,109.104,104.34400000000001,107.66199999999999,106.34700000000001,86.91700000000002,108.695,94.899,111.644,109.669,98.586,94.884,95.01400000000001,108.94700000000002,112.238,106.621,104.848,95.424,102.65199999999999,106.2,99.412,102.151,95.031,103.868,116.536,95.208,99.75,106.903,105.799,108.695,119.004,105.323,114.785,101.639,106.75,106.983,104.88199999999999,112.23700000000001,104.26400000000001,115.41300000000001,104.67099999999999,96.715,110.64,101.58,92.12599999999999,101.611,109.107,104.641,112.932,98.478,112.725,108.085,100.96300000000001,104.337,113.59100000000001,83.559,67.584,110.41300000000001,97.998,101.633,111.381,106.299,94.883,110.41300000000001,99.221,90.43900000000001,107.046,109.359,106.194,106.282,106.149,106.821,104.74100000000001,103.304,104.34700000000001,107.34400000000001,106.46900000000001,101.096,104.269,112.074,108.88199999999999,110.329,103.56700000000001,92.029,101.549,110.49400000000001,107.74700000000001,112.23400000000001,111.12199999999999,104.02499999999999,109.002,97.354,110.722,94.694,102.84700000000001,106.98400000000001,110.17499999999998,101.16999999999999,98.49400000000001,66.524,107.687,108.865,97.99900000000001,111.479,116.004,56.764,110.67499999999998,113.089,106.324,108.651,111.728,109.868,94.889,99.285,89.06,103.369,110.90400000000001,106.923,111.48100000000001
2020-11-01,110.82799999999999,87.181,106.99900000000001,86.087,107.32199999999999,106.562,105.36999999999999,111.874,110.823,111.896,110.826,103.101,106.44200000000001,109.059,108.08,88.45,97.94800000000001,107.28,90.65599999999999,93.909,95.786,89.24400000000001,77.46300000000001,109.17999999999999,99.339,105.144,109.095,108.71300000000001,77.681,109.96000000000001,101.248,98.859,102.827,112.634,111.51700000000001,96.071,103.121,108.593,100.74000000000001,103.232,106.049,108.475,114.721,103.66999999999999,102.384,103.992,109.331,112.585,100.257,105.953,106.565,90.41400000000002,106.43,99.46000000000001,104.10799999999999,100.66,107.54700000000001,102.287,111.537,109.32199999999999,103.435,107.87799999999999,107.31400000000001,89.428,109.061,98.09700000000001,113.768,110.589,98.436,98.081,93.806,108.54700000000001,111.531,106.846,105.722,95.31400000000001,102.583,106.44100000000002,100.232,102.89,96.52199999999999,105.592,117.67199999999998,95.181,99.748,106.93900000000001,105.85799999999999,109.061,121.705,105.689,114.38199999999999,101.569,107.534,108.038,105.699,111.53,103.428,117.023,105.545,102.519,113.67399999999999,101.46000000000001,91.039,101.49100000000001,109.32499999999999,104.869,112.05799999999999,98.387,112.733,108.077,100.982,104.098,110.396,85.881,64.596,110.458,92.815,101.24700000000001,111.67599999999999,107.309,98.08,110.458,98.093,84.938,107.05799999999999,113.771,106.436,106.428,106.62499999999999,106.821,105.489,103.333,104.34,107.227,107.2,101.96400000000001,103.206,112.44200000000001,109.276,110.848,104.147,91.59,101.26400000000001,110.87499999999999,107.912,111.527,111.612,105.593,109.18199999999999,98.21000000000001,112.507,95.354,105.37799999999999,107.057,110.563,100.73,98.34400000000001,63.583,107.01100000000001,108.871,92.815,111.553,116.63799999999999,57.486999999999995,111.245,112.339,106.488,108.065,112.06400000000001,110.359,98.086,96.77199999999999,88.787,103.54,111.287,105.94400000000002,111.556
2020-12-01,109.91000000000001,83.82,107.039,85.799,107.766,106.562,105.519,113.013,109.906,111.786,109.909,102.68199999999999,106.905,109.367,108.17699999999999,85.87899999999999,97.384,108.268,90.09,93.639,95.502,90.069,78.79,97.777,100.52799999999999,105.71300000000001,109.307,111.57,77.52199999999999,110.37599999999999,100.43,99.51100000000001,103.05199999999999,113.62199999999999,111.891,96.059,103.007,108.807,101.396,98.702,106.563,109.107,93.71300000000001,105.36,101.031,104.233,109.474,113.573,100.127,106.032,106.56700000000001,98.368,106.62599999999999,101.48400000000001,100.277,101.13199999999999,107.85499999999999,102.94100000000002,111.66499999999999,109.46600000000001,103.46000000000001,108.07499999999999,105.87899999999999,89.276,109.369,100.695,116.17399999999999,110.46600000000001,98.338,100.67899999999999,94.069,109.523,112.019,107.304,106.01400000000001,92.66999999999999,102.66499999999999,106.90400000000001,101.17999999999999,104.161,97.722,105.84400000000001,117.953,95.94100000000002,99.74600000000001,106.923,105.91700000000002,109.36999999999999,119.116,103.18299999999999,116.646,101.569,109.94900000000001,107.253,105.925,112.01700000000001,100.93400000000001,116.616,105.81400000000001,101.11,112.574,101.923,90.792,101.95400000000001,109.46900000000001,106.07799999999999,111.724,98.57199999999999,112.823,108.169,101.49700000000001,104.75,114.56400000000001,95.06700000000001,62.41,110.614,92.604,100.429,112.15899999999999,105.94300000000001,100.67799999999998,110.614,99.281,84.338,106.908,113.91300000000001,106.898,106.62299999999999,106.085,106.198,105.803,103.339,104.351,108.119,106.488,102.52199999999999,104.48,113.15899999999999,109.636,109.93100000000001,104.9,90.498,101.086,111.17799999999998,108.054,112.01400000000001,111.725,107.42,97.779,98.301,110.432,98.43400000000001,104.331,107.627,110.85,101.473,98.24600000000001,61.43,107.891,108.877,92.604,111.681,117.313,57.997,111.245,111.94000000000001,106.579,107.95700000000001,112.15199999999999,110.337,100.68499999999999,95.654,89.283,103.755,111.506,107.795,111.68499999999999
2021-01-01,110.259,85.20100000000001,107.136,82.952,107.436,106.64999999999999,105.13499999999999,113.849,110.254,112.959,110.257,104.537,107.167,109.641,108.323,88.43100000000001,95.67699999999999,108.71900000000001,92.06700000000001,93.69,96.251,90.071,78.147,99.74900000000001,100.526,105.756,109.299,112.854,77.34,111.193,100.866,99.295,102.142,113.694,112.332,91.57,102.712,109.065,101.599,99.49100000000001,106.80199999999999,109.036,92.224,107.70100000000001,101.536,103.753,109.827,113.645,100.815,106.127,106.66,105.374,106.67499999999998,98.68199999999999,99.262,102.26400000000001,109.17699999999999,102.694,111.783,109.818,103.37499999999999,106.74900000000001,103.57199999999999,87.726,109.644,101.774,117.66,111.68199999999999,98.501,101.758,96.87899999999999,109.505,112.112,107.10499999999999,106.354,94.274,103.51400000000001,107.166,108.296,103.874,95.383,103.45700000000001,120.472,97.20700000000001,99.74300000000001,106.667,106.286,109.644,118.606,103.027,117.478,101.92,108.405,107.27799999999999,106.18499999999999,112.11,100.23,118.77199999999999,106.09400000000001,96.777,115.95400000000001,101.689,90.859,101.72,109.821,107.483,110.977,98.474,112.801,108.31700000000001,101.167,104.12799999999999,111.98,97.862,60.961,110.776,95.8,100.865,112.715,103.729,101.757,110.776,100.91100000000002,84.806,107.147,114.519,107.16,106.67299999999999,107.333,108.35499999999999,105.723,105.563,105.349,108.96900000000001,107.573,102.545,104.021,114.16799999999999,109.91400000000002,110.279,105.63799999999999,89.139,101.12299999999999,111.17699999999999,108.259,112.10799999999999,112.513,104.12499999999999,99.751,98.27499999999999,104.005,99.706,105.12499999999999,107.459,111.018,102.46000000000001,98.409,60.004,106.80499999999999,104.871,95.801,111.799,119.408,58.251,111.922,111.323,106.84100000000001,107.71300000000001,113.356,110.613,101.763,94.669,90.538,103.67699999999999,111.895,108.095,111.80499999999999
2021-02-01,112.483,84.93700000000001,107.19,81.49400000000001,107.689,107.12199999999999,105.933,114.12599999999999,112.478,113.972,112.48100000000001,105.279,107.531,109.926,108.37599999999999,89.70700000000001,94.225,108.124,92.64999999999999,93.53,96.542,89.80799999999999,77.908,102.07799999999999,100.202,105.769,110.08,113.10499999999999,77.27799999999999,111.24700000000001,101.11,100.57,103.10199999999999,114.631,112.643,80.386,103.255,109.471,102.20400000000001,101.27799999999999,106.84,108.477,113.26400000000001,107.354,102.492,103.71700000000001,110.83,114.581,101.30199999999999,106.715,107.133,110.596,106.806,100.62799999999999,100.726,103.952,109.501,102.426,111.98100000000001,110.821,103.84400000000001,107.17699999999999,104.2,86.657,109.928,102.195,119.15799999999999,112.004,101.118,102.17899999999999,96.056,109.732,111.881,106.793,107.093,95.37899999999999,104.222,107.53,114.971,104.535,95.019,103.94900000000001,120.37899999999999,95.834,99.742,106.98400000000001,106.501,109.929,118.753,99.76100000000001,117.826,101.92,106.83,107.566,106.866,111.87899999999999,100.654,120.095,106.80199999999999,95.98400000000001,121.424,101.82199999999999,91.66499999999999,101.853,110.824,106.988,110.87599999999999,97.962,113.11999999999999,108.369,101.17699999999999,104.353,114.783,106.36,60.22800000000001,111.04700000000001,96.18199999999999,101.11,113.073,104.424,102.17799999999998,111.046,99.271,88.995,106.296,114.361,107.524,106.804,107.35199999999999,108.11,105.45100000000001,106.263,105.265,110.06,106.71900000000001,102.614,102.723,115.181,109.983,112.503,107.26100000000001,89.157,100.31400000000001,111.55199999999999,108.579,111.87599999999999,113.147,106.756,102.08,98.09100000000001,100.65499999999999,100.51700000000001,104.269,107.229,110.793,102.657,101.024,59.283,107.48,104.475,96.18199999999999,111.99700000000001,120.17299999999999,58.974,111.63499999999999,111.383,106.843,107.424,113.398,110.956,102.184,93.549,89.84700000000001,102.81400000000001,112.147,107.76700000000001,112.004
2021-03-01,110.88,88.94700000000002,107.44500000000001,82.409,107.831,107.131,106.141,114.613,110.87499999999999,114.49600000000001,110.87799999999999,105.15199999999999,108.09400000000001,110.192,107.766,90.62299999999999,93.32,106.513,92.20700000000001,93.222,96.28,88.042,78.67099999999999,103.842,100.287,105.142,109.91400000000002,113.21600000000001,77.777,111.143,101.046,98.212,103.142,115.141,112.923,69.684,103.14,109.902,102.049,102.736,106.67199999999998,108.792,109.262,107.67699999999999,101.72,105.556,111.085,115.092,102.432,106.779,107.142,119.90700000000001,106.861,99.694,102.44400000000002,107.583,109.79700000000001,101.91700000000002,112.16199999999999,111.076,105.15899999999999,107.195,105.49000000000001,88.389,110.194,102.30199999999999,120.762,112.62899999999999,102.32799999999999,102.285,99.227,109.46100000000001,112.284,107.91600000000001,108.299,95.16799999999999,104.081,108.093,113.598,105.02,95.792,104.071,120.504,96.924,99.74100000000001,107.081,106.16,110.194,119.64999999999999,99.60499999999999,117.94800000000001,101.99100000000001,106.04100000000001,108.282,108.032,112.282,104.368,119.192,107.99900000000001,96.718,129.567,101.68499999999999,91.37499999999999,101.71600000000001,111.079,108.24100000000001,111.31400000000001,97.44800000000001,113.27199999999999,107.759,101.197,104.037,120.13199999999999,111.57199999999999,59.674,111.301,95.777,101.046,113.505,105.758,102.284,111.301,98.889,87.68499999999999,108.863,113.7,108.088,106.859,107.857,108.356,105.63499999999999,106.427,105.38199999999999,109.55,107.313,102.71300000000001,101.274,115.456,111.66,110.90100000000001,105.854,88.90100000000001,100.34100000000001,111.864,108.813,112.279,113.515,107.17199999999998,103.84400000000001,98.73100000000001,99.502,99.362,104.478,107.90100000000001,110.543,101.66499999999999,102.233,58.73800000000001,108.79,104.365,95.77799999999999,112.17899999999999,120.91600000000001,58.931,112.52,112.019,106.70700000000001,108.01700000000001,113.334,112.036,102.29100000000001,92.57799999999999,89.31700000000001,103.039,112.31,110.323,112.18599999999999
2021-04-01,112.315,92.70700000000001,107.848,82.98700000000001,108.233,107.15199999999999,106.71900000000001,114.61,112.31,114.973,112.313,105.46700000000001,108.769,110.41300000000001,108.334,89.62599999999999,96.086,106.935,92.792,93.27199999999999,96.43100000000001,92.521,77.788,108.99400000000001,100.304,104.725,110.093,113.965,79.696,111.581,101.321,99.57799999999999,104.43900000000001,117.94100000000002,113.09100000000001,69.224,103.133,110.38499999999999,103.12899999999999,108.857,106.896,108.891,94.709,107.645,101.546,107.818,111.192,117.89,104.23400000000001,106.74300000000001,107.16199999999999,116.015,106.96100000000001,100.005,104.62599999999999,110.505,110.74300000000001,101.418,112.389,111.18299999999999,104.57799999999999,107.397,106.801,94.47,110.415,102.436,122.826,113.05499999999999,104.15799999999999,102.41900000000001,100.94400000000002,109.54700000000001,112.509,107.109,108.279,97.206,104.37499999999999,108.768,112.87499999999999,103.689,97.049,104.25,122.336,97.296,99.742,107.44900000000001,106.41000000000001,110.415,119.692,101.621,118.61999999999999,102.343,108.101,107.44500000000001,107.99600000000001,112.507,103.898,120.15899999999999,107.99600000000001,99.31700000000001,145.73299999999998,102.024,94.46600000000001,102.05499999999999,111.18599999999999,110.02499999999999,120.13499999999999,98.48100000000001,112.87799999999999,108.32799999999999,101.69,104.238,119.21600000000001,110.02,59.224000000000004,111.56700000000001,95.26,101.321,113.903,107.086,102.418,111.56700000000001,99.412,84.07499999999999,108.94000000000001,113.557,108.762,106.959,108.081,108.54100000000001,106.088,106.62299999999999,105.505,111.962,107.529,103.18299999999999,102.94600000000001,115.472,112.17699999999999,112.336,107.134,89.786,100.823,111.74100000000001,109.04400000000001,112.504,114.242,107.083,108.99600000000001,100.697,101.462,100.429,105.293,108.059,110.654,103.22,104.061,58.29500000000001,108.834,103.971,95.26,112.406,121.111,60.376,111.881,120.995,106.926,108.09100000000001,113.633,112.22,102.425,92.127,89.806,103.691,112.52799999999999,113.121,112.41400000000002
2021-05-01,115.526,92.285,107.927,81.507,108.422,107.15199999999999,106.863,113.94000000000001,115.521,118.95,115.524,106.095,109.49100000000001,111.054,108.99700000000001,89.074,96.48400000000001,107.374,92.601,93.335,95.326,93.115,78.316,109.763,100.44300000000001,104.367,110.057,119.816,78.94700000000002,112.013,101.566,100.24700000000001,105.068,118.083,113.67399999999999,70.059,103.91900000000001,110.958,103.77499999999999,109.992,107.137,111.056,95.88499999999999,107.94100000000002,104.253,109.871,111.263,118.032,103.979,107.149,107.163,117.614,107.112,100.93900000000001,107.506,111.99600000000001,111.218,102.351,112.67599999999999,111.254,105.332,107.706,106.813,94.705,111.056,103.49900000000001,125.26400000000001,113.965,103.71100000000001,103.483,103.82199999999999,108.621,112.76,107.751,107.63499999999999,96.698,104.76400000000001,109.489,113.324,105.10799999999999,97.063,106.424,120.79700000000001,97.392,99.74400000000001,107.374,105.94300000000001,111.056,120.71900000000001,101.44700000000002,122.333,102.48400000000001,109.98100000000001,108.212,107.339,112.759,105.48700000000001,124.95400000000001,107.367,100.02499999999999,160.71399999999997,103.574,95.12299999999999,103.60499999999999,111.258,110.61999999999999,127.62499999999999,98.617,113.115,108.99300000000001,103.141,103.803,119.205,115.663,58.442,111.88199999999999,96.40400000000001,101.566,114.482,107.114,103.482,111.88199999999999,99.29100000000001,85.332,109.253,114.251,109.48400000000001,107.11,108.815,109.516,106.228,106.726,105.695,112.265,108.851,103.157,103.184,114.99600000000001,112.535,115.54700000000001,108.787,90.003,100.48400000000001,112.299,109.32499999999999,112.756,114.384,107.91100000000002,109.765,101.524,103.307,99.955,105.46000000000001,108.801,110.99700000000001,104.313,103.614,57.525000000000006,109.042,104.31700000000001,96.40400000000001,112.693,121.28,61.22500000000001,112.15799999999999,128.64399999999998,106.838,108.391,114.366,111.86,103.488,94.576,91.083,103.604,112.67699999999999,111.482,112.702
2021-06-01,116.046,95.869,108.54400000000001,80.8,109.285,107.15199999999999,106.722,114.197,116.04100000000001,124.723,116.04400000000001,106.584,110.41700000000002,111.995,109.273,90.754,97.46300000000001,106.542,91.796,93.362,95.245,93.235,77.31700000000001,110.276,101.13,104.253,110.057,117.37599999999999,77.909,112.839,101.187,100.345,105.04400000000001,118.071,113.582,70.345,102.754,111.631,104.029,110.80499999999999,107.077,112.835,95.88499999999999,107.81,107.27,110.627,110.903,118.02,105.24900000000001,107.139,107.166,120.894,107.30499999999999,102.807,112.093,113.239,111.85199999999999,102.289,112.94500000000001,110.894,106.433,107.70700000000001,107.189,103.119,111.99700000000001,103.479,128.10399999999998,114.971,105.318,103.46300000000001,102.013,109.859,113.146,108.062,108.661,98.093,104.924,110.41600000000001,116.357,106.36,98.16199999999999,106.502,118.90400000000001,97.29700000000001,99.74600000000001,107.83,106.163,111.998,122.842,101.72,121.18499999999999,102.765,109.985,109.254,108.34700000000001,113.144,104.38,126.252,108.399,102.781,170.35600000000002,105.286,92.24000000000001,105.31700000000001,110.897,112.143,139.224,98.224,113.77199999999999,109.27199999999999,104.97,104.03,119.37299999999999,119.88499999999999,57.626000000000005,112.254,95.851,101.187,115.273,107.509,103.462,112.254,99.019,85.54,108.91000000000001,114.49100000000001,110.41000000000001,107.303,109.61999999999999,109.364,106.17299999999999,106.732,105.71900000000001,115.769,109.44000000000001,102.893,102.046,115.166,113.17199999999998,116.06700000000001,108.813,90.98400000000001,100.05,112.94500000000001,109.455,113.141,115.618,107,110.27799999999999,101.471,103.93100000000001,99.303,106.982,108.203,111.391,105.283,105.21900000000001,56.72200000000001,109.199,105.118,95.851,112.962,122.01400000000001,62.075,113.117,140.191,106.87299999999999,108.757,114.811,112.232,103.468,93.251,92.17399999999999,103.502,113.12499999999999,113.386,112.972
2021-07-01,115.277,103.139,108.697,81.28,109.366,107.15199999999999,107.94100000000002,116.666,115.27199999999999,124.644,115.27499999999999,107.998,110.927,112.65899999999999,109.757,88.624,98.12799999999999,107.43400000000001,90.84400000000001,93.41300000000001,94.248,94.34700000000001,77.018,107.98,100.923,104.215,110.607,118.151,78.048,113.933,101.85499999999999,100.86,105.585,118.905,113.80199999999999,70.812,103.003,112.315,105.221,111.504,107.255,114.5,99.643,107.82499999999999,108.286,110.012,111.154,118.854,103.79400000000001,107.05199999999999,107.17199999999998,122.837,107.433,102.765,112.342,115.521,112.415,102.647,113.199,111.145,106.691,108,108.08,111.254,112.661,102.096,131.10399999999998,115.337,106.15799999999999,102.08,101.657,110.68799999999999,113.41100000000002,108.284,110.549,97.103,105.046,110.925,119.333,108.084,99.795,106.26700000000001,120.04700000000001,98.46600000000001,99.75,108.285,107.94000000000001,112.66199999999999,123.87599999999999,103.479,121.41100000000002,103.15799999999999,111.029,109.293,110.21700000000001,113.41000000000001,104.07799999999999,124.07499999999999,110.288,99.739,165.206,106.85499999999999,93.303,106.88799999999999,111.148,112.52799999999999,139.026,98.513,113.336,109.76,106.538,104.848,119.933,117.93900000000001,57.403,112.59400000000001,95.971,101.854,116.196,108.421,102.079,112.59400000000001,98.406,86.403,109.728,115.198,110.92,107.43100000000001,109.68199999999999,110.109,106.67499999999998,106.837,105.793,117.203,111.51,104.36999999999999,102.77,116.053,113.59700000000001,115.298,108.71700000000001,90.164,100.068,113.002,109.533,113.40700000000001,115.99100000000001,106.51,107.983,101.036,104.771,100.13799999999999,108.777,108.925,112.09100000000001,106.10199999999999,106.059,56.503,109.733,106.306,95.971,113.21600000000001,122.571,62.882,112.84400000000001,139.86,107.29400000000001,108.362,114.57,113.23700000000001,102.085,93.048,91.68199999999999,103.782,113.581,112.45400000000001,113.228
2021-08-01,118.51100000000001,101.402,109.266,80.557,109.895,107.144,107.657,117.315,118.506,125.425,118.509,109.063,111.242,113.377,109.869,84.559,98.242,108.26,90.861,93.838,95.504,94.462,77.034,105.483,102.15299999999999,104.074,111.424,119.39,78.11,116.199,101.73400000000001,99.745,106.561,118.96100000000001,113.831,58.785000000000004,103.91000000000001,113.013,106.537,114.4,107.537,114.331,99.643,109.21300000000001,105.38,112.504,111.342,118.91000000000001,104.095,107.306,107.16499999999999,125.839,107.519,104.568,114.12299999999999,117.252,112.61,103.239,113.565,111.333,108.46700000000001,108.098,108.34400000000001,107.80499999999999,113.37899999999999,102.599,133.756,116.163,104.723,102.583,104.304,111.637,112.577,108.456,109.84400000000001,95.471,105.293,111.24100000000001,121.17699999999999,112.163,101.01700000000001,105.64999999999999,121.087,99.568,99.753,108.576,107.092,113.37899999999999,125.37199999999999,102.63499999999999,122.312,103.458,110.265,109.30799999999999,109.506,112.57499999999999,106.96700000000001,125.74400000000001,109.584,99.479,155.765,108.37199999999999,94.81700000000001,108.405,111.336,115.353,136.84,97.304,113.63799999999999,109.87499999999999,107.82799999999999,105.309,119.739,118.215,57.31399999999999,112.905,96.838,101.73400000000001,117.01,108.68799999999999,102.582,112.905,98.77799999999999,86.693,110.44200000000001,113.832,111.235,107.516,110.17899999999999,109.712,106.93400000000001,106.87299999999999,105.85799999999999,118.284,113.083,104.298,102.752,116.77,113.91100000000002,118.533,111.22,90.08,100.02499999999999,113.408,109.41700000000002,112.57199999999999,116.786,108.62799999999999,105.485,101.46000000000001,105.771,101.63,110.813,109.068,112.732,108.29100000000001,104.62499999999999,56.415,110.127,106.23700000000001,96.838,113.582,122.69,64.965,113.287,137.461,107.598,109.17399999999999,115.255,114.117,102.588,99.74700000000001,90.93,104.13199999999999,113.978,111.915,113.595
2021-09-01,118.11999999999999,93.397,109.67799999999998,79.15299999999999,110.48700000000001,109.02199999999999,109.312,116.89,118.115,130.23399999999998,118.118,109.11999999999999,111.745,114.048,110.2,87.034,100.406,107.787,91.649,93.865,95.592,95.55499999999999,74.762,102.422,103.063,104.921,111.281,117.327,77.187,116.418,101.41300000000001,99.359,107.3,119.074,113.706,55.045,103.88499999999999,113.893,107.85799999999999,117.337,107.521,115.723,103.851,107.91300000000001,106.37899999999999,115.15299999999999,111.616,119.02199999999999,104.693,107.298,109.04100000000001,128.854,108.077,105.285,115.432,120.816,112.256,103.898,113.995,111.607,108.67399999999999,107.912,108.921,107.955,114.051,100.933,135.157,116.82,102.721,100.91700000000002,101.62499999999999,113.089,113.44800000000001,108.095,109.782,101.374,105.91400000000002,111.74400000000001,126.49900000000001,111.333,100.56400000000001,106.208,121.001,100.215,99.756,109.038,108.66799999999999,114.051,126.516,103.435,122.01700000000001,103.619,110.867,109.607,109.438,113.44700000000002,107.054,125.503,109.515,100.15899999999999,150.037,109.62199999999999,95.116,109.65499999999999,111.611,116.115,137.248,98.21900000000001,113.93100000000001,110.209,109.266,106.843,119.718,122.086,57.537,113.354,97.769,101.412,117.724,109.252,100.91600000000001,113.354,98.87899999999999,84.74300000000001,111.51,115.332,111.738,108.07499999999999,110.883,109.95,107.05199999999999,107.181,106.148,119.582,113.202,104.782,102.909,118.001,114.30499999999999,118.142,110.818,90.386,100.367,114.035,109.486,113.44400000000002,117.228,110.518,102.424,102.17899999999999,106.536,101.24300000000001,111.918,108.91900000000001,113.05499999999999,109.193,102.62499999999999,56.634,110.631,106.17799999999998,97.769,114.012,123.574,63.986999999999995,113.07199999999999,137.676,107.495,109.614,115.488,114.09700000000001,100.923,96.368,89.41700000000002,103.897,114.09,109.365,114.026
2021-10-01,120.364,91.71700000000001,109.77,81.046,110.689,110.99100000000001,110.04400000000001,116.549,120.359,132.89700000000002,120.362,109.521,112.82199999999999,115.117,110.611,85.577,102.048,108.345,93.269,93.595,95.37199999999999,94.758,75.923,102.748,104.456,105.51400000000001,111.262,117.599,77.65899999999999,117.20700000000001,101.936,99.48100000000001,109.032,122.036,113.986,56.018,104.05499999999999,114.886,108.232,120.998,108.113,116.202,104.37199999999999,109.189,106.898,115.55499999999999,111.456,121.98400000000001,105.09,107.509,111.003,134.88700000000003,108.262,103.148,116.104,127.979,113.215,105.433,114.47,111.44700000000002,108.49900000000001,108.05799999999999,110.512,109.709,115.119,99.49400000000001,138.056,116.853,102.299,99.478,102.23100000000001,113.923,114.561,108.968,109.92,99.709,106.24600000000001,112.821,133.961,113.65899999999999,101.715,112.012,121.821,101.612,99.758,109.09100000000001,109.641,115.119,126.394,104.187,122.649,103.955,111.391,109.146,109.573,114.56,106.99700000000001,124.67499999999998,109.64,100.859,153.292,110.883,95.424,110.91600000000001,111.45,117.826,142.148,99.17499999999998,113.849,110.62299999999999,110.80499999999999,108.41000000000001,119.81400000000001,132.324,57.062000000000005,113.86999999999999,98.032,101.935,118.708,110.815,99.477,113.86999999999999,98.043,87.148,113.12599999999999,116.44900000000001,112.815,108.26,110.706,110.06,108.35199999999999,107.256,106.23100000000001,122.21900000000001,114.423,104.801,102.11,118.04100000000001,114.905,120.386,112.548,90.538,100.82,114.81700000000001,109.71000000000001,114.557,117.839,111.57,102.75,102.43700000000001,109.643,102.255,111.795,109.46300000000001,113.657,110.506,102.203,56.167,111.84400000000001,105.537,98.032,114.48700000000001,125.87599999999999,62.5,113.689,142.49800000000002,107.74300000000001,110.346,116.12899999999999,115.752,99.483,98.09700000000001,91.07799999999999,103.76700000000001,114.391,108.81,114.502
2021-11-01,121.279,99.42,109.915,81.77499999999999,110.793,109.93900000000001,110.387,116.81700000000001,121.273,135.04299999999998,121.277,108.46900000000001,113.789,115.634,110.87199999999999,84.974,102.621,108.395,94.505,93.54,94.66,93.513,76.09,103.97,104.44200000000001,105.633,111.309,119.199,78.582,118.259,101.771,99.05499999999999,109.43,126.549,114.384,52.943,104.24900000000001,115.899,109.883,119.17699999999999,108.21100000000001,117.31,105.52799999999999,110.09,110.187,116.23400000000001,111.63499999999999,126.49400000000001,105.881,107.718,109.94700000000002,143.73299999999998,108.474,103.402,113.801,126.403,114.37799999999999,106.648,114.93900000000001,111.62599999999999,109.537,108.326,109.34,112.351,115.636,100.54400000000001,141.594,117.013,103.34100000000001,100.52799999999999,101.074,114.425,114.59100000000001,109.615,110.766,98.424,105.891,113.788,134.996,112.903,102.286,113.534,121.824,103.07499999999999,99.76700000000001,108.816,110.938,115.637,127.965,104.57,124.04,104.342,112.505,109.351,110.40700000000001,114.589,106.384,125.63199999999999,110.468,102.85199999999999,155.748,112.45400000000001,95.977,112.488,111.62899999999999,119.307,146.69,99.24600000000001,114.285,110.89,111.99400000000001,110.169,119.894,136.88700000000003,56.929,114.359,97.598,101.771,119.573,109.606,100.527,114.359,100.37799999999999,83.94300000000001,114.69,116.698,113.782,108.472,110.755,111.051,109.36999999999999,107.556,106.279,124.99600000000001,116.127,104.85799999999999,103.432,117.80499999999999,115.48700000000001,121.301,112.862,89.894,100.94500000000001,114.932,109.81,114.586,118.41300000000001,110.63499999999999,103.972,102.864,110.26700000000001,101.765,113.118,111.149,114.418,111.95700000000001,103.245,56.035000000000004,111.89,105.542,97.598,114.956,127.018,62.033,113.81400000000001,146.97,107.796,110.222,116.771,115.745,100.534,98.003,92.019,104.17599999999999,114.65599999999999,107.02499999999999,114.972
2021-12-01,118.45,103.829,111.03,81.49400000000001,110.30499999999999,110.386,110.549,117.727,118.44500000000001,132.589,118.44800000000001,106.41400000000002,114.57499999999999,116.568,111.111,86.08,101.61999999999999,110.14,95.371,93.587,94.26700000000001,92.62199999999999,75.94700000000002,102.236,104.588,106.242,111.391,121.71400000000001,78.998,119.699,101.765,99.15899999999999,109.698,126.835,114.579,48.739000000000004,104.82799999999999,116.91700000000002,110.303,123.036,108.07499999999999,117.953,107.256,110.862,107.93700000000001,118.587,112.019,126.78,108.111,108.161,110.391,147.725,108.529,105.91700000000002,111.21300000000001,125.892,115.371,107.95400000000001,115.384,112.01,109.593,108.908,109.05799999999999,113.46400000000001,116.57,100.57,145.829,117.68799999999999,104.236,100.554,101.925,115.726,117.787,110.045,111.45700000000001,100.321,105.829,114.573,135.58,113.757,103.48400000000001,114.119,120.663,103.40700000000001,99.783,109.04100000000001,112.766,116.571,129.556,105.057,125.351,104.55499999999999,114.589,109.377,111.08,117.786,106.856,127.91700000000002,111.13799999999999,102.49900000000001,154.47899999999998,114.117,96.30499999999999,114.15199999999999,112.013,120.94500000000001,152.90800000000002,99.45,114.311,111.13499999999999,113.119,110.62599999999999,119.453,134.599,57.086999999999996,114.80799999999999,98.1,101.76400000000001,120.42,109.286,100.553,114.807,98.144,82.56700000000001,116.527,117.52799999999999,114.568,108.527,111.266,111.62299999999999,110.368,107.774,106.728,124.17899999999999,116.87299999999999,105.324,101.81700000000001,118.581,116.10799999999999,118.472,111.508,90.288,101.087,114.787,109.986,117.783,119.046,112.843,102.238,104.194,110.229,102.471,113.476,112.489,115.398,114.069,104.139,56.191,112.695,105.953,98.1,115.40100000000001,127.925,60.418,114.24700000000001,152.993,107.81700000000001,110.62499999999999,118.329,115.607,100.559,98.8,93.16799999999999,103.726,114.842,110.68299999999999,115.41900000000001
2022-01-01,121.86,97.432,111.67399999999999,81.94500000000001,110.91400000000002,110.16199999999999,112.71300000000001,119.17099999999999,121.85499999999999,131.02800000000002,121.85799999999999,108.212,115.26700000000001,117.374,111.18599999999999,89.535,103.921,112.263,97.906,93.71400000000001,94.574,93.209,78.93,101.37599999999999,106.394,107.74300000000001,111.86,122.832,79.006,120.66499999999999,102.88799999999999,101.871,112.98400000000001,128.90200000000002,114.932,48.657,105.005,118.01100000000001,112.43,128.093,108.12199999999999,119.534,87.593,111.77199999999999,108.846,121.383,113.21000000000001,128.846,108.98,108.67299999999999,110.169,147.463,108.70700000000001,106.425,112.21300000000001,126.72,115.17199999999998,108.857,115.976,113.20100000000001,112.33,108.609,109.495,108.277,117.377,99.394,148.256,119.021,103.955,99.37799999999999,102.87199999999999,114.59700000000001,117.65799999999999,110.236,112.391,98.124,105.99700000000001,115.266,132.79899999999998,117.032,104.205,115.765,121.471,103.51,99.80499999999999,109.436,114.906,117.377,130.748,106.884,125.953,105.84400000000001,115.795,109.212,111.98700000000001,117.657,109.299,127.546,112.04700000000001,106.64999999999999,150.148,114.253,96.09,114.287,113.20400000000001,120.286,156.02,100.084,114.292,111.221,114.187,111.985,117.96300000000001,143.51899999999998,56.563,115.283,99.384,102.887,121.228,109.68599999999999,99.377,115.282,96.151,81.87799999999999,116.144,118.537,115.26,108.705,112.598,111.403,111.63199999999999,107.08,108.51,124.221,118.06700000000001,106.301,102.756,118.70100000000001,116.709,121.883,114.268,90.426,102.395,116.206,110.065,117.654,119.573,112.226,101.37799999999999,104.473,109.759,104.41300000000001,113.777,113.269,116.60199999999999,116.77199999999999,103.85799999999999,55.675000000000004,113.16999999999999,105.769,99.38499999999999,115.99300000000001,127.816,59.653999999999996,115.35499999999999,155.92200000000003,107.536,110.91100000000002,119.266,115.87799999999999,99.383,100.62499999999999,93.94200000000001,104.49000000000001,116.45700000000001,112.19,116.012
2022-02-01,121.603,98.393,112.043,81.842,111.619,112.37599999999999,114.223,120.479,121.598,132.254,121.601,108.41300000000001,116.066,118.127,111.34700000000001,91.383,105.65799999999999,114.40700000000001,101.534,93.57799999999999,95.68299999999999,93.93100000000001,78.63499999999999,103.33,108.12199999999999,108.896,112.361,123.723,79.436,121.773,103.35199999999999,101.41700000000002,112.336,127.46700000000001,115.242,47.688,105.136,119.115,114.14,131.26999999999998,108.282,119.76,87.163,112.519,114.05,121.48100000000001,113.342,127.412,111.896,108.869,112.381,152.41,108.897,105.706,112.136,128.641,114.938,110.24900000000001,116.633,113.333,112.923,108.49400000000001,110.224,111.508,118.13,100.705,151.978,119.49600000000001,105.06700000000001,100.689,100.265,116.45700000000001,119.1,110.99700000000001,112.18299999999999,98.336,106.21100000000001,116.06400000000001,136.966,118.529,106.51400000000001,116.15499999999999,127.883,104.115,99.816,109.59,116.889,118.13,131.893,107.592,125.91000000000001,106.557,118.823,111.559,111.768,119.099,110.415,127.52499999999999,111.826,106.082,151.24899999999997,114.57799999999999,96.58,114.612,113.336,121.05199999999999,157.153,100.842,114.18499999999999,111.39,114.399,112.98400000000001,117.16,152.55800000000002,55.578,115.809,98.898,103.351,121.754,110.37899999999999,100.68799999999999,115.80799999999999,96.815,82.44900000000001,118.32499999999999,120.53,116.059,108.894,112.894,111.697,113.41300000000001,107.227,109.077,125.422,120.10499999999999,107.95100000000001,103.956,119.867,116.921,121.62499999999999,114.87499999999999,89.422,102.693,116.227,110.356,119.096,119.8,112.26100000000001,103.332,104.938,110.26400000000001,106.08,116.695,114.768,117.813,118.49400000000001,104.96900000000001,54.706,114.58,106.432,98.899,116.651,128.592,59.144,115.263,157.07299999999998,107.67199999999998,112.263,119.94300000000001,117.90100000000001,100.694,95.111,94.367,104.71400000000001,116.856,113.23100000000001,116.67099999999999
2022-03-01,120.46900000000001,114.41900000000001,112.763,79.965,111.96400000000001,112.87799999999999,115.815,119.94100000000002,120.46400000000001,132.953,120.46700000000001,108.827,117.361,118.96900000000001,111.593,94.20700000000001,105.343,115.757,103.44600000000001,92.962,96.61999999999999,94.74000000000001,77.868,105.65899999999999,109.17199999999998,110.556,112.58,124.071,79.56700000000001,122.592,104.489,101.94700000000002,114.518,127.74100000000001,115.52499999999999,48.416,105.09400000000001,120.18299999999999,117.285,138.526,108.368,120.698,87.209,113.835,112.196,122.196,113.524,127.68599999999999,112.80499999999999,109.554,112.88,177.404,109.065,105.88799999999999,113.87599999999999,130.792,115.312,112.154,117.137,113.515,114.197,108.52799999999999,110.042,113.982,118.972,100.689,157.349,120.273,106.71300000000001,100.67299999999999,102.059,117.763,123.574,111.209,113.45400000000001,98.268,105.593,117.359,141.24599999999998,117.146,106.215,116.784,122.936,104.263,98.15799999999999,110.07499999999999,118.49400000000001,118.972,133.727,107.301,126.034,107.31,120.1,112.681,113.034,123.57199999999999,111.29400000000001,127.694,113.088,109.853,159.25,114.724,98.70400000000001,114.759,113.519,122.006,151.599,101.483,114.41900000000001,111.643,114.55499999999999,114.753,116.62199999999999,189.608,54.287,116.34100000000001,98.684,104.489,122.03,110.16,100.67099999999999,116.34100000000001,95.205,82.304,118.17999999999999,122.09700000000001,117.353,109.063,112.96900000000001,111.803,115.66499999999999,107.202,108.978,126.303,121.52199999999999,109.776,102.398,120.402,118.17799999999998,120.49100000000001,114.212,89.253,102.52499999999999,116.34100000000001,110.612,123.569,119.973,113.277,105.66199999999999,105.306,108.758,105.99100000000001,118.46100000000001,116.568,119.60199999999999,118.34100000000001,106.614,53.435,115.727,106.35799999999999,98.68499999999999,117.154,129.284,58.082,115.766,151.92700000000002,107.47,114.412,122.614,117.495,100.67799999999998,100.226,94.859,105.07499999999999,116.71400000000001,111.54100000000001,117.17499999999998
2022-04-01,121.252,119.208,113.35,80.8,112.91700000000002,114.119,116.952,120.428,121.24700000000001,131.811,121.25,107.74900000000001,117.722,120.06700000000001,112.242,93.928,104.545,117.691,102.359,92.724,95.99000000000001,92.727,76.958,110.489,111.43700000000001,112.65499999999999,112.32199999999999,123.086,79.45700000000001,123.092,105.774,101.80199999999999,115.955,129.206,115.708,48.458,105.298,121.24700000000001,119.01,143.099,108.49600000000001,121.837,88.803,112.59100000000001,113.12299999999999,124.02499999999999,113.221,129.15,113.151,109.84700000000001,114.115,166.904,109.24000000000001,108.236,128.176,135.63,115.566,113.67399999999999,117.809,113.212,115.43,108.68799999999999,109.80799999999999,115.80199999999999,120.069,100.327,161.738,120.803,106.94600000000001,100.311,101.16799999999999,119.60199999999999,124.3,111.953,114.663,98.617,106.116,117.721,142.738,121.424,105.693,116.68499999999999,126.287,103.95,98.146,110.57199999999999,120.56,120.07,134.433,108.74300000000001,126.24600000000001,107.581,123.99100000000001,112.851,114.24900000000001,124.298,110.835,128.785,114.299,116.488,159.953,115.932,99.877,115.968,113.21600000000001,124.32799999999999,149.06,101.346,115.17599999999999,112.298,115.15499999999999,115.835,115.571,198.796,52.476,116.912,99.005,105.774,122.728,109.89,100.31,116.91100000000002,94.631,83.67799999999998,119.235,122.67999999999999,117.715,109.238,113.008,111.93400000000001,115.654,107.073,108.739,127.281,124.04400000000001,110.62199999999999,103.435,120.813,118.613,121.274,115.221,89.812,102.574,116.94500000000001,110.853,124.295,120.66999999999999,113.18499999999999,110.49100000000001,105.332,105.218,107.273,119.21700000000001,116.735,120.709,119.425,106.846,51.653,116.403,106.811,99.005,117.827,129.80800000000002,56.892,116.321,149.46200000000002,107.67399999999999,115.092,123.867,118.116,100.316,104.932,94.565,105.266,117.04,112.76,117.848
2022-05-01,120.96700000000001,122.085,114.24400000000001,80.902,114.109,115.251,118.696,121.01400000000001,120.962,131.38800000000003,120.965,109.17199999999998,118.839,121.021,112.506,94.521,106.551,118.02499999999999,98.54400000000001,92.505,96.321,91.465,76.603,112.292,112.922,115.44000000000001,112.99600000000001,123.998,79.32,123.36999999999999,106.009,104.005,117.66799999999999,129.69899999999998,116.99600000000001,48.67,105.383,122.37899999999999,121.44400000000002,143.753,108.584,124.60199999999999,94.44000000000001,113.377,115.59400000000001,123.785,113.51400000000001,129.64299999999997,112.849,110.056,115.24100000000001,175.697,109.38499999999999,107.82,142.041,145.854,115.985,115.49700000000001,118.56,113.505,116.657,109.005,110.21600000000001,115.736,121.023,99.736,166.27299999999997,122.30499999999999,107.398,99.72,102.67499999999998,121.384,121.04400000000001,112.31400000000001,114.651,98.271,106.203,118.838,145.08,123.05199999999999,108.60499999999999,118.281,126.59100000000001,104.425,95.77,111.37899999999999,122.262,121.024,132.38700000000003,111.333,128.86700000000002,108.118,127.476,113.1,114.26100000000001,121.043,110.337,129.66,114.301,112.17199999999998,158.379,116.975,100.342,117.01100000000001,113.509,124.284,150.254,101.68299999999999,115.383,112.566,116.01,117.303,115.259,239.313,50.75,117.588,100.962,106.009,123.62199999999999,110.269,99.71900000000001,117.588,95.114,89.10499999999999,122.331,122.588,118.832,109.383,113.962,112.144,117.276,107.161,109.225,127.362,126.973,111.766,102.995,121.255,118.977,120.989,114.982,89.18299999999999,102.424,117.104,111.1,121.039,121.25,112.912,112.29400000000001,105.96900000000001,102.67099999999999,107.09700000000001,120.546,117.563,120.777,120.724,107.298,49.95399999999999,116.273,106.874,100.962,118.57799999999999,130.912,55.532000000000004,116.118,150.57,107.96100000000001,115.529,123.293,118.65799999999999,99.725,102.85,94.699,105.43,117.12899999999999,111.99700000000001,118.6
2022-06-01,120.22,125.32,114.60199999999999,83.458,114.26100000000001,116.74100000000001,120.82499999999999,121.428,120.215,130.212,120.218,108.456,120.332,121.98700000000001,113.412,94.829,107.377,118.612,99.07499999999999,92.367,96.51,92.669,77.722,114.374,113.74700000000001,117.318,115.203,124.831,79.218,124.38499999999999,107.279,104.035,119.402,126.927,117.018,60.437,106.12199999999999,123.631,124.27199999999999,143.88800000000003,108.813,125.227,93.51700000000001,114.018,116.70400000000001,125.16199999999999,114.536,126.87199999999999,112.91400000000002,110.15899999999999,116.725,193.618,109.693,108.508,149.208,156.727,116.57199999999999,117.86999999999999,119.482,114.527,117.299,109.15799999999999,110.866,115.06,121.989,98.837,170.977,123.118,108.22,98.82199999999999,103.32199999999999,122.644,122.269,112.91400000000002,115.64,99,106.31400000000001,120.33,146.68800000000002,126.24600000000001,109.351,118.006,131.85600000000002,105.02,95.76700000000001,111.542,123.99900000000001,121.989,131.97,112.893,129.05200000000002,108.429,128.071,113.99900000000001,115.283,122.26700000000001,110.22,129.16899999999998,115.311,121.02199999999999,155.64399999999998,117.41100000000002,101.103,117.44600000000001,114.53,124.692,151.136,102.807,115.687,113.475,116.835,119.40700000000001,114.181,237.92000000000002,50.171,118.422,101.551,107.27799999999999,124.534,110.897,98.821,118.422,94.67099999999999,89.387,121.5,125.263,120.324,109.69,114.62299999999999,113.17499999999998,118.62899999999999,107.196,109.351,126.472,128.39700000000002,112.91400000000002,104.64999999999999,121.924,119.58,120.24300000000001,114.63,89.44100000000002,102.512,117.559,111.274,122.26400000000001,122.07499999999999,113.38799999999999,114.37599999999999,107.136,101.648,107.251,120.94700000000002,118.394,120.61,121.536,108.119,49.38399999999999,116.84,107.933,101.55199999999999,119.5,131.64399999999998,54.215,116.533,151.341,108.151,115.94800000000001,123.818,121.08,98.827,98.833,94.906,105.94400000000002,117.527,112.157,119.52199999999999
2022-07-01,120.754,121.195,114.93700000000001,82.293,113.816,117.288,123.258,121.694,120.748,128.991,120.752,114.562,120.31400000000001,122.66999999999999,113.389,95.069,106.16799999999999,119.20700000000001,98.752,92.166,97.248,91.018,78.189,114.83,116.902,119.998,115.143,127.606,80.026,125.37599999999999,108.63799999999999,104,121.702,127.618,117.339,60.97,105.32199999999999,124.76400000000001,127.2,145.484,108.77,124.51400000000001,92.05199999999999,113.757,116.856,126.299,114.848,127.563,113.381,110.66799999999999,117.265,177.596,109.938,109.85799999999999,155.067,150.758,116.90700000000001,119.915,120.35799999999999,114.839,117.40100000000001,109.277,111.811,112.784,122.67199999999998,99.13799999999999,177.311,124.895,108.62299999999999,99.12199999999999,102.684,124.84700000000001,124.066,113.43100000000001,117.31700000000001,99.16199999999999,107.013,120.312,145.38500000000002,127.266,108.74700000000001,118.316,131.21599999999998,104.533,96.44300000000001,111.88199999999999,124.318,122.67199999999998,129.71599999999998,114.02499999999999,130.212,108.906,128.323,114.364,117.005,124.065,110.235,130.35700000000003,117.019,121.796,145.11499999999998,118.258,100.54100000000001,118.29400000000001,114.842,125.301,149.904,103.65799999999999,117.644,113.453,117.502,121.771,113.657,206.924,50.097,119.18499999999999,102.34,108.63799999999999,125.41600000000001,111.827,99.121,119.184,93.595,91.94900000000001,122.015,129.121,120.306,109.936,115.64,113.15799999999999,120.021,107.133,109.117,126.43,130.01899999999998,113.612,102.861,122.065,120.046,120.776,114.406,89.96600000000001,102.831,118.169,111.88199999999999,124.062,123.06400000000001,112.46000000000001,114.832,107.27499999999999,102.313,106.114,120.73400000000001,121.337,120.813,121.71400000000001,108.521,49.31099999999999,117.453,109.8,102.34,120.37599999999999,131.995,53.705000000000005,117.151,149.82800000000003,107.986,116.192,125.27799999999999,122.368,99.12799999999999,102.78,95.191,106.21700000000001,118.17799999999998,113.46600000000001,120.398
2022-08-01,121.91300000000001,122.475,115.44300000000001,81.206,113.65799999999999,117.133,124.84100000000001,122.49600000000001,121.908,128.515,121.91100000000002,115.339,120.389,123.6,113.95,96.144,106.6,119.636,99.019,92.093,99.509,90.43100000000001,78.953,114.071,116.556,120.985,116.65199999999999,127.427,80.187,125.436,109.49400000000001,104.331,123.41000000000001,127.669,117.40700000000001,72.732,105.32499999999999,125.933,129.455,140.91899999999998,108.97,124.29400000000001,103.24100000000001,115.507,121.026,126.925,115.106,127.614,112.92,110.11,117.10199999999999,158.784,110.495,108.74000000000001,159.562,155.966,116.856,121.265,121.228,115.09700000000001,118.85799999999999,109.45700000000001,111.751,112.785,123.60199999999999,99.952,181.766,125.777,107.79100000000001,99.936,103.06700000000001,126.192,122.87299999999999,113.894,116.61,99.286,107.09100000000001,120.38799999999999,143.98700000000002,127.589,109.831,119.468,134.7,104.836,96.44800000000001,112.41700000000002,125.039,123.603,128.032,114.44500000000001,130.39200000000002,109.151,128.971,114.65299999999999,116.339,122.87199999999999,110.77,130.35500000000002,116.343,123.313,146.95600000000002,118.972,100.392,119.008,115.1,127.23,148.592,103.31,118.32199999999999,114.012,118.41600000000001,122.73100000000001,113.222,199.206,49.469,120.026,102.691,109.49400000000001,126.337,111.74900000000001,99.935,120.02499999999999,94.359,94.436,123.11,129.863,120.381,110.49300000000001,116.266,113.87799999999999,122.205,107.23400000000001,109.17599999999999,126.553,131.046,115.424,104.141,122.181,120.643,121.936,115.394,89.516,103.197,118.691,112.17599999999999,122.869,123.99600000000001,112.114,114.074,106.478,101.958,106.85799999999999,121.38799999999999,122.91000000000001,121.91900000000001,123.13,107.69,48.69200000000001,117.539,110.06700000000001,102.691,121.24600000000001,133.474,52.643,117.768,148.61599999999999,108.877,117.334,126.319,124.455,99.94100000000002,106.61,95.483,106.779,119.26700000000001,113.332,121.268
2022-09-01,118.795,121.76700000000001,115.99700000000001,81.433,113.612,117.133,126.284,122.832,118.79,128.589,118.793,115.518,120.9,124.141,115.631,99.326,107.21100000000001,119.65299999999999,100.835,91.91300000000001,99.91600000000001,92.09,79.04700000000001,113.738,116.93900000000001,122.228,117.21900000000001,127.134,80.29700000000001,124.621,109.867,103.892,123.988,129.376,117.697,105.37299999999999,108.726,127.124,131.106,145.972,109.924,124.968,103.24100000000001,115.863,122.29,126.752,115.263,129.32000000000002,113.353,110.533,117.092,153.007,110.30199999999999,111.16799999999999,150.727,160.82100000000003,117.889,122.262,122.21100000000001,115.254,121.12599999999999,109.96400000000001,112.053,111.40400000000001,124.143,102.05199999999999,184.41,127.192,107.438,102.036,105.545,127.409,128.95600000000002,114.10799999999999,115.903,100.015,106.27199999999999,120.898,142.722,129.687,111.095,120.335,131.525,103.988,96.103,113.391,125.37799999999999,124.143,126.32,116.17499999999998,130.132,109.546,127.669,114.57799999999999,115.66199999999999,128.954,111.30499999999999,128.097,115.66199999999999,130.377,148.21099999999998,119.806,98.004,119.842,115.257,128.41,147.894,103.754,118.76400000000001,115.68799999999999,119.082,122.829,112.224,193.025,48.02,120.93100000000001,103.65599999999999,109.867,126.99400000000001,112.033,102.034,120.93100000000001,93.896,95.24100000000001,125.501,129.681,120.892,110.3,117.438,113.35499999999999,124.16999999999999,107.377,109.18599999999999,127.394,132.58700000000002,116.44300000000001,104.41000000000001,124.307,121.232,118.81700000000001,114.103,89.339,103.121,119.736,112.346,128.95100000000002,124.323,113.191,113.74100000000001,106.063,100.86999999999999,107.795,123.70400000000001,124.61,123.124,123.32499999999999,107.337,47.266000000000005,117.845,110.258,103.65599999999999,122.23,133.738,52.516,118.2,147.99200000000002,108.94000000000001,119.285,128.14,126.783,102.04100000000001,102.94000000000001,96.131,106.733,119.535,111.762,122.252
2022-10-01,121.831,122.799,117.42,83.82199999999999,114.56700000000001,117.016,127.1,123.068,121.826,127.709,121.829,112.781,121.576,125.45,115.896,95.60799999999999,104.537,120.826,101.229,91.383,99.92,91.85799999999999,78.17399999999999,111.924,117.85799999999999,122.609,117.32199999999999,128.45800000000003,80.06400000000001,125.637,110.699,104.112,124.462,129.78,117.98700000000001,109.32799999999999,108.80799999999999,128.146,133.461,151.726,109.057,124.76400000000001,103.726,116.827,120.624,125.17299999999999,115.27199999999999,129.724,112.035,112.395,116.96300000000001,159.42200000000003,110.476,111.062,166.26,153.57399999999998,118.311,123.09,123.076,115.263,123.412,110.44100000000002,113.09700000000001,116.85199999999999,125.452,103.55499999999999,188.403,127.523,106.24700000000001,103.538,104.432,128.511,130.71899999999997,114.48,116.933,103.32,106.771,121.57499999999999,142.442,135.39800000000002,111.67499999999998,121.09100000000001,131.40800000000002,104.44700000000002,96.113,114.529,128.015,125.452,126.619,116.848,130.702,109.49600000000001,127.581,115.69,116.709,130.71699999999998,112.01,130.21099999999998,116.71100000000001,129.79899999999998,148.507,120.384,97.556,120.421,115.266,128.74899999999997,145.811,104.233,119.41400000000002,115.94300000000001,119.826,123.887,111.77799999999999,223.292,46.961,121.723,103.002,110.699,128.118,113.05799999999999,103.537,121.723,92.377,95.20100000000001,125.99600000000001,130.23999999999998,121.569,110.474,117.311,112.99600000000001,125.41700000000002,107.67999999999999,109.691,126.97,131.49800000000002,117.94700000000002,102.10199999999999,124.938,121.70100000000001,121.854,115.903,91.131,103.01100000000001,118.65899999999999,112.6,130.71399999999997,125.002,113.07499999999999,111.926,105.36,99.642,108.104,126.66499999999999,125.79700000000001,123.979,123.196,106.148,46.224000000000004,118.396,110.933,103.003,123.09400000000001,134.16899999999998,52.091,118.565,146.005,108.972,119.45100000000001,128.541,127.67999999999999,103.54400000000001,101.748,97.026,107.17999999999999,119.37799999999999,111.67599999999999,123.115
2022-11-01,122.63799999999999,119.501,117.732,82.955,115.973,116.729,128.405,124.78,122.633,127.73700000000001,122.636,110.651,121.894,126.001,116.57199999999999,92.15899999999999,106.705,121.05499999999999,99.973,92.501,99.766,89.37499999999999,76.65499999999999,104.884,118.58,123.425,118.475,125.603,79.049,127.646,111.274,104.268,124.479,130.854,118.405,111.208,106.133,129.14,133.782,155.295,109.559,124.97,104.23700000000001,117.13499999999999,121.387,124.144,115.285,130.797,112.44000000000001,112.988,116.66199999999999,159.342,110.699,110.29700000000001,169.865,145.944,118.51100000000001,124.131,124.029,115.276,123.46000000000001,110.479,114.21700000000001,116.15299999999999,126.003,102.161,190.72899999999998,128.411,106.538,102.145,106.24100000000001,129.27899999999997,130.795,115.167,118.771,103.26400000000001,107.698,121.893,140.14399999999998,135.041,113.424,123.12499999999999,128.52100000000002,104.68299999999999,93.199,114.367,128.712,126.004,126.33,117.02,129.20899999999997,109.62499999999999,129.024,117.726,118.57799999999999,130.79399999999998,113.972,129.70999999999998,118.577,127.421,147.672,120.568,96.59,120.60499999999999,115.279,131.156,142.45600000000002,104.851,119.94700000000002,116.61,120.349,124.071,111.95700000000001,226.753,46.808,122.535,104.735,111.273,128.766,114.17299999999999,102.144,122.534,90.877,91.384,128.26999999999998,133.108,121.886,110.697,118.353,112.389,126.712,107.80499999999999,109.474,126.338,131.29899999999998,118.478,103.45400000000001,125.545,122.17499999999998,122.661,115.915,91.49700000000001,102.853,119.988,112.892,130.79,125.194,114.05,104.886,105.37599999999999,100.837,107.157,129.171,125.695,124.82799999999999,123.453,106.43900000000001,46.073,118.918,111.083,104.736,124.04700000000001,135.05800000000002,51.410999999999994,119.381,142.73499999999999,108.933,120.535,129.571,129.318,102.151,100.307,97.49400000000001,107.283,119.71000000000001,112.436,124.068
2022-12-01,121.842,120.96700000000001,118.63,80.979,116.218,116.983,128.54899999999998,125.119,121.837,128.38400000000001,121.84,111.812,121.91300000000001,126.16799999999999,117.12199999999999,92.81700000000001,106.67499999999998,120.895,97.40700000000001,92.74300000000001,98.988,87.248,77.44400000000002,108.631,119.10799999999999,123.77199999999999,118.542,127.44700000000002,80.112,128.208,111.839,104.52799999999999,125.395,136.046,118.824,111.889,106.57199999999999,130.212,135.702,161.39800000000002,110.013,123.908,105.654,117.66799999999999,121.37899999999999,124.106,115.745,135.98800000000003,111.61999999999999,113.724,116.9,146.58200000000002,110.986,110.637,177.96800000000002,150.212,118.41600000000001,124.87599999999999,125.008,115.736,124.645,110.77499999999999,115.296,117.04700000000001,126.17099999999999,102.508,191.225,128.35800000000003,108.41900000000001,102.492,107.49400000000001,129.877,132.883,115.85199999999999,118.409,102.301,107.6,121.91100000000002,139.135,135.42700000000002,114.17599999999999,124.38,128.511,105.777,93.184,114.773,129.242,126.17099999999999,128.83,117.059,130.466,109.633,128.924,118.738,118.266,132.88100000000003,112.74700000000001,129.571,118.257,129.506,148.414,121.15299999999999,97.976,121.19,115.74000000000001,131.6,139.692,104.862,120.01,117.151,120.892,124.631,111.94700000000002,190.437,46.81699999999999,123.46900000000001,107.109,111.838,129.21599999999998,115.259,102.49000000000001,123.46900000000001,89.86999999999999,90.571,126.726,135.02200000000002,121.905,110.98400000000001,118.933,113.523,127.363,108.056,108.94300000000001,125.758,131.10999999999999,118.647,103.30799999999999,125.85,122.664,121.865,115.363,91.55199999999999,102.94400000000002,120.554,113.17299999999999,132.87800000000001,125.756,115.18599999999999,108.633,105.134,103.02199999999999,106.90700000000001,132.069,126.24900000000001,124.585,124.013,108.318,46.083,118.40700000000001,113.271,107.11,125.027,134.925,51.666000000000004,119.62299999999999,140.07399999999998,109.377,121.482,129.071,130.65800000000002,102.49700000000001,101.962,97.12199999999999,107.774,119.98,112.318,125.046
2023-01-01,123.20700000000001,122.43400000000001,119.37599999999999,83.208,116.783,116.983,130.108,125.39,123.202,129.489,123.205,112.196,122.56,126.859,117.67499999999998,95.843,108.99300000000001,122.368,98.91600000000001,93.071,99.986,87.471,77.239,110.218,119.74000000000001,123.666,119.258,128.038,79.387,128.88500000000002,111.46400000000001,104.07799999999999,126.368,133.494,119.195,112.051,106.232,131.06,135.923,142.467,110.07,124.349,105.339,117.21400000000001,123.187,124.05,115.62799999999999,133.436,112.02,114.265,116.881,150.22,111.226,110.57499999999999,190.576,160.655,118.891,126.133,125.896,115.619,125.562,110.938,115.965,117.312,126.861,102.74000000000001,184.476,128.016,107.199,102.724,108.17499999999998,129.812,133.815,116.838,119.35799999999999,102.15499999999999,108.566,122.559,136.85100000000003,132.942,114.933,125.692,128.506,106.756,101.092,114.974,127.507,126.862,126.115,119.779,130.41899999999998,110.313,128.51899999999998,119.046,119.27799999999999,133.813,113.288,130.30800000000002,119.256,130.87800000000001,152.92700000000002,121.409,99.18599999999999,121.44600000000001,115.62199999999999,134.108,137.61599999999999,104.884,120.94300000000001,117.696,121.169,124.91900000000001,112.273,183.45700000000002,46.664,124.24100000000001,106.304,111.46400000000001,130.05200000000002,115.95,102.723,124.24000000000001,90.393,90.394,128.485,133.815,122.553,111.224,119.766,114.03,127.64,107.24300000000001,109.17699999999999,125.99000000000001,131.24699999999999,118.93400000000001,102.4,127.01400000000001,123.24700000000001,123.23,115.974,91.736,105.101,121.10799999999999,113.408,133.81,126.396,117.304,110.22,105.056,104.697,106.596,132.11599999999999,127.26400000000001,125.359,124,107.099,45.932,119.323,115.76400000000001,106.304,125.915,135.824,51.708000000000006,120.101,138.17,109.80499999999999,119.21000000000001,130.5,132.374,102.729,107.902,97.67699999999999,107.839,121.343,114.816,125.933
2023-02-01,123.88499999999999,124.17999999999999,119.034,84.196,117.952,118.19,131.04,126.20400000000001,123.88,130.303,123.883,113.40100000000001,122.98100000000001,127.573,117.59700000000001,97.631,109.391,123.222,100.206,92.99300000000001,100.285,88.651,77.12199999999999,104.554,120.277,123.84400000000001,119.793,126.912,80.49300000000001,130.024,112.20700000000001,104.10199999999999,126.782,135.929,119.562,111.779,106.538,131.942,136.26899999999998,138.435,110.251,125.227,103.584,116.773,123.583,124.253,115.751,135.87,112.17399999999999,114.45,118.07199999999999,149.58100000000002,111.386,107.786,173.35200000000003,146.879,119.13799999999999,125.758,126.84400000000001,115.742,126.215,111.198,116.71600000000001,119.62899999999999,127.576,103.29100000000001,183.17899999999997,128.502,106.253,103.27499999999999,110.397,131.32600000000002,134.95800000000003,117.37299999999999,119.10799999999999,100.505,108.792,122.979,137.578,132.912,115.697,130.71699999999998,128.71399999999997,106.361,101.073,115.67099999999999,128.17299999999997,127.576,124.17499999999998,120.59,131.95000000000002,109.62799999999999,128.43200000000002,119.323,119.082,134.95700000000002,115.393,126.857,119.05,133.73399999999998,149.98000000000002,121.768,99.20700000000001,121.804,115.745,133.873,135.661,105.221,121.877,117.611,121.43700000000001,125.41000000000001,112.915,166.51299999999998,45.388,125.107,106.557,112.20700000000001,130.901,116.718,103.274,125.107,89.669,91.684,126.836,133.49,122.973,111.384,120.53,114.121,129.42700000000002,107.49100000000001,109.518,127.287,131.576,120.18799999999999,102.86,128.191,123.45400000000001,123.908,116.193,91.357,105.141,121.687,113.66499999999999,134.953,126.74600000000001,119.303,104.556,105.76,107.21300000000001,106.257,131.844,128.156,126.548,123.54400000000001,106.154,44.676,120.952,115.546,106.557,126.863,137.198,50.349,120.606,136.17499999999998,109.95700000000001,118.32499999999999,132.565,132.656,103.281,104.35199999999999,98.592,107.606,122.223,116.85199999999999,126.87899999999999
2023-03-01,122.95100000000001,126.588,119.346,83.87299999999999,118.55499999999999,118.44500000000001,131.946,126.394,122.94600000000001,130.489,122.94900000000001,114.396,123.13199999999999,128.5,119.112,95.542,109.462,124.51,100.35,92.831,100.64,89.227,76.974,107.524,120.476,123.727,120.191,126.94400000000002,81.349,130.348,113.615,102.66799999999999,126.09100000000001,135.761,119.826,111.982,106.65199999999999,132.48100000000002,135.93800000000002,138.477,110.90400000000001,123.848,104.65299999999999,118.905,124.52799999999999,124.702,116.21000000000001,135.702,111.17399999999999,115.07499999999999,118.316,146.32800000000003,111.579,109.046,154.08100000000002,138.068,119.166,126.38799999999999,127.455,116.20100000000001,126.763,111.474,115.95,123.08,128.503,102.339,187.24399999999997,128.712,106.41300000000001,102.323,110.91600000000001,131.512,135.5,117.958,120.37899999999999,100.926,107.816,123.131,137.20399999999998,133.782,115.02199999999999,130.929,130.596,107.145,101.063,115.37199999999999,129.04899999999998,128.503,122.784,120.37199999999999,131.65,109.65599999999999,126.73700000000001,119.508,120.393,135.499,117.45100000000001,129.018,120.35499999999999,138.47899999999998,144.324,122.21000000000001,97.295,122.24700000000001,116.20400000000001,134.627,134.984,106.18799999999999,122.406,119.119,121.79700000000001,126.276,113.62899999999999,162.394,44.997,125.712,107.824,113.615,131.671,115.962,102.32199999999999,125.712,91.813,88.05,128.316,135.35100000000003,123.124,111.577,121.096,114.643,128.508,107.633,109.93100000000001,125.489,130.666,121.12199999999999,103,128.431,125.384,122.974,115.489,92.15499999999999,105.288,121.983,113.88799999999999,135.495,126.795,120.681,107.527,105.554,107.756,105.842,130.483,128.25,128.138,123.455,106.31400000000001,44.291000000000004,121.793,115.801,107.82499999999999,127.474,138.23,49.966,120.139,135.35700000000003,110.17999999999999,116.048,133.096,133.117,102.32799999999999,103.816,98.66999999999999,107.837,122.435,111.976,127.488
2023-04-01,122.084,123.533,120.68799999999999,84.756,119.52199999999999,122.94800000000001,132.001,126.79100000000001,122.079,131.425,122.082,114.117,123.55,128.67499999999998,120.056,93.44400000000002,110.12799999999999,124.518,101.361,92.77199999999999,100.902,88.033,75.98400000000001,115.229,119.49400000000001,123.70100000000001,120.27799999999999,133.976,80.74000000000001,130.993,114.486,102.131,125.68499999999999,143.542,119.99900000000001,111.891,106.59,133.062,135.55100000000002,140.641,112.40100000000001,124.23400000000001,104.44200000000001,117.539,124.312,124.065,116.863,143.48000000000002,111.474,115.402,122.80799999999999,145.939,111.762,111.7,155.783,132.883,119.38499999999999,126.663,128.181,116.853,125.745,111.70100000000001,116.195,119.70400000000001,128.677,100.606,188.03,129.27899999999997,106.932,100.59,111.101,131.984,135.778,118.506,122.06,99.17999999999999,107.739,123.548,137.72299999999998,137.32000000000002,113.77499999999999,130.75,128.363,107.384,101.063,115.576,128.315,128.677,120.7,121.61,136.36200000000002,109.66199999999999,125.925,119.537,122.104,135.77599999999998,117.381,128.40800000000002,122.062,137.537,141.526,122.065,97.106,122.10199999999999,116.857,134.727,139.532,106.77199999999999,122.648,120.05799999999999,121.74400000000001,127.203,114.295,158.72899999999998,45.279,126.422,108.81700000000001,114.486,132.156,116.21100000000001,100.589,126.422,93.222,89.87899999999999,129.61499999999998,137.286,123.542,111.759,121.479,114.809,127.14,107.705,110.41300000000001,124.49600000000001,130.314,122.40400000000001,104.46000000000001,129.177,125.826,122.107,115.17499999999998,92.781,105.56400000000001,122.61,114.141,135.772,127.402,119.52799999999999,115.232,105.94700000000002,105.706,106.197,130.914,128.937,131.434,123.94100000000002,106.832,44.568000000000005,124.697,116.64,108.818,128.2,138.38000000000002,50.179,120.779,139.70299999999997,110.16199999999999,116.86999999999999,136.672,133.83800000000002,100.595,101.827,98.521,107.877,122.68599999999999,112.99600000000001,128.21299999999997
2023-05-01,120.44400000000002,124.141,121.48,85.239,119.486,123.68299999999999,132.227,126.99600000000001,120.43900000000001,132.93800000000002,120.44200000000001,113.51,123.74900000000001,129.20399999999998,119.73400000000001,91.98100000000001,110.51100000000001,125.068,100.238,92.606,101.384,87.657,75.29400000000001,114.221,119.657,122.66199999999999,120.44000000000001,132.04399999999998,80.681,132.342,116.15199999999999,102.67299999999999,124.642,143.595,121.21300000000001,112.223,107.15499999999999,133.515,135.91,134.43,112.809,123.239,106.255,115.661,124.49000000000001,123.149,117.206,143.533,112.509,115.87799999999999,123.537,140.963,111.912,110.585,141.731,129.86200000000002,120.112,126.223,128.83,117.196,125.259,111.779,116.212,120.09100000000001,129.206,101.856,188.409,129.967,106.403,101.839,110.785,133.316,138.319,119.51400000000001,121.727,98.70700000000001,107.93100000000001,123.748,136.16,135.95200000000003,113.03,130.35000000000002,132.35700000000003,107.861,101.059,116.098,128.524,129.207,119.29700000000001,120.709,134.73299999999998,110.28,126.429,119.98,121.796,138.317,118.35199999999999,128.373,121.75,135.463,137.82700000000003,121.891,96.94500000000001,121.928,117.2,135.27299999999997,144.224,107.915,122.832,119.73100000000001,121.79700000000001,127.44400000000002,115.251,151.007,45.21,127.077,111.348,116.15199999999999,132.79399999999998,116.228,101.838,127.077,91.39,96.035,127.96300000000001,137.772,123.742,111.91000000000001,122.086,114.8,128.596,107.88499999999999,111.276,123.69,129.61599999999999,123.615,103.94900000000001,130.804,126.169,120.46600000000001,113.936,93.327,105.644,123.48,114.399,138.313,127.96000000000001,119.38199999999999,114.223,106.085,103.17299999999999,105.474,131.97899999999998,129.606,134.084,124.724,106.304,44.5,125.56,117.381,111.348,128.849,139.17899999999997,49.244,120.871,144.147,110.285,118.02799999999999,135.864,134.654,101.845,102.386,98.952,108.44900000000001,122.836,114.30799999999999,128.86100000000002
2023-06-01,120.12499999999999,121.94800000000001,122.112,83.221,119.43400000000001,122.72,132.295,127.452,120.11999999999999,134.01299999999998,120.12299999999999,113.91600000000001,124.027,129.534,120.03,93.321,111.62299999999999,125.43400000000001,98.853,92.013,101.592,87.81700000000001,74.70700000000001,111.992,119.83,122.083,120.482,133.567,79.862,131.815,116.409,101.233,125.81,143.601,122.24300000000001,112.279,107.887,133.864,135.042,134.997,113.727,124.114,106.1,116.17099999999999,123.781,123.232,117.387,143.539,113.262,115.977,122.571,142.07399999999998,111.94900000000001,110.018,137.538,127.478,120.44900000000001,126.65499999999999,129.454,117.37799999999999,124.699,112.021,117.289,120.796,129.537,103.321,189.026,130.24699999999999,106.49600000000001,103.30499999999999,110.832,133.17499999999998,140.07299999999998,120.14,122.298,97.34400000000001,108.37899999999999,124.02499999999999,134.135,131.49,113.46600000000001,130.489,132.72299999999998,108.504,101.05,116.37599999999999,128.933,129.537,117.77499999999999,120.617,135.77899999999997,110.47,125.607,120.167,122.387,140.071,121.51,129.036,122.336,136.35500000000002,135.25,121.82499999999999,97.36,121.862,117.381,137.23399999999998,143.42200000000003,108.476,122.857,120.023,121.851,126.592,116.383,150.971,45.215,127.70100000000001,111.393,116.409,133.252,117.303,103.303,127.7,91.712,96.838,127.409,138.35800000000003,124.019,111.94700000000002,122.7,115.49400000000001,129.125,107.837,110.93400000000001,121.936,130.194,123.02199999999999,101.406,131.334,126.62799999999999,120.147,113.62499999999999,94.001,105.68499999999999,124.323,114.56,140.068,128.507,118,111.99400000000001,106.027,102.87199999999999,105.17699999999999,132.617,131.389,137.148,125.01,106.397,44.505,125.73,122.71300000000001,111.394,129.474,139.295,48.861,121.343,143.284,110.551,118.57,136.727,136.439,103.31,102.073,98.70100000000001,107.827,123.319,113.789,129.484
2023-07-01,120.562,124.023,122.312,80.627,119.784,122.645,132.653,128.183,120.557,135.947,120.56,112.24900000000001,124.269,129.74399999999997,120.348,94.18599999999999,112.089,125.819,99.614,92.05499999999999,102.15799999999999,86.554,73.811,114.67399999999999,120.048,122.424,120.985,134.936,77.44200000000001,132.02200000000002,116.861,100.863,125.41300000000001,156.52200000000002,123.18599999999999,112.43100000000001,107.884,134.147,135.372,134.222,114.121,123.486,107.978,113.723,122.55199999999999,122.788,117.729,156.454,114.029,117.02799999999999,122.492,141.605,112.111,112.489,134.393,130.04299999999998,120.85799999999999,126.98400000000001,130.036,117.71900000000001,124.534,112.114,118.424,120.367,129.74699999999999,104.274,185.97899999999998,129.955,108.26100000000001,104.257,110.67099999999999,133.001,140.71499999999997,120.402,122.38499999999999,96.543,109.299,124.268,133.23499999999999,128.89800000000002,113.727,128.24899999999997,128.99800000000002,109.07199999999999,99.89,117.26400000000001,129.45100000000002,129.74699999999999,116.87299999999999,120.30199999999999,138.21499999999997,110.503,124.44400000000002,119.323,122.49000000000001,140.71299999999997,120.93700000000001,128.82800000000003,122.432,136.295,134.591,121.698,96.44700000000002,121.735,117.722,136.911,141.296,110.012,124.35499999999999,120.338,121.834,127.433,117.15199999999999,151.654,44.171,128.33100000000002,111.02,116.861,133.51399999999998,118.433,104.256,128.33100000000002,92.67799999999998,98.479,125.21100000000001,138.736,124.262,112.109,122.869,116.16199999999999,129.702,108.039,111.5,122.029,129.781,122.507,102.41400000000002,132.74899999999997,127.054,120.585,113.789,93.80799999999999,105.699,124.955,115.459,140.70999999999998,128.75,118.16499999999999,114.67599999999999,105.465,104.365,105.006,131.806,132.161,137.58800000000002,125.089,108.16,43.478,125.069,122.898,111.02,130.055,139.983,48.267,121.603,141.198,110.41700000000002,118.501,137.589,137.85000000000002,104.263,100.96000000000001,98.98400000000001,107.98,123.715,114.492,130.065
2023-08-01,121.05,121.083,122.349,79.562,120.391,127.415,133.292,128.70999999999998,121.045,136.554,121.048,110.23700000000001,124.86999999999999,130.007,120.46400000000001,93.09400000000001,109.965,126.034,100.38,92.17699999999999,102.148,85.86999999999999,73.576,115.121,119.557,122.148,122.831,133.651,77.74000000000001,132.798,117.458,100.745,126.062,152.21499999999997,123.254,114.648,108.90700000000001,134.202,135.60299999999998,135.23499999999999,114.44100000000002,124.395,107.62799999999999,117.157,121.319,121.359,117.732,152.14899999999997,113.76100000000001,117.432,127.258,152.647,112.24300000000001,111.282,130.762,130.405,121.506,126.586,130.63299999999998,117.723,125.392,112.606,118.005,116.282,130.009,104.324,184.237,130.576,107.566,104.307,109.819,133.52700000000002,140.67899999999997,121.282,122.229,97.94000000000001,109.19,124.869,134.412,130.623,112.63,130.108,126.995,108.733,99.88499999999999,117.46700000000001,128.732,130.01,117.295,118.925,136.64299999999997,110.54400000000001,124.40100000000001,119.521,122.34700000000001,140.678,120.114,126.989,122.286,137.88000000000002,137.6,121.79700000000001,96.20400000000001,121.834,117.726,137.126,138.493,111.227,124.68299999999999,120.452,122.086,127.624,117.571,169.341,43.523,128.814,110.91400000000002,117.458,133.864,118.01,104.306,128.813,89.67899999999999,99.853,125.529,138.493,124.863,112.24100000000001,123.4,117.406,129.71599999999998,108.085,111.161,124.30199999999999,130.88100000000003,121.26700000000001,102.25,133.012,127.523,121.073,113.96600000000001,95.192,106.109,125.393,116.24400000000001,140.67399999999998,129.22299999999998,117.637,115.12299999999999,106.40400000000001,105.49600000000001,104.806,128.32800000000003,132.665,137.41899999999998,125.21300000000001,107.46600000000001,42.839999999999996,126.21100000000001,122.928,110.915,130.65200000000002,140.88800000000003,47.416999999999994,122.167,138.57,110.32499999999999,118.349,137.024,139.35800000000003,104.313,107.795,98.87199999999999,107.868,124.801,113.33,130.661
2023-09-01,120.779,122.509,123.398,80.422,120.867,131.68800000000002,133.024,128.71599999999998,120.774,137.353,120.777,113.475,125.357,130.494,121.059,93.736,109.307,126.18199999999999,100.862,92.056,102.725,87.321,75.992,119.157,120.585,121.76100000000001,122.73100000000001,132.757,77.324,132.96,117.806,101.309,127.233,154.87800000000001,123.482,114.98700000000001,109.363,134.375,134.73899999999998,136.54899999999998,117.89,123.084,106.254,119.088,121.76700000000001,119.923,117.67699999999999,154.811,113.312,117.46900000000001,131.535,157.131,112.392,111.68599999999999,128.98600000000002,128.86200000000002,122.18499999999999,126.598,131.268,117.66799999999999,126.258,112.44900000000001,119.286,120.432,130.496,104.56400000000001,183.767,131.873,109.631,104.548,106.519,133.085,139.329,122.313,121.76,96.60799999999999,109.436,125.356,132.918,129.347,114.13799999999999,130.04,128.02700000000002,109.096,98.849,117.801,128.48100000000002,130.497,116.367,119.893,139.206,110.91100000000002,125.037,119.971,121.88799999999999,139.32700000000003,120.154,127.222,121.82799999999999,137.67899999999997,135.55800000000002,121.887,96.304,121.924,117.67099999999999,140.334,135.98200000000003,112.59400000000001,125.06,121.048,122.319,128.062,118.74400000000001,183.372,43.245000000000005,129.48100000000002,111.501,117.806,134.35500000000002,119.29,104.54700000000001,129.48000000000002,89.02499999999999,102.74100000000001,125.654,138.162,125.35,112.39,124.46000000000001,118.012,130.202,108.12199999999999,111.271,125.09100000000001,131.97299999999998,122.036,104.542,132.934,128.036,120.801,113.985,95.508,105.384,125.646,116.64999999999999,139.323,130.121,116.53,119.16,106.568,108.691,105.149,131.27499999999998,132.751,137.20999999999998,122.583,109.529,42.567,127.595,123.374,111.501,131.288,141.195,47.119,123.687,136.068,110.395,117.561,137.09,139.653,104.553,105.973,97.702,108.24600000000001,125.013,108.87199999999999,131.296
2023-10-01,121.43700000000001,122.21400000000001,123.66499999999999,80.912,120.868,131.68800000000002,133.36800000000002,129.27599999999998,121.432,138.944,121.435,120.56700000000001,125.529,130.88200000000003,121.44800000000001,92.67999999999999,109.273,126.35499999999999,99.96600000000001,91.819,103.482,86.613,76.505,117.471,119.959,122.07,123.086,134.82600000000002,77.042,133.371,117.96000000000001,100.74400000000001,127.43900000000001,154.976,124.01700000000001,115.194,109.569,134.375,137.11499999999998,134.79899999999998,118.154,122.492,106.543,121.01700000000001,121.93900000000001,121.59,118.582,154.909,113.972,117.65599999999999,131.55200000000002,150.961,112.16,111.109,129.55800000000002,129.24599999999998,122.874,126.1,131.915,118.57199999999999,126,112.792,119.421,118.013,130.88400000000001,103.929,184.255,132.82700000000003,109.84,103.912,108.43,133.67,138.347,123.965,121.81400000000001,93.759,109.024,125.527,133.344,128.686,114.205,128.30700000000002,130.35600000000002,110.103,98.859,116.905,129.033,130.88500000000002,114.329,120.369,139.455,110.41300000000001,125.57,121.13199999999999,121.94900000000001,138.345,120.05,124.78,121.893,136.24099999999999,134.584,121.98,94.709,122.01700000000001,118.576,139.36,135.407,112.869,125.427,121.43700000000001,122.192,128.26999999999998,118.346,175.841,42.82,130.055,109.583,117.96000000000001,134.923,119.426,103.91100000000002,130.055,89.17599999999999,100.73400000000001,124.364,138.442,125.521,112.15799999999999,124.67099999999999,119.018,131.372,108.229,111.30199999999999,127.426,132.905,122.04100000000001,103.988,133.061,128.448,121.459,114.471,96.012,106.24600000000001,126.181,116.862,138.341,130.124,116.251,117.473,106.557,112.161,105.41600000000001,134.154,132.373,137.134,122.395,109.738,42.148,127.76,123.512,109.583,131.935,143.866,47.119,124.312,135.477,110.92,116.756,137.936,139.88000000000002,103.918,107.271,98.45400000000001,108.405,125.208,111.74300000000001,131.942
2023-11-01,120.301,125.77199999999999,123.81400000000001,79.645,120.895,131.712,133.617,129.69899999999998,120.296,138.623,120.3,121.85499999999999,125.71300000000001,131.476,121.86,88.298,108.565,125.44200000000001,96.697,91.551,102.539,85.233,75.92,116.43,119.835,121.604,123.74600000000001,134.941,76.932,134.284,117.588,99.268,128.686,156.683,124.17599999999999,115.709,109.357,134.39800000000002,137.804,134.061,120.141,123.10799999999999,106.13,121.05499999999999,119.93900000000001,120.287,118.995,156.61599999999999,114.44100000000002,118.44800000000001,131.595,144.89700000000002,112.18799999999999,111.897,132.48200000000003,130.803,123.14,126.515,132.55700000000002,118.985,126.371,112.99100000000001,119.643,116.40700000000001,131.47899999999998,101.87899999999999,185.814,134.448,109.634,101.863,108.099,134.048,139.11599999999999,124.189,123.66199999999999,90.015,108.93100000000001,125.712,133.099,130.37800000000001,113.119,127.624,129.978,107.877,98.867,116.76100000000001,129.05800000000002,131.47899999999998,112.6,119.877,140.166,110.397,125.90400000000001,120.93700000000001,123.793,139.11399999999998,118.501,125.782,123.73700000000001,142.67299999999997,132.804,121.71900000000001,93.435,121.756,118.989,139.95100000000002,137.374,113.263,125.848,121.85199999999999,122.002,127.818,118.16499999999999,170.811,41.618,130.728,110.17599999999999,117.588,135.51399999999998,119.647,101.861,130.728,87.868,98.46900000000001,128.88700000000003,137.71499999999997,125.705,112.18599999999999,125.644,118.88,130.20399999999998,108.254,111.338,125.557,132.571,121.68599999999999,103.71100000000001,133.966,128.94899999999998,120.324,113.798,93.13499999999999,106.736,126.54,117.199,139.111,130.871,115.144,116.432,106.27799999999999,114.65299999999999,105.34400000000001,132.23399999999998,132.542,137.21699999999998,121.146,109.532,40.965,128.106,123.849,110.17699999999999,132.577,145.507,46.482,124.909,137.319,111.282,116.598,137.87,140.259,101.868,107.58,97.856,107.887,125.474,112.569,132.584
2023-12-01,118.70400000000001,125.41700000000002,124.11,75.766,121.273,131.71599999999998,133.11899999999997,129.80800000000002,118.699,139.477,118.702,119.001,125.955,131.833,122.492,90.96400000000001,108.09700000000001,125.44200000000001,96.396,91.61,100.20700000000001,84.093,74.641,120.142,119.45,121.415,124.526,135.032,76.61999999999999,134.842,117.536,100.74900000000001,129.568,156.811,124.618,115.617,109.113,134.23899999999998,138.65800000000002,130.759,120.503,122.118,92.18599999999999,119.627,122.485,118.827,119.095,156.74299999999997,115.384,119.048,131.622,143.24499999999998,112.35499999999999,112.76,135.56,129.69,123.80799999999999,125.415,133.091,119.086,125.854,113.146,121.324,116.346,131.836,99.422,188.373,134.728,110.07199999999999,99.406,109.776,134.676,139.262,124.5,124.908,92.44300000000001,108.42,125.95400000000001,132.33,130.963,112.862,125.871,130.55800000000002,107.301,98.87199999999999,118.16499999999999,128.816,131.836,115.66799999999999,119.47,140.08800000000002,110.425,126.549,121.034,125.021,139.26,117.124,125.48700000000001,124.96000000000001,134.906,131.353,121.61999999999999,92.224,121.657,119.089,138.918,138.27399999999997,113.581,127.197,122.48700000000001,122.15499999999999,127.74700000000001,119.23400000000001,162.165,41.717,131.30100000000002,111.531,117.536,135.991,121.323,99.405,131.3,87.495,99.258,125.71700000000001,138.72,125.94700000000002,112.35199999999999,125.53,118.189,130.772,108.412,111.405,125.66799999999999,132.7,122.28,102.18599999999999,134.084,129.39600000000002,118.726,112.476,91.71700000000001,106.356,127.339,117.545,139.257,131.96200000000002,115.537,120.144,105.974,117.52199999999999,104.351,132.08100000000002,132.79399999999998,137.445,122.59,109.97,41.063,128.26999999999998,125.37299999999999,111.531,133.111,145.41899999999998,46.227000000000004,124.066,138.134,111.52499999999999,115.596,138.841,139.893,99.41100000000002,107.643,97.80199999999999,108.486,125.563,112.81700000000001,133.117
2024-01-01,122,125.616,124.16199999999999,77.742,121.364,132.35800000000003,133.31,130.67399999999998,121.995,139.532,121.998,121.62799999999999,126.346,132.311,123.137,91.588,107.036,126.09700000000001,96.834,91.988,100.498,85.663,75.57499999999999,118.02799999999999,119.922,122.41900000000001,124.978,137.077,76.167,135.789,118.383,99.915,131.124,157.789,125.004,115.48400000000001,109.12299999999999,134.1,138.464,133.72299999999998,120.721,121.116,92.288,120.581,123.752,120.41400000000002,119.861,157.721,113.801,119.583,132.29,140.24899999999997,112.649,113.17599999999999,135.829,132.07899999999998,123.721,125.396,133.559,119.85199999999999,124.44400000000002,114.08,121.589,117.99400000000001,132.314,99.205,188.899,136.72299999999998,108.989,99.189,108.959,135.98000000000002,141.376,125.133,125.427,92.52799999999999,108.397,126.34400000000001,132.272,129.30700000000002,112.79,125.44600000000001,128.48600000000002,108.65199999999999,98.87499999999999,118.51,129.288,132.314,117.251,120.085,141.067,111.856,125.482,121.88199999999999,125.509,141.374,116.64,124.45400000000001,125.438,129.353,130.917,121.77199999999999,91.403,121.809,119.85499999999999,139.937,132.77399999999997,114.505,127.288,123.137,122.043,128.101,120.529,157.562,41.697,131.972,109.96300000000001,118.38199999999999,136.683,121.58,99.18799999999999,131.971,87.595,99.868,127.705,138.89000000000001,126.338,112.647,127.015,119.65899999999999,130.787,108.925,111.88199999999999,125.36,133.347,122.415,103.549,135.111,129.903,122.023,114.74600000000001,93.593,105.513,127.88799999999999,117.851,141.37,132.708,115.215,118.031,105.248,119.26700000000001,104.94300000000001,131.865,132.92200000000003,138.646,123.527,108.887,41.043,129.753,126.395,109.96400000000001,133.57899999999998,145.873,46.609,125.84,132.798,111.66,118.154,139.683,140.999,99.195,107.24000000000001,97.024,108.667,127.702,115.689,133.585
2024-02-01,120.77,125.18599999999999,123.266,80.883,121.554,133.181,133.834,131.07899999999998,120.765,139.698,120.768,123.583,126.863,132.404,124.074,91.721,112.254,125.585,97.164,92.412,102.279,86.26100000000001,76.62899999999999,116.05499999999999,119.887,121.44800000000001,125.71900000000001,137.788,75.582,136.15200000000002,118.77199999999999,100.49400000000001,131.281,157.796,125.386,115.753,109.889,134.003,138.86,137.54399999999998,121.837,120.318,103.77499999999999,122.079,124.212,119.613,120.107,157.728,112.423,119.67699999999999,133.135,143.032,112.82199999999999,112.324,143.172,133.772,124.777,126.501,134.15200000000002,120.098,123.927,114.255,121.985,118.504,132.406,96.94200000000001,189.10999999999999,137.23,107.111,96.926,105.813,135.782,141.31,125.66499999999999,126.405,91.94500000000001,109.861,126.862,133.284,129.71499999999997,111.63,125.593,132.45000000000002,109.12899999999999,98.87799999999999,118.706,129.417,132.407,114.94900000000001,120.88799999999999,142.015,112.043,125.18299999999999,122.881,126.462,141.30800000000002,118.13199999999999,127.771,126.386,136.439,134.483,121.586,92.974,121.62299999999999,120.101,141.31,134.208,114.84,127.41000000000001,124.079,121.98100000000001,128.112,122.104,157.471,41.638000000000005,132.577,110.181,118.771,136.835,121.968,96.925,132.577,86.559,99.85499999999999,128.36800000000002,138.01,126.85499999999999,112.82,127.059,119.359,130.369,108.995,111.692,125.29700000000001,131.92700000000002,122.24700000000001,99.706,135.95200000000003,130.191,120.792,114.051,94.357,105.40400000000001,127.59700000000001,118.17399999999999,141.304,132.847,114.753,116.05799999999999,106.574,121.189,105.196,130.686,134.374,139.67,123.02499999999999,107.01100000000001,40.985,128.102,127.357,110.18199999999999,134.172,146.99200000000002,46.949999999999996,125.793,134.297,111.861,119.91400000000002,140.345,141.547,96.93100000000001,107.307,97.377,108.81700000000001,128.38800000000003,115.657,134.178
2024-03-01,118.799,127.73100000000001,123.7,78.94500000000001,122.15799999999999,133.40200000000002,133.194,131.159,118.79400000000001,140.363,118.79700000000001,123.505,127.425,132.672,124.33,91.84400000000001,111.67699999999999,124.867,96.88499999999999,92.581,102.485,85.868,76.55499999999999,114.595,119.593,121.10799999999999,125.112,138.74399999999997,74.897,136.037,119.051,99.601,132.30200000000002,160.196,125.58,116.124,109.908,133.96200000000002,137.803,136.847,122.56700000000001,120.64999999999999,103.706,122.371,123.11,119.92,120.20700000000001,160.127,112.99700000000001,121.44500000000001,133.376,147.52,112.98100000000001,112.364,143.17,133.681,125.199,124.62299999999999,134.689,120.197,124.271,114.66999999999999,121.08,120.11999999999999,132.67499999999998,98.577,189.21599999999998,137.389,108.351,98.562,107.384,136.192,144.416,126.312,126.338,92.488,109.68799999999999,127.424,131.944,132.094,111.15799999999999,124.545,131.129,108.161,98.881,119.184,129.35200000000003,132.67499999999998,115.25,119.502,143.196,112.053,124.681,122.58,126.37799999999999,144.414,119.09100000000001,128.54899999999998,126.30199999999999,140.197,131.389,121.143,92.539,121.17999999999999,120.20100000000001,142.706,133.82800000000003,113.985,127.531,124.338,121.801,127.839,123.82,156.024,41.053999999999995,133.12800000000001,110.86999999999999,119.051,137.183,121.05799999999999,98.561,133.127,85.884,114.57,127,137.86800000000002,127.418,112.979,127.254,120.801,130.434,109.313,112.181,125.708,133.407,122.69,104.21600000000001,135.833,130.88700000000003,118.821,112.908,96.118,105.736,128.253,118.472,144.41,133.20399999999998,113.276,114.59700000000001,107.092,119.374,105.44400000000002,132.183,133.762,140.52800000000002,122.67599999999999,108.25,40.41,129.712,127.71400000000001,110.86999999999999,134.70899999999997,147.597,46.525000000000006,126.868,133.815,112.277,119.67399999999999,142.74499999999998,144.016,98.56700000000001,110.136,98.644,108.755,128.701,117.02199999999999,134.71399999999997
2024-04-01,120.479,125.41000000000001,124.115,79.43400000000001,122.91000000000001,133.784,132.82800000000003,132.748,120.474,140.82600000000002,120.477,123.23400000000001,127.702,133.09,124.995,87.37899999999999,111.225,124.838,97.798,92.759,101.796,86.66,77.35199999999999,114.13199999999999,119.37199999999999,121.169,125.257,136.67899999999997,74.82499999999999,138.38700000000003,119.206,101.329,132.068,160.894,125.857,116.236,110.94200000000001,134.03,139.345,134.218,125.288,121.64,110.755,123.49100000000001,122.395,119.323,120.537,160.824,112.44200000000001,122.131,133.77599999999998,147.237,113.16199999999999,106.516,141.72299999999998,130.39700000000002,125.94600000000001,127.52199999999999,135.146,120.527,124.73400000000001,114.974,121.339,119.061,133.093,99.033,190.38000000000002,138.467,108.708,99.01700000000001,109.084,136.178,148.236,126.76100000000001,126.248,92.45400000000001,108.60199999999999,127.70100000000001,134.369,131.032,110.654,122.727,131.64399999999998,109.618,98.883,119.408,128.221,133.093,114,119.94800000000001,141.43,112.277,124.387,123.17199999999998,126.277,148.23399999999998,117.24100000000001,129.316,126.20700000000001,139.842,127.17499999999998,120.471,90.712,120.508,120.531,142.901,132.008,114.77499999999999,127.148,125.006,121.485,127.62899999999999,124.253,157.605,40.485,133.67299999999997,110.46900000000001,119.206,137.667,121.313,99.016,133.67299999999997,84.70700000000001,115.91700000000002,127.938,138.267,127.694,113.16,127.615,122.933,130.95200000000003,109.356,111.706,126.04100000000001,131.53,121.83,102.93100000000001,136.068,131.25,120.501,113.95,95.661,105.98100000000001,129.259,118.835,148.23,133.64,113.17099999999999,114.13499999999999,107.364,118.41900000000001,105.381,131.66299999999998,134.48100000000002,141.61299999999997,122.321,108.606,39.849999999999994,130.935,128.311,110.47,135.166,147.668,46.142,128.01299999999998,131.9,112.3,119.712,143.334,143.98200000000003,99.02199999999999,111.62599999999999,99.818,108.71000000000001,129.21599999999998,116.7,135.171
2024-05-01,120.44200000000001,123.66799999999999,124.206,79.645,120.225,134.446,133.59,133.05700000000002,120.43700000000001,140.662,120.44000000000001,123.383,127.76400000000001,133.681,125.592,84.542,109.721,125.17399999999999,97.02,92.765,101.617,85.74600000000001,74.324,116.756,119.538,121.111,126.57,136.177,74.46000000000001,138.692,118.839,102.084,131.974,156.017,127.16,116.46600000000001,110.818,134.23399999999998,138.903,135.024,125.759,122.037,112.367,124.643,119.13499999999999,118.56,120.99100000000001,155.95000000000002,112.531,121.543,134.45100000000002,144.01899999999998,113.403,107.79,146.076,130.198,126.266,126.40700000000001,135.66899999999998,120.982,124.576,115.367,121.73100000000001,118.09100000000001,133.684,97.391,191.36700000000002,138.786,109.143,97.37499999999999,109.691,135.89600000000002,150.425,127.37299999999999,125.477,92.05799999999999,108.556,127.763,134.011,128.409,110.65299999999999,123.891,130.39200000000002,110.51700000000001,98.886,119.896,129.924,133.684,111.845,120.509,140.935,112.353,123.832,123.663,125.502,150.423,117.579,126.73700000000001,125.433,141.20499999999998,125.309,120.229,90.38,120.265,120.985,144.061,131.016,114.12799999999999,127.502,125.604,120.985,127.35499999999999,125.136,156.813,39.59,134.23899999999998,111.22,118.839,138.102,121.70400000000001,97.374,134.238,83.94200000000001,115.902,128.65800000000002,137.62,127.756,113.40100000000001,127.637,122.79400000000001,130.904,109.66999999999999,111.79100000000001,126.91600000000001,131.156,121.815,101.74700000000001,135.726,131.537,120.46400000000001,113.649,95.77,108.192,129.594,119.095,150.42000000000002,133.819,114.321,116.759,107.235,118.245,104.617,130.701,134.706,142.508,123.383,109.04100000000001,38.969,130.02,130.43,111.221,135.689,150.032,46.1,128.24299999999997,130.872,112.32499999999999,119.09100000000001,143.869,144.376,97.381,107.922,99.049,109.002,129.236,114.49100000000001,135.694
2024-06-01,119.22,122.43100000000001,124.66,79.271,120.016,134.915,134.07399999999998,133.85600000000002,119.215,141.15,119.218,124.88799999999999,127.71100000000001,134.55,126.033,83.812,108.32199999999999,126.299,97.13,92.59400000000001,101.85,84.10499999999999,74.44900000000001,116.037,119.90100000000001,121.695,126.87499999999999,137.99,74.897,139.1,118.41100000000002,100.80199999999999,131.317,158.20999999999998,128.191,116.46900000000001,111.648,134.395,140.37,140.539,125.90700000000001,122.902,107.776,127.15899999999999,118.94900000000001,117.551,121.17999999999999,158.141,111.338,121.67199999999998,134.93200000000002,138.54,113.601,108.05799999999999,151.815,132.167,127.07199999999999,125.15899999999999,136.033,121.16999999999999,123.17999999999999,115.827,122.07799999999999,117.327,134.553,100.393,192.161,138.667,109.01400000000001,100.377,113.91100000000002,135.961,150.22899999999998,127.78,126.118,89.94300000000001,109.206,127.709,132.553,130.23399999999998,110.726,124.927,132.57299999999998,109.18299999999999,98.88799999999999,120.227,129.336,134.553,113.093,120.391,145.272,112.41300000000001,124.32199999999999,123.832,126.144,150.227,119.94200000000001,126.708,126.074,133.35600000000002,126.235,119.925,89.258,119.96100000000001,121.17399999999999,145.066,129.02100000000002,114.51400000000001,127.556,126.048,120.902,127.94500000000001,125.862,152.19899999999998,39.753,134.64399999999998,112.307,118.41100000000002,138.678,122.051,100.37599999999999,134.64399999999998,82.14,114.60199999999999,128.08800000000002,137.647,127.703,113.598,127.94400000000002,122.65499999999999,130.541,109.87199999999999,112.114,126.812,130.646,122.824,104.609,136.26299999999998,131.942,119.242,112.67199999999998,95.37199999999999,108.225,130.237,119.67599999999999,150.22299999999998,134.37,113.801,116.039,106.792,118.05199999999999,104.02499999999999,132.111,134.062,142.819,122.986,108.912,39.129000000000005,131.517,132.96200000000002,112.307,136.053,150.756,46.142,128.35800000000003,128.98100000000002,112.274,118.40700000000001,143.73899999999998,144.67299999999997,100.38199999999999,111.134,99.226,108.968,129.42800000000003,116.11,136.05800000000002
2024-07-01,117.784,122.87799999999999,124.756,80.13799999999999,123.131,135.39700000000002,133.72299999999998,133.978,117.779,142.206,117.782,125.953,127.925,134.70899999999997,126.536,86.281,107.619,126.93,98.721,92.68199999999999,101.616,84.46000000000001,74.80499999999999,113.492,120.436,121.425,127.012,138.083,75.08,139.52100000000002,119.139,99.18199999999999,131.567,164.375,129.147,116.584,112.49400000000001,134.755,140.32200000000003,140.22299999999998,126.30799999999999,121.549,107.776,125.77799999999999,116.94800000000001,116.38199999999999,121.366,164.304,112.8,121.15799999999999,135.424,138.411,113.848,108.596,160.49,131.88500000000002,127.371,125.054,136.654,121.356,123.27,115.962,122.476,117.15899999999999,134.71099999999998,99.59700000000001,194.632,139.265,109.13199999999999,99.581,111.574,136.412,146.771,127.601,127.17999999999999,89.884,109.68299999999999,127.923,134.73499999999999,129.756,110.97,125.452,135.376,109.424,98.889,120.386,129.372,134.712,113.409,120.235,147.70899999999997,112.48400000000001,125.98100000000001,124.101,127.21300000000001,146.76899999999998,119.519,126.867,127.13799999999999,134.657,125.983,119.607,86.63499999999999,119.643,121.36,145.23999999999998,127.042,114.263,127.61999999999999,126.553,120.742,127.532,126.877,151.009,39.649,135.12800000000001,112.17699999999999,119.139,138.975,122.452,99.58,135.12800000000001,82.432,113.526,129.24699999999999,137.788,127.91700000000002,113.846,128.594,122.88499999999999,130.477,109.837,112.276,126.61,130.983,122.405,103.523,136.73999999999998,132.38600000000002,117.806,111.73400000000001,96.406,108.359,130.509,120.232,146.765,134.465,113.895,113.495,106.542,117.923,103.93400000000001,134.706,134.496,143.34,123.506,109.03,39.027,132.026,134.272,112.17799999999998,136.67499999999998,150.98700000000002,45.675000000000004,129.10999999999999,127.066,111.88199999999999,118.84,144.3,144.24099999999999,99.586,108.22,98.96000000000001,108.95,130.127,115.09,136.67899999999997
2024-08-01,118.212,123.21300000000001,125.005,79.581,123.06700000000001,136.002,133.445,134.756,118.20700000000001,142.202,118.21000000000001,125.87899999999999,128.126,134.98600000000002,127.877,86.833,108.959,129.189,98.31700000000001,92.539,102.06,84.13799999999999,75.45,115.896,119.74700000000001,121.548,127.109,138.159,75.15799999999999,140.311,117.92,99.72,131.02700000000002,164.42700000000002,129.26999999999998,117.43,111.883,135.345,138.976,144.60299999999998,126.426,121.537,124.253,123.67799999999998,119.758,115.203,121.762,164.35600000000002,113.18299999999999,121.456,136.037,136.689,113.826,114.273,167.55800000000002,130.267,127.423,125.333,137.11499999999998,121.752,122.41100000000002,116.512,122.38799999999999,118.49700000000001,134.98800000000003,98.43,196.017,139.373,108.699,98.415,109.15199999999999,135.936,148.51299999999998,128.068,126.621,89.391,110.021,128.125,134.164,130.577,111.012,124.788,132.771,109.318,98.89,120.87899999999999,130.31,134.989,113.577,120.381,146.742,112.465,126.832,123.781,126.65299999999999,148.511,119.093,127.04700000000001,126.579,137.035,126.351,119.601,87.803,119.637,121.756,145.817,126.586,114.054,128.085,127.896,120.756,127.016,128.51899999999998,148.657,39.085,135.721,111.63199999999999,117.92,139.295,122.366,98.41300000000001,135.721,84.083,114.15499999999999,129.68200000000002,136.622,128.118,113.823,128.82000000000002,122.803,130.489,109.909,112.17199999999998,126.703,132.048,122.111,103.723,137.13899999999998,132.841,118.23400000000001,111.77499999999999,96.956,108.193,131.11399999999998,120.831,148.507,135.35500000000002,113.453,115.898,105.486,117.398,103.293,134.797,135.12,143.66,123.166,108.598,38.472,131.946,134.529,111.633,137.135,152.76899999999998,44.783,129.461,126.642,112.35499999999999,117.699,145.22,145.048,98.42,112.839,99.718,108.823,130.70499999999998,113.46300000000001,137.13899999999998
2024-09-01,117.73400000000001,125.181,125.083,79.268,122.58,136.464,133.70399999999998,134.85600000000002,117.729,142.995,117.732,124.657,128.399,135.52,128.156,87.199,108.611,128.85000000000002,97.12299999999999,92.10499999999999,102.21600000000001,83.23,75.41400000000002,115.76700000000001,120.842,122.11999999999999,127.56400000000001,138.499,74.99100000000001,140.577,118.61999999999999,103.284,131.99,163.01399999999998,129.56,119.40100000000001,111.78,135.93800000000002,140.345,140.598,134.04299999999998,121.436,124.253,123.76700000000001,118.116,117.114,122.056,162.944,115.039,121.51400000000001,136.508,132.899,114.823,115.40100000000001,180.1,131.431,127.709,125.726,137.537,122.046,121.202,116.765,121.718,116.209,135.523,97.742,196.248,138.83,109.586,97.727,112.68499999999999,135.42200000000003,148.637,128.577,125.005,89.576,109.56,128.39800000000002,135.015,130.28,110.835,123.48400000000001,128.4,109.74600000000001,98.891,118.94700000000002,129.455,135.523,113.593,119.74000000000001,147.79,112.374,125.992,124.181,125.031,148.635,118.99100000000001,127.069,124.962,139.31,126.516,119.611,92.316,119.647,122.05,146.401,127.44200000000001,113.506,128.61899999999997,128.17499999999998,120.87599999999999,127.343,129.147,142.597,38.789,136.194,111.82799999999999,118.61999999999999,139.72299999999998,121.695,97.726,136.194,82.583,114.67299999999999,130.093,136.65800000000002,128.39100000000002,114.82,128.809,123.205,130.283,110.48400000000001,113.52199999999999,126.787,132.49800000000002,121.627,105.952,137.976,133.289,117.756,111.398,97.75,107.67599999999999,131.52,120.99000000000001,148.631,136.437,112.865,115.77,106.46700000000001,120.62899999999999,103.1,135.084,133.909,143.98200000000003,124.48400000000001,109.48400000000001,38.18,132.165,134.872,111.82799999999999,137.55800000000002,152.79899999999998,44.485,129.724,127.478,112.539,117.62899999999999,144.74699999999999,146.437,97.732,112.068,100.337,108.929,131.475,115.867,137.561
2024-10-01,117.005,126.68299999999999,126.533,81.34,122.478,137.137,134.95700000000002,135.142,117.001,141.571,117.004,125.329,128.766,135.787,128.659,85.81400000000001,108.24600000000001,128.341,96.78,91.408,102.595,81.921,75.203,113.94000000000001,121.23100000000001,123.501,127.816,139.281,74.81700000000001,140.984,118.843,103.279,133.21099999999998,163.463,129.817,120.809,113.276,136.781,140.36700000000002,145.618,134.375,120.627,118.315,122.783,116.705,118.29100000000001,122.266,163.393,116.369,122.361,137.189,132.268,115,114.592,169.161,131.879,128.297,126.41900000000001,137.984,122.256,121.792,117.18299999999999,123.20700000000001,117.304,135.79,97.62299999999999,198.36800000000002,139.17899999999997,110.498,97.607,110.29100000000001,136.511,149.036,129.16899999999998,126.13499999999999,89.76700000000001,109.13199999999999,128.765,135.048,131.433,111.508,124.265,139.942,110.10499999999999,98.891,121.405,127.636,135.79,113.52,118.57499999999999,147.35700000000003,112.49700000000001,127.282,124.252,126.14999999999999,149.034,119.492,130.651,126.089,138.147,125.36999999999999,119.68599999999999,92.80799999999999,119.722,122.259,146.997,128.929,112.456,129.21599999999998,128.678,120.77199999999999,127.422,129.69,139.21099999999998,38.64,136.791,111.863,118.842,140.004,123.18199999999999,97.606,136.791,81.67799999999998,112.60199999999999,131.69,138.317,128.758,114.99700000000001,129.32800000000003,123.27799999999999,130.684,110.985,113.396,126.691,132.92700000000002,121.169,102.96400000000001,138.41899999999998,133.77299999999997,117.027,110.893,98.70700000000001,107.936,133.73899999999998,121.21400000000001,149.03,136.847,112.345,113.94200000000001,107.368,123.083,102.992,135.04399999999998,135.342,144.267,123.96300000000001,110.394,38.034,132.566,135.033,111.864,138.004,153.656,44.952,130.27299999999997,128.876,112.427,117.342,146.334,147.976,97.612,108.15899999999999,98.543,108.728,132.04399999999998,119.666,138.008
2024-11-01,116.933,126.724,127.144,80.339,122.08,137.736,133.009,135.95600000000002,116.928,145.393,116.93100000000001,123.697,129.132,136.212,129.434,84.134,108.013,127.842,96.56,90.474,101.619,80.534,75.473,114.005,122.32499999999999,122.71900000000001,128.62,140.122,74.28,141.56,119.607,109.76700000000001,132.685,166.469,130.195,119.777,113.59100000000001,137.517,140.459,150.21499999999997,134.638,121.02799999999999,118.315,122.724,116.191,118.101,122.667,166.39700000000002,115.621,122.259,137.79399999999998,132.726,115.06,115.415,182.685,133.185,128.568,125.661,138.343,122.657,123.167,117.587,124.519,120.70700000000001,136.21399999999997,98.327,200.17299999999997,138.997,109.04,98.312,110.345,138.268,150.122,129.258,126.415,91.259,108.99000000000001,129.131,134.341,131.74399999999997,110.561,124.029,132.089,110.387,98.891,124.31400000000001,128.18800000000002,136.21499999999997,112.13,119.95100000000001,147.58200000000002,112.80499999999999,128.61899999999997,124.048,126.428,150.12,120.048,131.22,126.374,138.35500000000002,122.752,120.281,91.215,120.31700000000001,122.661,147.29399999999998,130.659,112.995,129.42000000000002,129.45200000000003,121.307,127.94200000000001,131.07399999999998,137.45000000000002,38.17,137.155,111.46400000000001,119.607,140.45200000000003,124.49700000000001,98.311,137.154,82.26100000000001,110.34,128.937,138.343,129.124,115.057,129.686,123.56700000000001,130.423,110.959,113.54100000000001,127.49000000000001,133.136,121.697,98.811,139.64299999999997,134.197,116.955,110.603,98.44800000000001,107.486,133.08100000000002,121.62199999999999,150.11599999999999,136.58200000000002,113.11,114.007,107.10499999999999,123.82799999999999,102.273,134.196,136.011,145.083,123.596,108.93900000000001,37.571,132.865,135.298,111.465,138.364,155.136,44.57,130.066,130.45800000000003,112.551,118.44900000000001,147.61299999999997,148.268,98.31700000000001,111.29700000000001,98.427,108.109,132.58,120.90100000000001,138.36700000000002
2024-12-01,116.365,131.41,126.46300000000001,77.31700000000001,122.643,138.112,133.61299999999997,136.001,116.36,146.11299999999997,116.363,120.284,129.571,136.533,129.796,82.936,107.782,128.009,96.181,90.477,100.459,79.789,74.051,114.58,123.581,123.24400000000001,128.272,140.761,73.77799999999999,141.66,118.403,108.892,133.222,164.191,130.501,119.881,113.80199999999999,138.45800000000003,139.10899999999998,151.9,134.90200000000002,121.258,120.861,123.63499999999999,117.435,117.005,123.077,164.12,114.915,122.592,138.172,137.97899999999998,115.225,116.225,185.545,136.138,129.29399999999998,127.689,138.777,123.06700000000001,123.606,117.586,124.735,118.96300000000001,136.535,101.815,201.516,138.608,109.601,101.799,110.978,137.11899999999997,149.72,130.063,127.24100000000001,92.512,108.68199999999999,129.57,133.839,131.635,111.194,122.99000000000001,129.97899999999998,110.32499999999999,98.891,123.762,128.409,136.536,110.199,120.639,148.58,112.809,128.95600000000002,124.079,127.26100000000001,149.718,122.107,132.538,127.21300000000001,136.24599999999998,123.453,120.687,90.598,120.724,123.071,147.306,131.977,113.194,130.148,129.812,121.766,128.032,131.56,141.078,37.74,137.595,110.326,118.403,140.895,124.71900000000001,101.798,137.594,83.057,111.489,127.968,138.84,129.563,115.223,129.98700000000002,123.86,130.466,111.287,113.755,127.78,133.933,121.157,101.68599999999999,139.79399999999998,134.635,116.386,110.208,98.868,107.533,132.63899999999998,121.995,149.71399999999997,137.727,112.506,114.582,106.68599999999999,124.54400000000001,102.197,134.393,136.89800000000002,145.003,124.032,109.49900000000001,37.147,132.155,135.08700000000002,110.326,138.798,155.102,44.230000000000004,131.286,131.762,112.732,119.212,147.534,148.586,101.804,110.821,98.38499999999999,108.393,132.653,119.17099999999999,138.80100000000002
2025-01-01,116.60199999999999,129.812,126.812,78.43900000000001,124.49100000000001,139.453,134.44,136.665,116.59700000000001,147.248,116.6,123.21700000000001,130.124,136.71499999999997,130.42100000000002,81.065,107.41900000000001,128.32000000000002,98.283,90.803,101.106,80.482,74.803,114.485,123.73100000000001,123.107,127.513,140.731,74.277,141.93800000000002,118.537,109.829,133.518,164.903,130.95600000000002,119.816,113.831,139.516,138.969,160.909,135.141,122.263,120.861,123.848,117.79,117.25,123.079,164.83200000000002,115.21400000000001,122.798,139.512,139.718,115.17299999999999,114.824,207.38500000000002,138.68,130.06,124.684,139.23399999999998,123.07,123.44900000000001,118.74000000000001,126.46700000000001,120.20100000000001,136.71699999999998,98.41600000000001,201.61299999999997,138.71699999999998,110.59,98.40100000000001,107.144,138.454,151.42700000000002,130.32700000000003,128.359,91.612,109.254,130.123,134.829,131.66899999999998,110.192,124.57499999999999,131.759,110.09,98.889,124.393,128.33700000000002,136.718,109.54700000000001,120.613,148.57299999999998,113.32199999999999,127.745,124.027,128.394,151.425,120.96300000000001,132.45000000000002,128.35100000000003,141.117,125.89,120.854,89.426,120.89,123.073,149.059,134.258,112.98400000000001,130.56,130.434,121.784,128.16299999999998,132.102,149.312,37.497,138.023,109.65199999999999,118.537,141.226,126.462,98.4,138.02200000000002,82.644,119.44000000000001,129.636,139.10999999999999,130.117,115.17099999999999,131.018,124.365,130.97899999999998,110.892,113.925,128.788,133.79899999999998,121.527,104.69,140.23899999999998,135.131,116.624,110.398,98.806,110.21000000000001,134.684,122.389,151.42100000000002,137.67299999999997,111.832,114.488,106.331,126.59,102.298,134.9,138.664,142.066,124.94600000000001,110.48700000000001,36.909,130.61399999999998,134.97,109.65199999999999,139.255,155.73899999999998,43.508,131.95100000000002,134.059,112.865,117.37599999999999,147.966,149.336,98.406,113.7,97.259,108.46100000000001,133.72,118.84400000000001,139.257
2025-02-01,111.71900000000001,131.016,127.458,78.343,126.05199999999999,139.681,134.656,137.221,111.715,150.282,111.718,124.15499999999999,130.417,137.251,130.83100000000002,83.323,107.524,127.02799999999999,99.504,91.015,101.426,81.04700000000001,76.095,114.52199999999999,124.54100000000001,122.306,127.702,141.015,74.192,142.65200000000002,120.396,109.9,134.501,178.097,131.36,120.429,114.565,140.512,138.51,163.411,135.38200000000003,122.536,120.861,125.898,117.259,117.10799999999999,123.71000000000001,178.02100000000002,114.582,123.65299999999999,139.73899999999998,138.10999999999999,115.36999999999999,114.912,226.563,141.597,130.568,125.867,139.63299999999998,123.7,123.637,118.803,127.21400000000001,120.313,137.254,96.166,201.893,138.98700000000002,109.91900000000001,96.151,110.32799999999999,137.516,151.86800000000002,130.18200000000002,128.66899999999998,93.282,108.836,130.416,134.24599999999998,132.32000000000002,111.337,126.061,133.221,110.52,98.88799999999999,124.74000000000001,128.067,137.254,110.51400000000001,120.455,150.79899999999998,113.304,127.01400000000001,124.77499999999999,128.71599999999998,151.866,120.748,132.707,128.67899999999997,137.95100000000002,124.477,121.016,87.7,121.053,123.703,149.02700000000002,135.562,113.37199999999999,130.77299999999997,130.842,121.70400000000001,127.432,132.751,149.63899999999998,37.191,138.437,109.254,120.395,141.748,127.218,96.14999999999999,138.436,82.815,120.67399999999999,128.94299999999998,138.90200000000002,130.409,115.368,131.846,124.76700000000001,131.38100000000003,110.99000000000001,114.076,127.56,133.71399999999997,121.563,103.43400000000001,142.941,135.435,111.74000000000001,107.96000000000001,98.78,110.228,132.909,122.694,151.86200000000002,137.814,111.968,114.524,106.323,130.748,102.209,136.379,138.15200000000002,140.347,124.292,109.816,36.607,132.26399999999998,135.417,109.255,139.654,156.668,42.828,134.502,135.268,112.98100000000001,116.849,149.564,149.71399999999997,96.15599999999999,113.41600000000001,97.80199999999999,108.887,134.489,118.723,139.657
2025-03-01,110.502,127.65599999999999,127.62599999999999,77.41300000000001,126.795,140.091,134.73999999999998,137.372,110.498,152.404,110.5,122.968,130.461,138.04899999999998,131.354,81.912,106.906,127.043,101.12799999999999,91.032,101.44700000000002,81.21100000000001,75.95700000000001,112.367,124.955,123.988,127.70100000000001,141.05800000000002,73.921,142.69,120.252,111.9,135.914,178.097,132.262,120.489,114.545,141.562,139.30700000000002,152.909,135.995,120.859,120.861,123.601,117.535,117.77799999999999,124.06700000000001,178.02100000000002,114.47,124.54700000000001,140.15,132.94299999999998,115.616,115.51700000000001,229.238,146.226,130.687,125.67499999999998,140.064,124.057,123.804,119.005,127.82499999999999,115.512,138.05100000000002,97.418,202.497,138.974,110.471,97.403,113.002,138.268,153.728,130.572,129.147,91.90700000000001,109.99100000000001,130.459,132.64899999999997,131.05700000000002,111.894,124.833,138.611,110.68499999999999,98.88799999999999,125.002,127.94200000000001,138.05200000000002,108.577,120.684,150.69,113.387,128.346,124.789,129.20299999999997,153.726,122.44300000000001,132.24699999999999,129.171,134.806,119.762,121.259,88.55,121.296,124.061,148.737,135.14,113.262,131.12,131.364,121.781,128.126,133.315,143.945,37.339,138.95000000000002,109.502,120.252,142.261,127.833,97.402,138.94899999999998,82.795,118.422,125.56400000000001,138.476,130.453,115.614,132.12800000000001,125.117,132.126,111.346,114.18499999999999,129.2,134.626,121.223,103.30199999999999,142.967,135.496,110.523,107.31700000000001,100.415,108.006,132.844,123.043,153.722,137.89100000000002,112.55499999999999,112.369,106.233,134.66,102.119,136.811,138.60999999999999,142.88800000000003,124.693,110.368,36.753,135.753,137.82000000000002,109.503,140.085,157.678,42.361,134.983,134.681,113.483,116.148,149.42000000000002,150.972,97.408,112.023,98.051,109.092,134.843,119.68599999999999,140.08700000000002
2025-04-01,112.543,126.143,127.823,84.212,126.368,140.765,134.38200000000003,137.52200000000002,112.538,152.788,112.54100000000001,124.255,130.672,138.834,131.784,79.806,106.32499999999999,127.832,100.01700000000001,90.516,101.96300000000001,81.818,77.283,111.193,127.228,123.21700000000001,127.99000000000001,141.07399999999998,73.829,142.966,119.895,111.621,136.82800000000003,183.58100000000002,132.399,120.52,114.109,142.512,137.117,147.783,136.292,122.47,120.861,124.52799999999999,116.756,119.503,124.35199999999999,183.501,114.38,124.736,140.82700000000003,129.777,115.799,116.8,211.623,150.93200000000002,130.945,124.27799999999999,140.517,124.342,125.06400000000001,119.44900000000001,127.507,116.221,138.836,97.702,205.298,140.091,110.258,97.687,110.87299999999999,138.54899999999998,149.667,131.12,130.51299999999998,91.698,110.65299999999999,130.67,126.66499999999999,129.73999999999998,112.837,123.91000000000001,135.411,110.66199999999999,98.887,125.189,128.895,138.83700000000002,110.145,120.477,154.507,113.472,129.255,124.94600000000001,130.57399999999998,149.665,122.755,130.586,130.547,136.135,124.722,121.394,89.148,121.43,124.346,148.35700000000003,134.271,113.32799999999999,132.034,131.79299999999998,121.86,128.35800000000003,134.71899999999997,142.379,37.196000000000005,139.41299999999998,109.922,119.895,142.901,127.515,97.68599999999999,139.41299999999998,81.35499999999999,117.054,128.287,138.26399999999998,130.664,115.79700000000001,133.048,126.17699999999999,130.256,111.41100000000002,114.667,127.73,134.74899999999997,121.60199999999999,103.99300000000001,143.191,135.889,112.56400000000001,108.01100000000001,100.603,108.40100000000001,134.27899999999997,123.39,149.661,138.154,113.133,111.195,105.903,132.415,101.49400000000001,136.80100000000002,139.347,144.972,124.151,110.15499999999999,36.612,136.20499999999998,137.07399999999998,109.922,140.538,158.122,41.638000000000005,135.18200000000002,134.036,113.40100000000001,116.365,149.916,151.98200000000003,97.692,111.62599999999999,98.242,108.295,135.30800000000002,117.867,140.541
2025-05-01,113.12899999999999,125.236,128.10399999999998,85.585,127.004,141.59,135.754,138.183,113.12499999999999,152.877,113.12799999999999,126.07499999999999,130.80100000000002,139.284,132.64499999999998,79.67099999999999,104.742,127.67099999999999,100.198,90.287,101.304,82.751,77.31,99.48,128.271,123.318,128.184,140.304,74.669,143.671,120.353,111.67099999999999,137.9,184.537,132.506,121.03,114.486,143.333,138.258,149.70299999999997,136.33800000000002,123.554,120.861,125.513,117.915,118.57,124.548,184.45700000000002,114.49700000000001,124.26,141.655,127.046,115.962,118.16999999999999,206.55700000000002,150.16899999999998,131.465,125.918,140.84,124.538,126.279,119.829,126.786,115.95100000000001,139.287,99.145,207.033,140.19299999999998,108.74600000000001,99.12899999999999,109.956,137.86800000000002,150.73299999999998,131.342,131.365,91.709,110.15599999999999,130.8,131.722,131.89700000000002,112.68299999999999,124.57799999999999,142.416,110.563,98.886,125.298,128.842,139.287,113.52,119.601,155.255,113.306,127.869,124.44000000000001,131.43,150.731,123.206,131.529,131.405,135.995,127.06700000000001,120.929,88.557,120.96600000000001,124.542,149.401,133.341,113.365,132.377,132.654,121.543,128.73899999999998,134.718,143.55100000000002,36.938,139.79899999999998,110.95100000000001,120.35199999999999,143.344,126.795,99.12799999999999,139.79899999999998,82.46300000000001,116.13,130.11399999999998,139.676,130.79299999999998,115.96000000000001,133.365,125.98700000000001,131.448,111.68599999999999,114.74900000000001,127.705,134.48800000000003,122.021,99.77799999999999,143.95800000000003,136.21599999999998,113.14999999999999,108.361,99.757,109.06700000000001,134.32500000000002,123.68299999999999,150.727,138.412,112.265,99.482,105.565,127.693,101.664,136.876,140.289,145.32100000000003,125.192,108.644,36.358999999999995,136.646,137.343,110.952,140.86100000000002,159.42800000000003,41.638000000000005,135.88700000000003,133.23,113.515,116.44000000000001,150.88100000000003,151.77399999999997,99.134,112.82799999999999,97.962,107.96700000000001,135.453,116.312,140.864
2025-06-01,114.26100000000001,125.134,128.667,88.066,126.68799999999999,141.687,136.07399999999998,138.96,114.256,156.18800000000002,114.259,126.76100000000001,131.134,139.994,133.10999999999999,79.80199999999999,105.285,127.94300000000001,101.823,90.361,102.199,83.886,77.006,95.79100000000001,129.298,122.87499999999999,129.966,140.626,75.383,145.944,119.31,111.21100000000001,138.941,185.475,133.004,124.276,115.063,144.148,138.354,149.873,136.40800000000002,123.98,127.071,126.053,120.549,119.089,125.12799999999999,185.395,115.149,124.263,141.753,127.221,116.15799999999999,117.37499999999999,193.726,150.842,131.374,124.554,141.16299999999998,125.118,127.735,120.114,126.965,113.042,139.997,98.509,207.77399999999997,139.59,108.353,98.49300000000001,109.975,140.029,153.572,131.81,130.997,96.98100000000001,109.968,131.132,132.598,128.97899999999998,113.116,124.49300000000001,135.692,110.71000000000001,98.886,125.65499999999999,129.471,139.99800000000002,115.71300000000001,120.88,157.61599999999999,113.418,126.91300000000001,124.226,131.065,153.57,123.485,131.123,131.041,135.591,130.905,120.627,91.24300000000001,120.663,125.12199999999999,148.45700000000002,132.575,112.553,132.598,133.118,121.199,129.041,135.559,145.046,36.563,140.22899999999998,111.488,119.31,143.877,126.977,98.492,140.22899999999998,85.693,113.44400000000002,129.369,141.593,131.126,116.15599999999999,133.142,126.15299999999999,132.004,111.706,115.342,127.584,135.102,122.21000000000001,103.615,144.39700000000002,136.64299999999997,114.283,109.881,99.60499999999999,109.526,133.417,123.927,153.566,138.818,113.702,95.793,106.26400000000001,123.831,103.538,136.575,141.39800000000002,146.135,126.33,108.252,35.989,137.504,137.93,111.488,141.184,160.27499999999998,41.510999999999996,136.22899999999998,132.636,113.37299999999999,116.968,151.797,152.127,98.49900000000001,115.363,98.239,107.96900000000001,136.05700000000002,118.408,141.186
2025-07-01,115.483,125.52499999999999,128.953,90.043,126.79700000000001,142.22899999999998,136.36800000000002,139.031,115.478,158.39100000000002,115.48100000000001,129.46200000000002,131.433,140.65200000000002,133.74299999999997,81.41000000000001,107.705,128.02700000000002,99.95100000000001,90.371,102.009,82.918,76.459,98.24000000000001,130.784,123.27499999999999,133.053,140.695,75.62499999999999,146.44299999999998,119.49300000000001,111.3,138.901,185.606,133.17499999999998,125.22,115.24000000000001,144.869,137.22299999999998,151.751,136.98700000000002,123.65599999999999,127.071,127.32199999999999,121.333,120.16,125.209,185.526,114.41400000000002,124.37299999999999,142.296,125.755,116.529,117.046,187.04299999999998,149.995,131.611,123.55499999999999,141.493,125.199,129.046,120.586,127.9,111.627,140.654,97.46100000000001,211.343,138.843,109.36,97.44600000000001,110.736,138.469,154.894,132.495,132.01,98.192,110.549,131.43200000000002,131.32700000000003,129.15800000000002,113.915,127.21000000000001,137.041,109.79700000000001,98.886,125.46600000000001,129.45200000000003,140.655,113.269,121.1,157.657,113.471,129.272,124.44100000000002,132.07899999999998,154.89200000000002,123.531,130.05100000000002,132.053,134.977,126.728,120.63,92.727,120.666,125.202,148.53,133.409,112.21600000000001,132.67499999999998,133.75,121.198,128.664,136.35800000000003,146.535,36.152,140.617,112.67199999999998,119.492,144.29,127.91700000000002,97.44400000000002,140.61599999999999,84.929,114.56,129.815,141.04,131.425,116.527,132.82500000000002,126.523,132.6,111.766,115.455,128.07,135.03,122.815,101.68599999999999,145.333,137.136,115.504,110.271,100.235,109.31,132.795,124.236,154.88800000000003,138.977,113.288,98.242,107.48400000000001,121.69,103.131,136.58700000000002,141.38400000000001,148.349,127.609,109.257,35.585,138.64899999999997,137.97299999999998,112.67299999999999,141.51399999999998,160.752,41.553999999999995,135.248,133.297,113.884,117.79700000000001,152.406,153.67499999999998,97.45100000000001,114.462,98.09400000000001,107.74900000000001,136.524,117.48400000000001,141.516
2025-08-01,116.23100000000001,128.939,129.76299999999998,89.33,125.40100000000001,142.707,136.394,139.71599999999998,116.226,162.006,116.229,131.74499999999998,131.89100000000002,141.148,134.29399999999998,81.12199999999999,108.70400000000001,128.499,99.636,90.384,102.356,82.426,73.136,107.181,134.26899999999998,123.501,132.38600000000002,141.748,75.144,147.02800000000002,120.068,110.627,139.157,183.11599999999999,133.95200000000003,124.21900000000001,115.99000000000001,145.634,137.517,150.261,137.41,124.36,133.238,131.02,119.93700000000001,120.56400000000001,125.71700000000001,183.037,115.142,124.576,142.77299999999997,127.82,116.371,118.2,185.655,148.184,132.24699999999999,123.813,141.89700000000002,125.70700000000001,129.454,120.84400000000001,127.68299999999999,114.21700000000001,141.151,96.51700000000001,213.664,139.29299999999998,108.694,96.502,116.636,138.002,156.251,133.147,130.86100000000002,91.536,111.258,131.89000000000001,131.10899999999998,130.176,112.67999999999999,128.06,135.601,110.13499999999999,98.88499999999999,125.65499999999999,131.85600000000002,141.151,112.319,121.079,157.617,113.974,128.953,125.209,130.936,156.24899999999997,124.93100000000001,128.525,130.911,134.597,120.255,120.853,92.96700000000001,120.89,125.71100000000001,149.485,134.80200000000002,111.44200000000001,132.47299999999998,134.30100000000002,121.488,128.383,137.02200000000002,147.624,36.211,141.097,113.336,120.068,144.63899999999998,127.70400000000001,96.501,141.096,83.84100000000001,114.05499999999999,132.454,142.73899999999998,131.883,116.368,133.45200000000003,126.649,132.286,111.783,115.44800000000001,128.30700000000002,134.225,122.24900000000001,105.144,146.08700000000002,137.661,116.253,110.353,100.64,109.145,133.35500000000002,125.034,156.24499999999998,139.843,114.142,107.18299999999999,107.008,119.926,102.515,136.292,142.22299999999998,149.849,127.99600000000001,108.593,35.643,138.442,137.993,113.337,141.918,162.403,42.276,135.634,134.394,114.79700000000001,120.955,153.2,157.372,96.507,113.863,97.978,107.921,136.92200000000003,119.765,141.92000000000002
2025-09-01,117.93400000000001,132.01299999999998,130.176,90.085,125.69,143.3,137.354,141.03,117.929,163.994,117.932,131.788,132.28,141.186,134.873,83.361,108.833,128.966,99.631,90.15499999999999,102.892,82.607,71.974,108.323,133.667,122.93400000000001,131.702,141.29,75.085,147.47,121.24900000000001,109.898,138.728,183.437,134.44,123.923,116.31400000000001,146.069,137.98800000000003,149.993,143.38700000000003,123.98,133.238,129.286,121.085,121.614,125.82,183.35800000000003,114.74700000000001,125.034,143.365,132.395,116.45400000000001,118.154,177.71099999999998,146.879,132.36,124.62499999999999,142.20299999999997,125.81,128.71899999999997,121.181,127.985,115.408,141.189,95.233,214.753,139.42100000000002,109.896,95.218,114.49700000000001,139.707,157.51899999999998,134.048,129.94,91.362,111.563,132.27899999999997,129.665,128.32800000000003,113.502,127.193,135.624,111.28,98.88499999999999,126.277,135.334,141.189,112.68599999999999,122.35799999999999,159.55100000000002,114.086,128.64,125.41600000000001,130.025,157.517,126.194,128.989,130.003,133.83,120.215,120.98700000000001,93.609,121.024,125.81400000000001,150.52100000000002,134.505,111.55499999999999,133.122,134.879,121.70100000000001,129.185,137.88500000000002,148.617,35.83,141.309,112.68599999999999,121.24900000000001,144.80800000000002,128.009,95.21700000000001,141.309,83.64999999999999,116.554,133.364,144.155,132.272,116.45100000000001,133.83200000000002,126.71900000000001,133.501,111.84400000000001,115.724,128.823,134.323,122.666,104.124,145.36700000000002,138.076,117.956,111.438,100.754,109.516,133.97299999999998,125.07499999999999,157.51299999999998,139.906,115.181,108.32499999999999,107.832,119.88499999999999,103.009,139.17499999999998,142.916,149.917,128.79399999999998,109.793,35.26800000000001,137.965,138.817,112.68599999999999,142.224,163.37,41.85099999999999,135.914,134.10999999999999,114.803,120.891,154.74699999999999,157.677,95.223,112.22,98.298,107.68799999999999,137.53,123.538,142.226
2025-10-01,117.346,133.063,130.29899999999998,89.32199999999999,126.306,143.753,136.753,141.296,117.34100000000001,166.037,117.34400000000001,132.376,132.447,141.611,135.201,81.26,109.643,128.99800000000002,98.71600000000001,90.319,102.339,81.475,72.193,108.921,135.374,121.669,132.053,143.025,74.886,147.584,121.24600000000001,109.936,140.309,185.901,134.895,123.968,116.94500000000001,146.467,138.02200000000002,151.782,143.696,125.65299999999999,133.238,129.98700000000002,120.886,121.604,126.94400000000002,185.82000000000002,114.76,125.036,143.815,130.665,116.73400000000001,117.148,167.97,146.155,131.812,125.74900000000001,142.32700000000003,126.93400000000001,129.336,121.583,127.202,114.649,141.61299999999997,96.209,215.292,139.106,109.68499999999999,96.194,116.79400000000001,139.71299999999997,158.469,134.465,131.196,92.06700000000001,111.529,132.446,128.064,129.287,112.453,127.12799999999999,135.66,110.801,98.88499999999999,125.13799999999999,135.046,141.61399999999998,113.006,122.342,161.627,114.396,128.11399999999998,125.786,131.298,158.467,126.29700000000001,127.91600000000001,131.281,133.726,119.91600000000001,121.085,95.136,121.121,126.93700000000001,149.815,135.453,111.90100000000001,133.63,135.206,121.773,129.045,138.933,150.73,36.008,141.537,112.982,121.245,145.155,127.228,96.193,141.536,83.962,115.51400000000001,133.434,143.46200000000002,132.439,116.732,133.93800000000002,127.37299999999999,132.756,111.92,115.74700000000001,128.67499999999998,134.602,122.394,104.96300000000001,145.686,138.414,117.368,110.952,100.834,109.5,134.12800000000001,125.33,158.463,140.437,114.148,108.924,107.399,118.521,102.611,136.768,144.077,151.21299999999997,127.94900000000001,109.583,35.443,138.69299999999998,138.83800000000002,112.982,142.348,164.62,41.552,135.736,135.009,114.867,119.851,155.04899999999998,158.118,96.199,114.34700000000001,97.93900000000001,108.06,137.86,123.101,142.35000000000002
2025-11-01,116.762,133.569,130.42200000000003,88.565,126.93100000000001,144.35700000000003,136.155,141.564,116.757,168.105,116.76,132.967,132.61399999999998,142.037,135.529,79.212,110.46000000000001,129.03,97.81,90.887,101.789,80.35799999999999,72.015,109.523,137.102,120.41700000000002,132.404,144.792,74.68799999999999,147.69899999999998,121.242,109.975,141.90800000000002,188.39700000000002,135.35200000000003,124.012,117.57799999999999,146.812,138.055,150.77399999999997,143.95100000000002,127.348,133.238,130.691,120.687,121.59400000000001,127.533,188.316,114.773,125.038,144.418,134.236,117.015,119.10199999999999,158.762,145.434,132.416,126.883,142.45100000000002,127.52199999999999,129.95600000000002,121.95,126.424,113.894,142.039,97.195,215.72,138.738,109.475,97.17899999999999,119.13799999999999,139.71899999999997,159.425,134.621,132.474,92.77799999999999,111.49600000000001,132.612,126.483,130.254,111.41300000000001,127.06400000000001,135.695,110.324,98.884,124.008,134.758,142.04,113.327,122.327,163.731,114.41900000000001,127.589,126.15799999999999,132.58200000000002,159.423,126.399,126.85199999999999,132.57,133.295,119.617,121.389,96.68799999999999,121.426,127.526,149.37800000000001,135.606,112.248,133.977,135.533,121.978,128.906,140.724,152.873,36.186,141.765,113.279,121.242,145.505,126.45100000000001,97.17799999999998,141.76399999999998,84.274,114.483,133.504,142.771,132.606,117.012,133.79299999999998,128.031,132.016,111.94400000000002,115.784,128.52800000000002,134.88000000000002,122.12199999999999,105.81,146.006,138.74299999999997,116.784,110.468,100.91400000000002,109.485,134.691,125.585,159.41899999999998,141.034,113.124,109.526,106.96700000000001,116.26400000000001,102.21400000000001,134.403,145.24599999999998,153.883,127.11,109.37299999999999,35.619,139.42600000000002,139.315,113.279,142.472,165.87800000000001,41.256,135.424,135.14299999999997,114.93100000000001,118.82,155.35100000000003,158.56,97.184,116.516,97.582,108.433,138.191,122.66499999999999,142.474
2025-12-01,117.38,134.592,130.9,87.577,136.73,144.843,136.75,142.578,117.37499999999999,169.965,117.37799999999999,131.3,133.009,143.21499999999997,136.07899999999998,83.79100000000001,112.082,130.164,99.94600000000001,89.223,101.283,79.29100000000001,75.902,111.44500000000001,138.15800000000002,121.71700000000001,133.09,148.19899999999998,74.48400000000001,148.17899999999997,121.202,109.77799999999999,142.121,187.084,135.85500000000002,124.387,117.37599999999999,147.32200000000003,140.181,143.289,144.21699999999998,126.6,138.632,132.517,121.095,121.163,127.361,187.003,115.59700000000001,125.801,144.903,133.80700000000002,116.992,119.73,146.8,150.845,132.93800000000002,127.279,142.836,127.351,129.97299999999998,122.164,128.646,116.89,143.21699999999998,99.068,216.04899999999998,139.725,112.394,99.05199999999999,116.34700000000001,140.24499999999998,160.212,135.016,135.61599999999999,92.40700000000001,110.66499999999999,133.007,126.074,132.37,113.938,130.045,138.298,110.35,98.884,124.31,134.941,143.218,112.46300000000001,123.146,157.424,116.248,127.708,125.648,135.725,160.20899999999997,127.29,110.343,135.71299999999997,132.49200000000002,118.44000000000001,121.24600000000001,99.718,121.282,127.35499999999999,149.35000000000002,134.425,113.7,133.67499999999998,136.083,122.018,130.459,141.531,151.701,35.232000000000006,142.20499999999998,111.971,121.202,146.565,128.67299999999997,99.051,142.20399999999998,82.85499999999999,118.193,132.354,140.529,133.001,116.99000000000001,134.535,128.45100000000002,132.496,112.09700000000001,115.925,128.756,135.806,122.71700000000001,102.508,146.571,139.18800000000002,117.402,110.562,101.983,109.633,134.61899999999997,125.846,160.20499999999998,141.79899999999998,108.889,111.44800000000001,107.83,116.5,101.851,137.066,146.407,154.286,128.642,112.289,34.679,138.28,139.38000000000002,111.971,142.85800000000003,165.577,41.001,135.36100000000002,133.961,115.05199999999999,118.893,156.754,156.576,99.057,120.727,98.059,108.65899999999999,138.80200000000002,123.763,142.859
2026-01-01,116.35199999999999,137.38800000000003,131.401,89.029,138.905,146.76399999999998,138.36700000000002,143.45200000000003,116.348,169.353,116.351,131.48700000000002,133.236,143.17499999999998,135.38200000000003,85.15799999999999,110.785,130.253,101.542,89.536,102.533,81.742,76.773,113.111,136.025,122.381,134.26,148.82800000000003,74.645,150.11399999999998,121.49400000000001,111.62899999999999,141.969,187.92000000000002,136.261,124.49600000000001,116.147,147.64399999999998,138.98600000000002,140.403,144.39600000000002,128.51299999999998,136.02,132.132,124.932,121.96600000000001,127.48400000000001,187.839,114.68799999999999,129.667,146.82600000000002,129.51399999999998,117.574,121.48100000000001,136.515,152.30800000000002,133.81,128.865,143.192,127.474,131.30200000000002,125.79100000000001,128.99800000000002,116.364,143.178,95.154,215.36200000000002,139.798,114.93100000000001,95.139,114.702,141.696,159.586,135.11499999999998,134.684,90.813,110.925,133.23499999999999,124.133,129.27599999999998,114.396,131.127,136.048,110.755,98.884,123.953,137.995,143.178,111.721,124.299,154.25,116.36,128.172,126.134,134.77899999999997,159.584,127.66799999999999,111.41900000000001,134.766,133.27599999999998,124.421,121.81400000000001,101.13,121.851,127.477,150.85600000000002,131.627,114.04700000000001,134.463,135.38700000000003,122.163,130.015,141.842,143.023,34.63,142.515,112.85,121.49400000000001,146.77399999999997,129.025,95.13799999999999,142.515,83.549,123.94400000000002,130.029,141.295,133.228,117.57199999999999,134.65200000000002,128.97299999999998,135.64299999999997,112.46700000000001,118.166,130.536,135.98700000000002,123.053,104.293,147.206,138.924,116.374,111.21000000000001,106.526,109.624,135.39100000000002,126.154,159.58,141.907,111.66799999999999,113.114,108.409,118.488,104.238,136.758,146.508,148.82700000000003,128.389,114.824,34.086,141.507,139.568,112.851,143.21299999999997,168.974,41.423,136.305,131.495,115.256,118.32499999999999,156.88000000000002,156.727,95.144,121.10499999999999,98.55799999999999,107.534,139.90200000000002,127.363,143.21499999999997
2026-02-01,116.259,139.446,131.38100000000003,88.898,132.963,147.533,138.756,143.88200000000003,116.254,171.88100000000003,116.257,135.974,133.592,143.55800000000002,135.742,89.32,109.1,130.132,100.58,89.284,102.91100000000002,81.76400000000001,78.74900000000001,113.68799999999999,138.536,121.17499999999998,136.011,148.4,73.94200000000001,150.795,122.894,109.94600000000001,140.963,186.57,136.836,125.141,116.279,147.97299999999998,137.258,145.065,144.38800000000003,128.727,136.02,133.27399999999997,125.27799999999999,121.99400000000001,127.36,186.489,114.277,127.527,147.595,130.583,117.684,121.795,131.27499999999998,157.015,133.85500000000002,128.146,143.38000000000002,127.349,131.78,125.77,129.73499999999999,117.631,143.561,94.374,215.418,139.27299999999997,115.521,94.359,122.699,141.92100000000002,165.311,135.631,135.659,95.894,111.05199999999999,133.59,126.85,128.597,114.48400000000001,130.751,141.93200000000002,111.86999999999999,98.88499999999999,124.019,132.546,143.561,111.928,124.34700000000001,156.168,116.579,127.664,126.62199999999999,135.74699999999999,165.309,127.069,127.08,135.73399999999998,133.577,127.809,122.093,100.2,122.13,127.353,150.996,130.99,113.553,134.77899999999997,135.74599999999998,122.15299999999999,130.448,142.548,158.859,32.639,142.833,114.332,122.893,147.221,129.76,94.35799999999999,142.833,87.604,124.973,134.461,140.905,133.584,117.68199999999999,134.125,128.91,135.695,112.67599999999999,118.871,130.602,136.71899999999997,123.85799999999999,100.612,148.27499999999998,139.576,116.28,112.042,107.77,109.45700000000001,135.40200000000002,126.51700000000001,165.304,142.317,116.36999999999999,113.691,107.899,122.192,106.012,136.895,150.627,143.148,128.317,115.41300000000001,32.127,140.806,139.635,114.333,143.40200000000002,169.225,41.091,136.323,131.002,115.336,123.17099999999999,157.127,158.127,94.364,120.94400000000002,100.62499999999999,107.288,140.85600000000002,126.339,143.403
2026-03-01,116.7,141.54,131.72899999999998,88.99100000000001,133.531,147.476,138.41,143.511,116.695,170.89200000000002,116.698,136.52800000000002,134.748,143.991,136.617,90.65499999999999,109.293,129.771,99.809,89.301,103.429,82.965,81.09100000000001,112.088,138.694,120.393,136.88400000000001,151.843,75.614,151.258,123.353,111.228,142.11299999999997,186.58200000000002,137.124,125.144,116.37799999999999,148.394,137.91299999999998,143.335,144.129,128.101,136.02,132.83700000000002,125.65299999999999,121.482,127.96600000000001,186.502,115.789,128.017,147.539,158.606,117.896,120.12199999999999,126.86,155.646,134.67,126.45100000000001,143.653,127.956,133.647,126.02799999999999,128.68800000000002,117.90400000000001,143.993,97.66799999999999,216.162,140.75,116.23100000000001,97.65299999999999,124.133,141.106,164.996,136.011,137.15200000000002,95.039,110.85499999999999,134.74599999999998,127.192,126.712,116.351,130.638,140.447,112.085,98.88499999999999,123.44800000000001,131.61299999999997,143.994,109.23400000000001,124.276,158.45800000000003,116.587,127.859,127.209,137.237,164.994,128.871,129.547,137.22299999999998,133.25,129.442,122.504,99.67499999999998,122.54100000000001,127.959,150.403,130.363,113.24000000000001,135.349,136.621,122.193,130.46200000000002,142.623,207.578,32.39,143.23999999999998,114.036,123.353,147.57299999999998,128.712,97.65199999999999,143.23899999999998,86.657,129.201,133.912,141.107,134.73899999999998,117.893,135.36,129.846,135.38100000000003,112.93,118.956,129.845,136.692,124.98100000000001,100.161,148.689,137.292,116.722,112.17299999999999,106.609,107.80799999999999,135.963,126.892,164.99,142.606,114.20100000000001,112.09100000000001,108.815,121.032,105.799,137.89600000000002,149.77299999999997,139.476,129.431,116.12199999999999,31.881,139.046,139.73,114.037,143.67399999999998,169.334,40.679,137.36800000000002,130.45100000000002,115.687,124.887,157.784,160.10899999999998,97.65799999999999,119.663,102.398,107.702,141.687,128.11299999999997,143.676
2026-04-01,117.33,144.464,132.448,89.12499999999999,135.21099999999998,147.624,138.036,142.454,117.32499999999999,175.437,117.32799999999999,134.64299999999997,135.60999999999999,144.147,137.13,92.12799999999999,107.88799999999999,128.869,99.812,89.106,104.788,83.689,83.23,115.877,140.483,121.139,136.535,153.533,76.18799999999999,152.712,123.215,109.62499999999999,145.154,176.778,137.38700000000003,125.397,116.925,149.181,136.89600000000002,147.60299999999998,144.407,130.078,139.66899999999998,132,122.926,121.06,128.208,176.702,116.756,129.873,147.687,167.61499999999998,118.13199999999999,120.96100000000001,128.721,155.53,134.58,127.323,144.436,128.198,132.153,126.34100000000001,128.345,121.263,144.15,97.482,219.459,140.455,116.471,97.46600000000001,128.728,142.523,162.183,136.736,137.7,92.627,110.729,135.60899999999998,129.32000000000002,126.329,116.52,129.76399999999998,139.394,112.49700000000001,98.88499999999999,123.26,133.252,144.15,109.32499999999999,124.024,167,117.689,129.853,127.637,137.79299999999998,162.18,129.162,127.609,137.772,133.317,124.598,122.24100000000001,100.73700000000001,122.27799999999999,128.201,151.42700000000002,130.54,111.432,136.29,137.135,121.998,130.448,143.493,219.721,32.443,143.999,113.039,123.215,147.92600000000002,128.36800000000002,97.465,143.99800000000002,84.535,129.756,133.91299999999998,142.791,135.602,118.13,134.87,129.87800000000001,135.596,113.081,118.712,130.671,135.46800000000002,124.77499999999999,97.23400000000001,149.15200000000002,138.01399999999998,117.351,112.277,106.473,107.836,136.534,127.226,162.176,143.005,113.99600000000001,115.87899999999999,110.329,119.057,105.35499999999999,140.585,148.112,140.02100000000002,129.124,116.362,31.934,142.607,139.508,113.039,144.45700000000002,170.141,41.164,135.508,130.45200000000003,115.55799999999999,129.698,157.68200000000002,159.805,97.471,120.796,102.515,107.37899999999999,142.026,128.237,144.459
2026-05-01,118.371,149.324,132.642,88.46600000000001,134.74899999999997,148.291,139.218,143.112,118.366,172.584,118.369,134.123,136.251,144.57299999999998,137.254,90.397,108.923,130.27399999999997,97.71000000000001,90.46100000000001,104.34100000000001,83.832,84.113,113.684,142.069,119.15499999999999,139.105,149.866,76.151,152.86,123.08,110.68799999999999,146.065,179.066,137.32000000000002,125.43700000000001,116.91700000000002,149.61499999999998,133.565,150.86700000000002,144.54299999999998,131.641,139.66899999999998,132.24899999999997,121.38799999999999,120.198,128.497,178.98800000000003,116.893,128.423,148.354,179.083,118.181,121.617,133.88800000000003,154.68800000000002,134.57299999999998,126.585,144.95800000000003,128.48700000000002,132.45600000000002,126.819,129.29,121.815,144.576,96.763,221.991,140.36200000000002,113.79400000000001,96.748,133.474,142.912,163.712,137.493,137.10399999999998,91.803,110.17099999999999,136.25,132.52100000000002,126.026,115.359,128.494,142.91299999999998,112.895,98.88499999999999,123.862,130.82600000000002,144.577,111.66499999999999,124.566,163.71299999999997,117.798,132.656,128.037,137.201,163.70899999999997,128.88100000000003,126.71600000000001,137.176,133.30700000000002,119.348,122.15299999999999,101.509,122.19,128.49,152.58800000000002,130.88700000000003,110.49700000000001,136.791,137.259,121.637,130.38700000000003,144.835,228.11499999999998,32.363,144.418,113.043,123.08,148.38200000000003,129.312,96.74700000000001,144.418,85.021,124.868,133.51,142.43,136.24299999999997,118.17899999999999,134.765,131.126,135.35200000000003,113.21700000000001,118.87899999999999,131.001,136.23899999999998,123.87599999999999,97.93700000000001,149.48200000000003,138.40800000000002,118.393,113.103,106.89,106.866,137.24099999999999,127.49700000000001,163.70499999999998,143.318,113.639,113.68599999999999,111.01700000000001,118.57199999999999,105.953,140.415,150.195,145.823,128.063,113.687,31.855,145.556,139.49200000000002,113.043,144.98000000000002,171.854,40.548,137.112,130.59,115.592,130.34,158.534,161.07299999999998,96.753,118.9,102.005,107.46600000000001,142.364,126.67799999999998,144.98200000000003
2026-06-01,121.31400000000001,148.997,133.009,88.43400000000001,134.474,147.88600000000002,139.411,145.036,121.309,174.689,121.312,130.414,135.676,145.157,137.83100000000002,90.824,107.383,131.67,96.49400000000001,89.196,104.415,83.23,85.193,111.897,139.162,120.792,139.10999999999999,151.38700000000003,78.029,153.697,123.40100000000001,111.765,144.546,187.786,137.04299999999998,126.587,116.96300000000001,149.977,135.524,148.964,144.64899999999997,131.74399999999997,139.66899999999998,132.933,121.029,120.799,129.348,187.70499999999998,117.41600000000001,128.23399999999998,147.94899999999998,161.895,118.26100000000001,121.233,139.599,155.415,135.033,127.532,145.17499999999998,129.33800000000002,133.98800000000003,127.01,129.489,118.44900000000001,145.16,95.194,223.79399999999998,140.38800000000003,115.639,95.17899999999999,125.459,141.237,164.62800000000001,137.74699999999999,135.685,91.203,110.146,135.67399999999998,130.474,127.72,114.708,126.40100000000001,146.029,112.81400000000001,98.88499999999999,123.834,133.26999999999998,145.161,110.723,125.019,168.661,117.91300000000001,135.251,128.04899999999998,135.784,164.625,128.98600000000002,126.476,135.758,133.046,125.489,121.928,102.24900000000001,121.965,129.341,150.999,130.343,110.621,137.18800000000002,137.836,121.664,131.227,145.477,207.21099999999998,31.935,144.767,111.456,123.40100000000001,148.71399999999997,129.51,95.17799999999998,144.767,91.551,116.62799999999999,135.10399999999998,140.86100000000002,135.667,118.259,134.98600000000002,130.88400000000001,136.181,113.21400000000001,118.992,130.672,134.93200000000002,124.061,95.823,149.599,138.562,121.337,114.859,107.38499999999999,106.79100000000001,137.093,127.62499999999999,164.621,143.677,111.726,111.899,110.644,119.327,106.41900000000001,139.416,151.164,150.01899999999998,128.164,115.531,31.434,145.406,139.324,111.45700000000001,145.197,170.68200000000002,40.58,137.95600000000002,130.292,115.465,128.505,159.525,162.829,95.184,121.968,101.99900000000001,106.93100000000001,142.976,125.37499999999999,145.19899999999998
2026-07-01,121.90400000000001,149.30800000000002,133.55,88.696,134.69,146.22899999999998,139.577,145.112,121.899,173.231,121.902,128.541,135.77599999999998,145.474,138.281,89.91000000000001,105.848,132.08700000000002,95.44900000000001,89.549,105.04700000000001,86.134,85.866,110.90400000000001,139.592,119.96000000000001,139.864,151.445,78.65199999999999,154.27299999999997,123.569,112.63199999999999,144.737,197.27499999999998,137.751,127.18199999999999,117.311,150.36800000000002,135.141,144.82700000000003,144.71599999999998,132.32600000000002,139.66899999999998,133.26399999999998,119.222,120.77,129.496,197.19,120.045,128.04899999999998,146.291,157.026,119.098,124.333,138.918,156.47,134.98600000000002,128.018,145.547,129.485,133.51,127.21000000000001,129.124,114.508,145.476,93.163,224.89200000000002,139.972,116.986,93.149,127.56400000000001,142.537,165.08700000000002,137.93200000000002,135.08,92.645,110.789,135.77399999999997,130.621,134.721,115.301,127.253,145.24399999999997,113.6,98.88499999999999,124.136,132.15200000000002,145.477,108.627,124.432,169.959,117.99000000000001,135.86700000000002,127.869,135.17899999999997,165.085,128.176,124.94400000000002,135.15200000000002,133.491,121.768,121.959,98.706,121.99600000000001,129.489,151.117,131.02200000000002,110.27499999999999,137.545,138.286,121.74400000000001,131.107,145.091,203.767,31.894000000000002,145.14499999999998,109.618,123.569,149.14399999999998,129.14499999999998,93.148,145.14399999999998,93.429,125.076,138.38600000000002,142.141,135.767,119.096,134.66899999999998,130.977,135.787,113.109,119.723,128.655,134.38100000000003,124.91100000000002,100.49600000000001,150.942,138.872,121.927,115.007,108.228,105.96400000000001,137.947,128.02100000000002,165.08100000000002,144.006,114.17699999999999,110.906,111.166,119.16499999999999,106.07499999999999,138.10399999999998,151.859,152.476,128.48000000000002,116.877,31.393,144.944,139.277,109.618,145.568,171.532,41.266000000000005,138.88000000000002,130.811,115.51400000000001,125.18799999999999,159.292,163.85100000000003,93.154,119.71600000000001,101.24300000000001,106.79,143.32100000000003,129.88000000000002,145.57
2026-08-01,124.145,154.017,133.68200000000002,87.574,134.155,148.937,139.71599999999998,145.65200000000002,124.14,171.52800000000002,124.143,130.265,136.313,146.072,139.651,89.04700000000001,105.05799999999999,131.24699999999999,96.506,91.438,105.23100000000001,89.37499999999999,84.55199999999999,110.978,139.65800000000002,121.299,138.964,150.671,76.854,154.58700000000002,123.776,111.83,144.429,198.511,139.70999999999998,127.977,117.498,150.653,137.156,144.82700000000003,144.785,132.38400000000001,127.013,131.23299999999998,120.962,119.63199999999999,130.134,198.425,119.478,128.342,149.001,163.509,119.646,124.52199999999999,142.93,154.683,135.10899999999998,127.606,145.79899999999998,130.124,133.024,127.486,128.66899999999998,117.584,146.075,92.94800000000001,225.437,139.43,117.897,92.933,125.70700000000001,142.85800000000003,166.10299999999998,137.4,134.231,92.427,110.51100000000001,136.312,131.836,138.222,116.751,128.547,150.40800000000002,114.232,98.88499999999999,123.974,133.804,146.076,110.199,124.894,169.21599999999998,118.227,134.237,128.162,134.329,166.1,128.586,122.631,134.303,133.30200000000002,124.45100000000001,122.312,97.288,122.349,130.12800000000001,149.814,131.414,109.17199999999998,137.701,139.657,122.062,130.909,146.10999999999999,224.445,31.119000000000003,145.42000000000002,110.754,123.776,149.469,128.69,92.932,145.42000000000002,87.703,129.33800000000002,134.74299999999997,142.97299999999998,136.305,119.644,134.226,130.316,136.45800000000003,113.184,119.782,129.106,134.863,124.613,102.82,152.52700000000002,139.191,124.16799999999999,116.16199999999999,108.13499999999999,105.929,137.14399999999998,128.863,166.096,144.012,115.66499999999999,110.98,110.87799999999999,118.929,106.07,140.17899999999997,150.83700000000002,154.314,128.491,117.787,30.630000000000003,144.516,139.316,110.755,145.82100000000003,172.624,41.849,138.67499999999998,131.289,116.283,124.071,160.477,165.61399999999998,92.938,120.01400000000001,101.465,106.779,143.656,130.788,145.823
