date,flow,hs_code,partner,value
2021-10-01,exports,847130,Mexico,36582059
2021-11-01,exports,847130,Mexico,25879037
2021-12-01,exports,847130,Mexico,34565126
2022-01-01,exports,847130,Mexico,35424717
2022-02-01,exports,847130,Mexico,24513175
2022-03-01,exports,847130,Mexico,30862712
2022-04-01,exports,847130,Mexico,31145496
2022-05-01,exports,847130,Mexico,25443388
2022-06-01,exports,847130,Mexico,31257975
2022-07-01,exports,847130,Mexico,29193292
2022-08-01,exports,847130,Mexico,25040653
2022-09-01,exports,847130,Mexico,36811072
2022-10-01,exports,847130,Mexico,44736810
2022-11-01,exports,847130,Mexico,54626891
2022-12-01,exports,847130,Mexico,45353600
2023-01-01,exports,847130,Mexico,78744970
2023-02-01,exports,847130,Mexico,62714676
2023-03-01,exports,847130,Mexico,75530261
2023-04-01,exports,847130,Mexico,79652393
2023-05-01,exports,847130,Mexico,99087339
2023-06-01,exports,847130,Mexico,63751775
2023-07-01,exports,847130,Mexico,74483550
2023-08-01,exports,847130,Mexico,67973735
2023-09-01,exports,847130,Mexico,51629521
2023-10-01,exports,847130,Mexico,103715969
2023-11-01,exports,847130,Mexico,62505043
2023-12-01,exports,847130,Mexico,41171713
2024-01-01,exports,847130,Mexico,42569579
2024-02-01,exports,847130,Mexico,53653828
2024-03-01,exports,847130,Mexico,55773316
2024-04-01,exports,847130,Mexico,77270138
2024-05-01,exports,847130,Mexico,62098306
2024-06-01,exports,847130,Mexico,31653333
2024-07-01,exports,847130,Mexico,39187998
2024-08-01,exports,847130,Mexico,48192205
2024-09-01,exports,847130,Mexico,45850596
2024-10-01,exports,847130,Mexico,60145522
2024-11-01,exports,847130,Mexico,42296630
2024-12-01,exports,847130,Mexico,32123905
2025-01-01,exports,847130,Mexico,34921769
2025-02-01,exports,847130,Mexico,40822298
2025-03-01,exports,847130,Mexico,47352504
2025-04-01,exports,847130,Mexico,41539021
2025-05-01,exports,847130,Mexico,44569518
2025-06-01,exports,847130,Mexico,61177216
2025-07-01,exports,847130,Mexico,50010718
2025-08-01,exports,847130,Mexico,54035074
2025-09-01,exports,847130,Mexico,37264183
2025-10-01,exports,847130,Mexico,97517374
2025-11-01,exports,847130,Mexico,81871902
2025-12-01,exports,847130,Mexico,35517479
2026-01-01,exports,847130,Mexico,185506249
2026-02-01,exports,847130,Mexico,30270954
2026-03-01,exports,847130,Mexico,63081631
2026-04-01,exports,847130,Mexico,40278424
2026-05-01,exports,847130,Mexico,39342316
2026-06-01,exports,847130,Mexico,38983345
2026-07-01,exports,847130,Mexico,45440317
2021-10-01,exports,847130,Other,731367888
2021-11-01,exports,847130,Other,673390407
2021-12-01,exports,847130,Other,724556938
2022-01-01,exports,847130,Other,535689471
2022-02-01,exports,847130,Other,535822780
2022-03-01,exports,847130,Other,642798356
2022-04-01,exports,847130,Other,511137832
2022-05-01,exports,847130,Other,449785586
2022-06-01,exports,847130,Other,447943630
2022-07-01,exports,847130,Other,527717222
2022-08-01,exports,847130,Other,580879620
2022-09-01,exports,847130,Other,577488680
2022-10-01,exports,847130,Other,634713551
2022-11-01,exports,847130,Other,593191014
2022-12-01,exports,847130,Other,553319461
2023-01-01,exports,847130,Other,498129904
2023-02-01,exports,847130,Other,535656441
2023-03-01,exports,847130,Other,539999970
2023-04-01,exports,847130,Other,521631952
2023-05-01,exports,847130,Other,499614261
2023-06-01,exports,847130,Other,516284260
2023-07-01,exports,847130,Other,573625176
2023-08-01,exports,847130,Other,638087454
2023-09-01,exports,847130,Other,554064704
2023-10-01,exports,847130,Other,598174300
2023-11-01,exports,847130,Other,609643704
2023-12-01,exports,847130,Other,572490802
2024-01-01,exports,847130,Other,442998750
2024-02-01,exports,847130,Other,452234153
2024-03-01,exports,847130,Other,513645924
2024-04-01,exports,847130,Other,432642230
2024-05-01,exports,847130,Other,510911539
2024-06-01,exports,847130,Other,509198923
2024-07-01,exports,847130,Other,501870181
2024-08-01,exports,847130,Other,567361686
2024-09-01,exports,847130,Other,558031842
2024-10-01,exports,847130,Other,527257913
2024-11-01,exports,847130,Other,590171935
2024-12-01,exports,847130,Other,522975340
2025-01-01,exports,847130,Other,599792326
2025-02-01,exports,847130,Other,451773854
2025-03-01,exports,847130,Other,515904399
2025-04-01,exports,847130,Other,409252664
2025-05-01,exports,847130,Other,478614079
2025-06-01,exports,847130,Other,418714013
2025-07-01,exports,847130,Other,503874153
2025-08-01,exports,847130,Other,571610178
2025-09-01,exports,847130,Other,455022472
2025-10-01,exports,847130,Other,562321842
2025-11-01,exports,847130,Other,614590000
2025-12-01,exports,847130,Other,592351593
2026-01-01,exports,847130,Other,501508618
2026-02-01,exports,847130,Other,507490886
2026-03-01,exports,847130,Other,533697987
2026-04-01,exports,847130,Other,583080624
2026-05-01,exports,847130,Other,525719659
2026-06-01,exports,847130,Other,492544246
2026-07-01,exports,847130,Other,564956143
2021-10-01,exports,847130,Taiwan,678999
2021-11-01,exports,847130,Taiwan,832423
2021-12-01,exports,847130,Taiwan,579931
2022-01-01,exports,847130,Taiwan,872808
2022-02-01,exports,847130,Taiwan,581722
2022-03-01,exports,847130,Taiwan,729259
2022-04-01,exports,847130,Taiwan,966976
2022-05-01,exports,847130,Taiwan,472710
2022-06-01,exports,847130,Taiwan,1042654
2022-07-01,exports,847130,Taiwan,932884
2022-08-01,exports,847130,Taiwan,919780
2022-09-01,exports,847130,Taiwan,1510785
2022-10-01,exports,847130,Taiwan,2944836
2022-11-01,exports,847130,Taiwan,938228
2022-12-01,exports,847130,Taiwan,1088713
2023-01-01,exports,847130,Taiwan,708177
2023-02-01,exports,847130,Taiwan,1257655
2023-03-01,exports,847130,Taiwan,1079361
2023-04-01,exports,847130,Taiwan,2285729
2023-05-01,exports,847130,Taiwan,1281525
2023-06-01,exports,847130,Taiwan,4663976
2023-07-01,exports,847130,Taiwan,805941
2023-08-01,exports,847130,Taiwan,739909
2023-09-01,exports,847130,Taiwan,1497924
2023-10-01,exports,847130,Taiwan,615905
2023-11-01,exports,847130,Taiwan,740413
2023-12-01,exports,847130,Taiwan,1255293
2024-01-01,exports,847130,Taiwan,788755
2024-02-01,exports,847130,Taiwan,420925
2024-03-01,exports,847130,Taiwan,839151
2024-04-01,exports,847130,Taiwan,1154681
2024-05-01,exports,847130,Taiwan,1156081
2024-06-01,exports,847130,Taiwan,813713
2024-07-01,exports,847130,Taiwan,869857
2024-08-01,exports,847130,Taiwan,685547
2024-09-01,exports,847130,Taiwan,611751
2024-10-01,exports,847130,Taiwan,751397
2024-11-01,exports,847130,Taiwan,2042940
2024-12-01,exports,847130,Taiwan,1506155
2025-01-01,exports,847130,Taiwan,560519
2025-02-01,exports,847130,Taiwan,1622672
2025-03-01,exports,847130,Taiwan,1387356
2025-04-01,exports,847130,Taiwan,807654
2025-05-01,exports,847130,Taiwan,801022
2025-06-01,exports,847130,Taiwan,3113947
2025-07-01,exports,847130,Taiwan,563829
2025-08-01,exports,847130,Taiwan,877892
2025-09-01,exports,847130,Taiwan,769804
2025-10-01,exports,847130,Taiwan,1003914
2025-11-01,exports,847130,Taiwan,1716654
2025-12-01,exports,847130,Taiwan,1263174
2026-01-01,exports,847130,Taiwan,898310
2026-02-01,exports,847130,Taiwan,662366
2026-03-01,exports,847130,Taiwan,1255235
2026-04-01,exports,847130,Taiwan,1469838
2026-05-01,exports,847130,Taiwan,1857638
2026-06-01,exports,847130,Taiwan,1073799
2026-07-01,exports,847130,Taiwan,1299897
2021-10-01,exports,847141,Mexico,2314290
2021-11-01,exports,847141,Mexico,2977830
2021-12-01,exports,847141,Mexico,5384420
2022-01-01,exports,847141,Mexico,5003427
2022-02-01,exports,847141,Mexico,4485517
2022-03-01,exports,847141,Mexico,6226377
2022-04-01,exports,847141,Mexico,2983604
2022-05-01,exports,847141,Mexico,4118973
2022-06-01,exports,847141,Mexico,5399229
2022-07-01,exports,847141,Mexico,7413943
2022-08-01,exports,847141,Mexico,4145741
2022-09-01,exports,847141,Mexico,7210328
2022-10-01,exports,847141,Mexico,6296237
2022-11-01,exports,847141,Mexico,9135774
2022-12-01,exports,847141,Mexico,8632677
2023-01-01,exports,847141,Mexico,7393728
2023-02-01,exports,847141,Mexico,10316765
2023-03-01,exports,847141,Mexico,7721535
2023-04-01,exports,847141,Mexico,5986315
2023-05-01,exports,847141,Mexico,8008099
2023-06-01,exports,847141,Mexico,7349209
2023-07-01,exports,847141,Mexico,5596245
2023-08-01,exports,847141,Mexico,5195551
2023-09-01,exports,847141,Mexico,7280362
2023-10-01,exports,847141,Mexico,3984201
2023-11-01,exports,847141,Mexico,5863662
2023-12-01,exports,847141,Mexico,5479775
2024-01-01,exports,847141,Mexico,6348392
2024-02-01,exports,847141,Mexico,6454738
2024-03-01,exports,847141,Mexico,5799189
2024-04-01,exports,847141,Mexico,9393496
2024-05-01,exports,847141,Mexico,9314253
2024-06-01,exports,847141,Mexico,5420984
2024-07-01,exports,847141,Mexico,6256038
2024-08-01,exports,847141,Mexico,5993385
2024-09-01,exports,847141,Mexico,8175982
2024-10-01,exports,847141,Mexico,11812541
2024-11-01,exports,847141,Mexico,5256871
2024-12-01,exports,847141,Mexico,11297080
2025-01-01,exports,847141,Mexico,4721924
2025-02-01,exports,847141,Mexico,3274578
2025-03-01,exports,847141,Mexico,5377596
2025-04-01,exports,847141,Mexico,5559103
2025-05-01,exports,847141,Mexico,7208058
2025-06-01,exports,847141,Mexico,6625628
2025-07-01,exports,847141,Mexico,5084914
2025-08-01,exports,847141,Mexico,4773721
2025-09-01,exports,847141,Mexico,5131846
2025-10-01,exports,847141,Mexico,7649698
2025-11-01,exports,847141,Mexico,4404645
2025-12-01,exports,847141,Mexico,3723816
2026-01-01,exports,847141,Mexico,5019394
2026-02-01,exports,847141,Mexico,5243050
2026-03-01,exports,847141,Mexico,5904121
2026-04-01,exports,847141,Mexico,6682569
2026-05-01,exports,847141,Mexico,10619117
2026-06-01,exports,847141,Mexico,5067945
2026-07-01,exports,847141,Mexico,11768647
2021-10-01,exports,847141,Other,86673574
2021-11-01,exports,847141,Other,92228352
2021-12-01,exports,847141,Other,97098974
2022-01-01,exports,847141,Other,81513172
2022-02-01,exports,847141,Other,77699749
2022-03-01,exports,847141,Other,87881689
2022-04-01,exports,847141,Other,71854938
2022-05-01,exports,847141,Other,68148896
2022-06-01,exports,847141,Other,83783374
2022-07-01,exports,847141,Other,70014927
2022-08-01,exports,847141,Other,73474106
2022-09-01,exports,847141,Other,99786388
2022-10-01,exports,847141,Other,80529798
2022-11-01,exports,847141,Other,72527133
2022-12-01,exports,847141,Other,85093167
2023-01-01,exports,847141,Other,76035305
2023-02-01,exports,847141,Other,69216514
2023-03-01,exports,847141,Other,88968745
2023-04-01,exports,847141,Other,77230107
2023-05-01,exports,847141,Other,74583357
2023-06-01,exports,847141,Other,85464372
2023-07-01,exports,847141,Other,68027255
2023-08-01,exports,847141,Other,81402808
2023-09-01,exports,847141,Other,126400889
2023-10-01,exports,847141,Other,69692998
2023-11-01,exports,847141,Other,73083145
2023-12-01,exports,847141,Other,95271492
2024-01-01,exports,847141,Other,77356542
2024-02-01,exports,847141,Other,75423408
2024-03-01,exports,847141,Other,92575742
2024-04-01,exports,847141,Other,68525511
2024-05-01,exports,847141,Other,68847569
2024-06-01,exports,847141,Other,67804613
2024-07-01,exports,847141,Other,65535219
2024-08-01,exports,847141,Other,74950946
2024-09-01,exports,847141,Other,73165154
2024-10-01,exports,847141,Other,69845510
2024-11-01,exports,847141,Other,86828273
2024-12-01,exports,847141,Other,75158838
2025-01-01,exports,847141,Other,64039204
2025-02-01,exports,847141,Other,69672101
2025-03-01,exports,847141,Other,86830178
2025-04-01,exports,847141,Other,76573218
2025-05-01,exports,847141,Other,84360703
2025-06-01,exports,847141,Other,62863602
2025-07-01,exports,847141,Other,72440303
2025-08-01,exports,847141,Other,76527316
2025-09-01,exports,847141,Other,70838357
2025-10-01,exports,847141,Other,82131214
2025-11-01,exports,847141,Other,92002095
2025-12-01,exports,847141,Other,82588934
2026-01-01,exports,847141,Other,64392333
2026-02-01,exports,847141,Other,80990618
2026-03-01,exports,847141,Other,108172216
2026-04-01,exports,847141,Other,92147797
2026-05-01,exports,847141,Other,87126837
2026-06-01,exports,847141,Other,89351094
2026-07-01,exports,847141,Other,95627982
2021-10-01,exports,847141,Taiwan,532614
2021-11-01,exports,847141,Taiwan,743244
2021-12-01,exports,847141,Taiwan,525767
2022-01-01,exports,847141,Taiwan,288716
2022-02-01,exports,847141,Taiwan,396618
2022-03-01,exports,847141,Taiwan,783031
2022-04-01,exports,847141,Taiwan,381728
2022-05-01,exports,847141,Taiwan,732763
2022-06-01,exports,847141,Taiwan,548956
2022-07-01,exports,847141,Taiwan,385602
2022-08-01,exports,847141,Taiwan,1566240
2022-09-01,exports,847141,Taiwan,1121335
2022-10-01,exports,847141,Taiwan,1551975
2022-11-01,exports,847141,Taiwan,1216154
2022-12-01,exports,847141,Taiwan,889744
2023-01-01,exports,847141,Taiwan,988279
2023-02-01,exports,847141,Taiwan,958610
2023-03-01,exports,847141,Taiwan,1918380
2023-04-01,exports,847141,Taiwan,920159
2023-05-01,exports,847141,Taiwan,1446054
2023-06-01,exports,847141,Taiwan,1473515
2023-07-01,exports,847141,Taiwan,2470524
2023-08-01,exports,847141,Taiwan,1918537
2023-09-01,exports,847141,Taiwan,884765
2023-10-01,exports,847141,Taiwan,953740
2023-11-01,exports,847141,Taiwan,1372978
2023-12-01,exports,847141,Taiwan,564387
2024-01-01,exports,847141,Taiwan,814072
2024-02-01,exports,847141,Taiwan,1461083
2024-03-01,exports,847141,Taiwan,876485
2024-04-01,exports,847141,Taiwan,619472
2024-05-01,exports,847141,Taiwan,439901
2024-06-01,exports,847141,Taiwan,812943
2024-07-01,exports,847141,Taiwan,5887020
2024-08-01,exports,847141,Taiwan,531501
2024-09-01,exports,847141,Taiwan,1237829
2024-10-01,exports,847141,Taiwan,939226
2024-11-01,exports,847141,Taiwan,1753160
2024-12-01,exports,847141,Taiwan,2011214
2025-01-01,exports,847141,Taiwan,1408905
2025-02-01,exports,847141,Taiwan,567817
2025-03-01,exports,847141,Taiwan,2508876
2025-04-01,exports,847141,Taiwan,510892
2025-05-01,exports,847141,Taiwan,1868462
2025-06-01,exports,847141,Taiwan,451983
2025-07-01,exports,847141,Taiwan,817345
2025-08-01,exports,847141,Taiwan,517195
2025-09-01,exports,847141,Taiwan,688238
2025-10-01,exports,847141,Taiwan,1322162
2025-11-01,exports,847141,Taiwan,557921
2025-12-01,exports,847141,Taiwan,984314
2026-01-01,exports,847141,Taiwan,1207296
2026-02-01,exports,847141,Taiwan,815852
2026-03-01,exports,847141,Taiwan,1207143
2026-04-01,exports,847141,Taiwan,1172023
2026-05-01,exports,847141,Taiwan,953450
2026-06-01,exports,847141,Taiwan,1574163
2026-07-01,exports,847141,Taiwan,1301385
2021-10-01,exports,847149,Mexico,4504659
2021-11-01,exports,847149,Mexico,4665229
2021-12-01,exports,847149,Mexico,6865105
2022-01-01,exports,847149,Mexico,6719510
2022-02-01,exports,847149,Mexico,7583303
2022-03-01,exports,847149,Mexico,4846795
2022-04-01,exports,847149,Mexico,3576580
2022-05-01,exports,847149,Mexico,5219716
2022-06-01,exports,847149,Mexico,4137511
2022-07-01,exports,847149,Mexico,4815123
2022-08-01,exports,847149,Mexico,4302308
2022-09-01,exports,847149,Mexico,6275086
2022-10-01,exports,847149,Mexico,9102879
2022-11-01,exports,847149,Mexico,6214610
2022-12-01,exports,847149,Mexico,3189230
2023-01-01,exports,847149,Mexico,7014251
2023-02-01,exports,847149,Mexico,3880794
2023-03-01,exports,847149,Mexico,6820946
2023-04-01,exports,847149,Mexico,3449060
2023-05-01,exports,847149,Mexico,5217620
2023-06-01,exports,847149,Mexico,3378903
2023-07-01,exports,847149,Mexico,4107737
2023-08-01,exports,847149,Mexico,4449631
2023-09-01,exports,847149,Mexico,3049198
2023-10-01,exports,847149,Mexico,5934962
2023-11-01,exports,847149,Mexico,2979213
2023-12-01,exports,847149,Mexico,4809362
2024-01-01,exports,847149,Mexico,7847927
2024-02-01,exports,847149,Mexico,4856086
2024-03-01,exports,847149,Mexico,11018363
2024-04-01,exports,847149,Mexico,12570991
2024-05-01,exports,847149,Mexico,5343843
2024-06-01,exports,847149,Mexico,5733793
2024-07-01,exports,847149,Mexico,5216826
2024-08-01,exports,847149,Mexico,4647939
2024-09-01,exports,847149,Mexico,7260521
2024-10-01,exports,847149,Mexico,4397125
2024-11-01,exports,847149,Mexico,3954242
2024-12-01,exports,847149,Mexico,4157928
2025-01-01,exports,847149,Mexico,4219688
2025-02-01,exports,847149,Mexico,2585230
2025-03-01,exports,847149,Mexico,3952297
2025-04-01,exports,847149,Mexico,4419679
2025-05-01,exports,847149,Mexico,2533129
2025-06-01,exports,847149,Mexico,2830836
2025-07-01,exports,847149,Mexico,4843437
2025-08-01,exports,847149,Mexico,3534916
2025-09-01,exports,847149,Mexico,5123348
2025-10-01,exports,847149,Mexico,4254750
2025-11-01,exports,847149,Mexico,4616309
2025-12-01,exports,847149,Mexico,4757398
2026-01-01,exports,847149,Mexico,7114140
2026-02-01,exports,847149,Mexico,1405415
2026-03-01,exports,847149,Mexico,2359909
2026-04-01,exports,847149,Mexico,21617849
2026-05-01,exports,847149,Mexico,4176898
2026-06-01,exports,847149,Mexico,1536544
2026-07-01,exports,847149,Mexico,5361353
2021-10-01,exports,847149,Other,128601125
2021-11-01,exports,847149,Other,100013674
2021-12-01,exports,847149,Other,124183234
2022-01-01,exports,847149,Other,113345824
2022-02-01,exports,847149,Other,107216159
2022-03-01,exports,847149,Other,141205849
2022-04-01,exports,847149,Other,126579450
2022-05-01,exports,847149,Other,156829969
2022-06-01,exports,847149,Other,109789317
2022-07-01,exports,847149,Other,152348902
2022-08-01,exports,847149,Other,132639430
2022-09-01,exports,847149,Other,134299541
2022-10-01,exports,847149,Other,159737739
2022-11-01,exports,847149,Other,157280497
2022-12-01,exports,847149,Other,170270372
2023-01-01,exports,847149,Other,116736942
2023-02-01,exports,847149,Other,88768091
2023-03-01,exports,847149,Other,120191431
2023-04-01,exports,847149,Other,107234352
2023-05-01,exports,847149,Other,86493050
2023-06-01,exports,847149,Other,108159310
2023-07-01,exports,847149,Other,117636342
2023-08-01,exports,847149,Other,117605409
2023-09-01,exports,847149,Other,94500126
2023-10-01,exports,847149,Other,122869770
2023-11-01,exports,847149,Other,133397785
2023-12-01,exports,847149,Other,260947378
2024-01-01,exports,847149,Other,160291611
2024-02-01,exports,847149,Other,311299971
2024-03-01,exports,847149,Other,195213311
2024-04-01,exports,847149,Other,135093607
2024-05-01,exports,847149,Other,330644227
2024-06-01,exports,847149,Other,257153182
2024-07-01,exports,847149,Other,245614702
2024-08-01,exports,847149,Other,233916828
2024-09-01,exports,847149,Other,167934431
2024-10-01,exports,847149,Other,468766322
2024-11-01,exports,847149,Other,387966805
2024-12-01,exports,847149,Other,199653629
2025-01-01,exports,847149,Other,355844378
2025-02-01,exports,847149,Other,177322775
2025-03-01,exports,847149,Other,237706170
2025-04-01,exports,847149,Other,206232393
2025-05-01,exports,847149,Other,449124204
2025-06-01,exports,847149,Other,521073121
2025-07-01,exports,847149,Other,391041590
2025-08-01,exports,847149,Other,748955435
2025-09-01,exports,847149,Other,364039910
2025-10-01,exports,847149,Other,303524040
2025-11-01,exports,847149,Other,210786574
2025-12-01,exports,847149,Other,585943101
2026-01-01,exports,847149,Other,452044778
2026-02-01,exports,847149,Other,259477754
2026-03-01,exports,847149,Other,284301693
2026-04-01,exports,847149,Other,411065726
2026-05-01,exports,847149,Other,433080588
2026-06-01,exports,847149,Other,188068579
2026-07-01,exports,847149,Other,210069391
2021-10-01,exports,847149,Taiwan,345450
2021-11-01,exports,847149,Taiwan,679420
2021-12-01,exports,847149,Taiwan,931594
2022-01-01,exports,847149,Taiwan,1545344
2022-02-01,exports,847149,Taiwan,1042825
2022-03-01,exports,847149,Taiwan,707936
2022-04-01,exports,847149,Taiwan,989803
2022-05-01,exports,847149,Taiwan,1360927
2022-06-01,exports,847149,Taiwan,2309410
2022-07-01,exports,847149,Taiwan,1342092
2022-08-01,exports,847149,Taiwan,2944933
2022-09-01,exports,847149,Taiwan,1497122
2022-10-01,exports,847149,Taiwan,2404991
2022-11-01,exports,847149,Taiwan,3391473
2022-12-01,exports,847149,Taiwan,3602620
2023-01-01,exports,847149,Taiwan,1746529
2023-02-01,exports,847149,Taiwan,1390853
2023-03-01,exports,847149,Taiwan,1080870
2023-04-01,exports,847149,Taiwan,554938
2023-05-01,exports,847149,Taiwan,3078122
2023-06-01,exports,847149,Taiwan,1719640
2023-07-01,exports,847149,Taiwan,3221681
2023-08-01,exports,847149,Taiwan,744264
2023-09-01,exports,847149,Taiwan,1935782
2023-10-01,exports,847149,Taiwan,59938948
2023-11-01,exports,847149,Taiwan,15295268
2023-12-01,exports,847149,Taiwan,2425637
2024-01-01,exports,847149,Taiwan,9470913
2024-02-01,exports,847149,Taiwan,1913504
2024-03-01,exports,847149,Taiwan,1278987
2024-04-01,exports,847149,Taiwan,746225
2024-05-01,exports,847149,Taiwan,1996641
2024-06-01,exports,847149,Taiwan,4642145
2024-07-01,exports,847149,Taiwan,2161050
2024-08-01,exports,847149,Taiwan,1134721
2024-09-01,exports,847149,Taiwan,10697655
2024-10-01,exports,847149,Taiwan,3438778
2024-11-01,exports,847149,Taiwan,1425508
2024-12-01,exports,847149,Taiwan,3059635
2025-01-01,exports,847149,Taiwan,618132
2025-02-01,exports,847149,Taiwan,690808
2025-03-01,exports,847149,Taiwan,147532790
2025-04-01,exports,847149,Taiwan,167648284
2025-05-01,exports,847149,Taiwan,349128753
2025-06-01,exports,847149,Taiwan,8592864
2025-07-01,exports,847149,Taiwan,1169313
2025-08-01,exports,847149,Taiwan,2122135
2025-09-01,exports,847149,Taiwan,33299973
2025-10-01,exports,847149,Taiwan,7204341
2025-11-01,exports,847149,Taiwan,2448187
2025-12-01,exports,847149,Taiwan,2410179
2026-01-01,exports,847149,Taiwan,3716787
2026-02-01,exports,847149,Taiwan,7225559
2026-03-01,exports,847149,Taiwan,10537380
2026-04-01,exports,847149,Taiwan,12142772
2026-05-01,exports,847149,Taiwan,4094387
2026-06-01,exports,847149,Taiwan,2377072
2026-07-01,exports,847149,Taiwan,470246
2021-10-01,exports,847150,Mexico,66426128
2021-11-01,exports,847150,Mexico,42883502
2021-12-01,exports,847150,Mexico,69233696
2022-01-01,exports,847150,Mexico,47903779
2022-02-01,exports,847150,Mexico,48016263
2022-03-01,exports,847150,Mexico,48655833
2022-04-01,exports,847150,Mexico,48324398
2022-05-01,exports,847150,Mexico,51524603
2022-06-01,exports,847150,Mexico,68625979
2022-07-01,exports,847150,Mexico,53887187
2022-08-01,exports,847150,Mexico,58285726
2022-09-01,exports,847150,Mexico,84832039
2022-10-01,exports,847150,Mexico,68907536
2022-11-01,exports,847150,Mexico,52161165
2022-12-01,exports,847150,Mexico,84018946
2023-01-01,exports,847150,Mexico,36489124
2023-02-01,exports,847150,Mexico,42548822
2023-03-01,exports,847150,Mexico,52946955
2023-04-01,exports,847150,Mexico,62579484
2023-05-01,exports,847150,Mexico,73759105
2023-06-01,exports,847150,Mexico,95414570
2023-07-01,exports,847150,Mexico,57204780
2023-08-01,exports,847150,Mexico,58323971
2023-09-01,exports,847150,Mexico,41659822
2023-10-01,exports,847150,Mexico,68554523
2023-11-01,exports,847150,Mexico,62962437
2023-12-01,exports,847150,Mexico,51718306
2024-01-01,exports,847150,Mexico,58349812
2024-02-01,exports,847150,Mexico,46981832
2024-03-01,exports,847150,Mexico,69667051
2024-04-01,exports,847150,Mexico,157272794
2024-05-01,exports,847150,Mexico,75108283
2024-06-01,exports,847150,Mexico,87119880
2024-07-01,exports,847150,Mexico,56498155
2024-08-01,exports,847150,Mexico,161669938
2024-09-01,exports,847150,Mexico,68373871
2024-10-01,exports,847150,Mexico,84261954
2024-11-01,exports,847150,Mexico,65919914
2024-12-01,exports,847150,Mexico,86761741
2025-01-01,exports,847150,Mexico,91426768
2025-02-01,exports,847150,Mexico,144532214
2025-03-01,exports,847150,Mexico,67439247
2025-04-01,exports,847150,Mexico,93485262
2025-05-01,exports,847150,Mexico,132331946
2025-06-01,exports,847150,Mexico,312254957
2025-07-01,exports,847150,Mexico,967218913
2025-08-01,exports,847150,Mexico,2419053934
2025-09-01,exports,847150,Mexico,352228057
2025-10-01,exports,847150,Mexico,247869978
2025-11-01,exports,847150,Mexico,180237289
2025-12-01,exports,847150,Mexico,1166311644
2026-01-01,exports,847150,Mexico,3111616827
2026-02-01,exports,847150,Mexico,802640390
2026-03-01,exports,847150,Mexico,1491927418
2026-04-01,exports,847150,Mexico,1884837421
2026-05-01,exports,847150,Mexico,1348104009
2026-06-01,exports,847150,Mexico,475828232
2026-07-01,exports,847150,Mexico,286566986
2021-10-01,exports,847150,Other,536999475
2021-11-01,exports,847150,Other,453658398
2021-12-01,exports,847150,Other,549020243
2022-01-01,exports,847150,Other,525323486
2022-02-01,exports,847150,Other,507377481
2022-03-01,exports,847150,Other,579330978
2022-04-01,exports,847150,Other,572387233
2022-05-01,exports,847150,Other,548014621
2022-06-01,exports,847150,Other,550643647
2022-07-01,exports,847150,Other,702822727
2022-08-01,exports,847150,Other,512058790
2022-09-01,exports,847150,Other,652719470
2022-10-01,exports,847150,Other,601877849
2022-11-01,exports,847150,Other,512410383
2022-12-01,exports,847150,Other,564110259
2023-01-01,exports,847150,Other,569899537
2023-02-01,exports,847150,Other,634079901
2023-03-01,exports,847150,Other,678915529
2023-04-01,exports,847150,Other,568998028
2023-05-01,exports,847150,Other,512254519
2023-06-01,exports,847150,Other,667870423
2023-07-01,exports,847150,Other,654538796
2023-08-01,exports,847150,Other,619913310
2023-09-01,exports,847150,Other,632142329
2023-10-01,exports,847150,Other,702781040
2023-11-01,exports,847150,Other,719341551
2023-12-01,exports,847150,Other,743716741
2024-01-01,exports,847150,Other,640021997
2024-02-01,exports,847150,Other,785646976
2024-03-01,exports,847150,Other,984342991
2024-04-01,exports,847150,Other,1038165688
2024-05-01,exports,847150,Other,1051282512
2024-06-01,exports,847150,Other,1780165918
2024-07-01,exports,847150,Other,1275209813
2024-08-01,exports,847150,Other,1398325211
2024-09-01,exports,847150,Other,1469356687
2024-10-01,exports,847150,Other,1632983349
2024-11-01,exports,847150,Other,1687585615
2024-12-01,exports,847150,Other,1113432109
2025-01-01,exports,847150,Other,1189761076
2025-02-01,exports,847150,Other,1208252469
2025-03-01,exports,847150,Other,1338380035
2025-04-01,exports,847150,Other,2026823337
2025-05-01,exports,847150,Other,1909669279
2025-06-01,exports,847150,Other,2277148487
2025-07-01,exports,847150,Other,1973706915
2025-08-01,exports,847150,Other,2334800434
2025-09-01,exports,847150,Other,2322258437
2025-10-01,exports,847150,Other,1839131719
2025-11-01,exports,847150,Other,2151970416
2025-12-01,exports,847150,Other,1861927837
2026-01-01,exports,847150,Other,1979546179
2026-02-01,exports,847150,Other,1782245630
2026-03-01,exports,847150,Other,2341083444
2026-04-01,exports,847150,Other,3124891672
2026-05-01,exports,847150,Other,2103522042
2026-06-01,exports,847150,Other,2572829907
2026-07-01,exports,847150,Other,3230297124
2021-10-01,exports,847150,Taiwan,20513348
2021-11-01,exports,847150,Taiwan,14830714
2021-12-01,exports,847150,Taiwan,21701479
2022-01-01,exports,847150,Taiwan,18402431
2022-02-01,exports,847150,Taiwan,34362160
2022-03-01,exports,847150,Taiwan,12708569
2022-04-01,exports,847150,Taiwan,16871500
2022-05-01,exports,847150,Taiwan,20549170
2022-06-01,exports,847150,Taiwan,21747506
2022-07-01,exports,847150,Taiwan,12148681
2022-08-01,exports,847150,Taiwan,14018022
2022-09-01,exports,847150,Taiwan,20347737
2022-10-01,exports,847150,Taiwan,37296138
2022-11-01,exports,847150,Taiwan,36699616
2022-12-01,exports,847150,Taiwan,12571995
2023-01-01,exports,847150,Taiwan,21707962
2023-02-01,exports,847150,Taiwan,20968002
2023-03-01,exports,847150,Taiwan,25164767
2023-04-01,exports,847150,Taiwan,19736319
2023-05-01,exports,847150,Taiwan,19283735
2023-06-01,exports,847150,Taiwan,23699060
2023-07-01,exports,847150,Taiwan,29334598
2023-08-01,exports,847150,Taiwan,40120815
2023-09-01,exports,847150,Taiwan,25090939
2023-10-01,exports,847150,Taiwan,27781656
2023-11-01,exports,847150,Taiwan,13342589
2023-12-01,exports,847150,Taiwan,29253635
2024-01-01,exports,847150,Taiwan,26226305
2024-02-01,exports,847150,Taiwan,22351743
2024-03-01,exports,847150,Taiwan,26797351
2024-04-01,exports,847150,Taiwan,28158332
2024-05-01,exports,847150,Taiwan,35872367
2024-06-01,exports,847150,Taiwan,47489702
2024-07-01,exports,847150,Taiwan,61540277
2024-08-01,exports,847150,Taiwan,51590652
2024-09-01,exports,847150,Taiwan,33592935
2024-10-01,exports,847150,Taiwan,57080655
2024-11-01,exports,847150,Taiwan,67199422
2024-12-01,exports,847150,Taiwan,20619281
2025-01-01,exports,847150,Taiwan,32699423
2025-02-01,exports,847150,Taiwan,54604885
2025-03-01,exports,847150,Taiwan,68800281
2025-04-01,exports,847150,Taiwan,58731140
2025-05-01,exports,847150,Taiwan,46259921
2025-06-01,exports,847150,Taiwan,90285404
2025-07-01,exports,847150,Taiwan,130820118
2025-08-01,exports,847150,Taiwan,227609302
2025-09-01,exports,847150,Taiwan,277520385
2025-10-01,exports,847150,Taiwan,338448158
2025-11-01,exports,847150,Taiwan,757840863
2025-12-01,exports,847150,Taiwan,237055676
2026-01-01,exports,847150,Taiwan,291308084
2026-02-01,exports,847150,Taiwan,138636686
2026-03-01,exports,847150,Taiwan,195464893
2026-04-01,exports,847150,Taiwan,211619444
2026-05-01,exports,847150,Taiwan,239249209
2026-06-01,exports,847150,Taiwan,282540674
2026-07-01,exports,847150,Taiwan,212151722
2021-10-01,exports,847160,Mexico,20017310
2021-11-01,exports,847160,Mexico,20505002
2021-12-01,exports,847160,Mexico,20397425
2022-01-01,exports,847160,Mexico,19726868
2022-02-01,exports,847160,Mexico,17432230
2022-03-01,exports,847160,Mexico,23227511
2022-04-01,exports,847160,Mexico,22002663
2022-05-01,exports,847160,Mexico,18207538
2022-06-01,exports,847160,Mexico,19731586
2022-07-01,exports,847160,Mexico,21722345
2022-08-01,exports,847160,Mexico,21597640
2022-09-01,exports,847160,Mexico,24645148
2022-10-01,exports,847160,Mexico,21779205
2022-11-01,exports,847160,Mexico,19539512
2022-12-01,exports,847160,Mexico,20537973
2023-01-01,exports,847160,Mexico,20706175
2023-02-01,exports,847160,Mexico,17873415
2023-03-01,exports,847160,Mexico,22419610
2023-04-01,exports,847160,Mexico,20902775
2023-05-01,exports,847160,Mexico,20825885
2023-06-01,exports,847160,Mexico,23866015
2023-07-01,exports,847160,Mexico,23042229
2023-08-01,exports,847160,Mexico,19807495
2023-09-01,exports,847160,Mexico,29292555
2023-10-01,exports,847160,Mexico,21775986
2023-11-01,exports,847160,Mexico,19527520
2023-12-01,exports,847160,Mexico,15876391
2024-01-01,exports,847160,Mexico,18842046
2024-02-01,exports,847160,Mexico,16970818
2024-03-01,exports,847160,Mexico,16936873
2024-04-01,exports,847160,Mexico,19209521
2024-05-01,exports,847160,Mexico,18055009
2024-06-01,exports,847160,Mexico,20101911
2024-07-01,exports,847160,Mexico,24770157
2024-08-01,exports,847160,Mexico,22406056
2024-09-01,exports,847160,Mexico,23480731
2024-10-01,exports,847160,Mexico,23812612
2024-11-01,exports,847160,Mexico,25101153
2024-12-01,exports,847160,Mexico,21665046
2025-01-01,exports,847160,Mexico,22573710
2025-02-01,exports,847160,Mexico,18790217
2025-03-01,exports,847160,Mexico,24182178
2025-04-01,exports,847160,Mexico,19131751
2025-05-01,exports,847160,Mexico,19033250
2025-06-01,exports,847160,Mexico,20334658
2025-07-01,exports,847160,Mexico,23181045
2025-08-01,exports,847160,Mexico,26421111
2025-09-01,exports,847160,Mexico,21441748
2025-10-01,exports,847160,Mexico,27440892
2025-11-01,exports,847160,Mexico,22833638
2025-12-01,exports,847160,Mexico,21708359
2026-01-01,exports,847160,Mexico,24108302
2026-02-01,exports,847160,Mexico,24168673
2026-03-01,exports,847160,Mexico,18896535
2026-04-01,exports,847160,Mexico,23498850
2026-05-01,exports,847160,Mexico,20844668
2026-06-01,exports,847160,Mexico,21979903
2026-07-01,exports,847160,Mexico,23166804
2021-10-01,exports,847160,Other,101223145
2021-11-01,exports,847160,Other,91314679
2021-12-01,exports,847160,Other,101023977
2022-01-01,exports,847160,Other,82431827
2022-02-01,exports,847160,Other,78287696
2022-03-01,exports,847160,Other,97522261
2022-04-01,exports,847160,Other,78339840
2022-05-01,exports,847160,Other,84330037
2022-06-01,exports,847160,Other,96536821
2022-07-01,exports,847160,Other,84479357
2022-08-01,exports,847160,Other,84023783
2022-09-01,exports,847160,Other,107320187
2022-10-01,exports,847160,Other,91884027
2022-11-01,exports,847160,Other,93347904
2022-12-01,exports,847160,Other,95617295
2023-01-01,exports,847160,Other,80573220
2023-02-01,exports,847160,Other,82629736
2023-03-01,exports,847160,Other,105888247
2023-04-01,exports,847160,Other,80506271
2023-05-01,exports,847160,Other,85649969
2023-06-01,exports,847160,Other,93493959
2023-07-01,exports,847160,Other,97109024
2023-08-01,exports,847160,Other,97090026
2023-09-01,exports,847160,Other,108245091
2023-10-01,exports,847160,Other,97865022
2023-11-01,exports,847160,Other,107507004
2023-12-01,exports,847160,Other,117450854
2024-01-01,exports,847160,Other,96358596
2024-02-01,exports,847160,Other,96511209
2024-03-01,exports,847160,Other,99507659
2024-04-01,exports,847160,Other,72456910
2024-05-01,exports,847160,Other,83065928
2024-06-01,exports,847160,Other,100218732
2024-07-01,exports,847160,Other,72505342
2024-08-01,exports,847160,Other,87331853
2024-09-01,exports,847160,Other,87970347
2024-10-01,exports,847160,Other,92738055
2024-11-01,exports,847160,Other,115143588
2024-12-01,exports,847160,Other,101656937
2025-01-01,exports,847160,Other,76899604
2025-02-01,exports,847160,Other,76896816
2025-03-01,exports,847160,Other,92092245
2025-04-01,exports,847160,Other,76090378
2025-05-01,exports,847160,Other,76531710
2025-06-01,exports,847160,Other,80237975
2025-07-01,exports,847160,Other,84966763
2025-08-01,exports,847160,Other,94372742
2025-09-01,exports,847160,Other,83631820
2025-10-01,exports,847160,Other,95229870
2025-11-01,exports,847160,Other,77900967
2025-12-01,exports,847160,Other,88885051
2026-01-01,exports,847160,Other,71204039
2026-02-01,exports,847160,Other,78947066
2026-03-01,exports,847160,Other,89726542
2026-04-01,exports,847160,Other,90402387
2026-05-01,exports,847160,Other,80856676
2026-06-01,exports,847160,Other,93746152
2026-07-01,exports,847160,Other,104817149
2021-10-01,exports,847160,Taiwan,477046
2021-11-01,exports,847160,Taiwan,683765
2021-12-01,exports,847160,Taiwan,1120672
2022-01-01,exports,847160,Taiwan,705495
2022-02-01,exports,847160,Taiwan,508943
2022-03-01,exports,847160,Taiwan,749936
2022-04-01,exports,847160,Taiwan,775419
2022-05-01,exports,847160,Taiwan,430941
2022-06-01,exports,847160,Taiwan,1176528
2022-07-01,exports,847160,Taiwan,649112
2022-08-01,exports,847160,Taiwan,1223012
2022-09-01,exports,847160,Taiwan,651186
2022-10-01,exports,847160,Taiwan,791096
2022-11-01,exports,847160,Taiwan,412046
2022-12-01,exports,847160,Taiwan,887348
2023-01-01,exports,847160,Taiwan,611294
2023-02-01,exports,847160,Taiwan,747987
2023-03-01,exports,847160,Taiwan,1483167
2023-04-01,exports,847160,Taiwan,1642380
2023-05-01,exports,847160,Taiwan,1459560
2023-06-01,exports,847160,Taiwan,1274011
2023-07-01,exports,847160,Taiwan,961848
2023-08-01,exports,847160,Taiwan,689493
2023-09-01,exports,847160,Taiwan,2298089
2023-10-01,exports,847160,Taiwan,689848
2023-11-01,exports,847160,Taiwan,2612509
2023-12-01,exports,847160,Taiwan,2919160
2024-01-01,exports,847160,Taiwan,1022257
2024-02-01,exports,847160,Taiwan,623866
2024-03-01,exports,847160,Taiwan,1735960
2024-04-01,exports,847160,Taiwan,820456
2024-05-01,exports,847160,Taiwan,958266
2024-06-01,exports,847160,Taiwan,1694229
2024-07-01,exports,847160,Taiwan,1128943
2024-08-01,exports,847160,Taiwan,1057036
2024-09-01,exports,847160,Taiwan,951005
2024-10-01,exports,847160,Taiwan,1096406
2024-11-01,exports,847160,Taiwan,605602
2024-12-01,exports,847160,Taiwan,1046475
2025-01-01,exports,847160,Taiwan,741429
2025-02-01,exports,847160,Taiwan,471409
2025-03-01,exports,847160,Taiwan,303025
2025-04-01,exports,847160,Taiwan,809040
2025-05-01,exports,847160,Taiwan,536597
2025-06-01,exports,847160,Taiwan,1026225
2025-07-01,exports,847160,Taiwan,992703
2025-08-01,exports,847160,Taiwan,1581061
2025-09-01,exports,847160,Taiwan,578349
2025-10-01,exports,847160,Taiwan,1312305
2025-11-01,exports,847160,Taiwan,1328549
2025-12-01,exports,847160,Taiwan,864233
2026-01-01,exports,847160,Taiwan,655387
2026-02-01,exports,847160,Taiwan,754952
2026-03-01,exports,847160,Taiwan,1309155
2026-04-01,exports,847160,Taiwan,916421
2026-05-01,exports,847160,Taiwan,1943257
2026-06-01,exports,847160,Taiwan,1175801
2026-07-01,exports,847160,Taiwan,1052558
2021-10-01,exports,847170,Mexico,205978163
2021-11-01,exports,847170,Mexico,238628275
2021-12-01,exports,847170,Mexico,98787631
2022-01-01,exports,847170,Mexico,224591377
2022-02-01,exports,847170,Mexico,95386802
2022-03-01,exports,847170,Mexico,136553172
2022-04-01,exports,847170,Mexico,203654374
2022-05-01,exports,847170,Mexico,89526640
2022-06-01,exports,847170,Mexico,136092645
2022-07-01,exports,847170,Mexico,147115226
2022-08-01,exports,847170,Mexico,125661809
2022-09-01,exports,847170,Mexico,226282711
2022-10-01,exports,847170,Mexico,377756013
2022-11-01,exports,847170,Mexico,197275226
2022-12-01,exports,847170,Mexico,205497775
2023-01-01,exports,847170,Mexico,262620946
2023-02-01,exports,847170,Mexico,195597625
2023-03-01,exports,847170,Mexico,105831628
2023-04-01,exports,847170,Mexico,97273611
2023-05-01,exports,847170,Mexico,130006828
2023-06-01,exports,847170,Mexico,89874751
2023-07-01,exports,847170,Mexico,123351310
2023-08-01,exports,847170,Mexico,73864444
2023-09-01,exports,847170,Mexico,73302875
2023-10-01,exports,847170,Mexico,112276926
2023-11-01,exports,847170,Mexico,116878499
2023-12-01,exports,847170,Mexico,131904146
2024-01-01,exports,847170,Mexico,131376756
2024-02-01,exports,847170,Mexico,181105300
2024-03-01,exports,847170,Mexico,150680486
2024-04-01,exports,847170,Mexico,195339657
2024-05-01,exports,847170,Mexico,206859113
2024-06-01,exports,847170,Mexico,225205798
2024-07-01,exports,847170,Mexico,214788703
2024-08-01,exports,847170,Mexico,180816909
2024-09-01,exports,847170,Mexico,234986781
2024-10-01,exports,847170,Mexico,249759053
2024-11-01,exports,847170,Mexico,234967013
2024-12-01,exports,847170,Mexico,228813794
2025-01-01,exports,847170,Mexico,275220665
2025-02-01,exports,847170,Mexico,288046057
2025-03-01,exports,847170,Mexico,357936266
2025-04-01,exports,847170,Mexico,301201474
2025-05-01,exports,847170,Mexico,376068392
2025-06-01,exports,847170,Mexico,202319128
2025-07-01,exports,847170,Mexico,235476855
2025-08-01,exports,847170,Mexico,271563599
2025-09-01,exports,847170,Mexico,181817438
2025-10-01,exports,847170,Mexico,275836140
2025-11-01,exports,847170,Mexico,326583194
2025-12-01,exports,847170,Mexico,373692767
2026-01-01,exports,847170,Mexico,384047102
2026-02-01,exports,847170,Mexico,362917137
2026-03-01,exports,847170,Mexico,410800142
2026-04-01,exports,847170,Mexico,454594700
2026-05-01,exports,847170,Mexico,328049405
2026-06-01,exports,847170,Mexico,459308644
2026-07-01,exports,847170,Mexico,595678515
2021-10-01,exports,847170,Other,247029031
2021-11-01,exports,847170,Other,237547242
2021-12-01,exports,847170,Other,271958070
2022-01-01,exports,847170,Other,210908523
2022-02-01,exports,847170,Other,190656623
2022-03-01,exports,847170,Other,267683480
2022-04-01,exports,847170,Other,282840602
2022-05-01,exports,847170,Other,211297245
2022-06-01,exports,847170,Other,299670228
2022-07-01,exports,847170,Other,260647659
2022-08-01,exports,847170,Other,277459688
2022-09-01,exports,847170,Other,252665224
2022-10-01,exports,847170,Other,358748705
2022-11-01,exports,847170,Other,345511691
2022-12-01,exports,847170,Other,339520329
2023-01-01,exports,847170,Other,289785721
2023-02-01,exports,847170,Other,253669638
2023-03-01,exports,847170,Other,268021203
2023-04-01,exports,847170,Other,287025321
2023-05-01,exports,847170,Other,316756639
2023-06-01,exports,847170,Other,260023723
2023-07-01,exports,847170,Other,268788408
2023-08-01,exports,847170,Other,294290974
2023-09-01,exports,847170,Other,251513480
2023-10-01,exports,847170,Other,265422067
2023-11-01,exports,847170,Other,289148875
2023-12-01,exports,847170,Other,351862681
2024-01-01,exports,847170,Other,280320942
2024-02-01,exports,847170,Other,257755796
2024-03-01,exports,847170,Other,306775716
2024-04-01,exports,847170,Other,255457661
2024-05-01,exports,847170,Other,268188438
2024-06-01,exports,847170,Other,306686150
2024-07-01,exports,847170,Other,277389917
2024-08-01,exports,847170,Other,265362374
2024-09-01,exports,847170,Other,194885702
2024-10-01,exports,847170,Other,330272095
2024-11-01,exports,847170,Other,277637319
2024-12-01,exports,847170,Other,338630824
2025-01-01,exports,847170,Other,293975205
2025-02-01,exports,847170,Other,299860136
2025-03-01,exports,847170,Other,289872215
2025-04-01,exports,847170,Other,225021703
2025-05-01,exports,847170,Other,194316255
2025-06-01,exports,847170,Other,252576709
2025-07-01,exports,847170,Other,301278584
2025-08-01,exports,847170,Other,247468837
2025-09-01,exports,847170,Other,265819226
2025-10-01,exports,847170,Other,296047770
2025-11-01,exports,847170,Other,342853163
2025-12-01,exports,847170,Other,391547942
2026-01-01,exports,847170,Other,422832712
2026-02-01,exports,847170,Other,345440893
2026-03-01,exports,847170,Other,459960091
2026-04-01,exports,847170,Other,468219491
2026-05-01,exports,847170,Other,401803110
2026-06-01,exports,847170,Other,527158227
2026-07-01,exports,847170,Other,320608593
2021-10-01,exports,847170,Taiwan,3383448
2021-11-01,exports,847170,Taiwan,3179896
2021-12-01,exports,847170,Taiwan,2747657
2022-01-01,exports,847170,Taiwan,1394534
2022-02-01,exports,847170,Taiwan,3105946
2022-03-01,exports,847170,Taiwan,2989314
2022-04-01,exports,847170,Taiwan,5680343
2022-05-01,exports,847170,Taiwan,2381100
2022-06-01,exports,847170,Taiwan,6991651
2022-07-01,exports,847170,Taiwan,5883236
2022-08-01,exports,847170,Taiwan,6031586
2022-09-01,exports,847170,Taiwan,4044078
2022-10-01,exports,847170,Taiwan,8347215
2022-11-01,exports,847170,Taiwan,5766617
2022-12-01,exports,847170,Taiwan,14550720
2023-01-01,exports,847170,Taiwan,5896457
2023-02-01,exports,847170,Taiwan,9667330
2023-03-01,exports,847170,Taiwan,6223107
2023-04-01,exports,847170,Taiwan,8465312
2023-05-01,exports,847170,Taiwan,7176223
2023-06-01,exports,847170,Taiwan,4470858
2023-07-01,exports,847170,Taiwan,11838072
2023-08-01,exports,847170,Taiwan,9795477
2023-09-01,exports,847170,Taiwan,5668975
2023-10-01,exports,847170,Taiwan,9764642
2023-11-01,exports,847170,Taiwan,11722346
2023-12-01,exports,847170,Taiwan,24625616
2024-01-01,exports,847170,Taiwan,15490141
2024-02-01,exports,847170,Taiwan,25846138
2024-03-01,exports,847170,Taiwan,53256255
2024-04-01,exports,847170,Taiwan,9700186
2024-05-01,exports,847170,Taiwan,4555616
2024-06-01,exports,847170,Taiwan,8190240
2024-07-01,exports,847170,Taiwan,3978920
2024-08-01,exports,847170,Taiwan,1532199
2024-09-01,exports,847170,Taiwan,2385519
2024-10-01,exports,847170,Taiwan,1770642
2024-11-01,exports,847170,Taiwan,8438948
2024-12-01,exports,847170,Taiwan,10218519
2025-01-01,exports,847170,Taiwan,6078403
2025-02-01,exports,847170,Taiwan,39015580
2025-03-01,exports,847170,Taiwan,5994905
2025-04-01,exports,847170,Taiwan,10632635
2025-05-01,exports,847170,Taiwan,13858535
2025-06-01,exports,847170,Taiwan,10947632
2025-07-01,exports,847170,Taiwan,2834992
2025-08-01,exports,847170,Taiwan,4183766
2025-09-01,exports,847170,Taiwan,3990712
2025-10-01,exports,847170,Taiwan,1998806
2025-11-01,exports,847170,Taiwan,8093073
2025-12-01,exports,847170,Taiwan,4807832
2026-01-01,exports,847170,Taiwan,5403712
2026-02-01,exports,847170,Taiwan,8721661
2026-03-01,exports,847170,Taiwan,18268301
2026-04-01,exports,847170,Taiwan,17764099
2026-05-01,exports,847170,Taiwan,20131442
2026-06-01,exports,847170,Taiwan,17290807
2026-07-01,exports,847170,Taiwan,15953778
2021-10-01,exports,847180,Mexico,16379555
2021-11-01,exports,847180,Mexico,14725272
2021-12-01,exports,847180,Mexico,16566824
2022-01-01,exports,847180,Mexico,16214537
2022-02-01,exports,847180,Mexico,10888075
2022-03-01,exports,847180,Mexico,15125859
2022-04-01,exports,847180,Mexico,17079270
2022-05-01,exports,847180,Mexico,14043829
2022-06-01,exports,847180,Mexico,12960604
2022-07-01,exports,847180,Mexico,16631833
2022-08-01,exports,847180,Mexico,18791192
2022-09-01,exports,847180,Mexico,19096658
2022-10-01,exports,847180,Mexico,28200437
2022-11-01,exports,847180,Mexico,16024354
2022-12-01,exports,847180,Mexico,14026462
2023-01-01,exports,847180,Mexico,21688478
2023-02-01,exports,847180,Mexico,14887001
2023-03-01,exports,847180,Mexico,17686909
2023-04-01,exports,847180,Mexico,12330008
2023-05-01,exports,847180,Mexico,13634789
2023-06-01,exports,847180,Mexico,21706483
2023-07-01,exports,847180,Mexico,14133062
2023-08-01,exports,847180,Mexico,17550083
2023-09-01,exports,847180,Mexico,18316505
2023-10-01,exports,847180,Mexico,18288831
2023-11-01,exports,847180,Mexico,17181351
2023-12-01,exports,847180,Mexico,16915697
2024-01-01,exports,847180,Mexico,26328679
2024-02-01,exports,847180,Mexico,17405948
2024-03-01,exports,847180,Mexico,22430878
2024-04-01,exports,847180,Mexico,21066386
2024-05-01,exports,847180,Mexico,19526690
2024-06-01,exports,847180,Mexico,19132582
2024-07-01,exports,847180,Mexico,25649847
2024-08-01,exports,847180,Mexico,25674386
2024-09-01,exports,847180,Mexico,33068081
2024-10-01,exports,847180,Mexico,23135609
2024-11-01,exports,847180,Mexico,20500638
2024-12-01,exports,847180,Mexico,37227171
2025-01-01,exports,847180,Mexico,64680394
2025-02-01,exports,847180,Mexico,27985192
2025-03-01,exports,847180,Mexico,365929936
2025-04-01,exports,847180,Mexico,553047971
2025-05-01,exports,847180,Mexico,244032951
2025-06-01,exports,847180,Mexico,134061238
2025-07-01,exports,847180,Mexico,183503312
2025-08-01,exports,847180,Mexico,91095532
2025-09-01,exports,847180,Mexico,82060511
2025-10-01,exports,847180,Mexico,138108549
2025-11-01,exports,847180,Mexico,523007272
2025-12-01,exports,847180,Mexico,563207278
2026-01-01,exports,847180,Mexico,798710974
2026-02-01,exports,847180,Mexico,308815189
2026-03-01,exports,847180,Mexico,717831587
2026-04-01,exports,847180,Mexico,520078473
2026-05-01,exports,847180,Mexico,325138696
2026-06-01,exports,847180,Mexico,289508845
2026-07-01,exports,847180,Mexico,379903816
2021-10-01,exports,847180,Other,162784914
2021-11-01,exports,847180,Other,167727140
2021-12-01,exports,847180,Other,178492067
2022-01-01,exports,847180,Other,165688972
2022-02-01,exports,847180,Other,133207717
2022-03-01,exports,847180,Other,180860227
2022-04-01,exports,847180,Other,158152747
2022-05-01,exports,847180,Other,157358805
2022-06-01,exports,847180,Other,187324056
2022-07-01,exports,847180,Other,208800192
2022-08-01,exports,847180,Other,204290605
2022-09-01,exports,847180,Other,188991339
2022-10-01,exports,847180,Other,223572414
2022-11-01,exports,847180,Other,225739207
2022-12-01,exports,847180,Other,216599812
2023-01-01,exports,847180,Other,177528276
2023-02-01,exports,847180,Other,147110323
2023-03-01,exports,847180,Other,213364623
2023-04-01,exports,847180,Other,152626353
2023-05-01,exports,847180,Other,135377294
2023-06-01,exports,847180,Other,154776650
2023-07-01,exports,847180,Other,140957346
2023-08-01,exports,847180,Other,126833489
2023-09-01,exports,847180,Other,159898862
2023-10-01,exports,847180,Other,137465178
2023-11-01,exports,847180,Other,128257518
2023-12-01,exports,847180,Other,201813990
2024-01-01,exports,847180,Other,192525962
2024-02-01,exports,847180,Other,130243169
2024-03-01,exports,847180,Other,149298489
2024-04-01,exports,847180,Other,157324361
2024-05-01,exports,847180,Other,152922223
2024-06-01,exports,847180,Other,326375428
2024-07-01,exports,847180,Other,352009316
2024-08-01,exports,847180,Other,518687645
2024-09-01,exports,847180,Other,687185702
2024-10-01,exports,847180,Other,175490065
2024-11-01,exports,847180,Other,194090232
2024-12-01,exports,847180,Other,234568513
2025-01-01,exports,847180,Other,323126151
2025-02-01,exports,847180,Other,352339500
2025-03-01,exports,847180,Other,661040574
2025-04-01,exports,847180,Other,390337289
2025-05-01,exports,847180,Other,405439741
2025-06-01,exports,847180,Other,204564738
2025-07-01,exports,847180,Other,143381612
2025-08-01,exports,847180,Other,168610461
2025-09-01,exports,847180,Other,149503199
2025-10-01,exports,847180,Other,160310165
2025-11-01,exports,847180,Other,153494230
2025-12-01,exports,847180,Other,172798752
2026-01-01,exports,847180,Other,167225271
2026-02-01,exports,847180,Other,183536476
2026-03-01,exports,847180,Other,252535669
2026-04-01,exports,847180,Other,185666827
2026-05-01,exports,847180,Other,129553465
2026-06-01,exports,847180,Other,117936818
2026-07-01,exports,847180,Other,149779893
2021-10-01,exports,847180,Taiwan,3707654
2021-11-01,exports,847180,Taiwan,5477508
2021-12-01,exports,847180,Taiwan,8547978
2022-01-01,exports,847180,Taiwan,2906671
2022-02-01,exports,847180,Taiwan,3815628
2022-03-01,exports,847180,Taiwan,6478164
2022-04-01,exports,847180,Taiwan,5000251
2022-05-01,exports,847180,Taiwan,4980088
2022-06-01,exports,847180,Taiwan,7132436
2022-07-01,exports,847180,Taiwan,6117762
2022-08-01,exports,847180,Taiwan,6618612
2022-09-01,exports,847180,Taiwan,7943148
2022-10-01,exports,847180,Taiwan,9476358
2022-11-01,exports,847180,Taiwan,7981254
2022-12-01,exports,847180,Taiwan,6940051
2023-01-01,exports,847180,Taiwan,1953761
2023-02-01,exports,847180,Taiwan,11871626
2023-03-01,exports,847180,Taiwan,5135475
2023-04-01,exports,847180,Taiwan,5475674
2023-05-01,exports,847180,Taiwan,8743240
2023-06-01,exports,847180,Taiwan,17269444
2023-07-01,exports,847180,Taiwan,18687252
2023-08-01,exports,847180,Taiwan,24228620
2023-09-01,exports,847180,Taiwan,12810565
2023-10-01,exports,847180,Taiwan,12344910
2023-11-01,exports,847180,Taiwan,10428891
2023-12-01,exports,847180,Taiwan,19153265
2024-01-01,exports,847180,Taiwan,15851925
2024-02-01,exports,847180,Taiwan,4695278
2024-03-01,exports,847180,Taiwan,19362445
2024-04-01,exports,847180,Taiwan,35490370
2024-05-01,exports,847180,Taiwan,34950266
2024-06-01,exports,847180,Taiwan,64467204
2024-07-01,exports,847180,Taiwan,264537233
2024-08-01,exports,847180,Taiwan,26629980
2024-09-01,exports,847180,Taiwan,22060848
2024-10-01,exports,847180,Taiwan,26221586
2024-11-01,exports,847180,Taiwan,80898492
2024-12-01,exports,847180,Taiwan,83046431
2025-01-01,exports,847180,Taiwan,15912715
2025-02-01,exports,847180,Taiwan,85512847
2025-03-01,exports,847180,Taiwan,513041008
2025-04-01,exports,847180,Taiwan,287494452
2025-05-01,exports,847180,Taiwan,19388867
2025-06-01,exports,847180,Taiwan,17056197
2025-07-01,exports,847180,Taiwan,134329052
2025-08-01,exports,847180,Taiwan,19479352
2025-09-01,exports,847180,Taiwan,363012094
2025-10-01,exports,847180,Taiwan,318443080
2025-11-01,exports,847180,Taiwan,13830913
2025-12-01,exports,847180,Taiwan,6335221
2026-01-01,exports,847180,Taiwan,9061819
2026-02-01,exports,847180,Taiwan,5752601
2026-03-01,exports,847180,Taiwan,235709785
2026-04-01,exports,847180,Taiwan,138457901
2026-05-01,exports,847180,Taiwan,72793509
2026-06-01,exports,847180,Taiwan,62050674
2026-07-01,exports,847180,Taiwan,36297108
2021-10-01,exports,847190,Mexico,13143679
2021-11-01,exports,847190,Mexico,10378529
2021-12-01,exports,847190,Mexico,3368243
2022-01-01,exports,847190,Mexico,3997123
2022-02-01,exports,847190,Mexico,6224887
2022-03-01,exports,847190,Mexico,5437918
2022-04-01,exports,847190,Mexico,6420139
2022-05-01,exports,847190,Mexico,3314238
2022-06-01,exports,847190,Mexico,2493884
2022-07-01,exports,847190,Mexico,3983702
2022-08-01,exports,847190,Mexico,4012849
2022-09-01,exports,847190,Mexico,4618667
2022-10-01,exports,847190,Mexico,4326091
2022-11-01,exports,847190,Mexico,4159841
2022-12-01,exports,847190,Mexico,4508559
2023-01-01,exports,847190,Mexico,3449243
2023-02-01,exports,847190,Mexico,7325156
2023-03-01,exports,847190,Mexico,6297292
2023-04-01,exports,847190,Mexico,3078395
2023-05-01,exports,847190,Mexico,2992248
2023-06-01,exports,847190,Mexico,12434515
2023-07-01,exports,847190,Mexico,4958741
2023-08-01,exports,847190,Mexico,4160558
2023-09-01,exports,847190,Mexico,3630236
2023-10-01,exports,847190,Mexico,2662870
2023-11-01,exports,847190,Mexico,5657689
2023-12-01,exports,847190,Mexico,1970565
2024-01-01,exports,847190,Mexico,7912960
2024-02-01,exports,847190,Mexico,10046408
2024-03-01,exports,847190,Mexico,11354177
2024-04-01,exports,847190,Mexico,5872639
2024-05-01,exports,847190,Mexico,8521502
2024-06-01,exports,847190,Mexico,3702188
2024-07-01,exports,847190,Mexico,3078815
2024-08-01,exports,847190,Mexico,5414496
2024-09-01,exports,847190,Mexico,4205004
2024-10-01,exports,847190,Mexico,2825887
2024-11-01,exports,847190,Mexico,3086255
2024-12-01,exports,847190,Mexico,3207449
2025-01-01,exports,847190,Mexico,2861112
2025-02-01,exports,847190,Mexico,2492538
2025-03-01,exports,847190,Mexico,3952792
2025-04-01,exports,847190,Mexico,3737318
2025-05-01,exports,847190,Mexico,3885020
2025-06-01,exports,847190,Mexico,3165804
2025-07-01,exports,847190,Mexico,4756368
2025-08-01,exports,847190,Mexico,3875929
2025-09-01,exports,847190,Mexico,4053197
2025-10-01,exports,847190,Mexico,9821742
2025-11-01,exports,847190,Mexico,8449336
2025-12-01,exports,847190,Mexico,5387666
2026-01-01,exports,847190,Mexico,2171450
2026-02-01,exports,847190,Mexico,5459298
2026-03-01,exports,847190,Mexico,6386347
2026-04-01,exports,847190,Mexico,2943295
2026-05-01,exports,847190,Mexico,2967414
2026-06-01,exports,847190,Mexico,3203958
2026-07-01,exports,847190,Mexico,3376253
2021-10-01,exports,847190,Other,120693517
2021-11-01,exports,847190,Other,178190552
2021-12-01,exports,847190,Other,135237687
2022-01-01,exports,847190,Other,132242787
2022-02-01,exports,847190,Other,131795711
2022-03-01,exports,847190,Other,146670990
2022-04-01,exports,847190,Other,123363360
2022-05-01,exports,847190,Other,115942566
2022-06-01,exports,847190,Other,156661883
2022-07-01,exports,847190,Other,87787147
2022-08-01,exports,847190,Other,144811658
2022-09-01,exports,847190,Other,127129263
2022-10-01,exports,847190,Other,107969642
2022-11-01,exports,847190,Other,109313601
2022-12-01,exports,847190,Other,139545127
2023-01-01,exports,847190,Other,125325030
2023-02-01,exports,847190,Other,174776353
2023-03-01,exports,847190,Other,478064492
2023-04-01,exports,847190,Other,394030358
2023-05-01,exports,847190,Other,154851850
2023-06-01,exports,847190,Other,334030882
2023-07-01,exports,847190,Other,160786636
2023-08-01,exports,847190,Other,384841327
2023-09-01,exports,847190,Other,303417365
2023-10-01,exports,847190,Other,151947491
2023-11-01,exports,847190,Other,101067776
2023-12-01,exports,847190,Other,172755764
2024-01-01,exports,847190,Other,77693164
2024-02-01,exports,847190,Other,222851297
2024-03-01,exports,847190,Other,236221293
2024-04-01,exports,847190,Other,82016473
2024-05-01,exports,847190,Other,152930228
2024-06-01,exports,847190,Other,71295337
2024-07-01,exports,847190,Other,84925535
2024-08-01,exports,847190,Other,87665780
2024-09-01,exports,847190,Other,69679568
2024-10-01,exports,847190,Other,76315688
2024-11-01,exports,847190,Other,85298070
2024-12-01,exports,847190,Other,64591668
2025-01-01,exports,847190,Other,72057873
2025-02-01,exports,847190,Other,84583692
2025-03-01,exports,847190,Other,76729520
2025-04-01,exports,847190,Other,56136049
2025-05-01,exports,847190,Other,69079823
2025-06-01,exports,847190,Other,54318743
2025-07-01,exports,847190,Other,60738194
2025-08-01,exports,847190,Other,81057349
2025-09-01,exports,847190,Other,70381567
2025-10-01,exports,847190,Other,69985436
2025-11-01,exports,847190,Other,67452924
2025-12-01,exports,847190,Other,72341741
2026-01-01,exports,847190,Other,68051659
2026-02-01,exports,847190,Other,56340836
2026-03-01,exports,847190,Other,88947667
2026-04-01,exports,847190,Other,95324045
2026-05-01,exports,847190,Other,87538382
2026-06-01,exports,847190,Other,105123935
2026-07-01,exports,847190,Other,92280461
2021-10-01,exports,847190,Taiwan,1020073
2021-11-01,exports,847190,Taiwan,1139594
2021-12-01,exports,847190,Taiwan,3329816
2022-01-01,exports,847190,Taiwan,862242
2022-02-01,exports,847190,Taiwan,1990643
2022-03-01,exports,847190,Taiwan,2779268
2022-04-01,exports,847190,Taiwan,2861023
2022-05-01,exports,847190,Taiwan,2152052
2022-06-01,exports,847190,Taiwan,1177397
2022-07-01,exports,847190,Taiwan,1722579
2022-08-01,exports,847190,Taiwan,3228142
2022-09-01,exports,847190,Taiwan,1916853
2022-10-01,exports,847190,Taiwan,1607790
2022-11-01,exports,847190,Taiwan,1539741
2022-12-01,exports,847190,Taiwan,2630092
2023-01-01,exports,847190,Taiwan,2597410
2023-02-01,exports,847190,Taiwan,2501047
2023-03-01,exports,847190,Taiwan,2299862
2023-04-01,exports,847190,Taiwan,2607826
2023-05-01,exports,847190,Taiwan,3417215
2023-06-01,exports,847190,Taiwan,2954740
2023-07-01,exports,847190,Taiwan,2709426
2023-08-01,exports,847190,Taiwan,9132507
2023-09-01,exports,847190,Taiwan,3775428
2023-10-01,exports,847190,Taiwan,2107634
2023-11-01,exports,847190,Taiwan,1695368
2023-12-01,exports,847190,Taiwan,1867344
2024-01-01,exports,847190,Taiwan,3338503
2024-02-01,exports,847190,Taiwan,1254755
2024-03-01,exports,847190,Taiwan,2262614
2024-04-01,exports,847190,Taiwan,1308788
2024-05-01,exports,847190,Taiwan,1837385
2024-06-01,exports,847190,Taiwan,1894851
2024-07-01,exports,847190,Taiwan,2148879
2024-08-01,exports,847190,Taiwan,2290946
2024-09-01,exports,847190,Taiwan,4113710
2024-10-01,exports,847190,Taiwan,2052363
2024-11-01,exports,847190,Taiwan,1853744
2024-12-01,exports,847190,Taiwan,1632584
2025-01-01,exports,847190,Taiwan,2014035
2025-02-01,exports,847190,Taiwan,2531217
2025-03-01,exports,847190,Taiwan,2695409
2025-04-01,exports,847190,Taiwan,1804631
2025-05-01,exports,847190,Taiwan,2622584
2025-06-01,exports,847190,Taiwan,3073429
2025-07-01,exports,847190,Taiwan,3081207
2025-08-01,exports,847190,Taiwan,4167240
2025-09-01,exports,847190,Taiwan,2412062
2025-10-01,exports,847190,Taiwan,2243771
2025-11-01,exports,847190,Taiwan,1748430
2025-12-01,exports,847190,Taiwan,2404536
2026-01-01,exports,847190,Taiwan,3922910
2026-02-01,exports,847190,Taiwan,3181731
2026-03-01,exports,847190,Taiwan,2311280
2026-04-01,exports,847190,Taiwan,2201241
2026-05-01,exports,847190,Taiwan,7716373
2026-06-01,exports,847190,Taiwan,3242136
2026-07-01,exports,847190,Taiwan,3238341
2021-10-01,exports,847330,Mexico,828862934
2021-11-01,exports,847330,Mexico,690053077
2021-12-01,exports,847330,Mexico,917543029
2022-01-01,exports,847330,Mexico,858667262
2022-02-01,exports,847330,Mexico,761881912
2022-03-01,exports,847330,Mexico,766231985
2022-04-01,exports,847330,Mexico,893846140
2022-05-01,exports,847330,Mexico,786623957
2022-06-01,exports,847330,Mexico,721877145
2022-07-01,exports,847330,Mexico,965042822
2022-08-01,exports,847330,Mexico,841046008
2022-09-01,exports,847330,Mexico,864720646
2022-10-01,exports,847330,Mexico,919252418
2022-11-01,exports,847330,Mexico,771258407
2022-12-01,exports,847330,Mexico,626895825
2023-01-01,exports,847330,Mexico,624471410
2023-02-01,exports,847330,Mexico,422421619
2023-03-01,exports,847330,Mexico,556250607
2023-04-01,exports,847330,Mexico,594758411
2023-05-01,exports,847330,Mexico,658313951
2023-06-01,exports,847330,Mexico,613309099
2023-07-01,exports,847330,Mexico,596655242
2023-08-01,exports,847330,Mexico,664990363
2023-09-01,exports,847330,Mexico,510697080
2023-10-01,exports,847330,Mexico,757835147
2023-11-01,exports,847330,Mexico,640933347
2023-12-01,exports,847330,Mexico,670219808
2024-01-01,exports,847330,Mexico,696239164
2024-02-01,exports,847330,Mexico,791390495
2024-03-01,exports,847330,Mexico,927866013
2024-04-01,exports,847330,Mexico,1048749366
2024-05-01,exports,847330,Mexico,865518112
2024-06-01,exports,847330,Mexico,1004140092
2024-07-01,exports,847330,Mexico,1296749736
2024-08-01,exports,847330,Mexico,1720086965
2024-09-01,exports,847330,Mexico,1653767618
2024-10-01,exports,847330,Mexico,1139074452
2024-11-01,exports,847330,Mexico,1018417943
2024-12-01,exports,847330,Mexico,954734207
2025-01-01,exports,847330,Mexico,1195633515
2025-02-01,exports,847330,Mexico,1204155908
2025-03-01,exports,847330,Mexico,1574101078
2025-04-01,exports,847330,Mexico,1350273488
2025-05-01,exports,847330,Mexico,2028936045
2025-06-01,exports,847330,Mexico,1579016724
2025-07-01,exports,847330,Mexico,1980458606
2025-08-01,exports,847330,Mexico,1483445364
2025-09-01,exports,847330,Mexico,1678500687
2025-10-01,exports,847330,Mexico,1951658915
2025-11-01,exports,847330,Mexico,1978533754
2025-12-01,exports,847330,Mexico,2378188491
2026-01-01,exports,847330,Mexico,3276266994
2026-02-01,exports,847330,Mexico,2824051059
2026-03-01,exports,847330,Mexico,2851086440
2026-04-01,exports,847330,Mexico,3947782867
2026-05-01,exports,847330,Mexico,2297129937
2026-06-01,exports,847330,Mexico,2544184683
2026-07-01,exports,847330,Mexico,2363033536
2021-10-01,exports,847330,Other,588960143
2021-11-01,exports,847330,Other,538461997
2021-12-01,exports,847330,Other,537293422
2022-01-01,exports,847330,Other,446173326
2022-02-01,exports,847330,Other,469630514
2022-03-01,exports,847330,Other,558204603
2022-04-01,exports,847330,Other,472721209
2022-05-01,exports,847330,Other,562645359
2022-06-01,exports,847330,Other,427934677
2022-07-01,exports,847330,Other,591882980
2022-08-01,exports,847330,Other,465958042
2022-09-01,exports,847330,Other,469190372
2022-10-01,exports,847330,Other,610770083
2022-11-01,exports,847330,Other,565649039
2022-12-01,exports,847330,Other,589033066
2023-01-01,exports,847330,Other,522044805
2023-02-01,exports,847330,Other,369043633
2023-03-01,exports,847330,Other,472749609
2023-04-01,exports,847330,Other,389348873
2023-05-01,exports,847330,Other,366733273
2023-06-01,exports,847330,Other,410790407
2023-07-01,exports,847330,Other,408883438
2023-08-01,exports,847330,Other,511255849
2023-09-01,exports,847330,Other,373067569
2023-10-01,exports,847330,Other,420859204
2023-11-01,exports,847330,Other,436324098
2023-12-01,exports,847330,Other,580415725
2024-01-01,exports,847330,Other,457916797
2024-02-01,exports,847330,Other,462616083
2024-03-01,exports,847330,Other,748364689
2024-04-01,exports,847330,Other,529928369
2024-05-01,exports,847330,Other,704932321
2024-06-01,exports,847330,Other,619021087
2024-07-01,exports,847330,Other,648692167
2024-08-01,exports,847330,Other,720452018
2024-09-01,exports,847330,Other,516583020
2024-10-01,exports,847330,Other,634560612
2024-11-01,exports,847330,Other,687820131
2024-12-01,exports,847330,Other,596672992
2025-01-01,exports,847330,Other,507849383
2025-02-01,exports,847330,Other,475005847
2025-03-01,exports,847330,Other,669912813
2025-04-01,exports,847330,Other,627947593
2025-05-01,exports,847330,Other,724503158
2025-06-01,exports,847330,Other,633973348
2025-07-01,exports,847330,Other,1090950026
2025-08-01,exports,847330,Other,1214619456
2025-09-01,exports,847330,Other,854636066
2025-10-01,exports,847330,Other,885656068
2025-11-01,exports,847330,Other,802086788
2025-12-01,exports,847330,Other,953998697
2026-01-01,exports,847330,Other,1219243068
2026-02-01,exports,847330,Other,1078379025
2026-03-01,exports,847330,Other,1680625880
2026-04-01,exports,847330,Other,1474855759
2026-05-01,exports,847330,Other,1352369213
2026-06-01,exports,847330,Other,1193316179
2026-07-01,exports,847330,Other,1561338362
2021-10-01,exports,847330,Taiwan,58205858
2021-11-01,exports,847330,Taiwan,56275411
2021-12-01,exports,847330,Taiwan,33188556
2022-01-01,exports,847330,Taiwan,52207310
2022-02-01,exports,847330,Taiwan,86092830
2022-03-01,exports,847330,Taiwan,47315615
2022-04-01,exports,847330,Taiwan,48455336
2022-05-01,exports,847330,Taiwan,55516582
2022-06-01,exports,847330,Taiwan,33405856
2022-07-01,exports,847330,Taiwan,53948793
2022-08-01,exports,847330,Taiwan,162526806
2022-09-01,exports,847330,Taiwan,51893424
2022-10-01,exports,847330,Taiwan,64529751
2022-11-01,exports,847330,Taiwan,37010648
2022-12-01,exports,847330,Taiwan,36458788
2023-01-01,exports,847330,Taiwan,44996585
2023-02-01,exports,847330,Taiwan,53960574
2023-03-01,exports,847330,Taiwan,44286319
2023-04-01,exports,847330,Taiwan,65407887
2023-05-01,exports,847330,Taiwan,57399678
2023-06-01,exports,847330,Taiwan,59034980
2023-07-01,exports,847330,Taiwan,66860228
2023-08-01,exports,847330,Taiwan,86066348
2023-09-01,exports,847330,Taiwan,81848054
2023-10-01,exports,847330,Taiwan,112559964
2023-11-01,exports,847330,Taiwan,194804139
2023-12-01,exports,847330,Taiwan,154966038
2024-01-01,exports,847330,Taiwan,318546214
2024-02-01,exports,847330,Taiwan,122922068
2024-03-01,exports,847330,Taiwan,236475887
2024-04-01,exports,847330,Taiwan,280094054
2024-05-01,exports,847330,Taiwan,380597016
2024-06-01,exports,847330,Taiwan,140073765
2024-07-01,exports,847330,Taiwan,195801784
2024-08-01,exports,847330,Taiwan,224746032
2024-09-01,exports,847330,Taiwan,270331164
2024-10-01,exports,847330,Taiwan,390342952
2024-11-01,exports,847330,Taiwan,205722495
2024-12-01,exports,847330,Taiwan,219509017
2025-01-01,exports,847330,Taiwan,221050503
2025-02-01,exports,847330,Taiwan,423796373
2025-03-01,exports,847330,Taiwan,153664225
2025-04-01,exports,847330,Taiwan,281022056
2025-05-01,exports,847330,Taiwan,723677433
2025-06-01,exports,847330,Taiwan,561252146
2025-07-01,exports,847330,Taiwan,463377129
2025-08-01,exports,847330,Taiwan,399078932
2025-09-01,exports,847330,Taiwan,356668727
2025-10-01,exports,847330,Taiwan,361506246
2025-11-01,exports,847330,Taiwan,830837332
2025-12-01,exports,847330,Taiwan,428189499
2026-01-01,exports,847330,Taiwan,481804902
2026-02-01,exports,847330,Taiwan,189855920
2026-03-01,exports,847330,Taiwan,502377432
2026-04-01,exports,847330,Taiwan,360035374
2026-05-01,exports,847330,Taiwan,288088292
2026-06-01,exports,847330,Taiwan,265587000
2026-07-01,exports,847330,Taiwan,383826517
2021-10-01,imports,847130,Mexico,508033
2021-11-01,imports,847130,Mexico,1187980
2021-12-01,imports,847130,Mexico,989988
2022-01-01,imports,847130,Mexico,478490
2022-02-01,imports,847130,Mexico,1895488
2022-03-01,imports,847130,Mexico,1013970
2022-04-01,imports,847130,Mexico,1123656
2022-05-01,imports,847130,Mexico,907165
2022-06-01,imports,847130,Mexico,1469363
2022-07-01,imports,847130,Mexico,772822
2022-08-01,imports,847130,Mexico,1066741
2022-09-01,imports,847130,Mexico,920532
2022-10-01,imports,847130,Mexico,1210175
2022-11-01,imports,847130,Mexico,1503441
2022-12-01,imports,847130,Mexico,400189
2023-01-01,imports,847130,Mexico,1141362
2023-02-01,imports,847130,Mexico,543089
2023-03-01,imports,847130,Mexico,573769
2023-04-01,imports,847130,Mexico,14450077
2023-05-01,imports,847130,Mexico,30555266
2023-06-01,imports,847130,Mexico,11946779
2023-07-01,imports,847130,Mexico,9034953
2023-08-01,imports,847130,Mexico,10947950
2023-09-01,imports,847130,Mexico,4814292
2023-10-01,imports,847130,Mexico,13804235
2023-11-01,imports,847130,Mexico,6175448
2023-12-01,imports,847130,Mexico,4155064
2024-01-01,imports,847130,Mexico,6348161
2024-02-01,imports,847130,Mexico,12539496
2024-03-01,imports,847130,Mexico,22843029
2024-04-01,imports,847130,Mexico,41214064
2024-05-01,imports,847130,Mexico,43324977
2024-06-01,imports,847130,Mexico,41209419
2024-07-01,imports,847130,Mexico,74296789
2024-08-01,imports,847130,Mexico,71883407
2024-09-01,imports,847130,Mexico,87553794
2024-10-01,imports,847130,Mexico,108390504
2024-11-01,imports,847130,Mexico,118556178
2024-12-01,imports,847130,Mexico,138573170
2025-01-01,imports,847130,Mexico,144903084
2025-02-01,imports,847130,Mexico,101563627
2025-03-01,imports,847130,Mexico,183986011
2025-04-01,imports,847130,Mexico,134617279
2025-05-01,imports,847130,Mexico,149104895
2025-06-01,imports,847130,Mexico,139868317
2025-07-01,imports,847130,Mexico,207671834
2025-08-01,imports,847130,Mexico,328526939
2025-09-01,imports,847130,Mexico,441789771
2025-10-01,imports,847130,Mexico,478110990
2025-11-01,imports,847130,Mexico,574357225
2025-12-01,imports,847130,Mexico,395873332
2026-01-01,imports,847130,Mexico,390866075
2026-02-01,imports,847130,Mexico,455554555
2026-03-01,imports,847130,Mexico,584120139
2026-04-01,imports,847130,Mexico,329280122
2026-05-01,imports,847130,Mexico,621596699
2026-06-01,imports,847130,Mexico,214922526
2026-07-01,imports,847130,Mexico,190574223
2021-10-01,imports,847130,Other,5680496692
2021-11-01,imports,847130,Other,5648466780
2021-12-01,imports,847130,Other,5317427188
2022-01-01,imports,847130,Other,4178003270
2022-02-01,imports,847130,Other,3410540936
2022-03-01,imports,847130,Other,5161031564
2022-04-01,imports,847130,Other,3581555713
2022-05-01,imports,847130,Other,3548009970
2022-06-01,imports,847130,Other,5345046324
2022-07-01,imports,847130,Other,5101007031
2022-08-01,imports,847130,Other,4914657121
2022-09-01,imports,847130,Other,4139539576
2022-10-01,imports,847130,Other,4858830253
2022-11-01,imports,847130,Other,3648620450
2022-12-01,imports,847130,Other,3554929404
2023-01-01,imports,847130,Other,3037253533
2023-02-01,imports,847130,Other,2709990546
2023-03-01,imports,847130,Other,3348148635
2023-04-01,imports,847130,Other,3406800836
2023-05-01,imports,847130,Other,4576063722
2023-06-01,imports,847130,Other,4152041798
2023-07-01,imports,847130,Other,3825656121
2023-08-01,imports,847130,Other,3622892207
2023-09-01,imports,847130,Other,3593938967
2023-10-01,imports,847130,Other,4240797310
2023-11-01,imports,847130,Other,4046042515
2023-12-01,imports,847130,Other,3051602847
2024-01-01,imports,847130,Other,3064133599
2024-02-01,imports,847130,Other,3173532958
2024-03-01,imports,847130,Other,3586749713
2024-04-01,imports,847130,Other,3702231619
2024-05-01,imports,847130,Other,4472562444
2024-06-01,imports,847130,Other,4086357187
2024-07-01,imports,847130,Other,4772739018
2024-08-01,imports,847130,Other,3910048096
2024-09-01,imports,847130,Other,4017353012
2024-10-01,imports,847130,Other,4293429175
2024-11-01,imports,847130,Other,4108484163
2024-12-01,imports,847130,Other,3395495167
2025-01-01,imports,847130,Other,4994580422
2025-02-01,imports,847130,Other,2937049000
2025-03-01,imports,847130,Other,3696551967
2025-04-01,imports,847130,Other,3501808810
2025-05-01,imports,847130,Other,3830179206
2025-06-01,imports,847130,Other,4480790207
2025-07-01,imports,847130,Other,4192552457
2025-08-01,imports,847130,Other,3217632225
2025-09-01,imports,847130,Other,3494588174
2025-10-01,imports,847130,Other,3400836510
2025-11-01,imports,847130,Other,2879623284
2025-12-01,imports,847130,Other,2800406435
2026-01-01,imports,847130,Other,2798544326
2026-02-01,imports,847130,Other,2359020074
2026-03-01,imports,847130,Other,3740884655
2026-04-01,imports,847130,Other,4044548123
2026-05-01,imports,847130,Other,4215814571
2026-06-01,imports,847130,Other,4936397423
2026-07-01,imports,847130,Other,4849032318
2021-10-01,imports,847130,Taiwan,211558547
2021-11-01,imports,847130,Taiwan,223138493
2021-12-01,imports,847130,Taiwan,173987045
2022-01-01,imports,847130,Taiwan,121491556
2022-02-01,imports,847130,Taiwan,108645105
2022-03-01,imports,847130,Taiwan,196131750
2022-04-01,imports,847130,Taiwan,147936980
2022-05-01,imports,847130,Taiwan,120162556
2022-06-01,imports,847130,Taiwan,159352011
2022-07-01,imports,847130,Taiwan,177717940
2022-08-01,imports,847130,Taiwan,199359218
2022-09-01,imports,847130,Taiwan,231043762
2022-10-01,imports,847130,Taiwan,296270564
2022-11-01,imports,847130,Taiwan,268127912
2022-12-01,imports,847130,Taiwan,170426531
2023-01-01,imports,847130,Taiwan,159705814
2023-02-01,imports,847130,Taiwan,159186339
2023-03-01,imports,847130,Taiwan,138111650
2023-04-01,imports,847130,Taiwan,107979473
2023-05-01,imports,847130,Taiwan,130826907
2023-06-01,imports,847130,Taiwan,160142225
2023-07-01,imports,847130,Taiwan,193835395
2023-08-01,imports,847130,Taiwan,222060786
2023-09-01,imports,847130,Taiwan,189863963
2023-10-01,imports,847130,Taiwan,260555359
2023-11-01,imports,847130,Taiwan,189456077
2023-12-01,imports,847130,Taiwan,161511681
2024-01-01,imports,847130,Taiwan,112063938
2024-02-01,imports,847130,Taiwan,111661097
2024-03-01,imports,847130,Taiwan,149273168
2024-04-01,imports,847130,Taiwan,144492704
2024-05-01,imports,847130,Taiwan,140760788
2024-06-01,imports,847130,Taiwan,149649037
2024-07-01,imports,847130,Taiwan,183489300
2024-08-01,imports,847130,Taiwan,216525338
2024-09-01,imports,847130,Taiwan,208433352
2024-10-01,imports,847130,Taiwan,290866723
2024-11-01,imports,847130,Taiwan,158475691
2024-12-01,imports,847130,Taiwan,123599805
2025-01-01,imports,847130,Taiwan,104870711
2025-02-01,imports,847130,Taiwan,95710170
2025-03-01,imports,847130,Taiwan,147154702
2025-04-01,imports,847130,Taiwan,159019935
2025-05-01,imports,847130,Taiwan,155821239
2025-06-01,imports,847130,Taiwan,160372102
2025-07-01,imports,847130,Taiwan,179403362
2025-08-01,imports,847130,Taiwan,163977139
2025-09-01,imports,847130,Taiwan,187909770
2025-10-01,imports,847130,Taiwan,218178569
2025-11-01,imports,847130,Taiwan,124259950
2025-12-01,imports,847130,Taiwan,150747354
2026-01-01,imports,847130,Taiwan,114192747
2026-02-01,imports,847130,Taiwan,104651159
2026-03-01,imports,847130,Taiwan,171387514
2026-04-01,imports,847130,Taiwan,174834342
2026-05-01,imports,847130,Taiwan,130651027
2026-06-01,imports,847130,Taiwan,164776502
2026-07-01,imports,847130,Taiwan,208895616
2021-10-01,imports,847141,Mexico,10494281
2021-11-01,imports,847141,Mexico,12140119
2021-12-01,imports,847141,Mexico,10059094
2022-01-01,imports,847141,Mexico,8008089
2022-02-01,imports,847141,Mexico,17959600
2022-03-01,imports,847141,Mexico,32021742
2022-04-01,imports,847141,Mexico,32529690
2022-05-01,imports,847141,Mexico,7270594
2022-06-01,imports,847141,Mexico,10741967
2022-07-01,imports,847141,Mexico,14040676
2022-08-01,imports,847141,Mexico,11907777
2022-09-01,imports,847141,Mexico,13094710
2022-10-01,imports,847141,Mexico,16352282
2022-11-01,imports,847141,Mexico,8786124
2022-12-01,imports,847141,Mexico,13761105
2023-01-01,imports,847141,Mexico,10315691
2023-02-01,imports,847141,Mexico,7443831
2023-03-01,imports,847141,Mexico,8907248
2023-04-01,imports,847141,Mexico,9934079
2023-05-01,imports,847141,Mexico,6875155
2023-06-01,imports,847141,Mexico,14180368
2023-07-01,imports,847141,Mexico,11417237
2023-08-01,imports,847141,Mexico,16855860
2023-09-01,imports,847141,Mexico,9436965
2023-10-01,imports,847141,Mexico,10709166
2023-11-01,imports,847141,Mexico,8741786
2023-12-01,imports,847141,Mexico,7748862
2024-01-01,imports,847141,Mexico,7905071
2024-02-01,imports,847141,Mexico,9473035
2024-03-01,imports,847141,Mexico,10471425
2024-04-01,imports,847141,Mexico,10582810
2024-05-01,imports,847141,Mexico,11846273
2024-06-01,imports,847141,Mexico,11984684
2024-07-01,imports,847141,Mexico,15965064
2024-08-01,imports,847141,Mexico,14363184
2024-09-01,imports,847141,Mexico,13293362
2024-10-01,imports,847141,Mexico,14718991
2024-11-01,imports,847141,Mexico,13339083
2024-12-01,imports,847141,Mexico,11555090
2025-01-01,imports,847141,Mexico,12615603
2025-02-01,imports,847141,Mexico,7870799
2025-03-01,imports,847141,Mexico,15077318
2025-04-01,imports,847141,Mexico,22945331
2025-05-01,imports,847141,Mexico,16592537
2025-06-01,imports,847141,Mexico,18768378
2025-07-01,imports,847141,Mexico,16614645
2025-08-01,imports,847141,Mexico,13913325
2025-09-01,imports,847141,Mexico,18067577
2025-10-01,imports,847141,Mexico,16407616
2025-11-01,imports,847141,Mexico,12705558
2025-12-01,imports,847141,Mexico,17705145
2026-01-01,imports,847141,Mexico,20864780
2026-02-01,imports,847141,Mexico,14557263
2026-03-01,imports,847141,Mexico,13281983
2026-04-01,imports,847141,Mexico,12968875
2026-05-01,imports,847141,Mexico,13247018
2026-06-01,imports,847141,Mexico,10105980
2026-07-01,imports,847141,Mexico,11000260
2021-10-01,imports,847141,Other,169171952
2021-11-01,imports,847141,Other,159513576
2021-12-01,imports,847141,Other,127082587
2022-01-01,imports,847141,Other,143373261
2022-02-01,imports,847141,Other,131632331
2022-03-01,imports,847141,Other,153709869
2022-04-01,imports,847141,Other,145648657
2022-05-01,imports,847141,Other,152230529
2022-06-01,imports,847141,Other,157347661
2022-07-01,imports,847141,Other,181332456
2022-08-01,imports,847141,Other,163952242
2022-09-01,imports,847141,Other,136150278
2022-10-01,imports,847141,Other,164803906
2022-11-01,imports,847141,Other,119747240
2022-12-01,imports,847141,Other,83163310
2023-01-01,imports,847141,Other,102144280
2023-02-01,imports,847141,Other,78272255
2023-03-01,imports,847141,Other,75843106
2023-04-01,imports,847141,Other,99792285
2023-05-01,imports,847141,Other,135999668
2023-06-01,imports,847141,Other,102765811
2023-07-01,imports,847141,Other,107204600
2023-08-01,imports,847141,Other,110757449
2023-09-01,imports,847141,Other,109091224
2023-10-01,imports,847141,Other,103204926
2023-11-01,imports,847141,Other,74004885
2023-12-01,imports,847141,Other,83041673
2024-01-01,imports,847141,Other,66849800
2024-02-01,imports,847141,Other,67673419
2024-03-01,imports,847141,Other,74679368
2024-04-01,imports,847141,Other,83684859
2024-05-01,imports,847141,Other,98216706
2024-06-01,imports,847141,Other,87858844
2024-07-01,imports,847141,Other,105986956
2024-08-01,imports,847141,Other,94846975
2024-09-01,imports,847141,Other,82554858
2024-10-01,imports,847141,Other,82752540
2024-11-01,imports,847141,Other,69520993
2024-12-01,imports,847141,Other,73904364
2025-01-01,imports,847141,Other,100950244
2025-02-01,imports,847141,Other,53189450
2025-03-01,imports,847141,Other,74613194
2025-04-01,imports,847141,Other,74660083
2025-05-01,imports,847141,Other,78372285
2025-06-01,imports,847141,Other,94629817
2025-07-01,imports,847141,Other,94103818
2025-08-01,imports,847141,Other,74035767
2025-09-01,imports,847141,Other,88509630
2025-10-01,imports,847141,Other,79762873
2025-11-01,imports,847141,Other,68977705
2025-12-01,imports,847141,Other,93206863
2026-01-01,imports,847141,Other,84049598
2026-02-01,imports,847141,Other,101772063
2026-03-01,imports,847141,Other,99174669
2026-04-01,imports,847141,Other,83835883
2026-05-01,imports,847141,Other,92719408
2026-06-01,imports,847141,Other,103835239
2026-07-01,imports,847141,Other,100537845
2021-10-01,imports,847141,Taiwan,33090240
2021-11-01,imports,847141,Taiwan,38442741
2021-12-01,imports,847141,Taiwan,80919902
2022-01-01,imports,847141,Taiwan,37073353
2022-02-01,imports,847141,Taiwan,29560542
2022-03-01,imports,847141,Taiwan,32541063
2022-04-01,imports,847141,Taiwan,22639631
2022-05-01,imports,847141,Taiwan,29091020
2022-06-01,imports,847141,Taiwan,25556308
2022-07-01,imports,847141,Taiwan,28367761
2022-08-01,imports,847141,Taiwan,39448396
2022-09-01,imports,847141,Taiwan,39726803
2022-10-01,imports,847141,Taiwan,40870540
2022-11-01,imports,847141,Taiwan,36502086
2022-12-01,imports,847141,Taiwan,29703100
2023-01-01,imports,847141,Taiwan,35160331
2023-02-01,imports,847141,Taiwan,39055992
2023-03-01,imports,847141,Taiwan,38637045
2023-04-01,imports,847141,Taiwan,32463887
2023-05-01,imports,847141,Taiwan,33968228
2023-06-01,imports,847141,Taiwan,40373853
2023-07-01,imports,847141,Taiwan,32912465
2023-08-01,imports,847141,Taiwan,37050981
2023-09-01,imports,847141,Taiwan,28917540
2023-10-01,imports,847141,Taiwan,38067003
2023-11-01,imports,847141,Taiwan,31340979
2023-12-01,imports,847141,Taiwan,31451596
2024-01-01,imports,847141,Taiwan,33010275
2024-02-01,imports,847141,Taiwan,34472221
2024-03-01,imports,847141,Taiwan,31470351
2024-04-01,imports,847141,Taiwan,25080906
2024-05-01,imports,847141,Taiwan,31523586
2024-06-01,imports,847141,Taiwan,33758111
2024-07-01,imports,847141,Taiwan,32365994
2024-08-01,imports,847141,Taiwan,29928927
2024-09-01,imports,847141,Taiwan,31789472
2024-10-01,imports,847141,Taiwan,28049553
2024-11-01,imports,847141,Taiwan,20564022
2024-12-01,imports,847141,Taiwan,28075139
2025-01-01,imports,847141,Taiwan,37822959
2025-02-01,imports,847141,Taiwan,16194058
2025-03-01,imports,847141,Taiwan,27089891
2025-04-01,imports,847141,Taiwan,26060259
2025-05-01,imports,847141,Taiwan,35571003
2025-06-01,imports,847141,Taiwan,22027475
2025-07-01,imports,847141,Taiwan,27091017
2025-08-01,imports,847141,Taiwan,26203738
2025-09-01,imports,847141,Taiwan,21322868
2025-10-01,imports,847141,Taiwan,18128953
2025-11-01,imports,847141,Taiwan,15543075
2025-12-01,imports,847141,Taiwan,23894000
2026-01-01,imports,847141,Taiwan,22605722
2026-02-01,imports,847141,Taiwan,18638358
2026-03-01,imports,847141,Taiwan,27981262
2026-04-01,imports,847141,Taiwan,24899229
2026-05-01,imports,847141,Taiwan,25039187
2026-06-01,imports,847141,Taiwan,35710275
2026-07-01,imports,847141,Taiwan,29022991
2021-10-01,imports,847149,Mexico,56888484
2021-11-01,imports,847149,Mexico,51803314
2021-12-01,imports,847149,Mexico,58217734
2022-01-01,imports,847149,Mexico,61151173
2022-02-01,imports,847149,Mexico,73774853
2022-03-01,imports,847149,Mexico,78948571
2022-04-01,imports,847149,Mexico,73490266
2022-05-01,imports,847149,Mexico,60738499
2022-06-01,imports,847149,Mexico,79834315
2022-07-01,imports,847149,Mexico,79861693
2022-08-01,imports,847149,Mexico,46803840
2022-09-01,imports,847149,Mexico,41241948
2022-10-01,imports,847149,Mexico,43874977
2022-11-01,imports,847149,Mexico,41469029
2022-12-01,imports,847149,Mexico,29926017
2023-01-01,imports,847149,Mexico,26783292
2023-02-01,imports,847149,Mexico,35452885
2023-03-01,imports,847149,Mexico,42364003
2023-04-01,imports,847149,Mexico,33747395
2023-05-01,imports,847149,Mexico,54591950
2023-06-01,imports,847149,Mexico,62710244
2023-07-01,imports,847149,Mexico,55712699
2023-08-01,imports,847149,Mexico,53258604
2023-09-01,imports,847149,Mexico,41529648
2023-10-01,imports,847149,Mexico,50000302
2023-11-01,imports,847149,Mexico,39851638
2023-12-01,imports,847149,Mexico,50192482
2024-01-01,imports,847149,Mexico,59237468
2024-02-01,imports,847149,Mexico,41854020
2024-03-01,imports,847149,Mexico,42289625
2024-04-01,imports,847149,Mexico,46731739
2024-05-01,imports,847149,Mexico,59067315
2024-06-01,imports,847149,Mexico,49559021
2024-07-01,imports,847149,Mexico,54582881
2024-08-01,imports,847149,Mexico,53937761
2024-09-01,imports,847149,Mexico,59555941
2024-10-01,imports,847149,Mexico,66322092
2024-11-01,imports,847149,Mexico,47952484
2024-12-01,imports,847149,Mexico,50389712
2025-01-01,imports,847149,Mexico,64613723
2025-02-01,imports,847149,Mexico,97395509
2025-03-01,imports,847149,Mexico,58229496
2025-04-01,imports,847149,Mexico,52511586
2025-05-01,imports,847149,Mexico,39194801
2025-06-01,imports,847149,Mexico,24809125
2025-07-01,imports,847149,Mexico,28760299
2025-08-01,imports,847149,Mexico,24194510
2025-09-01,imports,847149,Mexico,29972685
2025-10-01,imports,847149,Mexico,42811571
2025-11-01,imports,847149,Mexico,31581521
2025-12-01,imports,847149,Mexico,29567215
2026-01-01,imports,847149,Mexico,17911559
2026-02-01,imports,847149,Mexico,35418382
2026-03-01,imports,847149,Mexico,56636564
2026-04-01,imports,847149,Mexico,63857856
2026-05-01,imports,847149,Mexico,67853460
2026-06-01,imports,847149,Mexico,86824568
2026-07-01,imports,847149,Mexico,63453279
2021-10-01,imports,847149,Other,160105351
2021-11-01,imports,847149,Other,191872598
2021-12-01,imports,847149,Other,212629888
2022-01-01,imports,847149,Other,204667138
2022-02-01,imports,847149,Other,180937330
2022-03-01,imports,847149,Other,145019927
2022-04-01,imports,847149,Other,108055491
2022-05-01,imports,847149,Other,82620832
2022-06-01,imports,847149,Other,111789094
2022-07-01,imports,847149,Other,135712049
2022-08-01,imports,847149,Other,189893140
2022-09-01,imports,847149,Other,135531620
2022-10-01,imports,847149,Other,86179809
2022-11-01,imports,847149,Other,89562268
2022-12-01,imports,847149,Other,67969549
2023-01-01,imports,847149,Other,66764122
2023-02-01,imports,847149,Other,50725973
2023-03-01,imports,847149,Other,77237248
2023-04-01,imports,847149,Other,88403391
2023-05-01,imports,847149,Other,111345109
2023-06-01,imports,847149,Other,97985457
2023-07-01,imports,847149,Other,73121315
2023-08-01,imports,847149,Other,58805800
2023-09-01,imports,847149,Other,65128068
2023-10-01,imports,847149,Other,102812733
2023-11-01,imports,847149,Other,87032646
2023-12-01,imports,847149,Other,95286303
2024-01-01,imports,847149,Other,104030692
2024-02-01,imports,847149,Other,82267686
2024-03-01,imports,847149,Other,86851082
2024-04-01,imports,847149,Other,111303956
2024-05-01,imports,847149,Other,102774812
2024-06-01,imports,847149,Other,80323265
2024-07-01,imports,847149,Other,89362762
2024-08-01,imports,847149,Other,57448133
2024-09-01,imports,847149,Other,124423263
2024-10-01,imports,847149,Other,137711706
2024-11-01,imports,847149,Other,135391127
2024-12-01,imports,847149,Other,105318874
2025-01-01,imports,847149,Other,110472360
2025-02-01,imports,847149,Other,69167405
2025-03-01,imports,847149,Other,160407403
2025-04-01,imports,847149,Other,111212579
2025-05-01,imports,847149,Other,59636900
2025-06-01,imports,847149,Other,128016544
2025-07-01,imports,847149,Other,105471083
2025-08-01,imports,847149,Other,82928631
2025-09-01,imports,847149,Other,84338216
2025-10-01,imports,847149,Other,86582944
2025-11-01,imports,847149,Other,78027678
2025-12-01,imports,847149,Other,73583502
2026-01-01,imports,847149,Other,89620114
2026-02-01,imports,847149,Other,63903224
2026-03-01,imports,847149,Other,92710830
2026-04-01,imports,847149,Other,118126745
2026-05-01,imports,847149,Other,86718553
2026-06-01,imports,847149,Other,108871047
2026-07-01,imports,847149,Other,118437439
2021-10-01,imports,847149,Taiwan,34655563
2021-11-01,imports,847149,Taiwan,36389225
2021-12-01,imports,847149,Taiwan,44179765
2022-01-01,imports,847149,Taiwan,68606041
2022-02-01,imports,847149,Taiwan,22410420
2022-03-01,imports,847149,Taiwan,30231473
2022-04-01,imports,847149,Taiwan,17088507
2022-05-01,imports,847149,Taiwan,22962804
2022-06-01,imports,847149,Taiwan,19387808
2022-07-01,imports,847149,Taiwan,24674263
2022-08-01,imports,847149,Taiwan,18150153
2022-09-01,imports,847149,Taiwan,18035141
2022-10-01,imports,847149,Taiwan,19770006
2022-11-01,imports,847149,Taiwan,14123070
2022-12-01,imports,847149,Taiwan,13254903
2023-01-01,imports,847149,Taiwan,12997086
2023-02-01,imports,847149,Taiwan,46931455
2023-03-01,imports,847149,Taiwan,62120069
2023-04-01,imports,847149,Taiwan,40447889
2023-05-01,imports,847149,Taiwan,81155503
2023-06-01,imports,847149,Taiwan,35779209
2023-07-01,imports,847149,Taiwan,28264550
2023-08-01,imports,847149,Taiwan,55433890
2023-09-01,imports,847149,Taiwan,250438511
2023-10-01,imports,847149,Taiwan,232227406
2023-11-01,imports,847149,Taiwan,136312843
2023-12-01,imports,847149,Taiwan,59392930
2024-01-01,imports,847149,Taiwan,71890750
2024-02-01,imports,847149,Taiwan,17085528
2024-03-01,imports,847149,Taiwan,41284463
2024-04-01,imports,847149,Taiwan,88729076
2024-05-01,imports,847149,Taiwan,17344251
2024-06-01,imports,847149,Taiwan,114423558
2024-07-01,imports,847149,Taiwan,30194864
2024-08-01,imports,847149,Taiwan,24736409
2024-09-01,imports,847149,Taiwan,76385708
2024-10-01,imports,847149,Taiwan,34761348
2024-11-01,imports,847149,Taiwan,23117890
2024-12-01,imports,847149,Taiwan,169744964
2025-01-01,imports,847149,Taiwan,26169574
2025-02-01,imports,847149,Taiwan,14766144
2025-03-01,imports,847149,Taiwan,14771623
2025-04-01,imports,847149,Taiwan,14717843
2025-05-01,imports,847149,Taiwan,30008654
2025-06-01,imports,847149,Taiwan,29062597
2025-07-01,imports,847149,Taiwan,60259898
2025-08-01,imports,847149,Taiwan,24425147
2025-09-01,imports,847149,Taiwan,34608551
2025-10-01,imports,847149,Taiwan,25828477
2025-11-01,imports,847149,Taiwan,420104724
2025-12-01,imports,847149,Taiwan,670163770
2026-01-01,imports,847149,Taiwan,246118768
2026-02-01,imports,847149,Taiwan,57852912
2026-03-01,imports,847149,Taiwan,1090133613
2026-04-01,imports,847149,Taiwan,854544653
2026-05-01,imports,847149,Taiwan,51457877
2026-06-01,imports,847149,Taiwan,22082311
2026-07-01,imports,847149,Taiwan,18157040
2021-10-01,imports,847150,Mexico,2514941805
2021-11-01,imports,847150,Mexico,2514793020
2021-12-01,imports,847150,Mexico,2474772447
2022-01-01,imports,847150,Mexico,2117165795
2022-02-01,imports,847150,Mexico,2022578002
2022-03-01,imports,847150,Mexico,2687568904
2022-04-01,imports,847150,Mexico,2805947197
2022-05-01,imports,847150,Mexico,2508806213
2022-06-01,imports,847150,Mexico,3016226736
2022-07-01,imports,847150,Mexico,2961487878
2022-08-01,imports,847150,Mexico,2994823692
2022-09-01,imports,847150,Mexico,3156719178
2022-10-01,imports,847150,Mexico,3202920045
2022-11-01,imports,847150,Mexico,2905450132
2022-12-01,imports,847150,Mexico,2851948768
2023-01-01,imports,847150,Mexico,2101699631
2023-02-01,imports,847150,Mexico,1877118043
2023-03-01,imports,847150,Mexico,2460250444
2023-04-01,imports,847150,Mexico,1830518091
2023-05-01,imports,847150,Mexico,2140302439
2023-06-01,imports,847150,Mexico,2176773482
2023-07-01,imports,847150,Mexico,1838249003
2023-08-01,imports,847150,Mexico,2062926767
2023-09-01,imports,847150,Mexico,1546335649
2023-10-01,imports,847150,Mexico,2573345626
2023-11-01,imports,847150,Mexico,2250031670
2023-12-01,imports,847150,Mexico,2143285638
2024-01-01,imports,847150,Mexico,2231314934
2024-02-01,imports,847150,Mexico,2339917358
2024-03-01,imports,847150,Mexico,2549265066
2024-04-01,imports,847150,Mexico,3047145896
2024-05-01,imports,847150,Mexico,3226990727
2024-06-01,imports,847150,Mexico,3905057749
2024-07-01,imports,847150,Mexico,3544745714
2024-08-01,imports,847150,Mexico,4094867350
2024-09-01,imports,847150,Mexico,4815730044
2024-10-01,imports,847150,Mexico,3957812685
2024-11-01,imports,847150,Mexico,3608791429
2024-12-01,imports,847150,Mexico,4277781157
2025-01-01,imports,847150,Mexico,4517214507
2025-02-01,imports,847150,Mexico,5002759447
2025-03-01,imports,847150,Mexico,5778003069
2025-04-01,imports,847150,Mexico,5725372114
2025-05-01,imports,847150,Mexico,6809139469
2025-06-01,imports,847150,Mexico,6531658804
2025-07-01,imports,847150,Mexico,6713036010
2025-08-01,imports,847150,Mexico,7696429091
2025-09-01,imports,847150,Mexico,7097220770
2025-10-01,imports,847150,Mexico,8244377646
2025-11-01,imports,847150,Mexico,9252445002
2025-12-01,imports,847150,Mexico,7140153771
2026-01-01,imports,847150,Mexico,8672561799
2026-02-01,imports,847150,Mexico,7701561610
2026-03-01,imports,847150,Mexico,8421066331
2026-04-01,imports,847150,Mexico,10364258992
2026-05-01,imports,847150,Mexico,11709554490
2026-06-01,imports,847150,Mexico,13615944713
2026-07-01,imports,847150,Mexico,20162498175
2021-10-01,imports,847150,Other,220425018
2021-11-01,imports,847150,Other,256089534
2021-12-01,imports,847150,Other,277154548
2022-01-01,imports,847150,Other,370303290
2022-02-01,imports,847150,Other,331968604
2022-03-01,imports,847150,Other,337639621
2022-04-01,imports,847150,Other,361778923
2022-05-01,imports,847150,Other,373095046
2022-06-01,imports,847150,Other,401520457
2022-07-01,imports,847150,Other,399345388
2022-08-01,imports,847150,Other,290007264
2022-09-01,imports,847150,Other,349757876
2022-10-01,imports,847150,Other,292947242
2022-11-01,imports,847150,Other,254244043
2022-12-01,imports,847150,Other,300559497
2023-01-01,imports,847150,Other,271044891
2023-02-01,imports,847150,Other,268343589
2023-03-01,imports,847150,Other,339643773
2023-04-01,imports,847150,Other,336045411
2023-05-01,imports,847150,Other,337962193
2023-06-01,imports,847150,Other,341499527
2023-07-01,imports,847150,Other,322699485
2023-08-01,imports,847150,Other,276877401
2023-09-01,imports,847150,Other,323295772
2023-10-01,imports,847150,Other,596706360
2023-11-01,imports,847150,Other,588632079
2023-12-01,imports,847150,Other,366996213
2024-01-01,imports,847150,Other,387845747
2024-02-01,imports,847150,Other,226699599
2024-03-01,imports,847150,Other,277517892
2024-04-01,imports,847150,Other,444515320
2024-05-01,imports,847150,Other,392991470
2024-06-01,imports,847150,Other,292150331
2024-07-01,imports,847150,Other,363542879
2024-08-01,imports,847150,Other,330072182
2024-09-01,imports,847150,Other,388374644
2024-10-01,imports,847150,Other,345244940
2024-11-01,imports,847150,Other,405174795
2024-12-01,imports,847150,Other,387056029
2025-01-01,imports,847150,Other,356620459
2025-02-01,imports,847150,Other,396379825
2025-03-01,imports,847150,Other,764046759
2025-04-01,imports,847150,Other,658604111
2025-05-01,imports,847150,Other,591899008
2025-06-01,imports,847150,Other,551456000
2025-07-01,imports,847150,Other,784532755
2025-08-01,imports,847150,Other,1212068941
2025-09-01,imports,847150,Other,1731114085
2025-10-01,imports,847150,Other,2256508082
2025-11-01,imports,847150,Other,2429404849
2025-12-01,imports,847150,Other,2738858478
2026-01-01,imports,847150,Other,1868887306
2026-02-01,imports,847150,Other,2644469740
2026-03-01,imports,847150,Other,3572470378
2026-04-01,imports,847150,Other,4743856762
2026-05-01,imports,847150,Other,3896446921
2026-06-01,imports,847150,Other,3532675394
2026-07-01,imports,847150,Other,4859175473
2021-10-01,imports,847150,Taiwan,560636481
2021-11-01,imports,847150,Taiwan,385614597
2021-12-01,imports,847150,Taiwan,314602466
2022-01-01,imports,847150,Taiwan,280434433
2022-02-01,imports,847150,Taiwan,190449689
2022-03-01,imports,847150,Taiwan,378054724
2022-04-01,imports,847150,Taiwan,387223998
2022-05-01,imports,847150,Taiwan,394393400
2022-06-01,imports,847150,Taiwan,414498047
2022-07-01,imports,847150,Taiwan,578782530
2022-08-01,imports,847150,Taiwan,351714830
2022-09-01,imports,847150,Taiwan,424974431
2022-10-01,imports,847150,Taiwan,451186580
2022-11-01,imports,847150,Taiwan,441523356
2022-12-01,imports,847150,Taiwan,417588628
2023-01-01,imports,847150,Taiwan,338050615
2023-02-01,imports,847150,Taiwan,293258626
2023-03-01,imports,847150,Taiwan,298387415
2023-04-01,imports,847150,Taiwan,199035032
2023-05-01,imports,847150,Taiwan,340542416
2023-06-01,imports,847150,Taiwan,356548161
2023-07-01,imports,847150,Taiwan,943984744
2023-08-01,imports,847150,Taiwan,999589630
2023-09-01,imports,847150,Taiwan,1113329655
2023-10-01,imports,847150,Taiwan,1041603627
2023-11-01,imports,847150,Taiwan,930968434
2023-12-01,imports,847150,Taiwan,730329829
2024-01-01,imports,847150,Taiwan,838361033
2024-02-01,imports,847150,Taiwan,960342845
2024-03-01,imports,847150,Taiwan,1329403137
2024-04-01,imports,847150,Taiwan,1156096911
2024-05-01,imports,847150,Taiwan,1040284980
2024-06-01,imports,847150,Taiwan,1480625828
2024-07-01,imports,847150,Taiwan,1854722636
2024-08-01,imports,847150,Taiwan,2272935102
2024-09-01,imports,847150,Taiwan,2199245589
2024-10-01,imports,847150,Taiwan,929103582
2024-11-01,imports,847150,Taiwan,780546176
2024-12-01,imports,847150,Taiwan,1123075054
2025-01-01,imports,847150,Taiwan,985809441
2025-02-01,imports,847150,Taiwan,1342923372
2025-03-01,imports,847150,Taiwan,1581101161
2025-04-01,imports,847150,Taiwan,2068401610
2025-05-01,imports,847150,Taiwan,5942280720
2025-06-01,imports,847150,Taiwan,6722536231
2025-07-01,imports,847150,Taiwan,8941251356
2025-08-01,imports,847150,Taiwan,8541932629
2025-09-01,imports,847150,Taiwan,5015817116
2025-10-01,imports,847150,Taiwan,7732796383
2025-11-01,imports,847150,Taiwan,9377454535
2025-12-01,imports,847150,Taiwan,10460822574
2026-01-01,imports,847150,Taiwan,9743891781
2026-02-01,imports,847150,Taiwan,11864733122
2026-03-01,imports,847150,Taiwan,11435614172
2026-04-01,imports,847150,Taiwan,10246581810
2026-05-01,imports,847150,Taiwan,10203101245
2026-06-01,imports,847150,Taiwan,7513546171
2026-07-01,imports,847150,Taiwan,8588024526
2021-10-01,imports,847160,Mexico,8296027
2021-11-01,imports,847160,Mexico,8829496
2021-12-01,imports,847160,Mexico,9392376
2022-01-01,imports,847160,Mexico,7329261
2022-02-01,imports,847160,Mexico,8915843
2022-03-01,imports,847160,Mexico,12486734
2022-04-01,imports,847160,Mexico,9876518
2022-05-01,imports,847160,Mexico,14143993
2022-06-01,imports,847160,Mexico,15448126
2022-07-01,imports,847160,Mexico,11271959
2022-08-01,imports,847160,Mexico,8761879
2022-09-01,imports,847160,Mexico,14537529
2022-10-01,imports,847160,Mexico,11137659
2022-11-01,imports,847160,Mexico,12221940
2022-12-01,imports,847160,Mexico,13403602
2023-01-01,imports,847160,Mexico,9630634
2023-02-01,imports,847160,Mexico,8397462
2023-03-01,imports,847160,Mexico,12658781
2023-04-01,imports,847160,Mexico,8093531
2023-05-01,imports,847160,Mexico,13059046
2023-06-01,imports,847160,Mexico,11294448
2023-07-01,imports,847160,Mexico,7887229
2023-08-01,imports,847160,Mexico,10439192
2023-09-01,imports,847160,Mexico,11459153
2023-10-01,imports,847160,Mexico,13005096
2023-11-01,imports,847160,Mexico,8046860
2023-12-01,imports,847160,Mexico,10491601
2024-01-01,imports,847160,Mexico,10509064
2024-02-01,imports,847160,Mexico,9708643
2024-03-01,imports,847160,Mexico,11890426
2024-04-01,imports,847160,Mexico,7287985
2024-05-01,imports,847160,Mexico,9981042
2024-06-01,imports,847160,Mexico,16061605
2024-07-01,imports,847160,Mexico,11312492
2024-08-01,imports,847160,Mexico,11507302
2024-09-01,imports,847160,Mexico,13282175
2024-10-01,imports,847160,Mexico,12319122
2024-11-01,imports,847160,Mexico,11470562
2024-12-01,imports,847160,Mexico,18230867
2025-01-01,imports,847160,Mexico,11344081
2025-02-01,imports,847160,Mexico,18831365
2025-03-01,imports,847160,Mexico,19264959
2025-04-01,imports,847160,Mexico,10141093
2025-05-01,imports,847160,Mexico,9128993
2025-06-01,imports,847160,Mexico,11790206
2025-07-01,imports,847160,Mexico,8353107
2025-08-01,imports,847160,Mexico,9705817
2025-09-01,imports,847160,Mexico,7545096
2025-10-01,imports,847160,Mexico,8986644
2025-11-01,imports,847160,Mexico,6003514
2025-12-01,imports,847160,Mexico,7369320
2026-01-01,imports,847160,Mexico,7333734
2026-02-01,imports,847160,Mexico,6310060
2026-03-01,imports,847160,Mexico,8035188
2026-04-01,imports,847160,Mexico,9747707
2026-05-01,imports,847160,Mexico,6543450
2026-06-01,imports,847160,Mexico,10052935
2026-07-01,imports,847160,Mexico,5926670
2021-10-01,imports,847160,Other,351942477
2021-11-01,imports,847160,Other,349684491
2021-12-01,imports,847160,Other,336998426
2022-01-01,imports,847160,Other,298101184
2022-02-01,imports,847160,Other,247910897
2022-03-01,imports,847160,Other,302590320
2022-04-01,imports,847160,Other,258259033
2022-05-01,imports,847160,Other,332971137
2022-06-01,imports,847160,Other,324801870
2022-07-01,imports,847160,Other,316655528
2022-08-01,imports,847160,Other,322711544
2022-09-01,imports,847160,Other,319318934
2022-10-01,imports,847160,Other,262120225
2022-11-01,imports,847160,Other,300046551
2022-12-01,imports,847160,Other,257748090
2023-01-01,imports,847160,Other,232094233
2023-02-01,imports,847160,Other,206328129
2023-03-01,imports,847160,Other,251376508
2023-04-01,imports,847160,Other,203587024
2023-05-01,imports,847160,Other,244421672
2023-06-01,imports,847160,Other,229667258
2023-07-01,imports,847160,Other,237628844
2023-08-01,imports,847160,Other,252204104
2023-09-01,imports,847160,Other,262252875
2023-10-01,imports,847160,Other,252407219
2023-11-01,imports,847160,Other,258187571
2023-12-01,imports,847160,Other,268072771
2024-01-01,imports,847160,Other,240216009
2024-02-01,imports,847160,Other,210933559
2024-03-01,imports,847160,Other,200878398
2024-04-01,imports,847160,Other,274204485
2024-05-01,imports,847160,Other,301392508
2024-06-01,imports,847160,Other,263574200
2024-07-01,imports,847160,Other,277343642
2024-08-01,imports,847160,Other,265565825
2024-09-01,imports,847160,Other,295198907
2024-10-01,imports,847160,Other,323383841
2024-11-01,imports,847160,Other,268842150
2024-12-01,imports,847160,Other,287402798
2025-01-01,imports,847160,Other,285135225
2025-02-01,imports,847160,Other,195658912
2025-03-01,imports,847160,Other,244979635
2025-04-01,imports,847160,Other,236690736
2025-05-01,imports,847160,Other,219009468
2025-06-01,imports,847160,Other,300178571
2025-07-01,imports,847160,Other,259227573
2025-08-01,imports,847160,Other,212492271
2025-09-01,imports,847160,Other,206717519
2025-10-01,imports,847160,Other,231656577
2025-11-01,imports,847160,Other,214706571
2025-12-01,imports,847160,Other,262735422
2026-01-01,imports,847160,Other,233815182
2026-02-01,imports,847160,Other,201158548
2026-03-01,imports,847160,Other,215859909
2026-04-01,imports,847160,Other,269171874
2026-05-01,imports,847160,Other,291331616
2026-06-01,imports,847160,Other,313546102
2026-07-01,imports,847160,Other,375350625
2021-10-01,imports,847160,Taiwan,15858091
2021-11-01,imports,847160,Taiwan,16863369
2021-12-01,imports,847160,Taiwan,41151363
2022-01-01,imports,847160,Taiwan,39586294
2022-02-01,imports,847160,Taiwan,19605718
2022-03-01,imports,847160,Taiwan,24948169
2022-04-01,imports,847160,Taiwan,14761175
2022-05-01,imports,847160,Taiwan,14425001
2022-06-01,imports,847160,Taiwan,14978495
2022-07-01,imports,847160,Taiwan,14223332
2022-08-01,imports,847160,Taiwan,20128235
2022-09-01,imports,847160,Taiwan,13932969
2022-10-01,imports,847160,Taiwan,15354587
2022-11-01,imports,847160,Taiwan,15138238
2022-12-01,imports,847160,Taiwan,14582359
2023-01-01,imports,847160,Taiwan,10773818
2023-02-01,imports,847160,Taiwan,12245511
2023-03-01,imports,847160,Taiwan,10826883
2023-04-01,imports,847160,Taiwan,11748619
2023-05-01,imports,847160,Taiwan,9288751
2023-06-01,imports,847160,Taiwan,13374605
2023-07-01,imports,847160,Taiwan,9466327
2023-08-01,imports,847160,Taiwan,10776391
2023-09-01,imports,847160,Taiwan,10094045
2023-10-01,imports,847160,Taiwan,11925682
2023-11-01,imports,847160,Taiwan,8941245
2023-12-01,imports,847160,Taiwan,9029522
2024-01-01,imports,847160,Taiwan,15857908
2024-02-01,imports,847160,Taiwan,7597772
2024-03-01,imports,847160,Taiwan,8005893
2024-04-01,imports,847160,Taiwan,10967517
2024-05-01,imports,847160,Taiwan,8516518
2024-06-01,imports,847160,Taiwan,11836114
2024-07-01,imports,847160,Taiwan,8934963
2024-08-01,imports,847160,Taiwan,9892184
2024-09-01,imports,847160,Taiwan,10423031
2024-10-01,imports,847160,Taiwan,12435212
2024-11-01,imports,847160,Taiwan,8897872
2024-12-01,imports,847160,Taiwan,9102467
2025-01-01,imports,847160,Taiwan,9548247
2025-02-01,imports,847160,Taiwan,9361586
2025-03-01,imports,847160,Taiwan,7212792
2025-04-01,imports,847160,Taiwan,17554594
2025-05-01,imports,847160,Taiwan,8934613
2025-06-01,imports,847160,Taiwan,13694965
2025-07-01,imports,847160,Taiwan,12525026
2025-08-01,imports,847160,Taiwan,9259198
2025-09-01,imports,847160,Taiwan,8724505
2025-10-01,imports,847160,Taiwan,7767625
2025-11-01,imports,847160,Taiwan,9778238
2025-12-01,imports,847160,Taiwan,9646524
2026-01-01,imports,847160,Taiwan,16158766
2026-02-01,imports,847160,Taiwan,7437556
2026-03-01,imports,847160,Taiwan,13456196
2026-04-01,imports,847160,Taiwan,8056519
2026-05-01,imports,847160,Taiwan,9253319
2026-06-01,imports,847160,Taiwan,10205419
2026-07-01,imports,847160,Taiwan,9232319
2021-10-01,imports,847170,Mexico,139463309
2021-11-01,imports,847170,Mexico,95608471
2021-12-01,imports,847170,Mexico,101493124
2022-01-01,imports,847170,Mexico,145747471
2022-02-01,imports,847170,Mexico,67797595
2022-03-01,imports,847170,Mexico,131388181
2022-04-01,imports,847170,Mexico,152825665
2022-05-01,imports,847170,Mexico,111733993
2022-06-01,imports,847170,Mexico,134459388
2022-07-01,imports,847170,Mexico,149030525
2022-08-01,imports,847170,Mexico,110980497
2022-09-01,imports,847170,Mexico,206822866
2022-10-01,imports,847170,Mexico,237732073
2022-11-01,imports,847170,Mexico,136061789
2022-12-01,imports,847170,Mexico,145931163
2023-01-01,imports,847170,Mexico,148051028
2023-02-01,imports,847170,Mexico,72333135
2023-03-01,imports,847170,Mexico,116276835
2023-04-01,imports,847170,Mexico,118388998
2023-05-01,imports,847170,Mexico,145526010
2023-06-01,imports,847170,Mexico,136964024
2023-07-01,imports,847170,Mexico,110906072
2023-08-01,imports,847170,Mexico,136191896
2023-09-01,imports,847170,Mexico,100490879
2023-10-01,imports,847170,Mexico,183150122
2023-11-01,imports,847170,Mexico,168550583
2023-12-01,imports,847170,Mexico,162407668
2024-01-01,imports,847170,Mexico,168773194
2024-02-01,imports,847170,Mexico,133060142
2024-03-01,imports,847170,Mexico,140872005
2024-04-01,imports,847170,Mexico,199404632
2024-05-01,imports,847170,Mexico,171207991
2024-06-01,imports,847170,Mexico,167169710
2024-07-01,imports,847170,Mexico,208223734
2024-08-01,imports,847170,Mexico,208580801
2024-09-01,imports,847170,Mexico,271209526
2024-10-01,imports,847170,Mexico,248718537
2024-11-01,imports,847170,Mexico,243425721
2024-12-01,imports,847170,Mexico,172455530
2025-01-01,imports,847170,Mexico,172754398
2025-02-01,imports,847170,Mexico,212141216
2025-03-01,imports,847170,Mexico,150571619
2025-04-01,imports,847170,Mexico,237693658
2025-05-01,imports,847170,Mexico,182959640
2025-06-01,imports,847170,Mexico,405042730
2025-07-01,imports,847170,Mexico,477440208
2025-08-01,imports,847170,Mexico,246767325
2025-09-01,imports,847170,Mexico,355266241
2025-10-01,imports,847170,Mexico,389311436
2025-11-01,imports,847170,Mexico,391147236
2025-12-01,imports,847170,Mexico,396046227
2026-01-01,imports,847170,Mexico,480319515
2026-02-01,imports,847170,Mexico,625902259
2026-03-01,imports,847170,Mexico,789219391
2026-04-01,imports,847170,Mexico,884839111
2026-05-01,imports,847170,Mexico,1068843337
2026-06-01,imports,847170,Mexico,919014778
2026-07-01,imports,847170,Mexico,1106046406
2021-10-01,imports,847170,Other,668882890
2021-11-01,imports,847170,Other,742203138
2021-12-01,imports,847170,Other,868766612
2022-01-01,imports,847170,Other,687412293
2022-02-01,imports,847170,Other,636146956
2022-03-01,imports,847170,Other,968231577
2022-04-01,imports,847170,Other,650913687
2022-05-01,imports,847170,Other,727859368
2022-06-01,imports,847170,Other,732482833
2022-07-01,imports,847170,Other,767848219
2022-08-01,imports,847170,Other,911478767
2022-09-01,imports,847170,Other,814994653
2022-10-01,imports,847170,Other,826328999
2022-11-01,imports,847170,Other,759164080
2022-12-01,imports,847170,Other,441533337
2023-01-01,imports,847170,Other,502759335
2023-02-01,imports,847170,Other,593408851
2023-03-01,imports,847170,Other,445906762
2023-04-01,imports,847170,Other,558556138
2023-05-01,imports,847170,Other,585878568
2023-06-01,imports,847170,Other,440282488
2023-07-01,imports,847170,Other,371268896
2023-08-01,imports,847170,Other,333267736
2023-09-01,imports,847170,Other,328609234
2023-10-01,imports,847170,Other,432577425
2023-11-01,imports,847170,Other,506648117
2023-12-01,imports,847170,Other,524745580
2024-01-01,imports,847170,Other,498474525
2024-02-01,imports,847170,Other,549989410
2024-03-01,imports,847170,Other,462201899
2024-04-01,imports,847170,Other,536253145
2024-05-01,imports,847170,Other,501331010
2024-06-01,imports,847170,Other,580440462
2024-07-01,imports,847170,Other,525284586
2024-08-01,imports,847170,Other,628062135
2024-09-01,imports,847170,Other,619005116
2024-10-01,imports,847170,Other,639080327
2024-11-01,imports,847170,Other,673577679
2024-12-01,imports,847170,Other,775736046
2025-01-01,imports,847170,Other,619032182
2025-02-01,imports,847170,Other,589223380
2025-03-01,imports,847170,Other,930098361
2025-04-01,imports,847170,Other,803822687
2025-05-01,imports,847170,Other,772411333
2025-06-01,imports,847170,Other,888262455
2025-07-01,imports,847170,Other,817881727
2025-08-01,imports,847170,Other,823222239
2025-09-01,imports,847170,Other,947288325
2025-10-01,imports,847170,Other,928897762
2025-11-01,imports,847170,Other,791104678
2025-12-01,imports,847170,Other,1102456893
2026-01-01,imports,847170,Other,887127804
2026-02-01,imports,847170,Other,1033470393
2026-03-01,imports,847170,Other,1369302751
2026-04-01,imports,847170,Other,1307010079
2026-05-01,imports,847170,Other,1371072189
2026-06-01,imports,847170,Other,1401245524
2026-07-01,imports,847170,Other,1571679068
2021-10-01,imports,847170,Taiwan,36004213
2021-11-01,imports,847170,Taiwan,20580694
2021-12-01,imports,847170,Taiwan,19494937
2022-01-01,imports,847170,Taiwan,34494776
2022-02-01,imports,847170,Taiwan,29623461
2022-03-01,imports,847170,Taiwan,29151592
2022-04-01,imports,847170,Taiwan,20607182
2022-05-01,imports,847170,Taiwan,23640542
2022-06-01,imports,847170,Taiwan,28877203
2022-07-01,imports,847170,Taiwan,26638502
2022-08-01,imports,847170,Taiwan,21751264
2022-09-01,imports,847170,Taiwan,37155443
2022-10-01,imports,847170,Taiwan,25973321
2022-11-01,imports,847170,Taiwan,18547153
2022-12-01,imports,847170,Taiwan,20842860
2023-01-01,imports,847170,Taiwan,17081175
2023-02-01,imports,847170,Taiwan,14429592
2023-03-01,imports,847170,Taiwan,24208398
2023-04-01,imports,847170,Taiwan,23610904
2023-05-01,imports,847170,Taiwan,22283711
2023-06-01,imports,847170,Taiwan,26094440
2023-07-01,imports,847170,Taiwan,19866044
2023-08-01,imports,847170,Taiwan,19384246
2023-09-01,imports,847170,Taiwan,20758670
2023-10-01,imports,847170,Taiwan,22682245
2023-11-01,imports,847170,Taiwan,18500704
2023-12-01,imports,847170,Taiwan,17392694
2024-01-01,imports,847170,Taiwan,19168736
2024-02-01,imports,847170,Taiwan,14019923
2024-03-01,imports,847170,Taiwan,18905969
2024-04-01,imports,847170,Taiwan,21389935
2024-05-01,imports,847170,Taiwan,26496222
2024-06-01,imports,847170,Taiwan,25277285
2024-07-01,imports,847170,Taiwan,21769449
2024-08-01,imports,847170,Taiwan,22529089
2024-09-01,imports,847170,Taiwan,18091255
2024-10-01,imports,847170,Taiwan,14534431
2024-11-01,imports,847170,Taiwan,15421968
2024-12-01,imports,847170,Taiwan,14561920
2025-01-01,imports,847170,Taiwan,18489712
2025-02-01,imports,847170,Taiwan,18164597
2025-03-01,imports,847170,Taiwan,32284450
2025-04-01,imports,847170,Taiwan,25124487
2025-05-01,imports,847170,Taiwan,14363503
2025-06-01,imports,847170,Taiwan,24587490
2025-07-01,imports,847170,Taiwan,10590218
2025-08-01,imports,847170,Taiwan,10370652
2025-09-01,imports,847170,Taiwan,13401556
2025-10-01,imports,847170,Taiwan,32439698
2025-11-01,imports,847170,Taiwan,21867387
2025-12-01,imports,847170,Taiwan,18297680
2026-01-01,imports,847170,Taiwan,22803339
2026-02-01,imports,847170,Taiwan,29133148
2026-03-01,imports,847170,Taiwan,13892119
2026-04-01,imports,847170,Taiwan,20444528
2026-05-01,imports,847170,Taiwan,30630457
2026-06-01,imports,847170,Taiwan,152794340
2026-07-01,imports,847170,Taiwan,60426542
2021-10-01,imports,847180,Mexico,11254579
2021-11-01,imports,847180,Mexico,12087978
2021-12-01,imports,847180,Mexico,19077028
2022-01-01,imports,847180,Mexico,8590356
2022-02-01,imports,847180,Mexico,10520690
2022-03-01,imports,847180,Mexico,17186117
2022-04-01,imports,847180,Mexico,13254151
2022-05-01,imports,847180,Mexico,16574825
2022-06-01,imports,847180,Mexico,15440140
2022-07-01,imports,847180,Mexico,16105497
2022-08-01,imports,847180,Mexico,15582461
2022-09-01,imports,847180,Mexico,15940094
2022-10-01,imports,847180,Mexico,15753618
2022-11-01,imports,847180,Mexico,14099029
2022-12-01,imports,847180,Mexico,18332395
2023-01-01,imports,847180,Mexico,15406676
2023-02-01,imports,847180,Mexico,11353777
2023-03-01,imports,847180,Mexico,19957343
2023-04-01,imports,847180,Mexico,11167645
2023-05-01,imports,847180,Mexico,13428547
2023-06-01,imports,847180,Mexico,19500603
2023-07-01,imports,847180,Mexico,23322812
2023-08-01,imports,847180,Mexico,14189835
2023-09-01,imports,847180,Mexico,17944684
2023-10-01,imports,847180,Mexico,17342096
2023-11-01,imports,847180,Mexico,13233081
2023-12-01,imports,847180,Mexico,19073408
2024-01-01,imports,847180,Mexico,11801504
2024-02-01,imports,847180,Mexico,11688856
2024-03-01,imports,847180,Mexico,17924775
2024-04-01,imports,847180,Mexico,48590360
2024-05-01,imports,847180,Mexico,147246156
2024-06-01,imports,847180,Mexico,194240374
2024-07-01,imports,847180,Mexico,126708719
2024-08-01,imports,847180,Mexico,265765339
2024-09-01,imports,847180,Mexico,636479155
2024-10-01,imports,847180,Mexico,408435094
2024-11-01,imports,847180,Mexico,419462358
2024-12-01,imports,847180,Mexico,394814460
2025-01-01,imports,847180,Mexico,185703602
2025-02-01,imports,847180,Mexico,18407981
2025-03-01,imports,847180,Mexico,841316661
2025-04-01,imports,847180,Mexico,49739705
2025-05-01,imports,847180,Mexico,16546419
2025-06-01,imports,847180,Mexico,58046412
2025-07-01,imports,847180,Mexico,161537302
2025-08-01,imports,847180,Mexico,69017847
2025-09-01,imports,847180,Mexico,76017570
2025-10-01,imports,847180,Mexico,37295599
2025-11-01,imports,847180,Mexico,63556002
2025-12-01,imports,847180,Mexico,51334447
2026-01-01,imports,847180,Mexico,35204862
2026-02-01,imports,847180,Mexico,19702138
2026-03-01,imports,847180,Mexico,65970246
2026-04-01,imports,847180,Mexico,31356901
2026-05-01,imports,847180,Mexico,31632335
2026-06-01,imports,847180,Mexico,116097977
2026-07-01,imports,847180,Mexico,63982689
2021-10-01,imports,847180,Other,163028974
2021-11-01,imports,847180,Other,156256958
2021-12-01,imports,847180,Other,175641587
2022-01-01,imports,847180,Other,184641005
2022-02-01,imports,847180,Other,120254440
2022-03-01,imports,847180,Other,194796320
2022-04-01,imports,847180,Other,185239714
2022-05-01,imports,847180,Other,163009151
2022-06-01,imports,847180,Other,191717212
2022-07-01,imports,847180,Other,183708534
2022-08-01,imports,847180,Other,202234301
2022-09-01,imports,847180,Other,180313280
2022-10-01,imports,847180,Other,238053620
2022-11-01,imports,847180,Other,192811886
2022-12-01,imports,847180,Other,200482407
2023-01-01,imports,847180,Other,175442072
2023-02-01,imports,847180,Other,153711090
2023-03-01,imports,847180,Other,173131082
2023-04-01,imports,847180,Other,156523944
2023-05-01,imports,847180,Other,171129349
2023-06-01,imports,847180,Other,148207715
2023-07-01,imports,847180,Other,149796961
2023-08-01,imports,847180,Other,164464475
2023-09-01,imports,847180,Other,168765942
2023-10-01,imports,847180,Other,183581008
2023-11-01,imports,847180,Other,166837564
2023-12-01,imports,847180,Other,164961693
2024-01-01,imports,847180,Other,150545788
2024-02-01,imports,847180,Other,158524535
2024-03-01,imports,847180,Other,149065439
2024-04-01,imports,847180,Other,141840413
2024-05-01,imports,847180,Other,154832616
2024-06-01,imports,847180,Other,169143040
2024-07-01,imports,847180,Other,202557082
2024-08-01,imports,847180,Other,163448893
2024-09-01,imports,847180,Other,144306930
2024-10-01,imports,847180,Other,206881766
2024-11-01,imports,847180,Other,133237460
2024-12-01,imports,847180,Other,192028729
2025-01-01,imports,847180,Other,195893833
2025-02-01,imports,847180,Other,145838245
2025-03-01,imports,847180,Other,164152723
2025-04-01,imports,847180,Other,194606604
2025-05-01,imports,847180,Other,183246887
2025-06-01,imports,847180,Other,234583398
2025-07-01,imports,847180,Other,185486909
2025-08-01,imports,847180,Other,160639293
2025-09-01,imports,847180,Other,138928681
2025-10-01,imports,847180,Other,181719461
2025-11-01,imports,847180,Other,190148772
2025-12-01,imports,847180,Other,191836961
2026-01-01,imports,847180,Other,207182180
2026-02-01,imports,847180,Other,162619754
2026-03-01,imports,847180,Other,217297509
2026-04-01,imports,847180,Other,163925434
2026-05-01,imports,847180,Other,139952182
2026-06-01,imports,847180,Other,171947438
2026-07-01,imports,847180,Other,168754156
2021-10-01,imports,847180,Taiwan,119647340
2021-11-01,imports,847180,Taiwan,148074039
2021-12-01,imports,847180,Taiwan,133963279
2022-01-01,imports,847180,Taiwan,95295049
2022-02-01,imports,847180,Taiwan,100674921
2022-03-01,imports,847180,Taiwan,238876296
2022-04-01,imports,847180,Taiwan,152208673
2022-05-01,imports,847180,Taiwan,170531128
2022-06-01,imports,847180,Taiwan,121571374
2022-07-01,imports,847180,Taiwan,189282201
2022-08-01,imports,847180,Taiwan,238639525
2022-09-01,imports,847180,Taiwan,290958059
2022-10-01,imports,847180,Taiwan,450710344
2022-11-01,imports,847180,Taiwan,439624509
2022-12-01,imports,847180,Taiwan,409043149
2023-01-01,imports,847180,Taiwan,225015222
2023-02-01,imports,847180,Taiwan,305637057
2023-03-01,imports,847180,Taiwan,405141504
2023-04-01,imports,847180,Taiwan,304705782
2023-05-01,imports,847180,Taiwan,135408787
2023-06-01,imports,847180,Taiwan,122249162
2023-07-01,imports,847180,Taiwan,121056237
2023-08-01,imports,847180,Taiwan,212174805
2023-09-01,imports,847180,Taiwan,168373001
2023-10-01,imports,847180,Taiwan,275091057
2023-11-01,imports,847180,Taiwan,257592492
2023-12-01,imports,847180,Taiwan,192825516
2024-01-01,imports,847180,Taiwan,625564532
2024-02-01,imports,847180,Taiwan,252200733
2024-03-01,imports,847180,Taiwan,367480284
2024-04-01,imports,847180,Taiwan,567575121
2024-05-01,imports,847180,Taiwan,360329687
2024-06-01,imports,847180,Taiwan,605341172
2024-07-01,imports,847180,Taiwan,390489221
2024-08-01,imports,847180,Taiwan,575473066
2024-09-01,imports,847180,Taiwan,237795072
2024-10-01,imports,847180,Taiwan,1357222836
2024-11-01,imports,847180,Taiwan,604443252
2024-12-01,imports,847180,Taiwan,700929422
2025-01-01,imports,847180,Taiwan,907335587
2025-02-01,imports,847180,Taiwan,908320201
2025-03-01,imports,847180,Taiwan,1532312086
2025-04-01,imports,847180,Taiwan,2966373526
2025-05-01,imports,847180,Taiwan,916559883
2025-06-01,imports,847180,Taiwan,581925790
2025-07-01,imports,847180,Taiwan,1019360121
2025-08-01,imports,847180,Taiwan,614339853
2025-09-01,imports,847180,Taiwan,347535072
2025-10-01,imports,847180,Taiwan,970120027
2025-11-01,imports,847180,Taiwan,896954746
2025-12-01,imports,847180,Taiwan,1212744583
2026-01-01,imports,847180,Taiwan,1463235550
2026-02-01,imports,847180,Taiwan,588562309
2026-03-01,imports,847180,Taiwan,551675994
2026-04-01,imports,847180,Taiwan,1442920000
2026-05-01,imports,847180,Taiwan,1589872347
2026-06-01,imports,847180,Taiwan,1706043205
2026-07-01,imports,847180,Taiwan,2549479025
2021-10-01,imports,847190,Mexico,5056551
2021-11-01,imports,847190,Mexico,4079483
2021-12-01,imports,847190,Mexico,7373805
2022-01-01,imports,847190,Mexico,4297824
2022-02-01,imports,847190,Mexico,5287072
2022-03-01,imports,847190,Mexico,7187881
2022-04-01,imports,847190,Mexico,4566069
2022-05-01,imports,847190,Mexico,5119751
2022-06-01,imports,847190,Mexico,5999247
2022-07-01,imports,847190,Mexico,5801138
2022-08-01,imports,847190,Mexico,6200791
2022-09-01,imports,847190,Mexico,8213959
2022-10-01,imports,847190,Mexico,6311740
2022-11-01,imports,847190,Mexico,7029281
2022-12-01,imports,847190,Mexico,7072134
2023-01-01,imports,847190,Mexico,3486852
2023-02-01,imports,847190,Mexico,5143342
2023-03-01,imports,847190,Mexico,5894560
2023-04-01,imports,847190,Mexico,4427884
2023-05-01,imports,847190,Mexico,4691298
2023-06-01,imports,847190,Mexico,4810546
2023-07-01,imports,847190,Mexico,3895218
2023-08-01,imports,847190,Mexico,4297000
2023-09-01,imports,847190,Mexico,4869796
2023-10-01,imports,847190,Mexico,3992814
2023-11-01,imports,847190,Mexico,3705313
2023-12-01,imports,847190,Mexico,3186388
2024-01-01,imports,847190,Mexico,2753556
2024-02-01,imports,847190,Mexico,3167480
2024-03-01,imports,847190,Mexico,2785743
2024-04-01,imports,847190,Mexico,2062670
2024-05-01,imports,847190,Mexico,1904589
2024-06-01,imports,847190,Mexico,2158784
2024-07-01,imports,847190,Mexico,2183763
2024-08-01,imports,847190,Mexico,1693073
2024-09-01,imports,847190,Mexico,2268138
2024-10-01,imports,847190,Mexico,2338973
2024-11-01,imports,847190,Mexico,1995820
2024-12-01,imports,847190,Mexico,2363192
2025-01-01,imports,847190,Mexico,1632847
2025-02-01,imports,847190,Mexico,1013053
2025-03-01,imports,847190,Mexico,1889771
2025-04-01,imports,847190,Mexico,3612931
2025-05-01,imports,847190,Mexico,2662940
2025-06-01,imports,847190,Mexico,3295552
2025-07-01,imports,847190,Mexico,1958973
2025-08-01,imports,847190,Mexico,2081447
2025-09-01,imports,847190,Mexico,2546492
2025-10-01,imports,847190,Mexico,5162468
2025-11-01,imports,847190,Mexico,2965018
2025-12-01,imports,847190,Mexico,4915235
2026-01-01,imports,847190,Mexico,3062078
2026-02-01,imports,847190,Mexico,3582131
2026-03-01,imports,847190,Mexico,5607585
2026-04-01,imports,847190,Mexico,3138909
2026-05-01,imports,847190,Mexico,3639288
2026-06-01,imports,847190,Mexico,7935749
2026-07-01,imports,847190,Mexico,7415470
2021-10-01,imports,847190,Other,42786877
2021-11-01,imports,847190,Other,52837620
2021-12-01,imports,847190,Other,60572144
2022-01-01,imports,847190,Other,41572119
2022-02-01,imports,847190,Other,48703610
2022-03-01,imports,847190,Other,44500769
2022-04-01,imports,847190,Other,52977590
2022-05-01,imports,847190,Other,48826955
2022-06-01,imports,847190,Other,53688784
2022-07-01,imports,847190,Other,43907060
2022-08-01,imports,847190,Other,38778484
2022-09-01,imports,847190,Other,43657449
2022-10-01,imports,847190,Other,55393645
2022-11-01,imports,847190,Other,45133794
2022-12-01,imports,847190,Other,44346248
2023-01-01,imports,847190,Other,39816728
2023-02-01,imports,847190,Other,32503574
2023-03-01,imports,847190,Other,51304877
2023-04-01,imports,847190,Other,39453452
2023-05-01,imports,847190,Other,47570432
2023-06-01,imports,847190,Other,46847844
2023-07-01,imports,847190,Other,43037884
2023-08-01,imports,847190,Other,48640901
2023-09-01,imports,847190,Other,43702785
2023-10-01,imports,847190,Other,42568079
2023-11-01,imports,847190,Other,39174505
2023-12-01,imports,847190,Other,47102809
2024-01-01,imports,847190,Other,44848919
2024-02-01,imports,847190,Other,43059144
2024-03-01,imports,847190,Other,52304521
2024-04-01,imports,847190,Other,49661446
2024-05-01,imports,847190,Other,49679173
2024-06-01,imports,847190,Other,62988589
2024-07-01,imports,847190,Other,48422716
2024-08-01,imports,847190,Other,56009849
2024-09-01,imports,847190,Other,57385396
2024-10-01,imports,847190,Other,55094920
2024-11-01,imports,847190,Other,51282651
2024-12-01,imports,847190,Other,65152043
2025-01-01,imports,847190,Other,58772015
2025-02-01,imports,847190,Other,39896885
2025-03-01,imports,847190,Other,58403220
2025-04-01,imports,847190,Other,53157485
2025-05-01,imports,847190,Other,44708147
2025-06-01,imports,847190,Other,55043226
2025-07-01,imports,847190,Other,51099326
2025-08-01,imports,847190,Other,38289295
2025-09-01,imports,847190,Other,40995012
2025-10-01,imports,847190,Other,42193686
2025-11-01,imports,847190,Other,39625060
2025-12-01,imports,847190,Other,52965905
2026-01-01,imports,847190,Other,54063526
2026-02-01,imports,847190,Other,62488726
2026-03-01,imports,847190,Other,51549095
2026-04-01,imports,847190,Other,54773755
2026-05-01,imports,847190,Other,50858466
2026-06-01,imports,847190,Other,39526985
2026-07-01,imports,847190,Other,41196028
2021-10-01,imports,847190,Taiwan,13178273
2021-11-01,imports,847190,Taiwan,6682899
2021-12-01,imports,847190,Taiwan,7676642
2022-01-01,imports,847190,Taiwan,8745659
2022-02-01,imports,847190,Taiwan,11843564
2022-03-01,imports,847190,Taiwan,13514749
2022-04-01,imports,847190,Taiwan,9766281
2022-05-01,imports,847190,Taiwan,6439955
2022-06-01,imports,847190,Taiwan,8085791
2022-07-01,imports,847190,Taiwan,7654145
2022-08-01,imports,847190,Taiwan,9608122
2022-09-01,imports,847190,Taiwan,8255877
2022-10-01,imports,847190,Taiwan,9014541
2022-11-01,imports,847190,Taiwan,7389036
2022-12-01,imports,847190,Taiwan,8491952
2023-01-01,imports,847190,Taiwan,7459182
2023-02-01,imports,847190,Taiwan,8111237
2023-03-01,imports,847190,Taiwan,8378086
2023-04-01,imports,847190,Taiwan,9236268
2023-05-01,imports,847190,Taiwan,6629238
2023-06-01,imports,847190,Taiwan,8884451
2023-07-01,imports,847190,Taiwan,7783886
2023-08-01,imports,847190,Taiwan,6941880
2023-09-01,imports,847190,Taiwan,5991978
2023-10-01,imports,847190,Taiwan,7155960
2023-11-01,imports,847190,Taiwan,5901266
2023-12-01,imports,847190,Taiwan,5226324
2024-01-01,imports,847190,Taiwan,5965071
2024-02-01,imports,847190,Taiwan,5119727
2024-03-01,imports,847190,Taiwan,5384557
2024-04-01,imports,847190,Taiwan,6915195
2024-05-01,imports,847190,Taiwan,6065184
2024-06-01,imports,847190,Taiwan,4017010
2024-07-01,imports,847190,Taiwan,4490410
2024-08-01,imports,847190,Taiwan,4709740
2024-09-01,imports,847190,Taiwan,4429411
2024-10-01,imports,847190,Taiwan,3827255
2024-11-01,imports,847190,Taiwan,4311775
2024-12-01,imports,847190,Taiwan,4931314
2025-01-01,imports,847190,Taiwan,5180465
2025-02-01,imports,847190,Taiwan,5242349
2025-03-01,imports,847190,Taiwan,3876367
2025-04-01,imports,847190,Taiwan,3235489
2025-05-01,imports,847190,Taiwan,3312319
2025-06-01,imports,847190,Taiwan,4286493
2025-07-01,imports,847190,Taiwan,6121764
2025-08-01,imports,847190,Taiwan,3630107
2025-09-01,imports,847190,Taiwan,5811477
2025-10-01,imports,847190,Taiwan,4283711
2025-11-01,imports,847190,Taiwan,5293973
2025-12-01,imports,847190,Taiwan,4264640
2026-01-01,imports,847190,Taiwan,7641621
2026-02-01,imports,847190,Taiwan,7155202
2026-03-01,imports,847190,Taiwan,5830530
2026-04-01,imports,847190,Taiwan,5763416
2026-05-01,imports,847190,Taiwan,3914706
2026-06-01,imports,847190,Taiwan,5311225
2026-07-01,imports,847190,Taiwan,3991818
2021-10-01,imports,847330,Mexico,88250999
2021-11-01,imports,847330,Mexico,152936022
2021-12-01,imports,847330,Mexico,111725261
2022-01-01,imports,847330,Mexico,89867218
2022-02-01,imports,847330,Mexico,82123971
2022-03-01,imports,847330,Mexico,104907649
2022-04-01,imports,847330,Mexico,112460064
2022-05-01,imports,847330,Mexico,124129915
2022-06-01,imports,847330,Mexico,133641218
2022-07-01,imports,847330,Mexico,99058346
2022-08-01,imports,847330,Mexico,108804449
2022-09-01,imports,847330,Mexico,134803300
2022-10-01,imports,847330,Mexico,111323683
2022-11-01,imports,847330,Mexico,117559485
2022-12-01,imports,847330,Mexico,105136045
2023-01-01,imports,847330,Mexico,89115824
2023-02-01,imports,847330,Mexico,84364284
2023-03-01,imports,847330,Mexico,90687439
2023-04-01,imports,847330,Mexico,112836442
2023-05-01,imports,847330,Mexico,112605107
2023-06-01,imports,847330,Mexico,183540160
2023-07-01,imports,847330,Mexico,100785156
2023-08-01,imports,847330,Mexico,78565145
2023-09-01,imports,847330,Mexico,106010495
2023-10-01,imports,847330,Mexico,124664865
2023-11-01,imports,847330,Mexico,131776922
2023-12-01,imports,847330,Mexico,118211988
2024-01-01,imports,847330,Mexico,76597932
2024-02-01,imports,847330,Mexico,88495485
2024-03-01,imports,847330,Mexico,101671323
2024-04-01,imports,847330,Mexico,107578706
2024-05-01,imports,847330,Mexico,110052013
2024-06-01,imports,847330,Mexico,187604214
2024-07-01,imports,847330,Mexico,230513574
2024-08-01,imports,847330,Mexico,135771218
2024-09-01,imports,847330,Mexico,172664795
2024-10-01,imports,847330,Mexico,174275558
2024-11-01,imports,847330,Mexico,126660345
2024-12-01,imports,847330,Mexico,229400956
2025-01-01,imports,847330,Mexico,161933884
2025-02-01,imports,847330,Mexico,176319633
2025-03-01,imports,847330,Mexico,772657864
2025-04-01,imports,847330,Mexico,468416932
2025-05-01,imports,847330,Mexico,264064551
2025-06-01,imports,847330,Mexico,188004094
2025-07-01,imports,847330,Mexico,317412727
2025-08-01,imports,847330,Mexico,173212800
2025-09-01,imports,847330,Mexico,257082000
2025-10-01,imports,847330,Mexico,304762516
2025-11-01,imports,847330,Mexico,270784262
2025-12-01,imports,847330,Mexico,266220978
2026-01-01,imports,847330,Mexico,250675617
2026-02-01,imports,847330,Mexico,260875883
2026-03-01,imports,847330,Mexico,363357293
2026-04-01,imports,847330,Mexico,164418157
2026-05-01,imports,847330,Mexico,132825658
2026-06-01,imports,847330,Mexico,195712049
2026-07-01,imports,847330,Mexico,248366577
2021-10-01,imports,847330,Other,1801918047
2021-11-01,imports,847330,Other,1782035926
2021-12-01,imports,847330,Other,2114846226
2022-01-01,imports,847330,Other,1662576257
2022-02-01,imports,847330,Other,1373294135
2022-03-01,imports,847330,Other,2114702569
2022-04-01,imports,847330,Other,2097236189
2022-05-01,imports,847330,Other,2027821061
2022-06-01,imports,847330,Other,2564630730
2022-07-01,imports,847330,Other,1846708881
2022-08-01,imports,847330,Other,1503347180
2022-09-01,imports,847330,Other,1738272602
2022-10-01,imports,847330,Other,1370185129
2022-11-01,imports,847330,Other,1695418782
2022-12-01,imports,847330,Other,1922999562
2023-01-01,imports,847330,Other,902715219
2023-02-01,imports,847330,Other,833819704
2023-03-01,imports,847330,Other,1363459476
2023-04-01,imports,847330,Other,1035053455
2023-05-01,imports,847330,Other,1241674329
2023-06-01,imports,847330,Other,1606116852
2023-07-01,imports,847330,Other,1539552972
2023-08-01,imports,847330,Other,1436095949
2023-09-01,imports,847330,Other,1673411415
2023-10-01,imports,847330,Other,1510173682
2023-11-01,imports,847330,Other,1471821352
2023-12-01,imports,847330,Other,1840425195
2024-01-01,imports,847330,Other,1390946510
2024-02-01,imports,847330,Other,1469420685
2024-03-01,imports,847330,Other,2091474865
2024-04-01,imports,847330,Other,1795267760
2024-05-01,imports,847330,Other,2325258061
2024-06-01,imports,847330,Other,2134489384
2024-07-01,imports,847330,Other,1954680114
2024-08-01,imports,847330,Other,2430096485
2024-09-01,imports,847330,Other,2805753520
2024-10-01,imports,847330,Other,2372568190
2024-11-01,imports,847330,Other,2935054256
2024-12-01,imports,847330,Other,3459479164
2025-01-01,imports,847330,Other,2566273029
2025-02-01,imports,847330,Other,2478270128
2025-03-01,imports,847330,Other,3400680160
2025-04-01,imports,847330,Other,2381084166
2025-05-01,imports,847330,Other,2750414482
2025-06-01,imports,847330,Other,2933505744
2025-07-01,imports,847330,Other,2936760885
2025-08-01,imports,847330,Other,3021531909
2025-09-01,imports,847330,Other,3497404536
2025-10-01,imports,847330,Other,3229039296
2025-11-01,imports,847330,Other,3763144773
2025-12-01,imports,847330,Other,5624847203
2026-01-01,imports,847330,Other,5623140860
2026-02-01,imports,847330,Other,6373641104
2026-03-01,imports,847330,Other,8839764086
2026-04-01,imports,847330,Other,7628724384
2026-05-01,imports,847330,Other,8945595611
2026-06-01,imports,847330,Other,11965950980
2026-07-01,imports,847330,Other,13906375811
2021-10-01,imports,847330,Taiwan,841446140
2021-11-01,imports,847330,Taiwan,762548434
2021-12-01,imports,847330,Taiwan,813368474
2022-01-01,imports,847330,Taiwan,949288402
2022-02-01,imports,847330,Taiwan,787973147
2022-03-01,imports,847330,Taiwan,934084480
2022-04-01,imports,847330,Taiwan,885185691
2022-05-01,imports,847330,Taiwan,983630457
2022-06-01,imports,847330,Taiwan,630147177
2022-07-01,imports,847330,Taiwan,1020542852
2022-08-01,imports,847330,Taiwan,977339773
2022-09-01,imports,847330,Taiwan,491112173
2022-10-01,imports,847330,Taiwan,713782441
2022-11-01,imports,847330,Taiwan,770274510
2022-12-01,imports,847330,Taiwan,553431472
2023-01-01,imports,847330,Taiwan,726263884
2023-02-01,imports,847330,Taiwan,860697520
2023-03-01,imports,847330,Taiwan,943111666
2023-04-01,imports,847330,Taiwan,870485085
2023-05-01,imports,847330,Taiwan,1361370568
2023-06-01,imports,847330,Taiwan,1071813375
2023-07-01,imports,847330,Taiwan,1185867126
2023-08-01,imports,847330,Taiwan,1431755300
2023-09-01,imports,847330,Taiwan,1425290024
2023-10-01,imports,847330,Taiwan,1495227362
2023-11-01,imports,847330,Taiwan,1671018291
2023-12-01,imports,847330,Taiwan,692917678
2024-01-01,imports,847330,Taiwan,1329246816
2024-02-01,imports,847330,Taiwan,708618205
2024-03-01,imports,847330,Taiwan,1450032006
2024-04-01,imports,847330,Taiwan,1944420285
2024-05-01,imports,847330,Taiwan,2235263353
2024-06-01,imports,847330,Taiwan,1969133755
2024-07-01,imports,847330,Taiwan,4447074829
2024-08-01,imports,847330,Taiwan,2686803904
2024-09-01,imports,847330,Taiwan,1689636484
2024-10-01,imports,847330,Taiwan,2292096619
2024-11-01,imports,847330,Taiwan,2200980474
2024-12-01,imports,847330,Taiwan,1999578829
2025-01-01,imports,847330,Taiwan,3243275943
2025-02-01,imports,847330,Taiwan,3013207681
2025-03-01,imports,847330,Taiwan,3169814720
2025-04-01,imports,847330,Taiwan,3609915683
2025-05-01,imports,847330,Taiwan,3733415547
2025-06-01,imports,847330,Taiwan,3355029696
2025-07-01,imports,847330,Taiwan,2955316199
2025-08-01,imports,847330,Taiwan,2672886864
2025-09-01,imports,847330,Taiwan,3819723407
2025-10-01,imports,847330,Taiwan,7655308442
2025-11-01,imports,847330,Taiwan,3642442796
2025-12-01,imports,847330,Taiwan,5395293471
2026-01-01,imports,847330,Taiwan,3229576056
2026-02-01,imports,847330,Taiwan,2353696041
2026-03-01,imports,847330,Taiwan,3787900151
2026-04-01,imports,847330,Taiwan,4078771037
2026-05-01,imports,847330,Taiwan,4613645176
2026-06-01,imports,847330,Taiwan,2283282217
2026-07-01,imports,847330,Taiwan,5927736592
