date,flow,level,code,description,value
2024-06-01,imports,EU1,0,"Foods, feeds, and beverages",17093036965
2024-06-01,imports,EU5,00000,Green coffee,574176791
2024-06-01,imports,EU5,00010,Cocoa beans,85306557
2024-06-01,imports,EU5,00020,Cane and beet sugar,193701204
2024-06-01,imports,EU5,00100,Meat products,1549602316
2024-06-01,imports,EU5,00110,Dairy products and eggs,298221409
2024-06-01,imports,EU5,00120,"Fruits, frozen juices",2083982062
2024-06-01,imports,EU5,00130,Vegetables,1565445343
2024-06-01,imports,EU5,00140,Nuts,221683084
2024-06-01,imports,EU5,00150,"Food oils, oilseeds",981654157
2024-06-01,imports,EU5,00160,Bakery products,1719491282
2024-06-01,imports,EU5,00170,"Tea, spices, etc.",245878093
2024-06-01,imports,EU5,00180,Other foods,2231258345
2024-06-01,imports,EU5,00190,"Wine, beer, and related products",1295044801
2024-06-01,imports,EU5,00200,Feedstuff and foodgrains,754784612
2024-06-01,imports,EU5,01000,Fish and shellfish,2257851392
2024-06-01,imports,EU5,01010,"Alcoholic beverages, excluding wine",931053079
2024-06-01,imports,EU5,01020,"Nonagricultural foods, etc.",103902438
2024-06-01,imports,EU1,1,Industrial supplies and materials,56133930399
2024-06-01,imports,EU5,10000,Crude oil,14581161880
2024-06-01,imports,EU5,10010,Fuel oil,1926707164
2024-06-01,imports,EU5,10020,"Petroleum products, other",4565608835
2024-06-01,imports,EU5,10030,Liquefied petroleum gases,222263484
2024-06-01,imports,EU5,10100,Coal and related fuels,225498639
2024-06-01,imports,EU5,10110,Gas-natural,345767693
2024-06-01,imports,EU5,10300,Nuclear fuel materials,714823819
2024-06-01,imports,EU5,10400,Electric energy,195360314
2024-06-01,imports,EU5,11000,Pulpwood and woodpulp,369098331
2024-06-01,imports,EU5,11100,Newsprint,34585005
2024-06-01,imports,EU5,11110,Paper and paper products,832857950
2024-06-01,imports,EU5,12000,"Cotton, natural fibers",7134730
2024-06-01,imports,EU5,12030,Hides and skins,1089701
2024-06-01,imports,EU5,12050,Natural rubber,149366417
2024-06-01,imports,EU5,12060,"Farming materials, livestock",135037848
2024-06-01,imports,EU5,12070,"Tobacco, waxes, etc.",1188445679
2024-06-01,imports,EU5,12100,"Cotton cloth, fabrics",84775081
2024-06-01,imports,EU5,12110,"Wool, silk, etc.",52962767
2024-06-01,imports,EU5,12135,Synthetic cloth,457965525
2024-06-01,imports,EU5,12140,"Hair, waste materials",100268928
2024-06-01,imports,EU5,12150,Finished textile supplies,496558043
2024-06-01,imports,EU5,12160,Leather and furs,37731344
2024-06-01,imports,EU5,12320,"Materials, excluding chemicals",161241543
2024-06-01,imports,EU5,12500,Plastic materials,1733354830
2024-06-01,imports,EU5,12510,Chemicals-fertilizers,1087872595
2024-06-01,imports,EU5,12530,Chemicals-inorganic,1143105501
2024-06-01,imports,EU5,12540,Chemicals-organic,2493501919
2024-06-01,imports,EU5,12550,"Chemicals-other, n.e.c.",1598604606
2024-06-01,imports,EU5,13000,Lumber,635143253
2024-06-01,imports,EU5,13010,Plywood and veneers,299116526
2024-06-01,imports,EU5,13020,"Stone, sand, cement, etc.",705237933
2024-06-01,imports,EU5,13100,"Glass-plate, sheet, etc.",217216328
2024-06-01,imports,EU5,13110,"Shingles, wallboard",1362839750
2024-06-01,imports,EU5,13120,Nontextile floor tiles,561668617
2024-06-01,imports,EU5,14000,Steelmaking materials,808862658
2024-06-01,imports,EU5,14100,Iron and steel mill products,1758145550
2024-06-01,imports,EU5,14200,Bauxite and aluminum,1612450771
2024-06-01,imports,EU5,14220,Copper,623028345
2024-06-01,imports,EU5,14240,Nickel,201696047
2024-06-01,imports,EU5,14250,Tin,88477426
2024-06-01,imports,EU5,14260,Zinc,151444838
2024-06-01,imports,EU5,14270,Nonmonetary gold,859167108
2024-06-01,imports,EU5,14280,Other precious metals,1190579175
2024-06-01,imports,EU5,14290,"Nonferrous metals, other",341849435
2024-06-01,imports,EU5,15000,"Iron and steel products, n.e.c.",983499866
2024-06-01,imports,EU5,15100,"Iron and steel, advanced",1197441779
2024-06-01,imports,EU5,15200,Finished metal shapes,3295435868
2024-06-01,imports,EU5,16040,"Sulfur, nonmetallic minerals",133920629
2024-06-01,imports,EU5,16050,Synthetic rubber--primary,236324265
2024-06-01,imports,EU5,16110,"Blank tapes, audio & visual",10431393
2024-06-01,imports,EU5,16120,"Industrial supplies, other",3917202668
2024-06-01,imports,EU1,2,"Capital goods, except automotive",80328188533
2024-06-01,imports,EU5,20000,"Generators, accessories",3555357369
2024-06-01,imports,EU5,20005,Electric apparatus,7838154751
2024-06-01,imports,EU5,21000,Drilling & oilfield equipment,447790524
2024-06-01,imports,EU5,21010,Specialized mining,118199492
2024-06-01,imports,EU5,21030,Excavating machinery,1667233149
2024-06-01,imports,EU5,21040,Nonfarm tractors and parts,84481971
2024-06-01,imports,EU5,21100,Industrial engines,2690033158
2024-06-01,imports,EU5,21110,"Food, tobacco machinery",554413740
2024-06-01,imports,EU5,21120,Metalworking machine tools,1312435657
2024-06-01,imports,EU5,21130,"Textile, sewing machines",174312567
2024-06-01,imports,EU5,21140,"Wood, glass, plastic",754693075
2024-06-01,imports,EU5,21150,Pulp and paper machinery,617457149
2024-06-01,imports,EU5,21160,"Measuring, testing, control instruments",2353869769
2024-06-01,imports,EU5,21170,Materials handling equipment,2761752277
2024-06-01,imports,EU5,21180,"Industrial machines, other",6972033460
2024-06-01,imports,EU5,21190,"Photo, service industry machinery",2393019418
2024-06-01,imports,EU5,21200,"Agricultural machinery, equipment",1319678371
2024-06-01,imports,EU5,21300,Computers,10463082783
2024-06-01,imports,EU5,21301,Computer accessories,8122685358
2024-06-01,imports,EU5,21320,Semiconductors,7525492284
2024-06-01,imports,EU5,21400,Telecommunications equipment,7129399861
2024-06-01,imports,EU5,21500,Business machines and equipment,454326622
2024-06-01,imports,EU5,21600,Laboratory testing instruments,713838445
2024-06-01,imports,EU5,21610,Medicinal equipment,5035728047
2024-06-01,imports,EU5,22000,Civilian aircraft,1638133689
2024-06-01,imports,EU5,22010,Parts-civilian aircraft,1198324917
2024-06-01,imports,EU5,22020,Engines-civilian aircraft,2168935612
2024-06-01,imports,EU5,22100,Railway transportation equipment,152997546
2024-06-01,imports,EU5,22200,"Vessels, except scrap",309105
2024-06-01,imports,EU5,22210,"Commercial vessels, other",13862749
2024-06-01,imports,EU5,22220,"Marine engines, parts",91807775
2024-06-01,imports,EU5,22300,"Spacecraft, excluding military",4347843
2024-06-01,imports,EU1,3,"Automotive vehicles, parts, and engines",39169428283
2024-06-01,imports,EU5,30000,"Passenger cars, new and used",18344841065
2024-06-01,imports,EU5,30100,"Trucks, buses, and special purpose vehicles",5520763723
2024-06-01,imports,EU5,30110,Bodies and chassis for trucks and buses,52309334
2024-06-01,imports,EU5,30200,Engines and engine parts,2577740374
2024-06-01,imports,EU5,30210,Bodies and chassis for passenger cars,3340007
2024-06-01,imports,EU5,30220,Automotive tires and tubes,1307117782
2024-06-01,imports,EU5,30230,Other parts and accessories of vehicles,11363315998
2024-06-01,imports,EU1,4,Consumer goods,62049347730
2024-06-01,imports,EU5,40000,"Apparel, household goods - cotton",3376227315
2024-06-01,imports,EU5,40010,"Apparel, household goods - wool",204674282
2024-06-01,imports,EU5,40020,"Apparel, textiles, nonwool or cotton",4116487893
2024-06-01,imports,EU5,40030,"Apparel,household goods-nontextile",736752464
2024-06-01,imports,EU5,40040,Footwear,1454108643
2024-06-01,imports,EU5,40050,Camping apparel and gear,1176210821
2024-06-01,imports,EU5,40100,Pharmaceutical preparations,19389344811
2024-06-01,imports,EU5,40110,"Books, printed matter",387156037
2024-06-01,imports,EU5,40120,Toiletries and cosmetics,1715246466
2024-06-01,imports,EU5,40140,Other consumer nondurables,1930266617
2024-06-01,imports,EU5,41000,"Furniture, household goods, etc.",3392455410
2024-06-01,imports,EU5,41010,"Glassware, chinaware",207108231
2024-06-01,imports,EU5,41020,"Cookware, cutlery, tools",1096929510
2024-06-01,imports,EU5,41030,Household appliances,3290804697
2024-06-01,imports,EU5,41040,Rugs,293994838
2024-06-01,imports,EU5,41050,"Cell phones and other household goods, n.e.c.",7852057477
2024-06-01,imports,EU5,41100,Motorcycles and parts,399656740
2024-06-01,imports,EU5,41110,Pleasure boats and motors,403389903
2024-06-01,imports,EU5,41120,"Toys, games, and sporting goods",3199722949
2024-06-01,imports,EU5,41130,Photo equipment,400296038
2024-06-01,imports,EU5,41140,Musical instruments,185430728
2024-06-01,imports,EU5,41200,Televisions and video equipment,1458326319
2024-06-01,imports,EU5,41210,"Stereo equipment, etc",1088609058
2024-06-01,imports,EU5,41220,Recorded media,68933541
2024-06-01,imports,EU5,41300,Numismatic coins,221944897
2024-06-01,imports,EU5,41310,Jewelry,1711138013
2024-06-01,imports,EU5,41320,"Artwork, antiques, stamps, etc.",771275919
2024-06-01,imports,EU5,42000,"Nursery stock, etc.",222539366
2024-06-01,imports,EU5,42100,Gem diamonds,1010360101
2024-06-01,imports,EU5,42110,"Gem stones, other",287898646
2024-06-01,imports,EU1,5,Other goods,10897230445
2024-06-01,imports,EU5,50000,Military aircraft and parts,354289703
2024-06-01,imports,EU5,50010,Other military equipment,230556986
2024-06-01,imports,EU5,50020,"U.s. Goods returned, and reimports",7716348800
2024-06-01,imports,EU5,50030,Minimum value shipments,2002261450
2024-06-01,imports,EU5,50040,"Other (movies, miscellaneous imports, and special transactions)",593773506
2024-07-01,imports,EU1,0,"Foods, feeds, and beverages",17811761508
2024-07-01,imports,EU5,00000,Green coffee,557971188
2024-07-01,imports,EU5,00010,Cocoa beans,60101763
2024-07-01,imports,EU5,00020,Cane and beet sugar,197520895
2024-07-01,imports,EU5,00100,Meat products,1737418098
2024-07-01,imports,EU5,00110,Dairy products and eggs,308855740
2024-07-01,imports,EU5,00120,"Fruits, frozen juices",2023412219
2024-07-01,imports,EU5,00130,Vegetables,1574622139
2024-07-01,imports,EU5,00140,Nuts,264085757
2024-07-01,imports,EU5,00150,"Food oils, oilseeds",949964621
2024-07-01,imports,EU5,00160,Bakery products,1900209283
2024-07-01,imports,EU5,00170,"Tea, spices, etc.",269880430
2024-07-01,imports,EU5,00180,Other foods,2546424187
2024-07-01,imports,EU5,00190,"Wine, beer, and related products",1369258810
2024-07-01,imports,EU5,00200,Feedstuff and foodgrains,808576160
2024-07-01,imports,EU5,01000,Fish and shellfish,2157317895
2024-07-01,imports,EU5,01010,"Alcoholic beverages, excluding wine",985702551
2024-07-01,imports,EU5,01020,"Nonagricultural foods, etc.",100439772
2024-07-01,imports,EU1,1,Industrial supplies and materials,61999507344
2024-07-01,imports,EU5,10000,Crude oil,16477800016
2024-07-01,imports,EU5,10010,Fuel oil,1953081578
2024-07-01,imports,EU5,10020,"Petroleum products, other",4482417182
2024-07-01,imports,EU5,10030,Liquefied petroleum gases,234634090
2024-07-01,imports,EU5,10100,Coal and related fuels,204042338
2024-07-01,imports,EU5,10110,Gas-natural,382014931
2024-07-01,imports,EU5,10300,Nuclear fuel materials,669063259
2024-07-01,imports,EU5,10400,Electric energy,307471784
2024-07-01,imports,EU5,11000,Pulpwood and woodpulp,364401075
2024-07-01,imports,EU5,11100,Newsprint,38267613
2024-07-01,imports,EU5,11110,Paper and paper products,828206689
2024-07-01,imports,EU5,12000,"Cotton, natural fibers",7389699
2024-07-01,imports,EU5,12030,Hides and skins,778188
2024-07-01,imports,EU5,12050,Natural rubber,121823115
2024-07-01,imports,EU5,12060,"Farming materials, livestock",142922878
2024-07-01,imports,EU5,12070,"Tobacco, waxes, etc.",1442972446
2024-07-01,imports,EU5,12100,"Cotton cloth, fabrics",86010565
2024-07-01,imports,EU5,12110,"Wool, silk, etc.",54071018
2024-07-01,imports,EU5,12135,Synthetic cloth,504734807
2024-07-01,imports,EU5,12140,"Hair, waste materials",110205056
2024-07-01,imports,EU5,12150,Finished textile supplies,527735010
2024-07-01,imports,EU5,12160,Leather and furs,39752752
2024-07-01,imports,EU5,12320,"Materials, excluding chemicals",173116572
2024-07-01,imports,EU5,12500,Plastic materials,1864994268
2024-07-01,imports,EU5,12510,Chemicals-fertilizers,1001812517
2024-07-01,imports,EU5,12530,Chemicals-inorganic,1120310670
2024-07-01,imports,EU5,12540,Chemicals-organic,2409653165
2024-07-01,imports,EU5,12550,"Chemicals-other, n.e.c.",1663271639
2024-07-01,imports,EU5,13000,Lumber,604130930
2024-07-01,imports,EU5,13010,Plywood and veneers,311705364
2024-07-01,imports,EU5,13020,"Stone, sand, cement, etc.",741136512
2024-07-01,imports,EU5,13100,"Glass-plate, sheet, etc.",243466911
2024-07-01,imports,EU5,13110,"Shingles, wallboard",1400532871
2024-07-01,imports,EU5,13120,Nontextile floor tiles,621051343
2024-07-01,imports,EU5,14000,Steelmaking materials,580688829
2024-07-01,imports,EU5,14100,Iron and steel mill products,2047444999
2024-07-01,imports,EU5,14200,Bauxite and aluminum,1572134431
2024-07-01,imports,EU5,14220,Copper,1140995299
2024-07-01,imports,EU5,14240,Nickel,258643862
2024-07-01,imports,EU5,14250,Tin,84546822
2024-07-01,imports,EU5,14260,Zinc,152928590
2024-07-01,imports,EU5,14270,Nonmonetary gold,1999962675
2024-07-01,imports,EU5,14280,Other precious metals,1102119131
2024-07-01,imports,EU5,14290,"Nonferrous metals, other",538836587
2024-07-01,imports,EU5,15000,"Iron and steel products, n.e.c.",1037712681
2024-07-01,imports,EU5,15100,"Iron and steel, advanced",1303799697
2024-07-01,imports,EU5,15200,Finished metal shapes,4526794695
2024-07-01,imports,EU5,16040,"Sulfur, nonmetallic minerals",137341641
2024-07-01,imports,EU5,16050,Synthetic rubber--primary,258739247
2024-07-01,imports,EU5,16110,"Blank tapes, audio & visual",11881439
2024-07-01,imports,EU5,16120,"Industrial supplies, other",4109957868
2024-07-01,imports,EU1,2,"Capital goods, except automotive",86378066165
2024-07-01,imports,EU5,20000,"Generators, accessories",3782096685
2024-07-01,imports,EU5,20005,Electric apparatus,8732294712
2024-07-01,imports,EU5,21000,Drilling & oilfield equipment,382828101
2024-07-01,imports,EU5,21010,Specialized mining,106833129
2024-07-01,imports,EU5,21030,Excavating machinery,1708235400
2024-07-01,imports,EU5,21040,Nonfarm tractors and parts,85847267
2024-07-01,imports,EU5,21100,Industrial engines,3010520031
2024-07-01,imports,EU5,21110,"Food, tobacco machinery",560665703
2024-07-01,imports,EU5,21120,Metalworking machine tools,1313474382
2024-07-01,imports,EU5,21130,"Textile, sewing machines",187159788
2024-07-01,imports,EU5,21140,"Wood, glass, plastic",775128461
2024-07-01,imports,EU5,21150,Pulp and paper machinery,712948209
2024-07-01,imports,EU5,21160,"Measuring, testing, control instruments",2450599950
2024-07-01,imports,EU5,21170,Materials handling equipment,2736702418
2024-07-01,imports,EU5,21180,"Industrial machines, other",7420595831
2024-07-01,imports,EU5,21190,"Photo, service industry machinery",2601629350
2024-07-01,imports,EU5,21200,"Agricultural machinery, equipment",1274678127
2024-07-01,imports,EU5,21300,Computers,11231544106
2024-07-01,imports,EU5,21301,Computer accessories,10561751539
2024-07-01,imports,EU5,21320,Semiconductors,7154123155
2024-07-01,imports,EU5,21400,Telecommunications equipment,7211194240
2024-07-01,imports,EU5,21500,Business machines and equipment,453375051
2024-07-01,imports,EU5,21600,Laboratory testing instruments,727917642
2024-07-01,imports,EU5,21610,Medicinal equipment,5470650663
2024-07-01,imports,EU5,22000,Civilian aircraft,1662664497
2024-07-01,imports,EU5,22010,Parts-civilian aircraft,1453617291
2024-07-01,imports,EU5,22020,Engines-civilian aircraft,2291938668
2024-07-01,imports,EU5,22100,Railway transportation equipment,201040495
2024-07-01,imports,EU5,22200,"Vessels, except scrap",168770
2024-07-01,imports,EU5,22210,"Commercial vessels, other",13329333
2024-07-01,imports,EU5,22220,"Marine engines, parts",96866956
2024-07-01,imports,EU5,22300,"Spacecraft, excluding military",5646215
2024-07-01,imports,EU1,3,"Automotive vehicles, parts, and engines",39991333803
2024-07-01,imports,EU5,30000,"Passenger cars, new and used",18160650601
2024-07-01,imports,EU5,30100,"Trucks, buses, and special purpose vehicles",5368483709
2024-07-01,imports,EU5,30110,Bodies and chassis for trucks and buses,60349017
2024-07-01,imports,EU5,30200,Engines and engine parts,2843026623
2024-07-01,imports,EU5,30210,Bodies and chassis for passenger cars,1359532
2024-07-01,imports,EU5,30220,Automotive tires and tubes,1431661797
2024-07-01,imports,EU5,30230,Other parts and accessories of vehicles,12125802524
2024-07-01,imports,EU1,4,Consumer goods,69896125723
2024-07-01,imports,EU5,40000,"Apparel, household goods - cotton",4057953119
2024-07-01,imports,EU5,40010,"Apparel, household goods - wool",372035917
2024-07-01,imports,EU5,40020,"Apparel, textiles, nonwool or cotton",5163834024
2024-07-01,imports,EU5,40030,"Apparel,household goods-nontextile",909178238
2024-07-01,imports,EU5,40040,Footwear,1921926267
2024-07-01,imports,EU5,40050,Camping apparel and gear,1190392305
2024-07-01,imports,EU5,40100,Pharmaceutical preparations,20912584374
2024-07-01,imports,EU5,40110,"Books, printed matter",443922393
2024-07-01,imports,EU5,40120,Toiletries and cosmetics,1905956238
2024-07-01,imports,EU5,40140,Other consumer nondurables,1945550720
2024-07-01,imports,EU5,41000,"Furniture, household goods, etc.",3629082997
2024-07-01,imports,EU5,41010,"Glassware, chinaware",274980133
2024-07-01,imports,EU5,41020,"Cookware, cutlery, tools",1269555662
2024-07-01,imports,EU5,41030,Household appliances,3448797507
2024-07-01,imports,EU5,41040,Rugs,291865390
2024-07-01,imports,EU5,41050,"Cell phones and other household goods, n.e.c.",9170911632
2024-07-01,imports,EU5,41100,Motorcycles and parts,408964250
2024-07-01,imports,EU5,41110,Pleasure boats and motors,390107188
2024-07-01,imports,EU5,41120,"Toys, games, and sporting goods",4050121216
2024-07-01,imports,EU5,41130,Photo equipment,482705754
2024-07-01,imports,EU5,41140,Musical instruments,181956110
2024-07-01,imports,EU5,41200,Televisions and video equipment,1484224922
2024-07-01,imports,EU5,41210,"Stereo equipment, etc",1176395162
2024-07-01,imports,EU5,41220,Recorded media,60461821
2024-07-01,imports,EU5,41300,Numismatic coins,178133619
2024-07-01,imports,EU5,41310,Jewelry,1872210951
2024-07-01,imports,EU5,41320,"Artwork, antiques, stamps, etc.",999937510
2024-07-01,imports,EU5,42000,"Nursery stock, etc.",204652320
2024-07-01,imports,EU5,42100,Gem diamonds,1208432778
2024-07-01,imports,EU5,42110,"Gem stones, other",289295206
2024-07-01,imports,EU1,5,Other goods,11650910777
2024-07-01,imports,EU5,50000,Military aircraft and parts,342316676
2024-07-01,imports,EU5,50010,Other military equipment,227080844
2024-07-01,imports,EU5,50020,"U.s. Goods returned, and reimports",8411858404
2024-07-01,imports,EU5,50030,Minimum value shipments,2076960292
2024-07-01,imports,EU5,50040,"Other (movies, miscellaneous imports, and special transactions)",592694561
2024-08-01,imports,EU1,0,"Foods, feeds, and beverages",17556999667
2024-08-01,imports,EU5,00000,Green coffee,645773728
2024-08-01,imports,EU5,00010,Cocoa beans,77695090
2024-08-01,imports,EU5,00020,Cane and beet sugar,191277371
2024-08-01,imports,EU5,00100,Meat products,1723568807
2024-08-01,imports,EU5,00110,Dairy products and eggs,330083168
2024-08-01,imports,EU5,00120,"Fruits, frozen juices",2042352274
2024-08-01,imports,EU5,00130,Vegetables,1567878691
2024-08-01,imports,EU5,00140,Nuts,254651936
2024-08-01,imports,EU5,00150,"Food oils, oilseeds",880180855
2024-08-01,imports,EU5,00160,Bakery products,1966639507
2024-08-01,imports,EU5,00170,"Tea, spices, etc.",259049590
2024-08-01,imports,EU5,00180,Other foods,2289491455
2024-08-01,imports,EU5,00190,"Wine, beer, and related products",1344985289
2024-08-01,imports,EU5,00200,Feedstuff and foodgrains,768148734
2024-08-01,imports,EU5,01000,Fish and shellfish,2075094284
2024-08-01,imports,EU5,01010,"Alcoholic beverages, excluding wine",1019905257
2024-08-01,imports,EU5,01020,"Nonagricultural foods, etc.",120223631
2024-08-01,imports,EU1,1,Industrial supplies and materials,55570022147
2024-08-01,imports,EU5,10000,Crude oil,14208408509
2024-08-01,imports,EU5,10010,Fuel oil,1810642047
2024-08-01,imports,EU5,10020,"Petroleum products, other",4062667365
2024-08-01,imports,EU5,10030,Liquefied petroleum gases,241233200
2024-08-01,imports,EU5,10100,Coal and related fuels,227467233
2024-08-01,imports,EU5,10110,Gas-natural,381063355
2024-08-01,imports,EU5,10300,Nuclear fuel materials,496692716
2024-08-01,imports,EU5,10400,Electric energy,239824357
2024-08-01,imports,EU5,11000,Pulpwood and woodpulp,442511612
2024-08-01,imports,EU5,11100,Newsprint,35795115
2024-08-01,imports,EU5,11110,Paper and paper products,862399484
2024-08-01,imports,EU5,12000,"Cotton, natural fibers",6104105
2024-08-01,imports,EU5,12030,Hides and skins,2871926
2024-08-01,imports,EU5,12050,Natural rubber,109872057
2024-08-01,imports,EU5,12060,"Farming materials, livestock",142649007
2024-08-01,imports,EU5,12070,"Tobacco, waxes, etc.",1324963011
2024-08-01,imports,EU5,12100,"Cotton cloth, fabrics",81835651
2024-08-01,imports,EU5,12110,"Wool, silk, etc.",52299606
2024-08-01,imports,EU5,12135,Synthetic cloth,464867026
2024-08-01,imports,EU5,12140,"Hair, waste materials",110540187
2024-08-01,imports,EU5,12150,Finished textile supplies,516611150
2024-08-01,imports,EU5,12160,Leather and furs,41940839
2024-08-01,imports,EU5,12320,"Materials, excluding chemicals",159086196
2024-08-01,imports,EU5,12500,Plastic materials,1857358157
2024-08-01,imports,EU5,12510,Chemicals-fertilizers,984623400
2024-08-01,imports,EU5,12530,Chemicals-inorganic,976165271
2024-08-01,imports,EU5,12540,Chemicals-organic,2195146886
2024-08-01,imports,EU5,12550,"Chemicals-other, n.e.c.",1660059894
2024-08-01,imports,EU5,13000,Lumber,558642193
2024-08-01,imports,EU5,13010,Plywood and veneers,294552682
2024-08-01,imports,EU5,13020,"Stone, sand, cement, etc.",729114360
2024-08-01,imports,EU5,13100,"Glass-plate, sheet, etc.",239575728
2024-08-01,imports,EU5,13110,"Shingles, wallboard",1344250593
2024-08-01,imports,EU5,13120,Nontextile floor tiles,556491087
2024-08-01,imports,EU5,14000,Steelmaking materials,790579575
2024-08-01,imports,EU5,14100,Iron and steel mill products,1922901728
2024-08-01,imports,EU5,14200,Bauxite and aluminum,1369370553
2024-08-01,imports,EU5,14220,Copper,1214076216
2024-08-01,imports,EU5,14240,Nickel,257492563
2024-08-01,imports,EU5,14250,Tin,88905667
2024-08-01,imports,EU5,14260,Zinc,151224758
2024-08-01,imports,EU5,14270,Nonmonetary gold,819179677
2024-08-01,imports,EU5,14280,Other precious metals,1169233925
2024-08-01,imports,EU5,14290,"Nonferrous metals, other",352980931
2024-08-01,imports,EU5,15000,"Iron and steel products, n.e.c.",991112491
2024-08-01,imports,EU5,15100,"Iron and steel, advanced",1268305247
2024-08-01,imports,EU5,15200,Finished metal shapes,3360541202
2024-08-01,imports,EU5,16040,"Sulfur, nonmetallic minerals",130664706
2024-08-01,imports,EU5,16050,Synthetic rubber--primary,241714423
2024-08-01,imports,EU5,16110,"Blank tapes, audio & visual",7824364
2024-08-01,imports,EU5,16120,"Industrial supplies, other",4015588116
2024-08-01,imports,EU1,2,"Capital goods, except automotive",83704044165
2024-08-01,imports,EU5,20000,"Generators, accessories",3794359274
2024-08-01,imports,EU5,20005,Electric apparatus,9116286897
2024-08-01,imports,EU5,21000,Drilling & oilfield equipment,429989953
2024-08-01,imports,EU5,21010,Specialized mining,90352304
2024-08-01,imports,EU5,21030,Excavating machinery,1635217003
2024-08-01,imports,EU5,21040,Nonfarm tractors and parts,70478132
2024-08-01,imports,EU5,21100,Industrial engines,2893927237
2024-08-01,imports,EU5,21110,"Food, tobacco machinery",512099290
2024-08-01,imports,EU5,21120,Metalworking machine tools,1294351175
2024-08-01,imports,EU5,21130,"Textile, sewing machines",175045771
2024-08-01,imports,EU5,21140,"Wood, glass, plastic",823186692
2024-08-01,imports,EU5,21150,Pulp and paper machinery,692766523
2024-08-01,imports,EU5,21160,"Measuring, testing, control instruments",2393127933
2024-08-01,imports,EU5,21170,Materials handling equipment,2642829021
2024-08-01,imports,EU5,21180,"Industrial machines, other",7098133190
2024-08-01,imports,EU5,21190,"Photo, service industry machinery",2504375030
2024-08-01,imports,EU5,21200,"Agricultural machinery, equipment",1161589971
2024-08-01,imports,EU5,21300,Computers,11289359381
2024-08-01,imports,EU5,21301,Computer accessories,9353603150
2024-08-01,imports,EU5,21320,Semiconductors,7131289353
2024-08-01,imports,EU5,21400,Telecommunications equipment,7035980587
2024-08-01,imports,EU5,21500,Business machines and equipment,437071977
2024-08-01,imports,EU5,21600,Laboratory testing instruments,686851215
2024-08-01,imports,EU5,21610,Medicinal equipment,5263072918
2024-08-01,imports,EU5,22000,Civilian aircraft,1202342614
2024-08-01,imports,EU5,22010,Parts-civilian aircraft,1368608255
2024-08-01,imports,EU5,22020,Engines-civilian aircraft,2332726713
2024-08-01,imports,EU5,22100,Railway transportation equipment,154648815
2024-08-01,imports,EU5,22200,"Vessels, except scrap",4000
2024-08-01,imports,EU5,22210,"Commercial vessels, other",14132545
2024-08-01,imports,EU5,22220,"Marine engines, parts",89451704
2024-08-01,imports,EU5,22300,"Spacecraft, excluding military",16785542
2024-08-01,imports,EU1,3,"Automotive vehicles, parts, and engines",39808381238
2024-08-01,imports,EU5,30000,"Passenger cars, new and used",17369135265
2024-08-01,imports,EU5,30100,"Trucks, buses, and special purpose vehicles",5421080071
2024-08-01,imports,EU5,30110,Bodies and chassis for trucks and buses,50278101
2024-08-01,imports,EU5,30200,Engines and engine parts,3010744055
2024-08-01,imports,EU5,30210,Bodies and chassis for passenger cars,3106819
2024-08-01,imports,EU5,30220,Automotive tires and tubes,1408364745
2024-08-01,imports,EU5,30230,Other parts and accessories of vehicles,12545672182
2024-08-01,imports,EU1,4,Consumer goods,69394272697
2024-08-01,imports,EU5,40000,"Apparel, household goods - cotton",3674608919
2024-08-01,imports,EU5,40010,"Apparel, household goods - wool",400560372
2024-08-01,imports,EU5,40020,"Apparel, textiles, nonwool or cotton",5343509728
2024-08-01,imports,EU5,40030,"Apparel,household goods-nontextile",868810820
2024-08-01,imports,EU5,40040,Footwear,1860236726
2024-08-01,imports,EU5,40050,Camping apparel and gear,1183077639
2024-08-01,imports,EU5,40100,Pharmaceutical preparations,20817716267
2024-08-01,imports,EU5,40110,"Books, printed matter",429146475
2024-08-01,imports,EU5,40120,Toiletries and cosmetics,1879872887
2024-08-01,imports,EU5,40140,Other consumer nondurables,1826342504
2024-08-01,imports,EU5,41000,"Furniture, household goods, etc.",3433883628
2024-08-01,imports,EU5,41010,"Glassware, chinaware",309449159
2024-08-01,imports,EU5,41020,"Cookware, cutlery, tools",1230723718
2024-08-01,imports,EU5,41030,Household appliances,3400820448
2024-08-01,imports,EU5,41040,Rugs,272978895
2024-08-01,imports,EU5,41050,"Cell phones and other household goods, n.e.c.",9192581235
2024-08-01,imports,EU5,41100,Motorcycles and parts,380705961
2024-08-01,imports,EU5,41110,Pleasure boats and motors,348150734
2024-08-01,imports,EU5,41120,"Toys, games, and sporting goods",4580225942
2024-08-01,imports,EU5,41130,Photo equipment,495418264
2024-08-01,imports,EU5,41140,Musical instruments,194880550
2024-08-01,imports,EU5,41200,Televisions and video equipment,1761215899
2024-08-01,imports,EU5,41210,"Stereo equipment, etc",1085715275
2024-08-01,imports,EU5,41220,Recorded media,63509386
2024-08-01,imports,EU5,41300,Numismatic coins,211230309
2024-08-01,imports,EU5,41310,Jewelry,1651318232
2024-08-01,imports,EU5,41320,"Artwork, antiques, stamps, etc.",827386847
2024-08-01,imports,EU5,42000,"Nursery stock, etc.",223007221
2024-08-01,imports,EU5,42100,Gem diamonds,1119550234
2024-08-01,imports,EU5,42110,"Gem stones, other",327638423
2024-08-01,imports,EU1,5,Other goods,10893650094
2024-08-01,imports,EU5,50000,Military aircraft and parts,339747804
2024-08-01,imports,EU5,50010,Other military equipment,230287760
2024-08-01,imports,EU5,50020,"U.s. Goods returned, and reimports",7764756086
2024-08-01,imports,EU5,50030,Minimum value shipments,2076272792
2024-08-01,imports,EU5,50040,"Other (movies, miscellaneous imports, and special transactions)",482585652
2024-09-01,imports,EU1,0,"Foods, feeds, and beverages",17612866892
2024-09-01,imports,EU5,00000,Green coffee,544648369
2024-09-01,imports,EU5,00010,Cocoa beans,76927677
2024-09-01,imports,EU5,00020,Cane and beet sugar,219181506
2024-09-01,imports,EU5,00100,Meat products,1680551451
2024-09-01,imports,EU5,00110,Dairy products and eggs,333246842
2024-09-01,imports,EU5,00120,"Fruits, frozen juices",2110604841
2024-09-01,imports,EU5,00130,Vegetables,1557413135
2024-09-01,imports,EU5,00140,Nuts,308539215
2024-09-01,imports,EU5,00150,"Food oils, oilseeds",896593870
2024-09-01,imports,EU5,00160,Bakery products,2073550549
2024-09-01,imports,EU5,00170,"Tea, spices, etc.",297700509
2024-09-01,imports,EU5,00180,Other foods,2272949615
2024-09-01,imports,EU5,00190,"Wine, beer, and related products",1180805330
2024-09-01,imports,EU5,00200,Feedstuff and foodgrains,829342933
2024-09-01,imports,EU5,01000,Fish and shellfish,2133188467
2024-09-01,imports,EU5,01010,"Alcoholic beverages, excluding wine",999584438
2024-09-01,imports,EU5,01020,"Nonagricultural foods, etc.",98038145
2024-09-01,imports,EU1,1,Industrial supplies and materials,54986241600
2024-09-01,imports,EU5,10000,Crude oil,13669245602
2024-09-01,imports,EU5,10010,Fuel oil,1432416480
2024-09-01,imports,EU5,10020,"Petroleum products, other",3299736084
2024-09-01,imports,EU5,10030,Liquefied petroleum gases,243736740
2024-09-01,imports,EU5,10100,Coal and related fuels,220605897
2024-09-01,imports,EU5,10110,Gas-natural,309712943
2024-09-01,imports,EU5,10300,Nuclear fuel materials,547846975
2024-09-01,imports,EU5,10400,Electric energy,194663001
2024-09-01,imports,EU5,11000,Pulpwood and woodpulp,410131777
2024-09-01,imports,EU5,11100,Newsprint,37730456
2024-09-01,imports,EU5,11110,Paper and paper products,893405382
2024-09-01,imports,EU5,12000,"Cotton, natural fibers",5457425
2024-09-01,imports,EU5,12030,Hides and skins,1090114
2024-09-01,imports,EU5,12050,Natural rubber,147317235
2024-09-01,imports,EU5,12060,"Farming materials, livestock",172523378
2024-09-01,imports,EU5,12070,"Tobacco, waxes, etc.",1464645229
2024-09-01,imports,EU5,12100,"Cotton cloth, fabrics",76878538
2024-09-01,imports,EU5,12110,"Wool, silk, etc.",45011020
2024-09-01,imports,EU5,12135,Synthetic cloth,469042305
2024-09-01,imports,EU5,12140,"Hair, waste materials",103120427
2024-09-01,imports,EU5,12150,Finished textile supplies,507243760
2024-09-01,imports,EU5,12160,Leather and furs,35555579
2024-09-01,imports,EU5,12320,"Materials, excluding chemicals",152916848
2024-09-01,imports,EU5,12500,Plastic materials,1795701896
2024-09-01,imports,EU5,12510,Chemicals-fertilizers,1017966981
2024-09-01,imports,EU5,12530,Chemicals-inorganic,1009447976
2024-09-01,imports,EU5,12540,Chemicals-organic,2184729186
2024-09-01,imports,EU5,12550,"Chemicals-other, n.e.c.",1612413619
2024-09-01,imports,EU5,13000,Lumber,559172833
2024-09-01,imports,EU5,13010,Plywood and veneers,292964858
2024-09-01,imports,EU5,13020,"Stone, sand, cement, etc.",707455358
2024-09-01,imports,EU5,13100,"Glass-plate, sheet, etc.",209897912
2024-09-01,imports,EU5,13110,"Shingles, wallboard",1369501985
2024-09-01,imports,EU5,13120,Nontextile floor tiles,534935333
2024-09-01,imports,EU5,14000,Steelmaking materials,807564400
2024-09-01,imports,EU5,14100,Iron and steel mill products,1671118554
2024-09-01,imports,EU5,14200,Bauxite and aluminum,1576851942
2024-09-01,imports,EU5,14220,Copper,1210883821
2024-09-01,imports,EU5,14240,Nickel,227626180
2024-09-01,imports,EU5,14250,Tin,60599289
2024-09-01,imports,EU5,14260,Zinc,172129302
2024-09-01,imports,EU5,14270,Nonmonetary gold,1563673494
2024-09-01,imports,EU5,14280,Other precious metals,1255189993
2024-09-01,imports,EU5,14290,"Nonferrous metals, other",470943415
2024-09-01,imports,EU5,15000,"Iron and steel products, n.e.c.",980125512
2024-09-01,imports,EU5,15100,"Iron and steel, advanced",1203783478
2024-09-01,imports,EU5,15200,Finished metal shapes,3707455336
2024-09-01,imports,EU5,16040,"Sulfur, nonmetallic minerals",134669098
2024-09-01,imports,EU5,16050,Synthetic rubber--primary,230590594
2024-09-01,imports,EU5,16110,"Blank tapes, audio & visual",12690086
2024-09-01,imports,EU5,16120,"Industrial supplies, other",3966125974
2024-09-01,imports,EU1,2,"Capital goods, except automotive",86853780634
2024-09-01,imports,EU5,20000,"Generators, accessories",3822113366
2024-09-01,imports,EU5,20005,Electric apparatus,9435390555
2024-09-01,imports,EU5,21000,Drilling & oilfield equipment,439935784
2024-09-01,imports,EU5,21010,Specialized mining,92440822
2024-09-01,imports,EU5,21030,Excavating machinery,1459933392
2024-09-01,imports,EU5,21040,Nonfarm tractors and parts,76744645
2024-09-01,imports,EU5,21100,Industrial engines,2645809106
2024-09-01,imports,EU5,21110,"Food, tobacco machinery",495511152
2024-09-01,imports,EU5,21120,Metalworking machine tools,1317954630
2024-09-01,imports,EU5,21130,"Textile, sewing machines",154889256
2024-09-01,imports,EU5,21140,"Wood, glass, plastic",770210828
2024-09-01,imports,EU5,21150,Pulp and paper machinery,636587079
2024-09-01,imports,EU5,21160,"Measuring, testing, control instruments",2341111972
2024-09-01,imports,EU5,21170,Materials handling equipment,2521929895
2024-09-01,imports,EU5,21180,"Industrial machines, other",7134623008
2024-09-01,imports,EU5,21190,"Photo, service industry machinery",2540276016
2024-09-01,imports,EU5,21200,"Agricultural machinery, equipment",1098021393
2024-09-01,imports,EU5,21300,Computers,12242779357
2024-09-01,imports,EU5,21301,Computer accessories,8969887934
2024-09-01,imports,EU5,21320,Semiconductors,8195571962
2024-09-01,imports,EU5,21400,Telecommunications equipment,8002804425
2024-09-01,imports,EU5,21500,Business machines and equipment,420265509
2024-09-01,imports,EU5,21600,Laboratory testing instruments,790202873
2024-09-01,imports,EU5,21610,Medicinal equipment,5409762768
2024-09-01,imports,EU5,22000,Civilian aircraft,1760274572
2024-09-01,imports,EU5,22010,Parts-civilian aircraft,1416660716
2024-09-01,imports,EU5,22020,Engines-civilian aircraft,2324765091
2024-09-01,imports,EU5,22100,Railway transportation equipment,145864121
2024-09-01,imports,EU5,22200,"Vessels, except scrap",729880
2024-09-01,imports,EU5,22210,"Commercial vessels, other",79259638
2024-09-01,imports,EU5,22220,"Marine engines, parts",96769255
2024-09-01,imports,EU5,22300,"Spacecraft, excluding military",14699634
2024-09-01,imports,EU1,3,"Automotive vehicles, parts, and engines",38775389323
2024-09-01,imports,EU5,30000,"Passenger cars, new and used",16856830343
2024-09-01,imports,EU5,30100,"Trucks, buses, and special purpose vehicles",5435390859
2024-09-01,imports,EU5,30110,Bodies and chassis for trucks and buses,47785415
2024-09-01,imports,EU5,30200,Engines and engine parts,2901857546
2024-09-01,imports,EU5,30210,Bodies and chassis for passenger cars,2757255
2024-09-01,imports,EU5,30220,Automotive tires and tubes,1429649456
2024-09-01,imports,EU5,30230,Other parts and accessories of vehicles,12101118449
2024-09-01,imports,EU1,4,Consumer goods,75771162257
2024-09-01,imports,EU5,40000,"Apparel, household goods - cotton",3989258450
2024-09-01,imports,EU5,40010,"Apparel, household goods - wool",372958796
2024-09-01,imports,EU5,40020,"Apparel, textiles, nonwool or cotton",5452458971
2024-09-01,imports,EU5,40030,"Apparel,household goods-nontextile",896738154
2024-09-01,imports,EU5,40040,Footwear,1778857228
2024-09-01,imports,EU5,40050,Camping apparel and gear,1233470511
2024-09-01,imports,EU5,40100,Pharmaceutical preparations,21811901727
2024-09-01,imports,EU5,40110,"Books, printed matter",445291458
2024-09-01,imports,EU5,40120,Toiletries and cosmetics,1778095688
2024-09-01,imports,EU5,40140,Other consumer nondurables,1909844461
2024-09-01,imports,EU5,41000,"Furniture, household goods, etc.",3556175102
2024-09-01,imports,EU5,41010,"Glassware, chinaware",327992885
2024-09-01,imports,EU5,41020,"Cookware, cutlery, tools",1302348223
2024-09-01,imports,EU5,41030,Household appliances,3428342356
2024-09-01,imports,EU5,41040,Rugs,276604264
2024-09-01,imports,EU5,41050,"Cell phones and other household goods, n.e.c.",11931580554
2024-09-01,imports,EU5,41100,Motorcycles and parts,341060896
2024-09-01,imports,EU5,41110,Pleasure boats and motors,381561710
2024-09-01,imports,EU5,41120,"Toys, games, and sporting goods",5285895652
2024-09-01,imports,EU5,41130,Photo equipment,525955386
2024-09-01,imports,EU5,41140,Musical instruments,205981168
2024-09-01,imports,EU5,41200,Televisions and video equipment,2016220644
2024-09-01,imports,EU5,41210,"Stereo equipment, etc",1581228738
2024-09-01,imports,EU5,41220,Recorded media,75030745
2024-09-01,imports,EU5,41300,Numismatic coins,221291102
2024-09-01,imports,EU5,41310,Jewelry,2030139299
2024-09-01,imports,EU5,41320,"Artwork, antiques, stamps, etc.",866753842
2024-09-01,imports,EU5,42000,"Nursery stock, etc.",250622361
2024-09-01,imports,EU5,42100,Gem diamonds,1099309684
2024-09-01,imports,EU5,42110,"Gem stones, other",398192202
2024-09-01,imports,EU1,5,Other goods,11715475975
2024-09-01,imports,EU5,50000,Military aircraft and parts,327368999
2024-09-01,imports,EU5,50010,Other military equipment,183098617
2024-09-01,imports,EU5,50020,"U.s. Goods returned, and reimports",8358296361
2024-09-01,imports,EU5,50030,Minimum value shipments,2109247561
2024-09-01,imports,EU5,50040,"Other (movies, miscellaneous imports, and special transactions)",737464437
2024-10-01,imports,EU1,0,"Foods, feeds, and beverages",18685869972
2024-10-01,imports,EU5,00000,Green coffee,548942450
2024-10-01,imports,EU5,00010,Cocoa beans,79515534
2024-10-01,imports,EU5,00020,Cane and beet sugar,206048743
2024-10-01,imports,EU5,00100,Meat products,1864057642
2024-10-01,imports,EU5,00110,Dairy products and eggs,364973214
2024-10-01,imports,EU5,00120,"Fruits, frozen juices",2466710493
2024-10-01,imports,EU5,00130,Vegetables,1708172776
2024-10-01,imports,EU5,00140,Nuts,303284929
2024-10-01,imports,EU5,00150,"Food oils, oilseeds",786687742
2024-10-01,imports,EU5,00160,Bakery products,2129592424
2024-10-01,imports,EU5,00170,"Tea, spices, etc.",274597327
2024-10-01,imports,EU5,00180,Other foods,2450739819
2024-10-01,imports,EU5,00190,"Wine, beer, and related products",1205733681
2024-10-01,imports,EU5,00200,Feedstuff and foodgrains,892999983
2024-10-01,imports,EU5,01000,Fish and shellfish,2192788573
2024-10-01,imports,EU5,01010,"Alcoholic beverages, excluding wine",1091865575
2024-10-01,imports,EU5,01020,"Nonagricultural foods, etc.",119159067
2024-10-01,imports,EU1,1,Industrial supplies and materials,54333631299
2024-10-01,imports,EU5,10000,Crude oil,13157267849
2024-10-01,imports,EU5,10010,Fuel oil,1602683905
2024-10-01,imports,EU5,10020,"Petroleum products, other",2693920022
2024-10-01,imports,EU5,10030,Liquefied petroleum gases,300785558
2024-10-01,imports,EU5,10100,Coal and related fuels,190329635
2024-10-01,imports,EU5,10110,Gas-natural,416564350
2024-10-01,imports,EU5,10300,Nuclear fuel materials,420726953
2024-10-01,imports,EU5,10400,Electric energy,127188456
2024-10-01,imports,EU5,11000,Pulpwood and woodpulp,404496351
2024-10-01,imports,EU5,11100,Newsprint,39572847
2024-10-01,imports,EU5,11110,Paper and paper products,841224813
2024-10-01,imports,EU5,12000,"Cotton, natural fibers",5227047
2024-10-01,imports,EU5,12030,Hides and skins,1671273
2024-10-01,imports,EU5,12050,Natural rubber,156427005
2024-10-01,imports,EU5,12060,"Farming materials, livestock",255323681
2024-10-01,imports,EU5,12070,"Tobacco, waxes, etc.",1377950157
2024-10-01,imports,EU5,12100,"Cotton cloth, fabrics",88288687
2024-10-01,imports,EU5,12110,"Wool, silk, etc.",50718170
2024-10-01,imports,EU5,12135,Synthetic cloth,481840065
2024-10-01,imports,EU5,12140,"Hair, waste materials",102220603
2024-10-01,imports,EU5,12150,Finished textile supplies,551404040
2024-10-01,imports,EU5,12160,Leather and furs,35261790
2024-10-01,imports,EU5,12320,"Materials, excluding chemicals",149104377
2024-10-01,imports,EU5,12500,Plastic materials,1806849823
2024-10-01,imports,EU5,12510,Chemicals-fertilizers,1156904696
2024-10-01,imports,EU5,12530,Chemicals-inorganic,1113517367
2024-10-01,imports,EU5,12540,Chemicals-organic,1997312627
2024-10-01,imports,EU5,12550,"Chemicals-other, n.e.c.",1647094163
2024-10-01,imports,EU5,13000,Lumber,605000139
2024-10-01,imports,EU5,13010,Plywood and veneers,303523994
2024-10-01,imports,EU5,13020,"Stone, sand, cement, etc.",662433406
2024-10-01,imports,EU5,13100,"Glass-plate, sheet, etc.",220233650
2024-10-01,imports,EU5,13110,"Shingles, wallboard",1389864922
2024-10-01,imports,EU5,13120,Nontextile floor tiles,568866067
2024-10-01,imports,EU5,14000,Steelmaking materials,804777444
2024-10-01,imports,EU5,14100,Iron and steel mill products,1889215870
2024-10-01,imports,EU5,14200,Bauxite and aluminum,1530554123
2024-10-01,imports,EU5,14220,Copper,686707457
2024-10-01,imports,EU5,14240,Nickel,177320040
2024-10-01,imports,EU5,14250,Tin,82813004
2024-10-01,imports,EU5,14260,Zinc,183475507
2024-10-01,imports,EU5,14270,Nonmonetary gold,1180684320
2024-10-01,imports,EU5,14280,Other precious metals,1181236002
2024-10-01,imports,EU5,14290,"Nonferrous metals, other",367876260
2024-10-01,imports,EU5,15000,"Iron and steel products, n.e.c.",1070965722
2024-10-01,imports,EU5,15100,"Iron and steel, advanced",1216479220
2024-10-01,imports,EU5,15200,Finished metal shapes,4576650696
2024-10-01,imports,EU5,16040,"Sulfur, nonmetallic minerals",142984966
2024-10-01,imports,EU5,16050,Synthetic rubber--primary,239944665
2024-10-01,imports,EU5,16110,"Blank tapes, audio & visual",9168037
2024-10-01,imports,EU5,16120,"Industrial supplies, other",4070979478
2024-10-01,imports,EU1,2,"Capital goods, except automotive",84608336910
2024-10-01,imports,EU5,20000,"Generators, accessories",3652313333
2024-10-01,imports,EU5,20005,Electric apparatus,9351338224
2024-10-01,imports,EU5,21000,Drilling & oilfield equipment,327303430
2024-10-01,imports,EU5,21010,Specialized mining,102859028
2024-10-01,imports,EU5,21030,Excavating machinery,1300146263
2024-10-01,imports,EU5,21040,Nonfarm tractors and parts,73624943
2024-10-01,imports,EU5,21100,Industrial engines,2785820953
2024-10-01,imports,EU5,21110,"Food, tobacco machinery",512221240
2024-10-01,imports,EU5,21120,Metalworking machine tools,1234328271
2024-10-01,imports,EU5,21130,"Textile, sewing machines",158323098
2024-10-01,imports,EU5,21140,"Wood, glass, plastic",791527824
2024-10-01,imports,EU5,21150,Pulp and paper machinery,686003648
2024-10-01,imports,EU5,21160,"Measuring, testing, control instruments",2457078521
2024-10-01,imports,EU5,21170,Materials handling equipment,2576153909
2024-10-01,imports,EU5,21180,"Industrial machines, other",7868680914
2024-10-01,imports,EU5,21190,"Photo, service industry machinery",2489569150
2024-10-01,imports,EU5,21200,"Agricultural machinery, equipment",1065584611
2024-10-01,imports,EU5,21300,Computers,10451406917
2024-10-01,imports,EU5,21301,Computer accessories,9994942946
2024-10-01,imports,EU5,21320,Semiconductors,6655879482
2024-10-01,imports,EU5,21400,Telecommunications equipment,8275823477
2024-10-01,imports,EU5,21500,Business machines and equipment,446681530
2024-10-01,imports,EU5,21600,Laboratory testing instruments,701579569
2024-10-01,imports,EU5,21610,Medicinal equipment,5652617823
2024-10-01,imports,EU5,22000,Civilian aircraft,1096734156
2024-10-01,imports,EU5,22010,Parts-civilian aircraft,1216839667
2024-10-01,imports,EU5,22020,Engines-civilian aircraft,2424826118
2024-10-01,imports,EU5,22100,Railway transportation equipment,137340708
2024-10-01,imports,EU5,22200,"Vessels, except scrap",367110
2024-10-01,imports,EU5,22210,"Commercial vessels, other",13273074
2024-10-01,imports,EU5,22220,"Marine engines, parts",95221415
2024-10-01,imports,EU5,22300,"Spacecraft, excluding military",11925558
2024-10-01,imports,EU1,3,"Automotive vehicles, parts, and engines",40355778229
2024-10-01,imports,EU5,30000,"Passenger cars, new and used",17955692778
2024-10-01,imports,EU5,30100,"Trucks, buses, and special purpose vehicles",5404331918
2024-10-01,imports,EU5,30110,Bodies and chassis for trucks and buses,56504083
2024-10-01,imports,EU5,30200,Engines and engine parts,2993258931
2024-10-01,imports,EU5,30210,Bodies and chassis for passenger cars,3135742
2024-10-01,imports,EU5,30220,Automotive tires and tubes,1434729707
2024-10-01,imports,EU5,30230,Other parts and accessories of vehicles,12508125070
2024-10-01,imports,EU1,4,Consumer goods,78649342934
2024-10-01,imports,EU5,40000,"Apparel, household goods - cotton",4077165614
2024-10-01,imports,EU5,40010,"Apparel, household goods - wool",345243478
2024-10-01,imports,EU5,40020,"Apparel, textiles, nonwool or cotton",5184063104
2024-10-01,imports,EU5,40030,"Apparel,household goods-nontextile",934876043
2024-10-01,imports,EU5,40040,Footwear,1628104015
2024-10-01,imports,EU5,40050,Camping apparel and gear,1223302714
2024-10-01,imports,EU5,40100,Pharmaceutical preparations,23100455664
2024-10-01,imports,EU5,40110,"Books, printed matter",414703243
2024-10-01,imports,EU5,40120,Toiletries and cosmetics,1836868087
2024-10-01,imports,EU5,40140,Other consumer nondurables,1806192117
2024-10-01,imports,EU5,41000,"Furniture, household goods, etc.",3616008615
2024-10-01,imports,EU5,41010,"Glassware, chinaware",310200950
2024-10-01,imports,EU5,41020,"Cookware, cutlery, tools",1324200691
2024-10-01,imports,EU5,41030,Household appliances,3450808728
2024-10-01,imports,EU5,41040,Rugs,290714182
2024-10-01,imports,EU5,41050,"Cell phones and other household goods, n.e.c.",12886107031
2024-10-01,imports,EU5,41100,Motorcycles and parts,364090006
2024-10-01,imports,EU5,41110,Pleasure boats and motors,483418361
2024-10-01,imports,EU5,41120,"Toys, games, and sporting goods",5171587152
2024-10-01,imports,EU5,41130,Photo equipment,504119507
2024-10-01,imports,EU5,41140,Musical instruments,211590871
2024-10-01,imports,EU5,41200,Televisions and video equipment,2130136273
2024-10-01,imports,EU5,41210,"Stereo equipment, etc",1317589643
2024-10-01,imports,EU5,41220,Recorded media,91155774
2024-10-01,imports,EU5,41300,Numismatic coins,399214195
2024-10-01,imports,EU5,41310,Jewelry,2468696461
2024-10-01,imports,EU5,41320,"Artwork, antiques, stamps, etc.",1190244315
2024-10-01,imports,EU5,42000,"Nursery stock, etc.",287778590
2024-10-01,imports,EU5,42100,Gem diamonds,1252551673
2024-10-01,imports,EU5,42110,"Gem stones, other",348155837
2024-10-01,imports,EU1,5,Other goods,12217190889
2024-10-01,imports,EU5,50000,Military aircraft and parts,327918204
2024-10-01,imports,EU5,50010,Other military equipment,201641177
2024-10-01,imports,EU5,50020,"U.s. Goods returned, and reimports",8808290857
2024-10-01,imports,EU5,50030,Minimum value shipments,2237813441
2024-10-01,imports,EU5,50040,"Other (movies, miscellaneous imports, and special transactions)",641527210
2024-11-01,imports,EU1,0,"Foods, feeds, and beverages",18658653145
2024-11-01,imports,EU5,00000,Green coffee,594702258
2024-11-01,imports,EU5,00010,Cocoa beans,79166938
2024-11-01,imports,EU5,00020,Cane and beet sugar,153887606
2024-11-01,imports,EU5,00100,Meat products,1874334668
2024-11-01,imports,EU5,00110,Dairy products and eggs,397346045
2024-11-01,imports,EU5,00120,"Fruits, frozen juices",2447777590
2024-11-01,imports,EU5,00130,Vegetables,1826227579
2024-11-01,imports,EU5,00140,Nuts,274206092
2024-11-01,imports,EU5,00150,"Food oils, oilseeds",946999898
2024-11-01,imports,EU5,00160,Bakery products,1984703737
2024-11-01,imports,EU5,00170,"Tea, spices, etc.",278672849
2024-11-01,imports,EU5,00180,Other foods,2400785684
2024-11-01,imports,EU5,00190,"Wine, beer, and related products",1171079377
2024-11-01,imports,EU5,00200,Feedstuff and foodgrains,805939743
2024-11-01,imports,EU5,01000,Fish and shellfish,2114496393
2024-11-01,imports,EU5,01010,"Alcoholic beverages, excluding wine",1211431439
2024-11-01,imports,EU5,01020,"Nonagricultural foods, etc.",96895249
2024-11-01,imports,EU1,1,Industrial supplies and materials,53663048712
2024-11-01,imports,EU5,10000,Crude oil,12641885898
2024-11-01,imports,EU5,10010,Fuel oil,1528871724
2024-11-01,imports,EU5,10020,"Petroleum products, other",2493077373
2024-11-01,imports,EU5,10030,Liquefied petroleum gases,334952556
2024-11-01,imports,EU5,10100,Coal and related fuels,198025091
2024-11-01,imports,EU5,10110,Gas-natural,430654018
2024-11-01,imports,EU5,10300,Nuclear fuel materials,953795493
2024-11-01,imports,EU5,10400,Electric energy,99223888
2024-11-01,imports,EU5,11000,Pulpwood and woodpulp,412703861
2024-11-01,imports,EU5,11100,Newsprint,34065360
2024-11-01,imports,EU5,11110,Paper and paper products,862217392
2024-11-01,imports,EU5,12000,"Cotton, natural fibers",7785797
2024-11-01,imports,EU5,12030,Hides and skins,2162742
2024-11-01,imports,EU5,12050,Natural rubber,163001081
2024-11-01,imports,EU5,12060,"Farming materials, livestock",187639304
2024-11-01,imports,EU5,12070,"Tobacco, waxes, etc.",1479445085
2024-11-01,imports,EU5,12100,"Cotton cloth, fabrics",89137910
2024-11-01,imports,EU5,12110,"Wool, silk, etc.",49216625
2024-11-01,imports,EU5,12135,Synthetic cloth,447331762
2024-11-01,imports,EU5,12140,"Hair, waste materials",98149458
2024-11-01,imports,EU5,12150,Finished textile supplies,523313623
2024-11-01,imports,EU5,12160,Leather and furs,34998995
2024-11-01,imports,EU5,12320,"Materials, excluding chemicals",158939375
2024-11-01,imports,EU5,12500,Plastic materials,1738063196
2024-11-01,imports,EU5,12510,Chemicals-fertilizers,998124418
2024-11-01,imports,EU5,12530,Chemicals-inorganic,1019650063
2024-11-01,imports,EU5,12540,Chemicals-organic,1898497006
2024-11-01,imports,EU5,12550,"Chemicals-other, n.e.c.",1614322911
2024-11-01,imports,EU5,13000,Lumber,634356963
2024-11-01,imports,EU5,13010,Plywood and veneers,314191339
2024-11-01,imports,EU5,13020,"Stone, sand, cement, etc.",719766337
2024-11-01,imports,EU5,13100,"Glass-plate, sheet, etc.",208961931
2024-11-01,imports,EU5,13110,"Shingles, wallboard",1312263260
2024-11-01,imports,EU5,13120,Nontextile floor tiles,563432297
2024-11-01,imports,EU5,14000,Steelmaking materials,750375875
2024-11-01,imports,EU5,14100,Iron and steel mill products,1642660823
2024-11-01,imports,EU5,14200,Bauxite and aluminum,1392986236
2024-11-01,imports,EU5,14220,Copper,689497052
2024-11-01,imports,EU5,14240,Nickel,214894350
2024-11-01,imports,EU5,14250,Tin,87390343
2024-11-01,imports,EU5,14260,Zinc,137093509
2024-11-01,imports,EU5,14270,Nonmonetary gold,2220378272
2024-11-01,imports,EU5,14280,Other precious metals,934872557
2024-11-01,imports,EU5,14290,"Nonferrous metals, other",414175118
2024-11-01,imports,EU5,15000,"Iron and steel products, n.e.c.",1022088516
2024-11-01,imports,EU5,15100,"Iron and steel, advanced",1157745625
2024-11-01,imports,EU5,15200,Finished metal shapes,4628773344
2024-11-01,imports,EU5,16040,"Sulfur, nonmetallic minerals",140708764
2024-11-01,imports,EU5,16050,Synthetic rubber--primary,226380304
2024-11-01,imports,EU5,16110,"Blank tapes, audio & visual",9660234
2024-11-01,imports,EU5,16120,"Industrial supplies, other",3741143658
2024-11-01,imports,EU1,2,"Capital goods, except automotive",81808164819
2024-11-01,imports,EU5,20000,"Generators, accessories",3755780489
2024-11-01,imports,EU5,20005,Electric apparatus,9191937125
2024-11-01,imports,EU5,21000,Drilling & oilfield equipment,414033332
2024-11-01,imports,EU5,21010,Specialized mining,95034877
2024-11-01,imports,EU5,21030,Excavating machinery,1393752027
2024-11-01,imports,EU5,21040,Nonfarm tractors and parts,65966777
2024-11-01,imports,EU5,21100,Industrial engines,2590954208
2024-11-01,imports,EU5,21110,"Food, tobacco machinery",506626343
2024-11-01,imports,EU5,21120,Metalworking machine tools,1266068830
2024-11-01,imports,EU5,21130,"Textile, sewing machines",152918528
2024-11-01,imports,EU5,21140,"Wood, glass, plastic",744273406
2024-11-01,imports,EU5,21150,Pulp and paper machinery,668642686
2024-11-01,imports,EU5,21160,"Measuring, testing, control instruments",2319471448
2024-11-01,imports,EU5,21170,Materials handling equipment,2479417863
2024-11-01,imports,EU5,21180,"Industrial machines, other",6917711150
2024-11-01,imports,EU5,21190,"Photo, service industry machinery",2360862704
2024-11-01,imports,EU5,21200,"Agricultural machinery, equipment",1034718504
2024-11-01,imports,EU5,21300,Computers,9631515662
2024-11-01,imports,EU5,21301,Computer accessories,9523375464
2024-11-01,imports,EU5,21320,Semiconductors,7090381132
2024-11-01,imports,EU5,21400,Telecommunications equipment,7350181784
2024-11-01,imports,EU5,21500,Business machines and equipment,457458394
2024-11-01,imports,EU5,21600,Laboratory testing instruments,714869221
2024-11-01,imports,EU5,21610,Medicinal equipment,5273658262
2024-11-01,imports,EU5,22000,Civilian aircraft,1907165923
2024-11-01,imports,EU5,22010,Parts-civilian aircraft,1293726994
2024-11-01,imports,EU5,22020,Engines-civilian aircraft,2361328917
2024-11-01,imports,EU5,22100,Railway transportation equipment,132953806
2024-11-01,imports,EU5,22200,"Vessels, except scrap",71202
2024-11-01,imports,EU5,22210,"Commercial vessels, other",10117791
2024-11-01,imports,EU5,22220,"Marine engines, parts",90097252
2024-11-01,imports,EU5,22300,"Spacecraft, excluding military",13092718
2024-11-01,imports,EU1,3,"Automotive vehicles, parts, and engines",39182778924
2024-11-01,imports,EU5,30000,"Passenger cars, new and used",18594185521
2024-11-01,imports,EU5,30100,"Trucks, buses, and special purpose vehicles",5107158834
2024-11-01,imports,EU5,30110,Bodies and chassis for trucks and buses,41810564
2024-11-01,imports,EU5,30200,Engines and engine parts,2660786415
2024-11-01,imports,EU5,30210,Bodies and chassis for passenger cars,2630010
2024-11-01,imports,EU5,30220,Automotive tires and tubes,1403340494
2024-11-01,imports,EU5,30230,Other parts and accessories of vehicles,11372867086
2024-11-01,imports,EU1,4,Consumer goods,69240779806
2024-11-01,imports,EU5,40000,"Apparel, household goods - cotton",3268693899
2024-11-01,imports,EU5,40010,"Apparel, household goods - wool",237213307
2024-11-01,imports,EU5,40020,"Apparel, textiles, nonwool or cotton",4092759319
2024-11-01,imports,EU5,40030,"Apparel,household goods-nontextile",816197191
2024-11-01,imports,EU5,40040,Footwear,1377246244
2024-11-01,imports,EU5,40050,Camping apparel and gear,1128081002
2024-11-01,imports,EU5,40100,Pharmaceutical preparations,20829285254
2024-11-01,imports,EU5,40110,"Books, printed matter",368293947
2024-11-01,imports,EU5,40120,Toiletries and cosmetics,1762205386
2024-11-01,imports,EU5,40140,Other consumer nondurables,1838798186
2024-11-01,imports,EU5,41000,"Furniture, household goods, etc.",3469757856
2024-11-01,imports,EU5,41010,"Glassware, chinaware",255227543
2024-11-01,imports,EU5,41020,"Cookware, cutlery, tools",1214961965
2024-11-01,imports,EU5,41030,Household appliances,3258495982
2024-11-01,imports,EU5,41040,Rugs,297902760
2024-11-01,imports,EU5,41050,"Cell phones and other household goods, n.e.c.",10550430021
2024-11-01,imports,EU5,41100,Motorcycles and parts,417725595
2024-11-01,imports,EU5,41110,Pleasure boats and motors,567389071
2024-11-01,imports,EU5,41120,"Toys, games, and sporting goods",4324504087
2024-11-01,imports,EU5,41130,Photo equipment,418270623
2024-11-01,imports,EU5,41140,Musical instruments,197240881
2024-11-01,imports,EU5,41200,Televisions and video equipment,1750780937
2024-11-01,imports,EU5,41210,"Stereo equipment, etc",1212698931
2024-11-01,imports,EU5,41220,Recorded media,79808664
2024-11-01,imports,EU5,41300,Numismatic coins,378178415
2024-11-01,imports,EU5,41310,Jewelry,2211487066
2024-11-01,imports,EU5,41320,"Artwork, antiques, stamps, etc.",1265762873
2024-11-01,imports,EU5,42000,"Nursery stock, etc.",330707880
2024-11-01,imports,EU5,42100,Gem diamonds,968593675
2024-11-01,imports,EU5,42110,"Gem stones, other",352081246
2024-11-01,imports,EU1,5,Other goods,11733034751
2024-11-01,imports,EU5,50000,Military aircraft and parts,380303454
2024-11-01,imports,EU5,50010,Other military equipment,245703355
2024-11-01,imports,EU5,50020,"U.s. Goods returned, and reimports",8517132405
2024-11-01,imports,EU5,50030,Minimum value shipments,2103441461
2024-11-01,imports,EU5,50040,"Other (movies, miscellaneous imports, and special transactions)",486454076
2024-12-01,imports,EU1,0,"Foods, feeds, and beverages",18791383129
2024-12-01,imports,EU5,00000,Green coffee,617427810
2024-12-01,imports,EU5,00010,Cocoa beans,111721758
2024-12-01,imports,EU5,00020,Cane and beet sugar,232534759
2024-12-01,imports,EU5,00100,Meat products,1789824722
2024-12-01,imports,EU5,00110,Dairy products and eggs,358334591
2024-12-01,imports,EU5,00120,"Fruits, frozen juices",2763665856
2024-12-01,imports,EU5,00130,Vegetables,1962867470
2024-12-01,imports,EU5,00140,Nuts,265682504
2024-12-01,imports,EU5,00150,"Food oils, oilseeds",878285058
2024-12-01,imports,EU5,00160,Bakery products,1830071845
2024-12-01,imports,EU5,00170,"Tea, spices, etc.",278762646
2024-12-01,imports,EU5,00180,Other foods,2323796573
2024-12-01,imports,EU5,00190,"Wine, beer, and related products",1132630001
2024-12-01,imports,EU5,00200,Feedstuff and foodgrains,841986003
2024-12-01,imports,EU5,01000,Fish and shellfish,2271115454
2024-12-01,imports,EU5,01010,"Alcoholic beverages, excluding wine",1021839701
2024-12-01,imports,EU5,01020,"Nonagricultural foods, etc.",110836378
2024-12-01,imports,EU1,1,Industrial supplies and materials,64234930109
2024-12-01,imports,EU5,10000,Crude oil,13298493393
2024-12-01,imports,EU5,10010,Fuel oil,1549358338
2024-12-01,imports,EU5,10020,"Petroleum products, other",2734105639
2024-12-01,imports,EU5,10030,Liquefied petroleum gases,371648454
2024-12-01,imports,EU5,10100,Coal and related fuels,196194103
2024-12-01,imports,EU5,10110,Gas-natural,899846475
2024-12-01,imports,EU5,10300,Nuclear fuel materials,542240343
2024-12-01,imports,EU5,10400,Electric energy,226750068
2024-12-01,imports,EU5,11000,Pulpwood and woodpulp,350741378
2024-12-01,imports,EU5,11100,Newsprint,33303110
2024-12-01,imports,EU5,11110,Paper and paper products,836739831
2024-12-01,imports,EU5,12000,"Cotton, natural fibers",7807160
2024-12-01,imports,EU5,12030,Hides and skins,2409121
2024-12-01,imports,EU5,12050,Natural rubber,187874227
2024-12-01,imports,EU5,12060,"Farming materials, livestock",213560794
2024-12-01,imports,EU5,12070,"Tobacco, waxes, etc.",1375479730
2024-12-01,imports,EU5,12100,"Cotton cloth, fabrics",87430623
2024-12-01,imports,EU5,12110,"Wool, silk, etc.",50301210
2024-12-01,imports,EU5,12135,Synthetic cloth,436642686
2024-12-01,imports,EU5,12140,"Hair, waste materials",91134334
2024-12-01,imports,EU5,12150,Finished textile supplies,515172218
2024-12-01,imports,EU5,12160,Leather and furs,39554186
2024-12-01,imports,EU5,12320,"Materials, excluding chemicals",123031712
2024-12-01,imports,EU5,12500,Plastic materials,1670673021
2024-12-01,imports,EU5,12510,Chemicals-fertilizers,1143578431
2024-12-01,imports,EU5,12530,Chemicals-inorganic,871789949
2024-12-01,imports,EU5,12540,Chemicals-organic,1841055764
2024-12-01,imports,EU5,12550,"Chemicals-other, n.e.c.",1525683190
2024-12-01,imports,EU5,13000,Lumber,599478330
2024-12-01,imports,EU5,13010,Plywood and veneers,331807821
2024-12-01,imports,EU5,13020,"Stone, sand, cement, etc.",661967850
2024-12-01,imports,EU5,13100,"Glass-plate, sheet, etc.",204378657
2024-12-01,imports,EU5,13110,"Shingles, wallboard",1281312060
2024-12-01,imports,EU5,13120,Nontextile floor tiles,599209907
2024-12-01,imports,EU5,14000,Steelmaking materials,658899952
2024-12-01,imports,EU5,14100,Iron and steel mill products,1676042634
2024-12-01,imports,EU5,14200,Bauxite and aluminum,1405562243
2024-12-01,imports,EU5,14220,Copper,918561231
2024-12-01,imports,EU5,14240,Nickel,228357121
2024-12-01,imports,EU5,14250,Tin,71935681
2024-12-01,imports,EU5,14260,Zinc,186249984
2024-12-01,imports,EU5,14270,Nonmonetary gold,3250243292
2024-12-01,imports,EU5,14280,Other precious metals,1283919668
2024-12-01,imports,EU5,14290,"Nonferrous metals, other",430697367
2024-12-01,imports,EU5,15000,"Iron and steel products, n.e.c.",1079984093
2024-12-01,imports,EU5,15100,"Iron and steel, advanced",1200557658
2024-12-01,imports,EU5,15200,Finished metal shapes,12875923767
2024-12-01,imports,EU5,16040,"Sulfur, nonmetallic minerals",113944005
2024-12-01,imports,EU5,16050,Synthetic rubber--primary,213812104
2024-12-01,imports,EU5,16110,"Blank tapes, audio & visual",13087132
2024-12-01,imports,EU5,16120,"Industrial supplies, other",3726398064
2024-12-01,imports,EU1,2,"Capital goods, except automotive",84547839485
2024-12-01,imports,EU5,20000,"Generators, accessories",3458151434
2024-12-01,imports,EU5,20005,Electric apparatus,9242618693
2024-12-01,imports,EU5,21000,Drilling & oilfield equipment,386705882
2024-12-01,imports,EU5,21010,Specialized mining,102463261
2024-12-01,imports,EU5,21030,Excavating machinery,1543947485
2024-12-01,imports,EU5,21040,Nonfarm tractors and parts,64873169
2024-12-01,imports,EU5,21100,Industrial engines,2710804467
2024-12-01,imports,EU5,21110,"Food, tobacco machinery",521189212
2024-12-01,imports,EU5,21120,Metalworking machine tools,1266370994
2024-12-01,imports,EU5,21130,"Textile, sewing machines",175403369
2024-12-01,imports,EU5,21140,"Wood, glass, plastic",840353312
2024-12-01,imports,EU5,21150,Pulp and paper machinery,699278859
2024-12-01,imports,EU5,21160,"Measuring, testing, control instruments",2367043144
2024-12-01,imports,EU5,21170,Materials handling equipment,2429173228
2024-12-01,imports,EU5,21180,"Industrial machines, other",6959908886
2024-12-01,imports,EU5,21190,"Photo, service industry machinery",2423732823
2024-12-01,imports,EU5,21200,"Agricultural machinery, equipment",1156968875
2024-12-01,imports,EU5,21300,Computers,10032231843
2024-12-01,imports,EU5,21301,Computer accessories,10247209395
2024-12-01,imports,EU5,21320,Semiconductors,7286750601
2024-12-01,imports,EU5,21400,Telecommunications equipment,7686076505
2024-12-01,imports,EU5,21500,Business machines and equipment,432901616
2024-12-01,imports,EU5,21600,Laboratory testing instruments,807260824
2024-12-01,imports,EU5,21610,Medicinal equipment,5526474611
2024-12-01,imports,EU5,22000,Civilian aircraft,2219673494
2024-12-01,imports,EU5,22010,Parts-civilian aircraft,1119889799
2024-12-01,imports,EU5,22020,Engines-civilian aircraft,2542939794
2024-12-01,imports,EU5,22100,Railway transportation equipment,139577944
2024-12-01,imports,EU5,22200,"Vessels, except scrap",73139
2024-12-01,imports,EU5,22210,"Commercial vessels, other",26939412
2024-12-01,imports,EU5,22220,"Marine engines, parts",114963621
2024-12-01,imports,EU5,22300,"Spacecraft, excluding military",15889794
2024-12-01,imports,EU1,3,"Automotive vehicles, parts, and engines",37411087130
2024-12-01,imports,EU5,30000,"Passenger cars, new and used",18827817397
2024-12-01,imports,EU5,30100,"Trucks, buses, and special purpose vehicles",4862345678
2024-12-01,imports,EU5,30110,Bodies and chassis for trucks and buses,45081933
2024-12-01,imports,EU5,30200,Engines and engine parts,2328320795
2024-12-01,imports,EU5,30210,Bodies and chassis for passenger cars,2345473
2024-12-01,imports,EU5,30220,Automotive tires and tubes,1411215756
2024-12-01,imports,EU5,30230,Other parts and accessories of vehicles,9933960098
2024-12-01,imports,EU1,4,Consumer goods,68313246034
2024-12-01,imports,EU5,40000,"Apparel, household goods - cotton",3364969300
2024-12-01,imports,EU5,40010,"Apparel, household goods - wool",205416628
2024-12-01,imports,EU5,40020,"Apparel, textiles, nonwool or cotton",4237940131
2024-12-01,imports,EU5,40030,"Apparel,household goods-nontextile",854278310
2024-12-01,imports,EU5,40040,Footwear,1591805977
2024-12-01,imports,EU5,40050,Camping apparel and gear,1233537129
2024-12-01,imports,EU5,40100,Pharmaceutical preparations,22036570621
2024-12-01,imports,EU5,40110,"Books, printed matter",348504645
2024-12-01,imports,EU5,40120,Toiletries and cosmetics,1810804383
2024-12-01,imports,EU5,40140,Other consumer nondurables,1798585771
2024-12-01,imports,EU5,41000,"Furniture, household goods, etc.",3583455228
2024-12-01,imports,EU5,41010,"Glassware, chinaware",229247718
2024-12-01,imports,EU5,41020,"Cookware, cutlery, tools",1156585013
2024-12-01,imports,EU5,41030,Household appliances,3179717747
2024-12-01,imports,EU5,41040,Rugs,291133494
2024-12-01,imports,EU5,41050,"Cell phones and other household goods, n.e.c.",9716485281
2024-12-01,imports,EU5,41100,Motorcycles and parts,335019270
2024-12-01,imports,EU5,41110,Pleasure boats and motors,350940610
2024-12-01,imports,EU5,41120,"Toys, games, and sporting goods",4213703239
2024-12-01,imports,EU5,41130,Photo equipment,415481425
2024-12-01,imports,EU5,41140,Musical instruments,183079001
2024-12-01,imports,EU5,41200,Televisions and video equipment,1267384295
2024-12-01,imports,EU5,41210,"Stereo equipment, etc",995027426
2024-12-01,imports,EU5,41220,Recorded media,65499180
2024-12-01,imports,EU5,41300,Numismatic coins,296914643
2024-12-01,imports,EU5,41310,Jewelry,1999163741
2024-12-01,imports,EU5,41320,"Artwork, antiques, stamps, etc.",804967915
2024-12-01,imports,EU5,42000,"Nursery stock, etc.",276785298
2024-12-01,imports,EU5,42100,Gem diamonds,1164531581
2024-12-01,imports,EU5,42110,"Gem stones, other",305711034
2024-12-01,imports,EU1,5,Other goods,11490073739
2024-12-01,imports,EU5,50000,Military aircraft and parts,475715415
2024-12-01,imports,EU5,50010,Other military equipment,216374944
2024-12-01,imports,EU5,50020,"U.s. Goods returned, and reimports",8177849306
2024-12-01,imports,EU5,50030,Minimum value shipments,2063645038
2024-12-01,imports,EU5,50040,"Other (movies, miscellaneous imports, and special transactions)",556489036
2025-01-01,imports,EU1,0,"Foods, feeds, and beverages",20463986985
2025-01-01,imports,EU5,00000,Green coffee,704817093
2025-01-01,imports,EU5,00010,Cocoa beans,305668150
2025-01-01,imports,EU5,00020,Cane and beet sugar,183893813
2025-01-01,imports,EU5,00100,Meat products,1912465705
2025-01-01,imports,EU5,00110,Dairy products and eggs,346345858
2025-01-01,imports,EU5,00120,"Fruits, frozen juices",3517806786
2025-01-01,imports,EU5,00130,Vegetables,2069940989
2025-01-01,imports,EU5,00140,Nuts,277892430
2025-01-01,imports,EU5,00150,"Food oils, oilseeds",907272490
2025-01-01,imports,EU5,00160,Bakery products,1823662919
2025-01-01,imports,EU5,00170,"Tea, spices, etc.",296092204
2025-01-01,imports,EU5,00180,Other foods,2531875968
2025-01-01,imports,EU5,00190,"Wine, beer, and related products",1308761111
2025-01-01,imports,EU5,00200,Feedstuff and foodgrains,896409787
2025-01-01,imports,EU5,01000,Fish and shellfish,2275254652
2025-01-01,imports,EU5,01010,"Alcoholic beverages, excluding wine",987310765
2025-01-01,imports,EU5,01020,"Nonagricultural foods, etc.",118516265
2025-01-01,imports,EU1,1,Industrial supplies and materials,89569982051
2025-01-01,imports,EU5,10000,Crude oil,13799839857
2025-01-01,imports,EU5,10010,Fuel oil,1698232471
2025-01-01,imports,EU5,10020,"Petroleum products, other",2582267178
2025-01-01,imports,EU5,10030,Liquefied petroleum gases,463393984
2025-01-01,imports,EU5,10100,Coal and related fuels,107258862
2025-01-01,imports,EU5,10110,Gas-natural,1420323337
2025-01-01,imports,EU5,10300,Nuclear fuel materials,828489054
2025-01-01,imports,EU5,10400,Electric energy,429835798
2025-01-01,imports,EU5,11000,Pulpwood and woodpulp,382274347
2025-01-01,imports,EU5,11100,Newsprint,38422354
2025-01-01,imports,EU5,11110,Paper and paper products,867713728
2025-01-01,imports,EU5,12000,"Cotton, natural fibers",5346359
2025-01-01,imports,EU5,12030,Hides and skins,8576929
2025-01-01,imports,EU5,12050,Natural rubber,183801339
2025-01-01,imports,EU5,12060,"Farming materials, livestock",216956683
2025-01-01,imports,EU5,12070,"Tobacco, waxes, etc.",1538546925
2025-01-01,imports,EU5,12100,"Cotton cloth, fabrics",77540885
2025-01-01,imports,EU5,12110,"Wool, silk, etc.",57015231
2025-01-01,imports,EU5,12135,Synthetic cloth,450964071
2025-01-01,imports,EU5,12140,"Hair, waste materials",100947983
2025-01-01,imports,EU5,12150,Finished textile supplies,521576256
2025-01-01,imports,EU5,12160,Leather and furs,33749978
2025-01-01,imports,EU5,12320,"Materials, excluding chemicals",145605556
2025-01-01,imports,EU5,12500,Plastic materials,1806848447
2025-01-01,imports,EU5,12510,Chemicals-fertilizers,1362560160
2025-01-01,imports,EU5,12530,Chemicals-inorganic,1090252384
2025-01-01,imports,EU5,12540,Chemicals-organic,2338945010
2025-01-01,imports,EU5,12550,"Chemicals-other, n.e.c.",1564118123
2025-01-01,imports,EU5,13000,Lumber,649556064
2025-01-01,imports,EU5,13010,Plywood and veneers,317157610
2025-01-01,imports,EU5,13020,"Stone, sand, cement, etc.",627433921
2025-01-01,imports,EU5,13100,"Glass-plate, sheet, etc.",206353121
2025-01-01,imports,EU5,13110,"Shingles, wallboard",1405556082
2025-01-01,imports,EU5,13120,Nontextile floor tiles,681569956
2025-01-01,imports,EU5,14000,Steelmaking materials,902116532
2025-01-01,imports,EU5,14100,Iron and steel mill products,2022543427
2025-01-01,imports,EU5,14200,Bauxite and aluminum,1605628915
2025-01-01,imports,EU5,14220,Copper,822524321
2025-01-01,imports,EU5,14240,Nickel,205401821
2025-01-01,imports,EU5,14250,Tin,116969700
2025-01-01,imports,EU5,14260,Zinc,180342214
2025-01-01,imports,EU5,14270,Nonmonetary gold,3834701389
2025-01-01,imports,EU5,14280,Other precious metals,1718915392
2025-01-01,imports,EU5,14290,"Nonferrous metals, other",457700898
2025-01-01,imports,EU5,15000,"Iron and steel products, n.e.c.",1090537266
2025-01-01,imports,EU5,15100,"Iron and steel, advanced",1304502763
2025-01-01,imports,EU5,15200,Finished metal shapes,32994124140
2025-01-01,imports,EU5,16040,"Sulfur, nonmetallic minerals",149004512
2025-01-01,imports,EU5,16050,Synthetic rubber--primary,223431157
2025-01-01,imports,EU5,16110,"Blank tapes, audio & visual",10774137
2025-01-01,imports,EU5,16120,"Industrial supplies, other",3921733424
2025-01-01,imports,EU1,2,"Capital goods, except automotive",83745306938
2025-01-01,imports,EU5,20000,"Generators, accessories",3785479302
2025-01-01,imports,EU5,20005,Electric apparatus,8904783811
2025-01-01,imports,EU5,21000,Drilling & oilfield equipment,605546446
2025-01-01,imports,EU5,21010,Specialized mining,90575256
2025-01-01,imports,EU5,21030,Excavating machinery,1348019375
2025-01-01,imports,EU5,21040,Nonfarm tractors and parts,69124953
2025-01-01,imports,EU5,21100,Industrial engines,2590670756
2025-01-01,imports,EU5,21110,"Food, tobacco machinery",513931676
2025-01-01,imports,EU5,21120,Metalworking machine tools,1284755843
2025-01-01,imports,EU5,21130,"Textile, sewing machines",160313807
2025-01-01,imports,EU5,21140,"Wood, glass, plastic",853772551
2025-01-01,imports,EU5,21150,Pulp and paper machinery,661778299
2025-01-01,imports,EU5,21160,"Measuring, testing, control instruments",2224698683
2025-01-01,imports,EU5,21170,Materials handling equipment,2439879289
2025-01-01,imports,EU5,21180,"Industrial machines, other",7411916377
2025-01-01,imports,EU5,21190,"Photo, service industry machinery",2546404945
2025-01-01,imports,EU5,21200,"Agricultural machinery, equipment",1136039749
2025-01-01,imports,EU5,21300,Computers,11597582706
2025-01-01,imports,EU5,21301,Computer accessories,10518056644
2025-01-01,imports,EU5,21320,Semiconductors,5765530683
2025-01-01,imports,EU5,21400,Telecommunications equipment,7991233428
2025-01-01,imports,EU5,21500,Business machines and equipment,425129257
2025-01-01,imports,EU5,21600,Laboratory testing instruments,644473957
2025-01-01,imports,EU5,21610,Medicinal equipment,5020968465
2025-01-01,imports,EU5,22000,Civilian aircraft,1260319181
2025-01-01,imports,EU5,22010,Parts-civilian aircraft,1377945293
2025-01-01,imports,EU5,22020,Engines-civilian aircraft,2279962832
2025-01-01,imports,EU5,22100,Railway transportation equipment,121993412
2025-01-01,imports,EU5,22200,"Vessels, except scrap",155560
2025-01-01,imports,EU5,22210,"Commercial vessels, other",12375292
2025-01-01,imports,EU5,22220,"Marine engines, parts",91084864
2025-01-01,imports,EU5,22300,"Spacecraft, excluding military",10804246
2025-01-01,imports,EU1,3,"Automotive vehicles, parts, and engines",35502105828
2025-01-01,imports,EU5,30000,"Passenger cars, new and used",15970451309
2025-01-01,imports,EU5,30100,"Trucks, buses, and special purpose vehicles",4289353079
2025-01-01,imports,EU5,30110,Bodies and chassis for trucks and buses,38541214
2025-01-01,imports,EU5,30200,Engines and engine parts,2616125336
2025-01-01,imports,EU5,30210,Bodies and chassis for passenger cars,4981037
2025-01-01,imports,EU5,30220,Automotive tires and tubes,1417541114
2025-01-01,imports,EU5,30230,Other parts and accessories of vehicles,11165112739
2025-01-01,imports,EU1,4,Consumer goods,77105597302
2025-01-01,imports,EU5,40000,"Apparel, household goods - cotton",3745471743
2025-01-01,imports,EU5,40010,"Apparel, household goods - wool",179339994
2025-01-01,imports,EU5,40020,"Apparel, textiles, nonwool or cotton",4828677802
2025-01-01,imports,EU5,40030,"Apparel,household goods-nontextile",849565408
2025-01-01,imports,EU5,40040,Footwear,1771356549
2025-01-01,imports,EU5,40050,Camping apparel and gear,1297381010
2025-01-01,imports,EU5,40100,Pharmaceutical preparations,28265054763
2025-01-01,imports,EU5,40110,"Books, printed matter",348000387
2025-01-01,imports,EU5,40120,Toiletries and cosmetics,1730357283
2025-01-01,imports,EU5,40140,Other consumer nondurables,1822120605
2025-01-01,imports,EU5,41000,"Furniture, household goods, etc.",3799213203
2025-01-01,imports,EU5,41010,"Glassware, chinaware",235537374
2025-01-01,imports,EU5,41020,"Cookware, cutlery, tools",1234743488
2025-01-01,imports,EU5,41030,Household appliances,3098243430
2025-01-01,imports,EU5,41040,Rugs,284663431
2025-01-01,imports,EU5,41050,"Cell phones and other household goods, n.e.c.",10442680209
2025-01-01,imports,EU5,41100,Motorcycles and parts,365173872
2025-01-01,imports,EU5,41110,Pleasure boats and motors,369671808
2025-01-01,imports,EU5,41120,"Toys, games, and sporting goods",3805481060
2025-01-01,imports,EU5,41130,Photo equipment,389770659
2025-01-01,imports,EU5,41140,Musical instruments,183821128
2025-01-01,imports,EU5,41200,Televisions and video equipment,1456816130
2025-01-01,imports,EU5,41210,"Stereo equipment, etc",1228897678
2025-01-01,imports,EU5,41220,Recorded media,52556617
2025-01-01,imports,EU5,41300,Numismatic coins,188210015
2025-01-01,imports,EU5,41310,Jewelry,1735258190
2025-01-01,imports,EU5,41320,"Artwork, antiques, stamps, etc.",1082955610
2025-01-01,imports,EU5,42000,"Nursery stock, etc.",429869128
2025-01-01,imports,EU5,42100,Gem diamonds,1072678509
2025-01-01,imports,EU5,42110,"Gem stones, other",812030219
2025-01-01,imports,EU1,5,Other goods,11616863630
2025-01-01,imports,EU5,50000,Military aircraft and parts,335570594
2025-01-01,imports,EU5,50010,Other military equipment,173316700
2025-01-01,imports,EU5,50020,"U.s. Goods returned, and reimports",8476036960
2025-01-01,imports,EU5,50030,Minimum value shipments,2009305688
2025-01-01,imports,EU5,50040,"Other (movies, miscellaneous imports, and special transactions)",622633688
2025-02-01,imports,EU1,0,"Foods, feeds, and beverages",17923559730
2025-02-01,imports,EU5,00000,Green coffee,723483659
2025-02-01,imports,EU5,00010,Cocoa beans,294938317
2025-02-01,imports,EU5,00020,Cane and beet sugar,144367909
2025-02-01,imports,EU5,00100,Meat products,1628516385
2025-02-01,imports,EU5,00110,Dairy products and eggs,325068830
2025-02-01,imports,EU5,00120,"Fruits, frozen juices",3020760093
2025-02-01,imports,EU5,00130,Vegetables,1735165523
2025-02-01,imports,EU5,00140,Nuts,201357264
2025-02-01,imports,EU5,00150,"Food oils, oilseeds",851899265
2025-02-01,imports,EU5,00160,Bakery products,1772226273
2025-02-01,imports,EU5,00170,"Tea, spices, etc.",267497969
2025-02-01,imports,EU5,00180,Other foods,2062814024
2025-02-01,imports,EU5,00190,"Wine, beer, and related products",1162798938
2025-02-01,imports,EU5,00200,Feedstuff and foodgrains,731632674
2025-02-01,imports,EU5,01000,Fish and shellfish,1976786072
2025-02-01,imports,EU5,01010,"Alcoholic beverages, excluding wine",900503759
2025-02-01,imports,EU5,01020,"Nonagricultural foods, etc.",123742776
2025-02-01,imports,EU1,1,Industrial supplies and materials,75852657480
2025-02-01,imports,EU5,10000,Crude oil,11449390406
2025-02-01,imports,EU5,10010,Fuel oil,1769103794
2025-02-01,imports,EU5,10020,"Petroleum products, other",2224179035
2025-02-01,imports,EU5,10030,Liquefied petroleum gases,438310712
2025-02-01,imports,EU5,10100,Coal and related fuels,99937078
2025-02-01,imports,EU5,10110,Gas-natural,1174524169
2025-02-01,imports,EU5,10300,Nuclear fuel materials,545911345
2025-02-01,imports,EU5,10400,Electric energy,318855289
2025-02-01,imports,EU5,11000,Pulpwood and woodpulp,328327343
2025-02-01,imports,EU5,11100,Newsprint,35114968
2025-02-01,imports,EU5,11110,Paper and paper products,725674485
2025-02-01,imports,EU5,12000,"Cotton, natural fibers",5322314
2025-02-01,imports,EU5,12030,Hides and skins,6526209
2025-02-01,imports,EU5,12050,Natural rubber,111931608
2025-02-01,imports,EU5,12060,"Farming materials, livestock",176542635
2025-02-01,imports,EU5,12070,"Tobacco, waxes, etc.",1355351380
2025-02-01,imports,EU5,12100,"Cotton cloth, fabrics",68885000
2025-02-01,imports,EU5,12110,"Wool, silk, etc.",52848018
2025-02-01,imports,EU5,12135,Synthetic cloth,405295659
2025-02-01,imports,EU5,12140,"Hair, waste materials",84695232
2025-02-01,imports,EU5,12150,Finished textile supplies,468628746
2025-02-01,imports,EU5,12160,Leather and furs,35059813
2025-02-01,imports,EU5,12320,"Materials, excluding chemicals",122913938
2025-02-01,imports,EU5,12500,Plastic materials,1539057113
2025-02-01,imports,EU5,12510,Chemicals-fertilizers,1342545913
2025-02-01,imports,EU5,12530,Chemicals-inorganic,925867018
2025-02-01,imports,EU5,12540,Chemicals-organic,1987696266
2025-02-01,imports,EU5,12550,"Chemicals-other, n.e.c.",1494398067
2025-02-01,imports,EU5,13000,Lumber,574426530
2025-02-01,imports,EU5,13010,Plywood and veneers,296883955
2025-02-01,imports,EU5,13020,"Stone, sand, cement, etc.",593216186
2025-02-01,imports,EU5,13100,"Glass-plate, sheet, etc.",206240960
2025-02-01,imports,EU5,13110,"Shingles, wallboard",1249282954
2025-02-01,imports,EU5,13120,Nontextile floor tiles,599793943
2025-02-01,imports,EU5,14000,Steelmaking materials,647077287
2025-02-01,imports,EU5,14100,Iron and steel mill products,1633315319
2025-02-01,imports,EU5,14200,Bauxite and aluminum,1560968612
2025-02-01,imports,EU5,14220,Copper,612181078
2025-02-01,imports,EU5,14240,Nickel,197145640
2025-02-01,imports,EU5,14250,Tin,70193968
2025-02-01,imports,EU5,14260,Zinc,141055011
2025-02-01,imports,EU5,14270,Nonmonetary gold,2503065245
2025-02-01,imports,EU5,14280,Other precious metals,2155936924
2025-02-01,imports,EU5,14290,"Nonferrous metals, other",379331602
2025-02-01,imports,EU5,15000,"Iron and steel products, n.e.c.",906495443
2025-02-01,imports,EU5,15100,"Iron and steel, advanced",1153303662
2025-02-01,imports,EU5,15200,Finished metal shapes,27124740732
2025-02-01,imports,EU5,16040,"Sulfur, nonmetallic minerals",144498372
2025-02-01,imports,EU5,16050,Synthetic rubber--primary,211969573
2025-02-01,imports,EU5,16110,"Blank tapes, audio & visual",6611607
2025-02-01,imports,EU5,16120,"Industrial supplies, other",3592029324
2025-02-01,imports,EU1,2,"Capital goods, except automotive",77141219482
2025-02-01,imports,EU5,20000,"Generators, accessories",3432023015
2025-02-01,imports,EU5,20005,Electric apparatus,8145432602
2025-02-01,imports,EU5,21000,Drilling & oilfield equipment,337249022
2025-02-01,imports,EU5,21010,Specialized mining,120967963
2025-02-01,imports,EU5,21030,Excavating machinery,1171195226
2025-02-01,imports,EU5,21040,Nonfarm tractors and parts,58554240
2025-02-01,imports,EU5,21100,Industrial engines,2716874383
2025-02-01,imports,EU5,21110,"Food, tobacco machinery",479769504
2025-02-01,imports,EU5,21120,Metalworking machine tools,1103230423
2025-02-01,imports,EU5,21130,"Textile, sewing machines",148479642
2025-02-01,imports,EU5,21140,"Wood, glass, plastic",744236507
2025-02-01,imports,EU5,21150,Pulp and paper machinery,596991543
2025-02-01,imports,EU5,21160,"Measuring, testing, control instruments",2250212239
2025-02-01,imports,EU5,21170,Materials handling equipment,2214023609
2025-02-01,imports,EU5,21180,"Industrial machines, other",6772991160
2025-02-01,imports,EU5,21190,"Photo, service industry machinery",2345996488
2025-02-01,imports,EU5,21200,"Agricultural machinery, equipment",1168077073
2025-02-01,imports,EU5,21300,Computers,10246132393
2025-02-01,imports,EU5,21301,Computer accessories,9481034261
2025-02-01,imports,EU5,21320,Semiconductors,5330172357
2025-02-01,imports,EU5,21400,Telecommunications equipment,6892183717
2025-02-01,imports,EU5,21500,Business machines and equipment,381256227
2025-02-01,imports,EU5,21600,Laboratory testing instruments,656465976
2025-02-01,imports,EU5,21610,Medicinal equipment,5328876351
2025-02-01,imports,EU5,22000,Civilian aircraft,1038019960
2025-02-01,imports,EU5,22010,Parts-civilian aircraft,1233509859
2025-02-01,imports,EU5,22020,Engines-civilian aircraft,2507201309
2025-02-01,imports,EU5,22100,Railway transportation equipment,132852258
2025-02-01,imports,EU5,22200,"Vessels, except scrap",535803
2025-02-01,imports,EU5,22210,"Commercial vessels, other",12352598
2025-02-01,imports,EU5,22220,"Marine engines, parts",85442530
2025-02-01,imports,EU5,22300,"Spacecraft, excluding military",8879244
2025-02-01,imports,EU1,3,"Automotive vehicles, parts, and engines",34403353181
2025-02-01,imports,EU5,30000,"Passenger cars, new and used",14948161553
2025-02-01,imports,EU5,30100,"Trucks, buses, and special purpose vehicles",4342276570
2025-02-01,imports,EU5,30110,Bodies and chassis for trucks and buses,33674354
2025-02-01,imports,EU5,30200,Engines and engine parts,2593729727
2025-02-01,imports,EU5,30210,Bodies and chassis for passenger cars,5298453
2025-02-01,imports,EU5,30220,Automotive tires and tubes,1346297467
2025-02-01,imports,EU5,30230,Other parts and accessories of vehicles,11133915057
2025-02-01,imports,EU1,4,Consumer goods,71658719791
2025-02-01,imports,EU5,40000,"Apparel, household goods - cotton",3357474374
2025-02-01,imports,EU5,40010,"Apparel, household goods - wool",153525250
2025-02-01,imports,EU5,40020,"Apparel, textiles, nonwool or cotton",4304615479
2025-02-01,imports,EU5,40030,"Apparel,household goods-nontextile",776451351
2025-02-01,imports,EU5,40040,Footwear,1615320612
2025-02-01,imports,EU5,40050,Camping apparel and gear,1187183564
2025-02-01,imports,EU5,40100,Pharmaceutical preparations,27855204310
2025-02-01,imports,EU5,40110,"Books, printed matter",316934945
2025-02-01,imports,EU5,40120,Toiletries and cosmetics,1549386122
2025-02-01,imports,EU5,40140,Other consumer nondurables,1737238291
2025-02-01,imports,EU5,41000,"Furniture, household goods, etc.",3428636910
2025-02-01,imports,EU5,41010,"Glassware, chinaware",223884776
2025-02-01,imports,EU5,41020,"Cookware, cutlery, tools",1129524952
2025-02-01,imports,EU5,41030,Household appliances,3147121923
2025-02-01,imports,EU5,41040,Rugs,264377593
2025-02-01,imports,EU5,41050,"Cell phones and other household goods, n.e.c.",9645730327
2025-02-01,imports,EU5,41100,Motorcycles and parts,315540504
2025-02-01,imports,EU5,41110,Pleasure boats and motors,420304917
2025-02-01,imports,EU5,41120,"Toys, games, and sporting goods",3131151586
2025-02-01,imports,EU5,41130,Photo equipment,329744334
2025-02-01,imports,EU5,41140,Musical instruments,173000624
2025-02-01,imports,EU5,41200,Televisions and video equipment,1197069873
2025-02-01,imports,EU5,41210,"Stereo equipment, etc",874619540
2025-02-01,imports,EU5,41220,Recorded media,55560670
2025-02-01,imports,EU5,41300,Numismatic coins,277384948
2025-02-01,imports,EU5,41310,Jewelry,1631588201
2025-02-01,imports,EU5,41320,"Artwork, antiques, stamps, etc.",927793383
2025-02-01,imports,EU5,42000,"Nursery stock, etc.",375337942
2025-02-01,imports,EU5,42100,Gem diamonds,996529433
2025-02-01,imports,EU5,42110,"Gem stones, other",260483057
2025-02-01,imports,EU1,5,Other goods,10835035415
2025-02-01,imports,EU5,50000,Military aircraft and parts,404306159
2025-02-01,imports,EU5,50010,Other military equipment,191127368
2025-02-01,imports,EU5,50020,"U.s. Goods returned, and reimports",7682546214
2025-02-01,imports,EU5,50030,Minimum value shipments,1998144335
2025-02-01,imports,EU5,50040,"Other (movies, miscellaneous imports, and special transactions)",558911339
2025-03-01,imports,EU1,0,"Foods, feeds, and beverages",20671604178
2025-03-01,imports,EU5,00000,Green coffee,961593996
2025-03-01,imports,EU5,00010,Cocoa beans,550857356
2025-03-01,imports,EU5,00020,Cane and beet sugar,192098036
2025-03-01,imports,EU5,00100,Meat products,2143018187
2025-03-01,imports,EU5,00110,Dairy products and eggs,353230326
2025-03-01,imports,EU5,00120,"Fruits, frozen juices",3248680813
2025-03-01,imports,EU5,00130,Vegetables,1758591205
2025-03-01,imports,EU5,00140,Nuts,236169105
2025-03-01,imports,EU5,00150,"Food oils, oilseeds",949862996
2025-03-01,imports,EU5,00160,Bakery products,2147382033
2025-03-01,imports,EU5,00170,"Tea, spices, etc.",266018066
2025-03-01,imports,EU5,00180,Other foods,2400621063
2025-03-01,imports,EU5,00190,"Wine, beer, and related products",1330505656
2025-03-01,imports,EU5,00200,Feedstuff and foodgrains,901633805
2025-03-01,imports,EU5,01000,Fish and shellfish,2132540535
2025-03-01,imports,EU5,01010,"Alcoholic beverages, excluding wine",963195092
2025-03-01,imports,EU5,01020,"Nonagricultural foods, etc.",135605908
2025-03-01,imports,EU1,1,Industrial supplies and materials,72855824968
2025-03-01,imports,EU5,10000,Crude oil,11631876765
2025-03-01,imports,EU5,10010,Fuel oil,1665140726
2025-03-01,imports,EU5,10020,"Petroleum products, other",3279698593
2025-03-01,imports,EU5,10030,Liquefied petroleum gases,365873231
2025-03-01,imports,EU5,10100,Coal and related fuels,107721006
2025-03-01,imports,EU5,10110,Gas-natural,699235429
2025-03-01,imports,EU5,10300,Nuclear fuel materials,1084152752
2025-03-01,imports,EU5,10400,Electric energy,109638224
2025-03-01,imports,EU5,11000,Pulpwood and woodpulp,398955153
2025-03-01,imports,EU5,11100,Newsprint,37926821
2025-03-01,imports,EU5,11110,Paper and paper products,924849261
2025-03-01,imports,EU5,12000,"Cotton, natural fibers",7092751
2025-03-01,imports,EU5,12030,Hides and skins,1912057
2025-03-01,imports,EU5,12050,Natural rubber,190770935
2025-03-01,imports,EU5,12060,"Farming materials, livestock",188897471
2025-03-01,imports,EU5,12070,"Tobacco, waxes, etc.",1515425265
2025-03-01,imports,EU5,12100,"Cotton cloth, fabrics",77488560
2025-03-01,imports,EU5,12110,"Wool, silk, etc.",69509007
2025-03-01,imports,EU5,12135,Synthetic cloth,466346162
2025-03-01,imports,EU5,12140,"Hair, waste materials",95048257
2025-03-01,imports,EU5,12150,Finished textile supplies,522546131
2025-03-01,imports,EU5,12160,Leather and furs,38488280
2025-03-01,imports,EU5,12320,"Materials, excluding chemicals",145906440
2025-03-01,imports,EU5,12500,Plastic materials,1848316527
2025-03-01,imports,EU5,12510,Chemicals-fertilizers,1666462467
2025-03-01,imports,EU5,12530,Chemicals-inorganic,1126442641
2025-03-01,imports,EU5,12540,Chemicals-organic,2403801824
2025-03-01,imports,EU5,12550,"Chemicals-other, n.e.c.",1825798233
2025-03-01,imports,EU5,13000,Lumber,804609561
2025-03-01,imports,EU5,13010,Plywood and veneers,368743218
2025-03-01,imports,EU5,13020,"Stone, sand, cement, etc.",635135891
2025-03-01,imports,EU5,13100,"Glass-plate, sheet, etc.",218453750
2025-03-01,imports,EU5,13110,"Shingles, wallboard",1422979778
2025-03-01,imports,EU5,13120,Nontextile floor tiles,635101386
2025-03-01,imports,EU5,14000,Steelmaking materials,871000309
2025-03-01,imports,EU5,14100,Iron and steel mill products,1876068177
2025-03-01,imports,EU5,14200,Bauxite and aluminum,1968064018
2025-03-01,imports,EU5,14220,Copper,1283387953
2025-03-01,imports,EU5,14240,Nickel,256845751
2025-03-01,imports,EU5,14250,Tin,86144744
2025-03-01,imports,EU5,14260,Zinc,176990895
2025-03-01,imports,EU5,14270,Nonmonetary gold,740422705
2025-03-01,imports,EU5,14280,Other precious metals,2324701288
2025-03-01,imports,EU5,14290,"Nonferrous metals, other",510395628
2025-03-01,imports,EU5,15000,"Iron and steel products, n.e.c.",938451577
2025-03-01,imports,EU5,15100,"Iron and steel, advanced",1198170349
2025-03-01,imports,EU5,15200,Finished metal shapes,19610987371
2025-03-01,imports,EU5,16040,"Sulfur, nonmetallic minerals",126944464
2025-03-01,imports,EU5,16050,Synthetic rubber--primary,271898263
2025-03-01,imports,EU5,16110,"Blank tapes, audio & visual",9587264
2025-03-01,imports,EU5,16120,"Industrial supplies, other",4025419659
2025-03-01,imports,EU1,2,"Capital goods, except automotive",93464490305
2025-03-01,imports,EU5,20000,"Generators, accessories",4286952566
2025-03-01,imports,EU5,20005,Electric apparatus,9257908989
2025-03-01,imports,EU5,21000,Drilling & oilfield equipment,462673512
2025-03-01,imports,EU5,21010,Specialized mining,90331574
2025-03-01,imports,EU5,21030,Excavating machinery,1410318997
2025-03-01,imports,EU5,21040,Nonfarm tractors and parts,84609392
2025-03-01,imports,EU5,21100,Industrial engines,2992854107
2025-03-01,imports,EU5,21110,"Food, tobacco machinery",572316559
2025-03-01,imports,EU5,21120,Metalworking machine tools,1398926845
2025-03-01,imports,EU5,21130,"Textile, sewing machines",179423963
2025-03-01,imports,EU5,21140,"Wood, glass, plastic",927731999
2025-03-01,imports,EU5,21150,Pulp and paper machinery,644533876
2025-03-01,imports,EU5,21160,"Measuring, testing, control instruments",2581708996
2025-03-01,imports,EU5,21170,Materials handling equipment,2537729895
2025-03-01,imports,EU5,21180,"Industrial machines, other",7600826512
2025-03-01,imports,EU5,21190,"Photo, service industry machinery",2580155158
2025-03-01,imports,EU5,21200,"Agricultural machinery, equipment",1365028695
2025-03-01,imports,EU5,21300,Computers,12639474091
2025-03-01,imports,EU5,21301,Computer accessories,12982917935
2025-03-01,imports,EU5,21320,Semiconductors,6968259976
2025-03-01,imports,EU5,21400,Telecommunications equipment,8842514481
2025-03-01,imports,EU5,21500,Business machines and equipment,447675160
2025-03-01,imports,EU5,21600,Laboratory testing instruments,791788277
2025-03-01,imports,EU5,21610,Medicinal equipment,5908401917
2025-03-01,imports,EU5,22000,Civilian aircraft,1490690232
2025-03-01,imports,EU5,22010,Parts-civilian aircraft,1467010784
2025-03-01,imports,EU5,22020,Engines-civilian aircraft,2683900833
2025-03-01,imports,EU5,22100,Railway transportation equipment,144326397
2025-03-01,imports,EU5,22200,"Vessels, except scrap",80868
2025-03-01,imports,EU5,22210,"Commercial vessels, other",11369607
2025-03-01,imports,EU5,22220,"Marine engines, parts",104986008
2025-03-01,imports,EU5,22300,"Spacecraft, excluding military",7062104
2025-03-01,imports,EU1,3,"Automotive vehicles, parts, and engines",43039980085
2025-03-01,imports,EU5,30000,"Passenger cars, new and used",20421109079
2025-03-01,imports,EU5,30100,"Trucks, buses, and special purpose vehicles",5577673952
2025-03-01,imports,EU5,30110,Bodies and chassis for trucks and buses,43070250
2025-03-01,imports,EU5,30200,Engines and engine parts,2775342789
2025-03-01,imports,EU5,30210,Bodies and chassis for passenger cars,3200466
2025-03-01,imports,EU5,30220,Automotive tires and tubes,1619253413
2025-03-01,imports,EU5,30230,Other parts and accessories of vehicles,12600330136
2025-03-01,imports,EU1,4,Consumer goods,99686371712
2025-03-01,imports,EU5,40000,"Apparel, household goods - cotton",3608401194
2025-03-01,imports,EU5,40010,"Apparel, household goods - wool",137246168
2025-03-01,imports,EU5,40020,"Apparel, textiles, nonwool or cotton",4172195630
2025-03-01,imports,EU5,40030,"Apparel,household goods-nontextile",813013230
2025-03-01,imports,EU5,40040,Footwear,1391821401
2025-03-01,imports,EU5,40050,Camping apparel and gear,1276833586
2025-03-01,imports,EU5,40100,Pharmaceutical preparations,52665639215
2025-03-01,imports,EU5,40110,"Books, printed matter",351220251
2025-03-01,imports,EU5,40120,Toiletries and cosmetics,1832913137
2025-03-01,imports,EU5,40140,Other consumer nondurables,1879406587
2025-03-01,imports,EU5,41000,"Furniture, household goods, etc.",3490860241
2025-03-01,imports,EU5,41010,"Glassware, chinaware",192479091
2025-03-01,imports,EU5,41020,"Cookware, cutlery, tools",967730088
2025-03-01,imports,EU5,41030,Household appliances,3560135807
2025-03-01,imports,EU5,41040,Rugs,306936952
2025-03-01,imports,EU5,41050,"Cell phones and other household goods, n.e.c.",10595486183
2025-03-01,imports,EU5,41100,Motorcycles and parts,424616100
2025-03-01,imports,EU5,41110,Pleasure boats and motors,407584700
2025-03-01,imports,EU5,41120,"Toys, games, and sporting goods",3269072777
2025-03-01,imports,EU5,41130,Photo equipment,380231505
2025-03-01,imports,EU5,41140,Musical instruments,170161853
2025-03-01,imports,EU5,41200,Televisions and video equipment,1177200288
2025-03-01,imports,EU5,41210,"Stereo equipment, etc",1036708615
2025-03-01,imports,EU5,41220,Recorded media,60445573
2025-03-01,imports,EU5,41300,Numismatic coins,183565674
2025-03-01,imports,EU5,41310,Jewelry,2044212216
2025-03-01,imports,EU5,41320,"Artwork, antiques, stamps, etc.",1219790311
2025-03-01,imports,EU5,42000,"Nursery stock, etc.",260598109
2025-03-01,imports,EU5,42100,Gem diamonds,1473601039
2025-03-01,imports,EU5,42110,"Gem stones, other",336264191
2025-03-01,imports,EU1,5,Other goods,12567768018
2025-03-01,imports,EU5,50000,Military aircraft and parts,321507354
2025-03-01,imports,EU5,50010,Other military equipment,225851184
2025-03-01,imports,EU5,50020,"U.s. Goods returned, and reimports",9119702957
2025-03-01,imports,EU5,50030,Minimum value shipments,2139236866
2025-03-01,imports,EU5,50040,"Other (movies, miscellaneous imports, and special transactions)",761469657
2025-04-01,imports,EU1,0,"Foods, feeds, and beverages",19206931080
2025-04-01,imports,EU5,00000,Green coffee,1071050466
2025-04-01,imports,EU5,00010,Cocoa beans,363347375
2025-04-01,imports,EU5,00020,Cane and beet sugar,178777604
2025-04-01,imports,EU5,00100,Meat products,1859749261
2025-04-01,imports,EU5,00110,Dairy products and eggs,322183517
2025-04-01,imports,EU5,00120,"Fruits, frozen juices",2626282290
2025-04-01,imports,EU5,00130,Vegetables,1611184640
2025-04-01,imports,EU5,00140,Nuts,205383020
2025-04-01,imports,EU5,00150,"Food oils, oilseeds",903912908
2025-04-01,imports,EU5,00160,Bakery products,1888678816
2025-04-01,imports,EU5,00170,"Tea, spices, etc.",272511705
2025-04-01,imports,EU5,00180,Other foods,2596694445
2025-04-01,imports,EU5,00190,"Wine, beer, and related products",1255250139
2025-04-01,imports,EU5,00200,Feedstuff and foodgrains,765516975
2025-04-01,imports,EU5,01000,Fish and shellfish,2296993166
2025-04-01,imports,EU5,01010,"Alcoholic beverages, excluding wine",880562365
2025-04-01,imports,EU5,01020,"Nonagricultural foods, etc.",108852388
2025-04-01,imports,EU1,1,Industrial supplies and materials,53750368832
2025-04-01,imports,EU5,10000,Crude oil,11938370471
2025-04-01,imports,EU5,10010,Fuel oil,1359920557
2025-04-01,imports,EU5,10020,"Petroleum products, other",3143732244
2025-04-01,imports,EU5,10030,Liquefied petroleum gases,239749339
2025-04-01,imports,EU5,10100,Coal and related fuels,86914918
2025-04-01,imports,EU5,10110,Gas-natural,522068651
2025-04-01,imports,EU5,10300,Nuclear fuel materials,415149008
2025-04-01,imports,EU5,10400,Electric energy,108143345
2025-04-01,imports,EU5,11000,Pulpwood and woodpulp,298461736
2025-04-01,imports,EU5,11100,Newsprint,27488255
2025-04-01,imports,EU5,11110,Paper and paper products,805348504
2025-04-01,imports,EU5,12000,"Cotton, natural fibers",8503769
2025-04-01,imports,EU5,12030,Hides and skins,1390025
2025-04-01,imports,EU5,12050,Natural rubber,168702943
2025-04-01,imports,EU5,12060,"Farming materials, livestock",127207790
2025-04-01,imports,EU5,12070,"Tobacco, waxes, etc.",1413641604
2025-04-01,imports,EU5,12100,"Cotton cloth, fabrics",76105564
2025-04-01,imports,EU5,12110,"Wool, silk, etc.",55141333
2025-04-01,imports,EU5,12135,Synthetic cloth,474303138
2025-04-01,imports,EU5,12140,"Hair, waste materials",90712860
2025-04-01,imports,EU5,12150,Finished textile supplies,512737611
2025-04-01,imports,EU5,12160,Leather and furs,46749825
2025-04-01,imports,EU5,12320,"Materials, excluding chemicals",162096252
2025-04-01,imports,EU5,12500,Plastic materials,1813395779
2025-04-01,imports,EU5,12510,Chemicals-fertilizers,1519424078
2025-04-01,imports,EU5,12530,Chemicals-inorganic,1179434238
2025-04-01,imports,EU5,12540,Chemicals-organic,2546727678
2025-04-01,imports,EU5,12550,"Chemicals-other, n.e.c.",1631876762
2025-04-01,imports,EU5,13000,Lumber,692862271
2025-04-01,imports,EU5,13010,Plywood and veneers,325535076
2025-04-01,imports,EU5,13020,"Stone, sand, cement, etc.",638226934
2025-04-01,imports,EU5,13100,"Glass-plate, sheet, etc.",211479100
2025-04-01,imports,EU5,13110,"Shingles, wallboard",1300656346
2025-04-01,imports,EU5,13120,Nontextile floor tiles,616146026
2025-04-01,imports,EU5,14000,Steelmaking materials,750395537
2025-04-01,imports,EU5,14100,Iron and steel mill products,1490012069
2025-04-01,imports,EU5,14200,Bauxite and aluminum,1448191866
2025-04-01,imports,EU5,14220,Copper,2084543057
2025-04-01,imports,EU5,14240,Nickel,241542639
2025-04-01,imports,EU5,14250,Tin,90902415
2025-04-01,imports,EU5,14260,Zinc,148763711
2025-04-01,imports,EU5,14270,Nonmonetary gold,941135734
2025-04-01,imports,EU5,14280,Other precious metals,1261866332
2025-04-01,imports,EU5,14290,"Nonferrous metals, other",437053881
2025-04-01,imports,EU5,15000,"Iron and steel products, n.e.c.",864420105
2025-04-01,imports,EU5,15100,"Iron and steel, advanced",1069426022
2025-04-01,imports,EU5,15200,Finished metal shapes,4022092174
2025-04-01,imports,EU5,16040,"Sulfur, nonmetallic minerals",158432362
2025-04-01,imports,EU5,16050,Synthetic rubber--primary,292681786
2025-04-01,imports,EU5,16110,"Blank tapes, audio & visual",10405566
2025-04-01,imports,EU5,16120,"Industrial supplies, other",3880099546
2025-04-01,imports,EU1,2,"Capital goods, except automotive",89167869858
2025-04-01,imports,EU5,20000,"Generators, accessories",4128072603
2025-04-01,imports,EU5,20005,Electric apparatus,9329908645
2025-04-01,imports,EU5,21000,Drilling & oilfield equipment,468732611
2025-04-01,imports,EU5,21010,Specialized mining,118696153
2025-04-01,imports,EU5,21030,Excavating machinery,1521074479
2025-04-01,imports,EU5,21040,Nonfarm tractors and parts,81989211
2025-04-01,imports,EU5,21100,Industrial engines,2848768838
2025-04-01,imports,EU5,21110,"Food, tobacco machinery",537607030
2025-04-01,imports,EU5,21120,Metalworking machine tools,1292007535
2025-04-01,imports,EU5,21130,"Textile, sewing machines",181884500
2025-04-01,imports,EU5,21140,"Wood, glass, plastic",777802020
2025-04-01,imports,EU5,21150,Pulp and paper machinery,614772243
2025-04-01,imports,EU5,21160,"Measuring, testing, control instruments",2352646660
2025-04-01,imports,EU5,21170,Materials handling equipment,2415275933
2025-04-01,imports,EU5,21180,"Industrial machines, other",7425331680
2025-04-01,imports,EU5,21190,"Photo, service industry machinery",2423064176
2025-04-01,imports,EU5,21200,"Agricultural machinery, equipment",1370170845
2025-04-01,imports,EU5,21300,Computers,12684879896
2025-04-01,imports,EU5,21301,Computer accessories,12802326966
2025-04-01,imports,EU5,21320,Semiconductors,5655741869
2025-04-01,imports,EU5,21400,Telecommunications equipment,8850843931
2025-04-01,imports,EU5,21500,Business machines and equipment,420765166
2025-04-01,imports,EU5,21600,Laboratory testing instruments,647935087
2025-04-01,imports,EU5,21610,Medicinal equipment,5644861807
2025-04-01,imports,EU5,22000,Civilian aircraft,727513185
2025-04-01,imports,EU5,22010,Parts-civilian aircraft,1350030890
2025-04-01,imports,EU5,22020,Engines-civilian aircraft,2199346602
2025-04-01,imports,EU5,22100,Railway transportation equipment,139657095
2025-04-01,imports,EU5,22200,"Vessels, except scrap",24380
2025-04-01,imports,EU5,22210,"Commercial vessels, other",12690246
2025-04-01,imports,EU5,22220,"Marine engines, parts",132532517
2025-04-01,imports,EU5,22300,"Spacecraft, excluding military",10915059
2025-04-01,imports,EU1,3,"Automotive vehicles, parts, and engines",34188834572
2025-04-01,imports,EU5,30000,"Passenger cars, new and used",13223131445
2025-04-01,imports,EU5,30100,"Trucks, buses, and special purpose vehicles",4551264508
2025-04-01,imports,EU5,30110,Bodies and chassis for trucks and buses,40871179
2025-04-01,imports,EU5,30200,Engines and engine parts,2633463895
2025-04-01,imports,EU5,30210,Bodies and chassis for passenger cars,2536201
2025-04-01,imports,EU5,30220,Automotive tires and tubes,1618954990
2025-04-01,imports,EU5,30230,Other parts and accessories of vehicles,12118612354
2025-04-01,imports,EU1,4,Consumer goods,67092908691
2025-04-01,imports,EU5,40000,"Apparel, household goods - cotton",3441032978
2025-04-01,imports,EU5,40010,"Apparel, household goods - wool",126837610
2025-04-01,imports,EU5,40020,"Apparel, textiles, nonwool or cotton",4080083528
2025-04-01,imports,EU5,40030,"Apparel,household goods-nontextile",721630087
2025-04-01,imports,EU5,40040,Footwear,1402398348
2025-04-01,imports,EU5,40050,Camping apparel and gear,1289927552
2025-04-01,imports,EU5,40100,Pharmaceutical preparations,24458251493
2025-04-01,imports,EU5,40110,"Books, printed matter",303017998
2025-04-01,imports,EU5,40120,Toiletries and cosmetics,1721656766
2025-04-01,imports,EU5,40140,Other consumer nondurables,1752452728
2025-04-01,imports,EU5,41000,"Furniture, household goods, etc.",3422510767
2025-04-01,imports,EU5,41010,"Glassware, chinaware",187225335
2025-04-01,imports,EU5,41020,"Cookware, cutlery, tools",902349022
2025-04-01,imports,EU5,41030,Household appliances,3514107648
2025-04-01,imports,EU5,41040,Rugs,293122773
2025-04-01,imports,EU5,41050,"Cell phones and other household goods, n.e.c.",7748486180
2025-04-01,imports,EU5,41100,Motorcycles and parts,366181509
2025-04-01,imports,EU5,41110,Pleasure boats and motors,422914251
2025-04-01,imports,EU5,41120,"Toys, games, and sporting goods",3012298361
2025-04-01,imports,EU5,41130,Photo equipment,402711359
2025-04-01,imports,EU5,41140,Musical instruments,161326807
2025-04-01,imports,EU5,41200,Televisions and video equipment,1081981757
2025-04-01,imports,EU5,41210,"Stereo equipment, etc",899637268
2025-04-01,imports,EU5,41220,Recorded media,52144780
2025-04-01,imports,EU5,41300,Numismatic coins,219219803
2025-04-01,imports,EU5,41310,Jewelry,2066411134
2025-04-01,imports,EU5,41320,"Artwork, antiques, stamps, etc.",1545633032
2025-04-01,imports,EU5,42000,"Nursery stock, etc.",440590823
2025-04-01,imports,EU5,42100,Gem diamonds,811422330
2025-04-01,imports,EU5,42110,"Gem stones, other",245344664
2025-04-01,imports,EU1,5,Other goods,12276067989
2025-04-01,imports,EU5,50000,Military aircraft and parts,337178492
2025-04-01,imports,EU5,50010,Other military equipment,195228435
2025-04-01,imports,EU5,50020,"U.s. Goods returned, and reimports",8651679997
2025-04-01,imports,EU5,50030,Minimum value shipments,2197209346
2025-04-01,imports,EU5,50040,"Other (movies, miscellaneous imports, and special transactions)",894771719
2025-05-01,imports,EU1,0,"Foods, feeds, and beverages",19069218126
2025-05-01,imports,EU5,00000,Green coffee,1168878785
2025-05-01,imports,EU5,00010,Cocoa beans,283601757
2025-05-01,imports,EU5,00020,Cane and beet sugar,191485505
2025-05-01,imports,EU5,00100,Meat products,1903169082
2025-05-01,imports,EU5,00110,Dairy products and eggs,279462525
2025-05-01,imports,EU5,00120,"Fruits, frozen juices",2462967804
2025-05-01,imports,EU5,00130,Vegetables,1543095222
2025-05-01,imports,EU5,00140,Nuts,223804410
2025-05-01,imports,EU5,00150,"Food oils, oilseeds",902769071
2025-05-01,imports,EU5,00160,Bakery products,1840398444
2025-05-01,imports,EU5,00170,"Tea, spices, etc.",260578929
2025-05-01,imports,EU5,00180,Other foods,2594401922
2025-05-01,imports,EU5,00190,"Wine, beer, and related products",1227154946
2025-05-01,imports,EU5,00200,Feedstuff and foodgrains,770958204
2025-05-01,imports,EU5,01000,Fish and shellfish,2474135960
2025-05-01,imports,EU5,01010,"Alcoholic beverages, excluding wine",820437588
2025-05-01,imports,EU5,01020,"Nonagricultural foods, etc.",121917972
2025-05-01,imports,EU1,1,Industrial supplies and materials,52573055583
2025-05-01,imports,EU5,10000,Crude oil,12000517463
2025-05-01,imports,EU5,10010,Fuel oil,1315501416
2025-05-01,imports,EU5,10020,"Petroleum products, other",3447251995
2025-05-01,imports,EU5,10030,Liquefied petroleum gases,175306272
2025-05-01,imports,EU5,10100,Coal and related fuels,80401487
2025-05-01,imports,EU5,10110,Gas-natural,498896715
2025-05-01,imports,EU5,10300,Nuclear fuel materials,1020557160
2025-05-01,imports,EU5,10400,Electric energy,102092759
2025-05-01,imports,EU5,11000,Pulpwood and woodpulp,356880650
2025-05-01,imports,EU5,11100,Newsprint,28015001
2025-05-01,imports,EU5,11110,Paper and paper products,754510791
2025-05-01,imports,EU5,12000,"Cotton, natural fibers",8907398
2025-05-01,imports,EU5,12030,Hides and skins,1172642
2025-05-01,imports,EU5,12050,Natural rubber,201871013
2025-05-01,imports,EU5,12060,"Farming materials, livestock",122026713
2025-05-01,imports,EU5,12070,"Tobacco, waxes, etc.",1465696405
2025-05-01,imports,EU5,12100,"Cotton cloth, fabrics",72650999
2025-05-01,imports,EU5,12110,"Wool, silk, etc.",56595562
2025-05-01,imports,EU5,12135,Synthetic cloth,442894156
2025-05-01,imports,EU5,12140,"Hair, waste materials",93431398
2025-05-01,imports,EU5,12150,Finished textile supplies,490413831
2025-05-01,imports,EU5,12160,Leather and furs,46918124
2025-05-01,imports,EU5,12320,"Materials, excluding chemicals",157353174
2025-05-01,imports,EU5,12500,Plastic materials,1706390336
2025-05-01,imports,EU5,12510,Chemicals-fertilizers,1214233606
2025-05-01,imports,EU5,12530,Chemicals-inorganic,1101601817
2025-05-01,imports,EU5,12540,Chemicals-organic,2051721236
2025-05-01,imports,EU5,12550,"Chemicals-other, n.e.c.",1583409968
2025-05-01,imports,EU5,13000,Lumber,676548121
2025-05-01,imports,EU5,13010,Plywood and veneers,362086447
2025-05-01,imports,EU5,13020,"Stone, sand, cement, etc.",660688995
2025-05-01,imports,EU5,13100,"Glass-plate, sheet, etc.",219880144
2025-05-01,imports,EU5,13110,"Shingles, wallboard",1308324392
2025-05-01,imports,EU5,13120,Nontextile floor tiles,532386786
2025-05-01,imports,EU5,14000,Steelmaking materials,837257410
2025-05-01,imports,EU5,14100,Iron and steel mill products,1671609486
2025-05-01,imports,EU5,14200,Bauxite and aluminum,1344213311
2025-05-01,imports,EU5,14220,Copper,2204322074
2025-05-01,imports,EU5,14240,Nickel,177790425
2025-05-01,imports,EU5,14250,Tin,100100928
2025-05-01,imports,EU5,14260,Zinc,172262133
2025-05-01,imports,EU5,14270,Nonmonetary gold,1130856893
2025-05-01,imports,EU5,14280,Other precious metals,1429634143
2025-05-01,imports,EU5,14290,"Nonferrous metals, other",497690106
2025-05-01,imports,EU5,15000,"Iron and steel products, n.e.c.",847755665
2025-05-01,imports,EU5,15100,"Iron and steel, advanced",1077680709
2025-05-01,imports,EU5,15200,Finished metal shapes,2499368991
2025-05-01,imports,EU5,16040,"Sulfur, nonmetallic minerals",158615326
2025-05-01,imports,EU5,16050,Synthetic rubber--primary,272226012
2025-05-01,imports,EU5,16110,"Blank tapes, audio & visual",7696290
2025-05-01,imports,EU5,16120,"Industrial supplies, other",3786840709
2025-05-01,imports,EU1,2,"Capital goods, except automotive",90845875213
2025-05-01,imports,EU5,20000,"Generators, accessories",4080627441
2025-05-01,imports,EU5,20005,Electric apparatus,8945648670
2025-05-01,imports,EU5,21000,Drilling & oilfield equipment,547829848
2025-05-01,imports,EU5,21010,Specialized mining,73317872
2025-05-01,imports,EU5,21030,Excavating machinery,1443920271
2025-05-01,imports,EU5,21040,Nonfarm tractors and parts,87416802
2025-05-01,imports,EU5,21100,Industrial engines,2882731576
2025-05-01,imports,EU5,21110,"Food, tobacco machinery",526900727
2025-05-01,imports,EU5,21120,Metalworking machine tools,1122653213
2025-05-01,imports,EU5,21130,"Textile, sewing machines",164239444
2025-05-01,imports,EU5,21140,"Wood, glass, plastic",771895451
2025-05-01,imports,EU5,21150,Pulp and paper machinery,545506407
2025-05-01,imports,EU5,21160,"Measuring, testing, control instruments",2275613129
2025-05-01,imports,EU5,21170,Materials handling equipment,2220305628
2025-05-01,imports,EU5,21180,"Industrial machines, other",7111871004
2025-05-01,imports,EU5,21190,"Photo, service industry machinery",2153700065
2025-05-01,imports,EU5,21200,"Agricultural machinery, equipment",1275870371
2025-05-01,imports,EU5,21300,Computers,17849541463
2025-05-01,imports,EU5,21301,Computer accessories,10817948948
2025-05-01,imports,EU5,21320,Semiconductors,6191928473
2025-05-01,imports,EU5,21400,Telecommunications equipment,8926197353
2025-05-01,imports,EU5,21500,Business machines and equipment,423675196
2025-05-01,imports,EU5,21600,Laboratory testing instruments,604732750
2025-05-01,imports,EU5,21610,Medicinal equipment,5683268830
2025-05-01,imports,EU5,22000,Civilian aircraft,530561021
2025-05-01,imports,EU5,22010,Parts-civilian aircraft,1410494791
2025-05-01,imports,EU5,22020,Engines-civilian aircraft,1904030298
2025-05-01,imports,EU5,22100,Railway transportation equipment,120104941
2025-05-01,imports,EU5,22200,"Vessels, except scrap",10060
2025-05-01,imports,EU5,22210,"Commercial vessels, other",7909240
2025-05-01,imports,EU5,22220,"Marine engines, parts",131129684
2025-05-01,imports,EU5,22300,"Spacecraft, excluding military",14294246
2025-05-01,imports,EU1,3,"Automotive vehicles, parts, and engines",36805535381
2025-05-01,imports,EU5,30000,"Passenger cars, new and used",15863438380
2025-05-01,imports,EU5,30100,"Trucks, buses, and special purpose vehicles",4759042687
2025-05-01,imports,EU5,30110,Bodies and chassis for trucks and buses,42538170
2025-05-01,imports,EU5,30200,Engines and engine parts,2724766716
2025-05-01,imports,EU5,30210,Bodies and chassis for passenger cars,3505198
2025-05-01,imports,EU5,30220,Automotive tires and tubes,1517304908
2025-05-01,imports,EU5,30230,Other parts and accessories of vehicles,11894939322
2025-05-01,imports,EU1,4,Consumer goods,63864512871
2025-05-01,imports,EU5,40000,"Apparel, household goods - cotton",3104139088
2025-05-01,imports,EU5,40010,"Apparel, household goods - wool",150229950
2025-05-01,imports,EU5,40020,"Apparel, textiles, nonwool or cotton",3538300266
2025-05-01,imports,EU5,40030,"Apparel,household goods-nontextile",652746101
2025-05-01,imports,EU5,40040,Footwear,1206210483
2025-05-01,imports,EU5,40050,Camping apparel and gear,1130886769
2025-05-01,imports,EU5,40100,Pharmaceutical preparations,25958078107
2025-05-01,imports,EU5,40110,"Books, printed matter",348019671
2025-05-01,imports,EU5,40120,Toiletries and cosmetics,1564098603
2025-05-01,imports,EU5,40140,Other consumer nondurables,1725206674
2025-05-01,imports,EU5,41000,"Furniture, household goods, etc.",3069991004
2025-05-01,imports,EU5,41010,"Glassware, chinaware",172278262
2025-05-01,imports,EU5,41020,"Cookware, cutlery, tools",813177376
2025-05-01,imports,EU5,41030,Household appliances,3032832433
2025-05-01,imports,EU5,41040,Rugs,260328315
2025-05-01,imports,EU5,41050,"Cell phones and other household goods, n.e.c.",7554957972
2025-05-01,imports,EU5,41100,Motorcycles and parts,320569373
2025-05-01,imports,EU5,41110,Pleasure boats and motors,352655656
2025-05-01,imports,EU5,41120,"Toys, games, and sporting goods",2674086310
2025-05-01,imports,EU5,41130,Photo equipment,355404322
2025-05-01,imports,EU5,41140,Musical instruments,145562923
2025-05-01,imports,EU5,41200,Televisions and video equipment,1205480946
2025-05-01,imports,EU5,41210,"Stereo equipment, etc",839239620
2025-05-01,imports,EU5,41220,Recorded media,55341546
2025-05-01,imports,EU5,41300,Numismatic coins,187547433
2025-05-01,imports,EU5,41310,Jewelry,1497172610
2025-05-01,imports,EU5,41320,"Artwork, antiques, stamps, etc.",1049517732
2025-05-01,imports,EU5,42000,"Nursery stock, etc.",333251865
2025-05-01,imports,EU5,42100,Gem diamonds,454676251
2025-05-01,imports,EU5,42110,"Gem stones, other",112525210
2025-05-01,imports,EU1,5,Other goods,12632712180
2025-05-01,imports,EU5,50000,Military aircraft and parts,417847830
2025-05-01,imports,EU5,50010,Other military equipment,218786089
2025-05-01,imports,EU5,50020,"U.s. Goods returned, and reimports",8589284495
2025-05-01,imports,EU5,50030,Minimum value shipments,2428662507
2025-05-01,imports,EU5,50040,"Other (movies, miscellaneous imports, and special transactions)",978131259
2025-06-01,imports,EU1,0,"Foods, feeds, and beverages",18241487336
2025-06-01,imports,EU5,00000,Green coffee,1000386390
2025-06-01,imports,EU5,00010,Cocoa beans,247725057
2025-06-01,imports,EU5,00020,Cane and beet sugar,118086828
2025-06-01,imports,EU5,00100,Meat products,1731730384
2025-06-01,imports,EU5,00110,Dairy products and eggs,264865743
2025-06-01,imports,EU5,00120,"Fruits, frozen juices",2320967327
2025-06-01,imports,EU5,00130,Vegetables,1444546032
2025-06-01,imports,EU5,00140,Nuts,265430445
2025-06-01,imports,EU5,00150,"Food oils, oilseeds",844251329
2025-06-01,imports,EU5,00160,Bakery products,1990816108
2025-06-01,imports,EU5,00170,"Tea, spices, etc.",274528892
2025-06-01,imports,EU5,00180,Other foods,2315579623
2025-06-01,imports,EU5,00190,"Wine, beer, and related products",1289793945
2025-06-01,imports,EU5,00200,Feedstuff and foodgrains,736953654
2025-06-01,imports,EU5,01000,Fish and shellfish,2558443494
2025-06-01,imports,EU5,01010,"Alcoholic beverages, excluding wine",722879598
2025-06-01,imports,EU5,01020,"Nonagricultural foods, etc.",114502487
2025-06-01,imports,EU1,1,Industrial supplies and materials,49933406267
2025-06-01,imports,EU5,10000,Crude oil,11266711161
2025-06-01,imports,EU5,10010,Fuel oil,1234502500
2025-06-01,imports,EU5,10020,"Petroleum products, other",3752635551
2025-06-01,imports,EU5,10030,Liquefied petroleum gases,182779387
2025-06-01,imports,EU5,10100,Coal and related fuels,83435448
2025-06-01,imports,EU5,10110,Gas-natural,433891432
2025-06-01,imports,EU5,10300,Nuclear fuel materials,595456157
2025-06-01,imports,EU5,10400,Electric energy,194102692
2025-06-01,imports,EU5,11000,Pulpwood and woodpulp,290054699
2025-06-01,imports,EU5,11100,Newsprint,28787511
2025-06-01,imports,EU5,11110,Paper and paper products,773642508
2025-06-01,imports,EU5,12000,"Cotton, natural fibers",7209351
2025-06-01,imports,EU5,12030,Hides and skins,939363
2025-06-01,imports,EU5,12050,Natural rubber,126490978
2025-06-01,imports,EU5,12060,"Farming materials, livestock",113875871
2025-06-01,imports,EU5,12070,"Tobacco, waxes, etc.",1388210571
2025-06-01,imports,EU5,12100,"Cotton cloth, fabrics",67246327
2025-06-01,imports,EU5,12110,"Wool, silk, etc.",54211153
2025-06-01,imports,EU5,12135,Synthetic cloth,433372955
2025-06-01,imports,EU5,12140,"Hair, waste materials",77541613
2025-06-01,imports,EU5,12150,Finished textile supplies,465565600
2025-06-01,imports,EU5,12160,Leather and furs,38550549
2025-06-01,imports,EU5,12320,"Materials, excluding chemicals",131764987
2025-06-01,imports,EU5,12500,Plastic materials,1661356241
2025-06-01,imports,EU5,12510,Chemicals-fertilizers,975107798
2025-06-01,imports,EU5,12530,Chemicals-inorganic,1051749659
2025-06-01,imports,EU5,12540,Chemicals-organic,1814812480
2025-06-01,imports,EU5,12550,"Chemicals-other, n.e.c.",1687847572
2025-06-01,imports,EU5,13000,Lumber,642132366
2025-06-01,imports,EU5,13010,Plywood and veneers,338272195
2025-06-01,imports,EU5,13020,"Stone, sand, cement, etc.",664257279
2025-06-01,imports,EU5,13100,"Glass-plate, sheet, etc.",227456471
2025-06-01,imports,EU5,13110,"Shingles, wallboard",1210310677
2025-06-01,imports,EU5,13120,Nontextile floor tiles,530871034
2025-06-01,imports,EU5,14000,Steelmaking materials,771049034
2025-06-01,imports,EU5,14100,Iron and steel mill products,1513856802
2025-06-01,imports,EU5,14200,Bauxite and aluminum,1350358083
2025-06-01,imports,EU5,14220,Copper,1891965490
2025-06-01,imports,EU5,14240,Nickel,175644197
2025-06-01,imports,EU5,14250,Tin,69316250
2025-06-01,imports,EU5,14260,Zinc,190396256
2025-06-01,imports,EU5,14270,Nonmonetary gold,931048241
2025-06-01,imports,EU5,14280,Other precious metals,1312236831
2025-06-01,imports,EU5,14290,"Nonferrous metals, other",472427450
2025-06-01,imports,EU5,15000,"Iron and steel products, n.e.c.",807924526
2025-06-01,imports,EU5,15100,"Iron and steel, advanced",969314213
2025-06-01,imports,EU5,15200,Finished metal shapes,2777053872
2025-06-01,imports,EU5,16040,"Sulfur, nonmetallic minerals",128094569
2025-06-01,imports,EU5,16050,Synthetic rubber--primary,255489605
2025-06-01,imports,EU5,16110,"Blank tapes, audio & visual",6732905
2025-06-01,imports,EU5,16120,"Industrial supplies, other",3765345807
2025-06-01,imports,EU1,2,"Capital goods, except automotive",94029655067
2025-06-01,imports,EU5,20000,"Generators, accessories",4108894859
2025-06-01,imports,EU5,20005,Electric apparatus,9290724620
2025-06-01,imports,EU5,21000,Drilling & oilfield equipment,401014750
2025-06-01,imports,EU5,21010,Specialized mining,90227578
2025-06-01,imports,EU5,21030,Excavating machinery,1382227740
2025-06-01,imports,EU5,21040,Nonfarm tractors and parts,69394509
2025-06-01,imports,EU5,21100,Industrial engines,2754827826
2025-06-01,imports,EU5,21110,"Food, tobacco machinery",513521347
2025-06-01,imports,EU5,21120,Metalworking machine tools,1263567132
2025-06-01,imports,EU5,21130,"Textile, sewing machines",168740517
2025-06-01,imports,EU5,21140,"Wood, glass, plastic",757433803
2025-06-01,imports,EU5,21150,Pulp and paper machinery,673371888
2025-06-01,imports,EU5,21160,"Measuring, testing, control instruments",2332460146
2025-06-01,imports,EU5,21170,Materials handling equipment,2310827062
2025-06-01,imports,EU5,21180,"Industrial machines, other",6948871192
2025-06-01,imports,EU5,21190,"Photo, service industry machinery",2132237303
2025-06-01,imports,EU5,21200,"Agricultural machinery, equipment",1147499343
2025-06-01,imports,EU5,21300,Computers,19056139407
2025-06-01,imports,EU5,21301,Computer accessories,10820250407
2025-06-01,imports,EU5,21320,Semiconductors,6952022208
2025-06-01,imports,EU5,21400,Telecommunications equipment,9459415937
2025-06-01,imports,EU5,21500,Business machines and equipment,464319129
2025-06-01,imports,EU5,21600,Laboratory testing instruments,670914652
2025-06-01,imports,EU5,21610,Medicinal equipment,5795789741
2025-06-01,imports,EU5,22000,Civilian aircraft,866680557
2025-06-01,imports,EU5,22010,Parts-civilian aircraft,1284998006
2025-06-01,imports,EU5,22020,Engines-civilian aircraft,2029560156
2025-06-01,imports,EU5,22100,Railway transportation equipment,124506458
2025-06-01,imports,EU5,22200,"Vessels, except scrap",281190
2025-06-01,imports,EU5,22210,"Commercial vessels, other",9469067
2025-06-01,imports,EU5,22220,"Marine engines, parts",134265727
2025-06-01,imports,EU5,22300,"Spacecraft, excluding military",15200810
2025-06-01,imports,EU1,3,"Automotive vehicles, parts, and engines",34926338304
2025-06-01,imports,EU5,30000,"Passenger cars, new and used",15060275669
2025-06-01,imports,EU5,30100,"Trucks, buses, and special purpose vehicles",4641775802
2025-06-01,imports,EU5,30110,Bodies and chassis for trucks and buses,45684400
2025-06-01,imports,EU5,30200,Engines and engine parts,2684487877
2025-06-01,imports,EU5,30210,Bodies and chassis for passenger cars,2534878
2025-06-01,imports,EU5,30220,Automotive tires and tubes,1428812728
2025-06-01,imports,EU5,30230,Other parts and accessories of vehicles,11062766950
2025-06-01,imports,EU1,4,Consumer goods,56107145011
2025-06-01,imports,EU5,40000,"Apparel, household goods - cotton",3527432842
2025-06-01,imports,EU5,40010,"Apparel, household goods - wool",231946940
2025-06-01,imports,EU5,40020,"Apparel, textiles, nonwool or cotton",3940469322
2025-06-01,imports,EU5,40030,"Apparel,household goods-nontextile",669665140
2025-06-01,imports,EU5,40040,Footwear,1465302081
2025-06-01,imports,EU5,40050,Camping apparel and gear,1252949341
2025-06-01,imports,EU5,40100,Pharmaceutical preparations,17253432920
2025-06-01,imports,EU5,40110,"Books, printed matter",324240090
2025-06-01,imports,EU5,40120,Toiletries and cosmetics,1712558249
2025-06-01,imports,EU5,40140,Other consumer nondurables,1802507385
2025-06-01,imports,EU5,41000,"Furniture, household goods, etc.",2970563351
2025-06-01,imports,EU5,41010,"Glassware, chinaware",183518567
2025-06-01,imports,EU5,41020,"Cookware, cutlery, tools",735542171
2025-06-01,imports,EU5,41030,Household appliances,2824797833
2025-06-01,imports,EU5,41040,Rugs,248024601
2025-06-01,imports,EU5,41050,"Cell phones and other household goods, n.e.c.",7851069581
2025-06-01,imports,EU5,41100,Motorcycles and parts,320413223
2025-06-01,imports,EU5,41110,Pleasure boats and motors,343289637
2025-06-01,imports,EU5,41120,"Toys, games, and sporting goods",2908903513
2025-06-01,imports,EU5,41130,Photo equipment,431981782
2025-06-01,imports,EU5,41140,Musical instruments,144439696
2025-06-01,imports,EU5,41200,Televisions and video equipment,1207063266
2025-06-01,imports,EU5,41210,"Stereo equipment, etc",937481635
2025-06-01,imports,EU5,41220,Recorded media,49236358
2025-06-01,imports,EU5,41300,Numismatic coins,163562695
2025-06-01,imports,EU5,41310,Jewelry,1434487793
2025-06-01,imports,EU5,41320,"Artwork, antiques, stamps, etc.",601565073
2025-06-01,imports,EU5,42000,"Nursery stock, etc.",193503337
2025-06-01,imports,EU5,42100,Gem diamonds,260322267
2025-06-01,imports,EU5,42110,"Gem stones, other",116874322
2025-06-01,imports,EU1,5,Other goods,12169034287
2025-06-01,imports,EU5,50000,Military aircraft and parts,316415199
2025-06-01,imports,EU5,50010,Other military equipment,209242773
2025-06-01,imports,EU5,50020,"U.s. Goods returned, and reimports",8227261072
2025-06-01,imports,EU5,50030,Minimum value shipments,2507074574
2025-06-01,imports,EU5,50040,"Other (movies, miscellaneous imports, and special transactions)",909040669
2025-07-01,imports,EU1,0,"Foods, feeds, and beverages",18488881844
2025-07-01,imports,EU5,00000,Green coffee,994196080
2025-07-01,imports,EU5,00010,Cocoa beans,157511328
2025-07-01,imports,EU5,00020,Cane and beet sugar,210692682
2025-07-01,imports,EU5,00100,Meat products,1883436309
2025-07-01,imports,EU5,00110,Dairy products and eggs,270923076
2025-07-01,imports,EU5,00120,"Fruits, frozen juices",2175992756
2025-07-01,imports,EU5,00130,Vegetables,1525975519
2025-07-01,imports,EU5,00140,Nuts,238225127
2025-07-01,imports,EU5,00150,"Food oils, oilseeds",929547794
2025-07-01,imports,EU5,00160,Bakery products,2096359349
2025-07-01,imports,EU5,00170,"Tea, spices, etc.",278894443
2025-07-01,imports,EU5,00180,Other foods,2301945642
2025-07-01,imports,EU5,00190,"Wine, beer, and related products",1295476742
2025-07-01,imports,EU5,00200,Feedstuff and foodgrains,832374681
2025-07-01,imports,EU5,01000,Fish and shellfish,2448016635
2025-07-01,imports,EU5,01010,"Alcoholic beverages, excluding wine",718953091
2025-07-01,imports,EU5,01020,"Nonagricultural foods, etc.",130360590
2025-07-01,imports,EU1,1,Industrial supplies and materials,64193610016
2025-07-01,imports,EU5,10000,Crude oil,12585284164
2025-07-01,imports,EU5,10010,Fuel oil,1585512249
2025-07-01,imports,EU5,10020,"Petroleum products, other",2983183182
2025-07-01,imports,EU5,10030,Liquefied petroleum gases,193708779
2025-07-01,imports,EU5,10100,Coal and related fuels,86853798
2025-07-01,imports,EU5,10110,Gas-natural,510485896
2025-07-01,imports,EU5,10300,Nuclear fuel materials,344604569
2025-07-01,imports,EU5,10400,Electric energy,258546127
2025-07-01,imports,EU5,11000,Pulpwood and woodpulp,366119576
2025-07-01,imports,EU5,11100,Newsprint,28194191
2025-07-01,imports,EU5,11110,Paper and paper products,743187945
2025-07-01,imports,EU5,12000,"Cotton, natural fibers",6682332
2025-07-01,imports,EU5,12030,Hides and skins,917259
2025-07-01,imports,EU5,12050,Natural rubber,165610640
2025-07-01,imports,EU5,12060,"Farming materials, livestock",131544042
2025-07-01,imports,EU5,12070,"Tobacco, waxes, etc.",1635563530
2025-07-01,imports,EU5,12100,"Cotton cloth, fabrics",79938527
2025-07-01,imports,EU5,12110,"Wool, silk, etc.",56983453
2025-07-01,imports,EU5,12135,Synthetic cloth,497479191
2025-07-01,imports,EU5,12140,"Hair, waste materials",89468176
2025-07-01,imports,EU5,12150,Finished textile supplies,522798498
2025-07-01,imports,EU5,12160,Leather and furs,43598027
2025-07-01,imports,EU5,12320,"Materials, excluding chemicals",153809516
2025-07-01,imports,EU5,12500,Plastic materials,1725564591
2025-07-01,imports,EU5,12510,Chemicals-fertilizers,1104993122
2025-07-01,imports,EU5,12530,Chemicals-inorganic,1202402738
2025-07-01,imports,EU5,12540,Chemicals-organic,2261601449
2025-07-01,imports,EU5,12550,"Chemicals-other, n.e.c.",1695845781
2025-07-01,imports,EU5,13000,Lumber,727672822
2025-07-01,imports,EU5,13010,Plywood and veneers,382826565
2025-07-01,imports,EU5,13020,"Stone, sand, cement, etc.",738574249
2025-07-01,imports,EU5,13100,"Glass-plate, sheet, etc.",269870285
2025-07-01,imports,EU5,13110,"Shingles, wallboard",1300498621
2025-07-01,imports,EU5,13120,Nontextile floor tiles,635016634
2025-07-01,imports,EU5,14000,Steelmaking materials,863889639
2025-07-01,imports,EU5,14100,Iron and steel mill products,1609339184
2025-07-01,imports,EU5,14200,Bauxite and aluminum,1144644965
2025-07-01,imports,EU5,14220,Copper,2280953338
2025-07-01,imports,EU5,14240,Nickel,189219782
2025-07-01,imports,EU5,14250,Tin,72075475
2025-07-01,imports,EU5,14260,Zinc,147650404
2025-07-01,imports,EU5,14270,Nonmonetary gold,10490752215
2025-07-01,imports,EU5,14280,Other precious metals,2213458109
2025-07-01,imports,EU5,14290,"Nonferrous metals, other",453332232
2025-07-01,imports,EU5,15000,"Iron and steel products, n.e.c.",852857006
2025-07-01,imports,EU5,15100,"Iron and steel, advanced",1062593854
2025-07-01,imports,EU5,15200,Finished metal shapes,3042034678
2025-07-01,imports,EU5,16040,"Sulfur, nonmetallic minerals",147471983
2025-07-01,imports,EU5,16050,Synthetic rubber--primary,258752081
2025-07-01,imports,EU5,16110,"Blank tapes, audio & visual",10730345
2025-07-01,imports,EU5,16120,"Industrial supplies, other",4238914202
2025-07-01,imports,EU1,2,"Capital goods, except automotive",100604288076
2025-07-01,imports,EU5,20000,"Generators, accessories",4479457303
2025-07-01,imports,EU5,20005,Electric apparatus,9999869227
2025-07-01,imports,EU5,21000,Drilling & oilfield equipment,451791617
2025-07-01,imports,EU5,21010,Specialized mining,128848848
2025-07-01,imports,EU5,21030,Excavating machinery,1663152039
2025-07-01,imports,EU5,21040,Nonfarm tractors and parts,91662989
2025-07-01,imports,EU5,21100,Industrial engines,3043776995
2025-07-01,imports,EU5,21110,"Food, tobacco machinery",619978914
2025-07-01,imports,EU5,21120,Metalworking machine tools,1348491838
2025-07-01,imports,EU5,21130,"Textile, sewing machines",169605793
2025-07-01,imports,EU5,21140,"Wood, glass, plastic",900554894
2025-07-01,imports,EU5,21150,Pulp and paper machinery,721464798
2025-07-01,imports,EU5,21160,"Measuring, testing, control instruments",2521652533
2025-07-01,imports,EU5,21170,Materials handling equipment,2648818795
2025-07-01,imports,EU5,21180,"Industrial machines, other",7634609547
2025-07-01,imports,EU5,21190,"Photo, service industry machinery",2400770723
2025-07-01,imports,EU5,21200,"Agricultural machinery, equipment",1149010789
2025-07-01,imports,EU5,21300,Computers,21474482118
2025-07-01,imports,EU5,21301,Computer accessories,11049793751
2025-07-01,imports,EU5,21320,Semiconductors,5711464875
2025-07-01,imports,EU5,21400,Telecommunications equipment,10368996217
2025-07-01,imports,EU5,21500,Business machines and equipment,442027947
2025-07-01,imports,EU5,21600,Laboratory testing instruments,730947821
2025-07-01,imports,EU5,21610,Medicinal equipment,6039905197
2025-07-01,imports,EU5,22000,Civilian aircraft,606130292
2025-07-01,imports,EU5,22010,Parts-civilian aircraft,1540039353
2025-07-01,imports,EU5,22020,Engines-civilian aircraft,2353151261
2025-07-01,imports,EU5,22100,Railway transportation equipment,143296476
2025-07-01,imports,EU5,22200,"Vessels, except scrap",0
2025-07-01,imports,EU5,22210,"Commercial vessels, other",9107143
2025-07-01,imports,EU5,22220,"Marine engines, parts",144046992
2025-07-01,imports,EU5,22300,"Spacecraft, excluding military",17380991
2025-07-01,imports,EU1,3,"Automotive vehicles, parts, and engines",34071226923
2025-07-01,imports,EU5,30000,"Passenger cars, new and used",14254751921
2025-07-01,imports,EU5,30100,"Trucks, buses, and special purpose vehicles",3655646650
2025-07-01,imports,EU5,30110,Bodies and chassis for trucks and buses,38300077
2025-07-01,imports,EU5,30200,Engines and engine parts,2803437725
2025-07-01,imports,EU5,30210,Bodies and chassis for passenger cars,5385894
2025-07-01,imports,EU5,30220,Automotive tires and tubes,1519327777
2025-07-01,imports,EU5,30230,Other parts and accessories of vehicles,11794376879
2025-07-01,imports,EU1,4,Consumer goods,61557464210
2025-07-01,imports,EU5,40000,"Apparel, household goods - cotton",4001414573
2025-07-01,imports,EU5,40010,"Apparel, household goods - wool",400299291
2025-07-01,imports,EU5,40020,"Apparel, textiles, nonwool or cotton",4808842376
2025-07-01,imports,EU5,40030,"Apparel,household goods-nontextile",843796405
2025-07-01,imports,EU5,40040,Footwear,1664965930
2025-07-01,imports,EU5,40050,Camping apparel and gear,1190271978
2025-07-01,imports,EU5,40100,Pharmaceutical preparations,16364303439
2025-07-01,imports,EU5,40110,"Books, printed matter",412997203
2025-07-01,imports,EU5,40120,Toiletries and cosmetics,1951276025
2025-07-01,imports,EU5,40140,Other consumer nondurables,1874618219
2025-07-01,imports,EU5,41000,"Furniture, household goods, etc.",3283883801
2025-07-01,imports,EU5,41010,"Glassware, chinaware",264474293
2025-07-01,imports,EU5,41020,"Cookware, cutlery, tools",975366810
2025-07-01,imports,EU5,41030,Household appliances,3162362255
2025-07-01,imports,EU5,41040,Rugs,284898157
2025-07-01,imports,EU5,41050,"Cell phones and other household goods, n.e.c.",8321135817
2025-07-01,imports,EU5,41100,Motorcycles and parts,371715211
2025-07-01,imports,EU5,41110,Pleasure boats and motors,349334452
2025-07-01,imports,EU5,41120,"Toys, games, and sporting goods",3853811463
2025-07-01,imports,EU5,41130,Photo equipment,532411931
2025-07-01,imports,EU5,41140,Musical instruments,193325251
2025-07-01,imports,EU5,41200,Televisions and video equipment,1492156505
2025-07-01,imports,EU5,41210,"Stereo equipment, etc",1022036878
2025-07-01,imports,EU5,41220,Recorded media,58788715
2025-07-01,imports,EU5,41300,Numismatic coins,152745177
2025-07-01,imports,EU5,41310,Jewelry,2102276492
2025-07-01,imports,EU5,41320,"Artwork, antiques, stamps, etc.",761187766
2025-07-01,imports,EU5,42000,"Nursery stock, etc.",180461597
2025-07-01,imports,EU5,42100,Gem diamonds,503194373
2025-07-01,imports,EU5,42110,"Gem stones, other",179111827
2025-07-01,imports,EU1,5,Other goods,13217298293
2025-07-01,imports,EU5,50000,Military aircraft and parts,288417596
2025-07-01,imports,EU5,50010,Other military equipment,212892543
2025-07-01,imports,EU5,50020,"U.s. Goods returned, and reimports",8942253272
2025-07-01,imports,EU5,50030,Minimum value shipments,2756016849
2025-07-01,imports,EU5,50040,"Other (movies, miscellaneous imports, and special transactions)",1017718033
2025-08-01,imports,EU1,0,"Foods, feeds, and beverages",16164541260
2025-08-01,imports,EU5,00000,Green coffee,790631861
2025-08-01,imports,EU5,00010,Cocoa beans,140313252
2025-08-01,imports,EU5,00020,Cane and beet sugar,84664726
2025-08-01,imports,EU5,00100,Meat products,1743446903
2025-08-01,imports,EU5,00110,Dairy products and eggs,253439601
2025-08-01,imports,EU5,00120,"Fruits, frozen juices",1991692544
2025-08-01,imports,EU5,00130,Vegetables,1428464898
2025-08-01,imports,EU5,00140,Nuts,224010195
2025-08-01,imports,EU5,00150,"Food oils, oilseeds",763271926
2025-08-01,imports,EU5,00160,Bakery products,2090619539
2025-08-01,imports,EU5,00170,"Tea, spices, etc.",255983667
2025-08-01,imports,EU5,00180,Other foods,1929437426
2025-08-01,imports,EU5,00190,"Wine, beer, and related products",1047364710
2025-08-01,imports,EU5,00200,Feedstuff and foodgrains,726566464
2025-08-01,imports,EU5,01000,Fish and shellfish,1969104288
2025-08-01,imports,EU5,01010,"Alcoholic beverages, excluding wine",620951117
2025-08-01,imports,EU5,01020,"Nonagricultural foods, etc.",104578143
2025-08-01,imports,EU1,1,Industrial supplies and materials,49857774904
2025-08-01,imports,EU5,10000,Crude oil,12130006581
2025-08-01,imports,EU5,10010,Fuel oil,1907025956
2025-08-01,imports,EU5,10020,"Petroleum products, other",2972881632
2025-08-01,imports,EU5,10030,Liquefied petroleum gases,258066657
2025-08-01,imports,EU5,10100,Coal and related fuels,108259893
2025-08-01,imports,EU5,10110,Gas-natural,435389564
2025-08-01,imports,EU5,10300,Nuclear fuel materials,673400184
2025-08-01,imports,EU5,10400,Electric energy,164891072
2025-08-01,imports,EU5,11000,Pulpwood and woodpulp,350153596
2025-08-01,imports,EU5,11100,Newsprint,26491673
2025-08-01,imports,EU5,11110,Paper and paper products,762937088
2025-08-01,imports,EU5,12000,"Cotton, natural fibers",6938329
2025-08-01,imports,EU5,12030,Hides and skins,1865524
2025-08-01,imports,EU5,12050,Natural rubber,146514076
2025-08-01,imports,EU5,12060,"Farming materials, livestock",107662432
2025-08-01,imports,EU5,12070,"Tobacco, waxes, etc.",1276749557
2025-08-01,imports,EU5,12100,"Cotton cloth, fabrics",69761979
2025-08-01,imports,EU5,12110,"Wool, silk, etc.",46197327
2025-08-01,imports,EU5,12135,Synthetic cloth,444300247
2025-08-01,imports,EU5,12140,"Hair, waste materials",93914129
2025-08-01,imports,EU5,12150,Finished textile supplies,487185329
2025-08-01,imports,EU5,12160,Leather and furs,36362089
2025-08-01,imports,EU5,12320,"Materials, excluding chemicals",124575649
2025-08-01,imports,EU5,12500,Plastic materials,1592043750
2025-08-01,imports,EU5,12510,Chemicals-fertilizers,1193406055
2025-08-01,imports,EU5,12530,Chemicals-inorganic,1127491981
2025-08-01,imports,EU5,12540,Chemicals-organic,1790009879
2025-08-01,imports,EU5,12550,"Chemicals-other, n.e.c.",1435562879
2025-08-01,imports,EU5,13000,Lumber,464799046
2025-08-01,imports,EU5,13010,Plywood and veneers,337337086
2025-08-01,imports,EU5,13020,"Stone, sand, cement, etc.",667860302
2025-08-01,imports,EU5,13100,"Glass-plate, sheet, etc.",226892640
2025-08-01,imports,EU5,13110,"Shingles, wallboard",1212830784
2025-08-01,imports,EU5,13120,Nontextile floor tiles,612119376
2025-08-01,imports,EU5,14000,Steelmaking materials,653496899
2025-08-01,imports,EU5,14100,Iron and steel mill products,1297660680
2025-08-01,imports,EU5,14200,Bauxite and aluminum,1176522054
2025-08-01,imports,EU5,14220,Copper,1272398404
2025-08-01,imports,EU5,14240,Nickel,165807982
2025-08-01,imports,EU5,14250,Tin,98478357
2025-08-01,imports,EU5,14260,Zinc,146737714
2025-08-01,imports,EU5,14270,Nonmonetary gold,1209291397
2025-08-01,imports,EU5,14280,Other precious metals,1533793530
2025-08-01,imports,EU5,14290,"Nonferrous metals, other",446524296
2025-08-01,imports,EU5,15000,"Iron and steel products, n.e.c.",757568878
2025-08-01,imports,EU5,15100,"Iron and steel, advanced",993453781
2025-08-01,imports,EU5,15200,Finished metal shapes,2467974845
2025-08-01,imports,EU5,16040,"Sulfur, nonmetallic minerals",141890166
2025-08-01,imports,EU5,16050,Synthetic rubber--primary,255491095
2025-08-01,imports,EU5,16110,"Blank tapes, audio & visual",6483884
2025-08-01,imports,EU5,16120,"Industrial supplies, other",3942316601
2025-08-01,imports,EU1,2,"Capital goods, except automotive",92509779895
2025-08-01,imports,EU5,20000,"Generators, accessories",4406280296
2025-08-01,imports,EU5,20005,Electric apparatus,9491445103
2025-08-01,imports,EU5,21000,Drilling & oilfield equipment,632655372
2025-08-01,imports,EU5,21010,Specialized mining,79492687
2025-08-01,imports,EU5,21030,Excavating machinery,1403323183
2025-08-01,imports,EU5,21040,Nonfarm tractors and parts,79033228
2025-08-01,imports,EU5,21100,Industrial engines,2802717708
2025-08-01,imports,EU5,21110,"Food, tobacco machinery",473155921
2025-08-01,imports,EU5,21120,Metalworking machine tools,1131472993
2025-08-01,imports,EU5,21130,"Textile, sewing machines",140634608
2025-08-01,imports,EU5,21140,"Wood, glass, plastic",748375711
2025-08-01,imports,EU5,21150,Pulp and paper machinery,574099189
2025-08-01,imports,EU5,21160,"Measuring, testing, control instruments",2199849869
2025-08-01,imports,EU5,21170,Materials handling equipment,2093637412
2025-08-01,imports,EU5,21180,"Industrial machines, other",7034522640
2025-08-01,imports,EU5,21190,"Photo, service industry machinery",2180251677
2025-08-01,imports,EU5,21200,"Agricultural machinery, equipment",995611911
2025-08-01,imports,EU5,21300,Computers,21502982382
2025-08-01,imports,EU5,21301,Computer accessories,9711831598
2025-08-01,imports,EU5,21320,Semiconductors,5309972557
2025-08-01,imports,EU5,21400,Telecommunications equipment,8994943313
2025-08-01,imports,EU5,21500,Business machines and equipment,404641430
2025-08-01,imports,EU5,21600,Laboratory testing instruments,561075562
2025-08-01,imports,EU5,21610,Medicinal equipment,5292564346
2025-08-01,imports,EU5,22000,Civilian aircraft,377642070
2025-08-01,imports,EU5,22010,Parts-civilian aircraft,1396969536
2025-08-01,imports,EU5,22020,Engines-civilian aircraft,2129853374
2025-08-01,imports,EU5,22100,Railway transportation equipment,121503956
2025-08-01,imports,EU5,22200,"Vessels, except scrap",80886
2025-08-01,imports,EU5,22210,"Commercial vessels, other",104448775
2025-08-01,imports,EU5,22220,"Marine engines, parts",129557051
2025-08-01,imports,EU5,22300,"Spacecraft, excluding military",5153551
2025-08-01,imports,EU1,3,"Automotive vehicles, parts, and engines",35116653418
2025-08-01,imports,EU5,30000,"Passenger cars, new and used",13877601214
2025-08-01,imports,EU5,30100,"Trucks, buses, and special purpose vehicles",4056532106
2025-08-01,imports,EU5,30110,Bodies and chassis for trucks and buses,33869145
2025-08-01,imports,EU5,30200,Engines and engine parts,3133497188
2025-08-01,imports,EU5,30210,Bodies and chassis for passenger cars,2649865
2025-08-01,imports,EU5,30220,Automotive tires and tubes,1502665948
2025-08-01,imports,EU5,30230,Other parts and accessories of vehicles,12509837952
2025-08-01,imports,EU1,4,Consumer goods,56298022174
2025-08-01,imports,EU5,40000,"Apparel, household goods - cotton",3776036801
2025-08-01,imports,EU5,40010,"Apparel, household goods - wool",362054387
2025-08-01,imports,EU5,40020,"Apparel, textiles, nonwool or cotton",4691105807
2025-08-01,imports,EU5,40030,"Apparel,household goods-nontextile",807095988
2025-08-01,imports,EU5,40040,Footwear,1691409028
2025-08-01,imports,EU5,40050,Camping apparel and gear,1137272445
2025-08-01,imports,EU5,40100,Pharmaceutical preparations,14681609746
2025-08-01,imports,EU5,40110,"Books, printed matter",376849133
2025-08-01,imports,EU5,40120,Toiletries and cosmetics,1642356330
2025-08-01,imports,EU5,40140,Other consumer nondurables,1720760311
2025-08-01,imports,EU5,41000,"Furniture, household goods, etc.",3053874736
2025-08-01,imports,EU5,41010,"Glassware, chinaware",260500424
2025-08-01,imports,EU5,41020,"Cookware, cutlery, tools",891867586
2025-08-01,imports,EU5,41030,Household appliances,3052261402
2025-08-01,imports,EU5,41040,Rugs,268139576
2025-08-01,imports,EU5,41050,"Cell phones and other household goods, n.e.c.",7777308506
2025-08-01,imports,EU5,41100,Motorcycles and parts,297656246
2025-08-01,imports,EU5,41110,Pleasure boats and motors,290489255
2025-08-01,imports,EU5,41120,"Toys, games, and sporting goods",3513311367
2025-08-01,imports,EU5,41130,Photo equipment,356908817
2025-08-01,imports,EU5,41140,Musical instruments,155455318
2025-08-01,imports,EU5,41200,Televisions and video equipment,1486986121
2025-08-01,imports,EU5,41210,"Stereo equipment, etc",787313394
2025-08-01,imports,EU5,41220,Recorded media,61173638
2025-08-01,imports,EU5,41300,Numismatic coins,226171358
2025-08-01,imports,EU5,41310,Jewelry,1239808297
2025-08-01,imports,EU5,41320,"Artwork, antiques, stamps, etc.",878310532
2025-08-01,imports,EU5,42000,"Nursery stock, etc.",197327134
2025-08-01,imports,EU5,42100,Gem diamonds,478554055
2025-08-01,imports,EU5,42110,"Gem stones, other",138054436
2025-08-01,imports,EU1,5,Other goods,12643480126
2025-08-01,imports,EU5,50000,Military aircraft and parts,272458347
2025-08-01,imports,EU5,50010,Other military equipment,200768566
2025-08-01,imports,EU5,50020,"U.s. Goods returned, and reimports",8685220046
2025-08-01,imports,EU5,50030,Minimum value shipments,2584680148
2025-08-01,imports,EU5,50040,"Other (movies, miscellaneous imports, and special transactions)",900353019
2025-09-01,imports,EU1,0,"Foods, feeds, and beverages",16050723910
2025-09-01,imports,EU5,00000,Green coffee,733873489
2025-09-01,imports,EU5,00010,Cocoa beans,106945066
2025-09-01,imports,EU5,00020,Cane and beet sugar,126919527
2025-09-01,imports,EU5,00100,Meat products,1763166291
2025-09-01,imports,EU5,00110,Dairy products and eggs,245622541
2025-09-01,imports,EU5,00120,"Fruits, frozen juices",2032409626
2025-09-01,imports,EU5,00130,Vegetables,1437249837
2025-09-01,imports,EU5,00140,Nuts,254194690
2025-09-01,imports,EU5,00150,"Food oils, oilseeds",870930875
2025-09-01,imports,EU5,00160,Bakery products,2087254831
2025-09-01,imports,EU5,00170,"Tea, spices, etc.",237244024
2025-09-01,imports,EU5,00180,Other foods,1839783300
2025-09-01,imports,EU5,00190,"Wine, beer, and related products",959993165
2025-09-01,imports,EU5,00200,Feedstuff and foodgrains,760345469
2025-09-01,imports,EU5,01000,Fish and shellfish,1918300814
2025-09-01,imports,EU5,01010,"Alcoholic beverages, excluding wine",573073853
2025-09-01,imports,EU5,01020,"Nonagricultural foods, etc.",103416512
2025-09-01,imports,EU1,1,Industrial supplies and materials,49808713182
2025-09-01,imports,EU5,10000,Crude oil,11221611364
2025-09-01,imports,EU5,10010,Fuel oil,1918500696
2025-09-01,imports,EU5,10020,"Petroleum products, other",2708317428
2025-09-01,imports,EU5,10030,Liquefied petroleum gases,208083099
2025-09-01,imports,EU5,10100,Coal and related fuels,101843139
2025-09-01,imports,EU5,10110,Gas-natural,412381784
2025-09-01,imports,EU5,10300,Nuclear fuel materials,559053675
2025-09-01,imports,EU5,10400,Electric energy,148808676
2025-09-01,imports,EU5,11000,Pulpwood and woodpulp,290745561
2025-09-01,imports,EU5,11100,Newsprint,29301719
2025-09-01,imports,EU5,11110,Paper and paper products,727716302
2025-09-01,imports,EU5,12000,"Cotton, natural fibers",6587856
2025-09-01,imports,EU5,12030,Hides and skins,575106
2025-09-01,imports,EU5,12050,Natural rubber,134388110
2025-09-01,imports,EU5,12060,"Farming materials, livestock",110546253
2025-09-01,imports,EU5,12070,"Tobacco, waxes, etc.",1282138799
2025-09-01,imports,EU5,12100,"Cotton cloth, fabrics",65361882
2025-09-01,imports,EU5,12110,"Wool, silk, etc.",45541256
2025-09-01,imports,EU5,12135,Synthetic cloth,396225296
2025-09-01,imports,EU5,12140,"Hair, waste materials",83776840
2025-09-01,imports,EU5,12150,Finished textile supplies,464073749
2025-09-01,imports,EU5,12160,Leather and furs,32348042
2025-09-01,imports,EU5,12320,"Materials, excluding chemicals",138477174
2025-09-01,imports,EU5,12500,Plastic materials,1528360225
2025-09-01,imports,EU5,12510,Chemicals-fertilizers,1025719525
2025-09-01,imports,EU5,12530,Chemicals-inorganic,1062008789
2025-09-01,imports,EU5,12540,Chemicals-organic,1647667632
2025-09-01,imports,EU5,12550,"Chemicals-other, n.e.c.",1436625863
2025-09-01,imports,EU5,13000,Lumber,466268408
2025-09-01,imports,EU5,13010,Plywood and veneers,334850424
2025-09-01,imports,EU5,13020,"Stone, sand, cement, etc.",617851087
2025-09-01,imports,EU5,13100,"Glass-plate, sheet, etc.",204679608
2025-09-01,imports,EU5,13110,"Shingles, wallboard",1143734763
2025-09-01,imports,EU5,13120,Nontextile floor tiles,565635182
2025-09-01,imports,EU5,14000,Steelmaking materials,671720656
2025-09-01,imports,EU5,14100,Iron and steel mill products,1163444945
2025-09-01,imports,EU5,14200,Bauxite and aluminum,1255489841
2025-09-01,imports,EU5,14220,Copper,1100857512
2025-09-01,imports,EU5,14240,Nickel,193650515
2025-09-01,imports,EU5,14250,Tin,88622705
2025-09-01,imports,EU5,14260,Zinc,266369422
2025-09-01,imports,EU5,14270,Nonmonetary gold,3104173931
2025-09-01,imports,EU5,14280,Other precious metals,1912787454
2025-09-01,imports,EU5,14290,"Nonferrous metals, other",399973484
2025-09-01,imports,EU5,15000,"Iron and steel products, n.e.c.",755795072
2025-09-01,imports,EU5,15100,"Iron and steel, advanced",982330377
2025-09-01,imports,EU5,15200,Finished metal shapes,2616927763
2025-09-01,imports,EU5,16040,"Sulfur, nonmetallic minerals",166127223
2025-09-01,imports,EU5,16050,Synthetic rubber--primary,246628310
2025-09-01,imports,EU5,16110,"Blank tapes, audio & visual",7325038
2025-09-01,imports,EU5,16120,"Industrial supplies, other",3756683622
2025-09-01,imports,EU1,2,"Capital goods, except automotive",91360152923
2025-09-01,imports,EU5,20000,"Generators, accessories",4526375668
2025-09-01,imports,EU5,20005,Electric apparatus,8011441770
2025-09-01,imports,EU5,21000,Drilling & oilfield equipment,306510627
2025-09-01,imports,EU5,21010,Specialized mining,79875059
2025-09-01,imports,EU5,21030,Excavating machinery,1316424685
2025-09-01,imports,EU5,21040,Nonfarm tractors and parts,68183929
2025-09-01,imports,EU5,21100,Industrial engines,2712949402
2025-09-01,imports,EU5,21110,"Food, tobacco machinery",457542330
2025-09-01,imports,EU5,21120,Metalworking machine tools,996448307
2025-09-01,imports,EU5,21130,"Textile, sewing machines",135259107
2025-09-01,imports,EU5,21140,"Wood, glass, plastic",683965693
2025-09-01,imports,EU5,21150,Pulp and paper machinery,518678086
2025-09-01,imports,EU5,21160,"Measuring, testing, control instruments",2219091646
2025-09-01,imports,EU5,21170,Materials handling equipment,2076357293
2025-09-01,imports,EU5,21180,"Industrial machines, other",6484448920
2025-09-01,imports,EU5,21190,"Photo, service industry machinery",2084240536
2025-09-01,imports,EU5,21200,"Agricultural machinery, equipment",980544580
2025-09-01,imports,EU5,21300,Computers,18344088401
2025-09-01,imports,EU5,21301,Computer accessories,11366932893
2025-09-01,imports,EU5,21320,Semiconductors,6250416950
2025-09-01,imports,EU5,21400,Telecommunications equipment,9883461231
2025-09-01,imports,EU5,21500,Business machines and equipment,386420338
2025-09-01,imports,EU5,21600,Laboratory testing instruments,608148964
2025-09-01,imports,EU5,21610,Medicinal equipment,5348144810
2025-09-01,imports,EU5,22000,Civilian aircraft,1534871480
2025-09-01,imports,EU5,22010,Parts-civilian aircraft,1410682402
2025-09-01,imports,EU5,22020,Engines-civilian aircraft,2291622684
2025-09-01,imports,EU5,22100,Railway transportation equipment,110095997
2025-09-01,imports,EU5,22200,"Vessels, except scrap",398400
2025-09-01,imports,EU5,22210,"Commercial vessels, other",7492416
2025-09-01,imports,EU5,22220,"Marine engines, parts",134215883
2025-09-01,imports,EU5,22300,"Spacecraft, excluding military",24822436
2025-09-01,imports,EU1,3,"Automotive vehicles, parts, and engines",33655676416
2025-09-01,imports,EU5,30000,"Passenger cars, new and used",12853950467
2025-09-01,imports,EU5,30100,"Trucks, buses, and special purpose vehicles",4386370807
2025-09-01,imports,EU5,30110,Bodies and chassis for trucks and buses,40425900
2025-09-01,imports,EU5,30200,Engines and engine parts,3059351522
2025-09-01,imports,EU5,30210,Bodies and chassis for passenger cars,2613833
2025-09-01,imports,EU5,30220,Automotive tires and tubes,1359463536
2025-09-01,imports,EU5,30230,Other parts and accessories of vehicles,11953500351
2025-09-01,imports,EU1,4,Consumer goods,73110279851
2025-09-01,imports,EU5,40000,"Apparel, household goods - cotton",3845304538
2025-09-01,imports,EU5,40010,"Apparel, household goods - wool",367761561
2025-09-01,imports,EU5,40020,"Apparel, textiles, nonwool or cotton",4698799348
2025-09-01,imports,EU5,40030,"Apparel,household goods-nontextile",787939982
2025-09-01,imports,EU5,40040,Footwear,1555313127
2025-09-01,imports,EU5,40050,Camping apparel and gear,1031438812
2025-09-01,imports,EU5,40100,Pharmaceutical preparations,29754987059
2025-09-01,imports,EU5,40110,"Books, printed matter",410359498
2025-09-01,imports,EU5,40120,Toiletries and cosmetics,1608285584
2025-09-01,imports,EU5,40140,Other consumer nondurables,1685932723
2025-09-01,imports,EU5,41000,"Furniture, household goods, etc.",2848432558
2025-09-01,imports,EU5,41010,"Glassware, chinaware",259638208
2025-09-01,imports,EU5,41020,"Cookware, cutlery, tools",838540082
2025-09-01,imports,EU5,41030,Household appliances,2882010104
2025-09-01,imports,EU5,41040,Rugs,260992788
2025-09-01,imports,EU5,41050,"Cell phones and other household goods, n.e.c.",9862259779
2025-09-01,imports,EU5,41100,Motorcycles and parts,290844467
2025-09-01,imports,EU5,41110,Pleasure boats and motors,234046140
2025-09-01,imports,EU5,41120,"Toys, games, and sporting goods",3645680418
2025-09-01,imports,EU5,41130,Photo equipment,409448045
2025-09-01,imports,EU5,41140,Musical instruments,154045070
2025-09-01,imports,EU5,41200,Televisions and video equipment,1691731911
2025-09-01,imports,EU5,41210,"Stereo equipment, etc",1021097545
2025-09-01,imports,EU5,41220,Recorded media,80192518
2025-09-01,imports,EU5,41300,Numismatic coins,143466872
2025-09-01,imports,EU5,41310,Jewelry,1179459059
2025-09-01,imports,EU5,41320,"Artwork, antiques, stamps, etc.",974255226
2025-09-01,imports,EU5,42000,"Nursery stock, etc.",236389412
2025-09-01,imports,EU5,42100,Gem diamonds,245267211
2025-09-01,imports,EU5,42110,"Gem stones, other",106360206
2025-09-01,imports,EU1,5,Other goods,12821850180
2025-09-01,imports,EU5,50000,Military aircraft and parts,293715396
2025-09-01,imports,EU5,50010,Other military equipment,156830997
2025-09-01,imports,EU5,50020,"U.s. Goods returned, and reimports",8542244213
2025-09-01,imports,EU5,50030,Minimum value shipments,2778808096
2025-09-01,imports,EU5,50040,"Other (movies, miscellaneous imports, and special transactions)",1050251478
2025-10-01,imports,EU1,0,"Foods, feeds, and beverages",16293440048
2025-10-01,imports,EU5,00000,Green coffee,711293267
2025-10-01,imports,EU5,00010,Cocoa beans,130758801
2025-10-01,imports,EU5,00020,Cane and beet sugar,146838599
2025-10-01,imports,EU5,00100,Meat products,1873657521
2025-10-01,imports,EU5,00110,Dairy products and eggs,235787878
2025-10-01,imports,EU5,00120,"Fruits, frozen juices",2153659664
2025-10-01,imports,EU5,00130,Vegetables,1505816868
2025-10-01,imports,EU5,00140,Nuts,233033298
2025-10-01,imports,EU5,00150,"Food oils, oilseeds",799324101
2025-10-01,imports,EU5,00160,Bakery products,2229038058
2025-10-01,imports,EU5,00170,"Tea, spices, etc.",232404298
2025-10-01,imports,EU5,00180,Other foods,1734396378
2025-10-01,imports,EU5,00190,"Wine, beer, and related products",978040016
2025-10-01,imports,EU5,00200,Feedstuff and foodgrains,707358984
2025-10-01,imports,EU5,01000,Fish and shellfish,1916982706
2025-10-01,imports,EU5,01010,"Alcoholic beverages, excluding wine",601020967
2025-10-01,imports,EU5,01020,"Nonagricultural foods, etc.",104028644
2025-10-01,imports,EU1,1,Industrial supplies and materials,47768138436
2025-10-01,imports,EU5,10000,Crude oil,11084004625
2025-10-01,imports,EU5,10010,Fuel oil,1370490153
2025-10-01,imports,EU5,10020,"Petroleum products, other",2591829027
2025-10-01,imports,EU5,10030,Liquefied petroleum gases,237080379
2025-10-01,imports,EU5,10100,Coal and related fuels,157498187
2025-10-01,imports,EU5,10110,Gas-natural,401967556
2025-10-01,imports,EU5,10300,Nuclear fuel materials,878321937
2025-10-01,imports,EU5,10400,Electric energy,94016853
2025-10-01,imports,EU5,11000,Pulpwood and woodpulp,302814820
2025-10-01,imports,EU5,11100,Newsprint,31917143
2025-10-01,imports,EU5,11110,Paper and paper products,731058715
2025-10-01,imports,EU5,12000,"Cotton, natural fibers",4996373
2025-10-01,imports,EU5,12030,Hides and skins,745843
2025-10-01,imports,EU5,12050,Natural rubber,92451414
2025-10-01,imports,EU5,12060,"Farming materials, livestock",140317336
2025-10-01,imports,EU5,12070,"Tobacco, waxes, etc.",1226454348
2025-10-01,imports,EU5,12100,"Cotton cloth, fabrics",68663486
2025-10-01,imports,EU5,12110,"Wool, silk, etc.",48917107
2025-10-01,imports,EU5,12135,Synthetic cloth,402048941
2025-10-01,imports,EU5,12140,"Hair, waste materials",85223475
2025-10-01,imports,EU5,12150,Finished textile supplies,482753277
2025-10-01,imports,EU5,12160,Leather and furs,30064600
2025-10-01,imports,EU5,12320,"Materials, excluding chemicals",134458926
2025-10-01,imports,EU5,12500,Plastic materials,1451202396
2025-10-01,imports,EU5,12510,Chemicals-fertilizers,1048328646
2025-10-01,imports,EU5,12530,Chemicals-inorganic,940774495
2025-10-01,imports,EU5,12540,Chemicals-organic,1633091500
2025-10-01,imports,EU5,12550,"Chemicals-other, n.e.c.",1426604730
2025-10-01,imports,EU5,13000,Lumber,489443859
2025-10-01,imports,EU5,13010,Plywood and veneers,317934038
2025-10-01,imports,EU5,13020,"Stone, sand, cement, etc.",594357264
2025-10-01,imports,EU5,13100,"Glass-plate, sheet, etc.",222716192
2025-10-01,imports,EU5,13110,"Shingles, wallboard",1115329253
2025-10-01,imports,EU5,13120,Nontextile floor tiles,495233604
2025-10-01,imports,EU5,14000,Steelmaking materials,830984152
2025-10-01,imports,EU5,14100,Iron and steel mill products,1156409319
2025-10-01,imports,EU5,14200,Bauxite and aluminum,1349346345
2025-10-01,imports,EU5,14220,Copper,1078591086
2025-10-01,imports,EU5,14240,Nickel,165378438
2025-10-01,imports,EU5,14250,Tin,83932705
2025-10-01,imports,EU5,14260,Zinc,189126445
2025-10-01,imports,EU5,14270,Nonmonetary gold,1736800364
2025-10-01,imports,EU5,14280,Other precious metals,1661765792
2025-10-01,imports,EU5,14290,"Nonferrous metals, other",389604461
2025-10-01,imports,EU5,15000,"Iron and steel products, n.e.c.",749494090
2025-10-01,imports,EU5,15100,"Iron and steel, advanced",958075798
2025-10-01,imports,EU5,15200,Finished metal shapes,2918472943
2025-10-01,imports,EU5,16040,"Sulfur, nonmetallic minerals",163913259
2025-10-01,imports,EU5,16050,Synthetic rubber--primary,221783719
2025-10-01,imports,EU5,16110,"Blank tapes, audio & visual",6636712
2025-10-01,imports,EU5,16120,"Industrial supplies, other",3774712310
2025-10-01,imports,EU1,2,"Capital goods, except automotive",102896919626
2025-10-01,imports,EU5,20000,"Generators, accessories",4429931764
2025-10-01,imports,EU5,20005,Electric apparatus,8386017869
2025-10-01,imports,EU5,21000,Drilling & oilfield equipment,331909240
2025-10-01,imports,EU5,21010,Specialized mining,89642366
2025-10-01,imports,EU5,21030,Excavating machinery,1298462094
2025-10-01,imports,EU5,21040,Nonfarm tractors and parts,65369065
2025-10-01,imports,EU5,21100,Industrial engines,2750471144
2025-10-01,imports,EU5,21110,"Food, tobacco machinery",469009176
2025-10-01,imports,EU5,21120,Metalworking machine tools,1036027770
2025-10-01,imports,EU5,21130,"Textile, sewing machines",152989451
2025-10-01,imports,EU5,21140,"Wood, glass, plastic",641960778
2025-10-01,imports,EU5,21150,Pulp and paper machinery,612309396
2025-10-01,imports,EU5,21160,"Measuring, testing, control instruments",2295773873
2025-10-01,imports,EU5,21170,Materials handling equipment,2103635032
2025-10-01,imports,EU5,21180,"Industrial machines, other",6488506581
2025-10-01,imports,EU5,21190,"Photo, service industry machinery",2073417984
2025-10-01,imports,EU5,21200,"Agricultural machinery, equipment",981432618
2025-10-01,imports,EU5,21300,Computers,22712185980
2025-10-01,imports,EU5,21301,Computer accessories,15651371314
2025-10-01,imports,EU5,21320,Semiconductors,6063633420
2025-10-01,imports,EU5,21400,Telecommunications equipment,11884094844
2025-10-01,imports,EU5,21500,Business machines and equipment,389648073
2025-10-01,imports,EU5,21600,Laboratory testing instruments,595167182
2025-10-01,imports,EU5,21610,Medicinal equipment,5432109539
2025-10-01,imports,EU5,22000,Civilian aircraft,1478073786
2025-10-01,imports,EU5,22010,Parts-civilian aircraft,1658550158
2025-10-01,imports,EU5,22020,Engines-civilian aircraft,2555494848
2025-10-01,imports,EU5,22100,Railway transportation equipment,107837914
2025-10-01,imports,EU5,22200,"Vessels, except scrap",0
2025-10-01,imports,EU5,22210,"Commercial vessels, other",7597254
2025-10-01,imports,EU5,22220,"Marine engines, parts",140852272
2025-10-01,imports,EU5,22300,"Spacecraft, excluding military",13436841
2025-10-01,imports,EU1,3,"Automotive vehicles, parts, and engines",34763398692
2025-10-01,imports,EU5,30000,"Passenger cars, new and used",13895657739
2025-10-01,imports,EU5,30100,"Trucks, buses, and special purpose vehicles",4736587376
2025-10-01,imports,EU5,30110,Bodies and chassis for trucks and buses,58370460
2025-10-01,imports,EU5,30200,Engines and engine parts,2891269667
2025-10-01,imports,EU5,30210,Bodies and chassis for passenger cars,1502679
2025-10-01,imports,EU5,30220,Automotive tires and tubes,1361453197
2025-10-01,imports,EU5,30230,Other parts and accessories of vehicles,11818557574
2025-10-01,imports,EU1,4,Consumer goods,59834969952
2025-10-01,imports,EU5,40000,"Apparel, household goods - cotton",3241284033
2025-10-01,imports,EU5,40010,"Apparel, household goods - wool",333659454
2025-10-01,imports,EU5,40020,"Apparel, textiles, nonwool or cotton",4176087699
2025-10-01,imports,EU5,40030,"Apparel,household goods-nontextile",760435406
2025-10-01,imports,EU5,40040,Footwear,1363460602
2025-10-01,imports,EU5,40050,Camping apparel and gear,955845839
2025-10-01,imports,EU5,40100,Pharmaceutical preparations,15412215967
2025-10-01,imports,EU5,40110,"Books, printed matter",393189519
2025-10-01,imports,EU5,40120,Toiletries and cosmetics,1701643730
2025-10-01,imports,EU5,40140,Other consumer nondurables,1661474440
2025-10-01,imports,EU5,41000,"Furniture, household goods, etc.",2760034965
2025-10-01,imports,EU5,41010,"Glassware, chinaware",233689935
2025-10-01,imports,EU5,41020,"Cookware, cutlery, tools",894501952
2025-10-01,imports,EU5,41030,Household appliances,3079548502
2025-10-01,imports,EU5,41040,Rugs,236398621
2025-10-01,imports,EU5,41050,"Cell phones and other household goods, n.e.c.",10559054608
2025-10-01,imports,EU5,41100,Motorcycles and parts,294788611
2025-10-01,imports,EU5,41110,Pleasure boats and motors,268632314
2025-10-01,imports,EU5,41120,"Toys, games, and sporting goods",3874077307
2025-10-01,imports,EU5,41130,Photo equipment,464682646
2025-10-01,imports,EU5,41140,Musical instruments,167163295
2025-10-01,imports,EU5,41200,Televisions and video equipment,1878528766
2025-10-01,imports,EU5,41210,"Stereo equipment, etc",981421385
2025-10-01,imports,EU5,41220,Recorded media,77481007
2025-10-01,imports,EU5,41300,Numismatic coins,321851715
2025-10-01,imports,EU5,41310,Jewelry,1517057287
2025-10-01,imports,EU5,41320,"Artwork, antiques, stamps, etc.",1486320811
2025-10-01,imports,EU5,42000,"Nursery stock, etc.",270940767
2025-10-01,imports,EU5,42100,Gem diamonds,348261373
2025-10-01,imports,EU5,42110,"Gem stones, other",121237396
2025-10-01,imports,EU1,5,Other goods,13442387363
2025-10-01,imports,EU5,50000,Military aircraft and parts,290261299
2025-10-01,imports,EU5,50010,Other military equipment,165122615
2025-10-01,imports,EU5,50020,"U.s. Goods returned, and reimports",8588252230
2025-10-01,imports,EU5,50030,Minimum value shipments,2916309133
2025-10-01,imports,EU5,50040,"Other (movies, miscellaneous imports, and special transactions)",1482442086
2025-11-01,imports,EU1,0,"Foods, feeds, and beverages",15909754545
2025-11-01,imports,EU5,00000,Green coffee,666815187
2025-11-01,imports,EU5,00010,Cocoa beans,79406868
2025-11-01,imports,EU5,00020,Cane and beet sugar,101027416
2025-11-01,imports,EU5,00100,Meat products,1811707517
2025-11-01,imports,EU5,00110,Dairy products and eggs,269274676
2025-11-01,imports,EU5,00120,"Fruits, frozen juices",2141113742
2025-11-01,imports,EU5,00130,Vegetables,1517876414
2025-11-01,imports,EU5,00140,Nuts,250324827
2025-11-01,imports,EU5,00150,"Food oils, oilseeds",770315939
2025-11-01,imports,EU5,00160,Bakery products,2041351218
2025-11-01,imports,EU5,00170,"Tea, spices, etc.",212454405
2025-11-01,imports,EU5,00180,Other foods,1693234631
2025-11-01,imports,EU5,00190,"Wine, beer, and related products",1012192547
2025-11-01,imports,EU5,00200,Feedstuff and foodgrains,735377558
2025-11-01,imports,EU5,01000,Fish and shellfish,1981955683
2025-11-01,imports,EU5,01010,"Alcoholic beverages, excluding wine",531085250
2025-11-01,imports,EU5,01020,"Nonagricultural foods, etc.",94240667
2025-11-01,imports,EU1,1,Industrial supplies and materials,41875496236
2025-11-01,imports,EU5,10000,Crude oil,9475075276
2025-11-01,imports,EU5,10010,Fuel oil,1361924068
2025-11-01,imports,EU5,10020,"Petroleum products, other",2199254396
2025-11-01,imports,EU5,10030,Liquefied petroleum gases,285718197
2025-11-01,imports,EU5,10100,Coal and related fuels,143016907
2025-11-01,imports,EU5,10110,Gas-natural,717516825
2025-11-01,imports,EU5,10300,Nuclear fuel materials,300356103
2025-11-01,imports,EU5,10400,Electric energy,77180482
2025-11-01,imports,EU5,11000,Pulpwood and woodpulp,309156620
2025-11-01,imports,EU5,11100,Newsprint,33331161
2025-11-01,imports,EU5,11110,Paper and paper products,710272705
2025-11-01,imports,EU5,12000,"Cotton, natural fibers",4257477
2025-11-01,imports,EU5,12030,Hides and skins,632368
2025-11-01,imports,EU5,12050,Natural rubber,154245906
2025-11-01,imports,EU5,12060,"Farming materials, livestock",102419802
2025-11-01,imports,EU5,12070,"Tobacco, waxes, etc.",1145242546
2025-11-01,imports,EU5,12100,"Cotton cloth, fabrics",65536520
2025-11-01,imports,EU5,12110,"Wool, silk, etc.",48179645
2025-11-01,imports,EU5,12135,Synthetic cloth,385454352
2025-11-01,imports,EU5,12140,"Hair, waste materials",75766763
2025-11-01,imports,EU5,12150,Finished textile supplies,443682081
2025-11-01,imports,EU5,12160,Leather and furs,33065620
2025-11-01,imports,EU5,12320,"Materials, excluding chemicals",114252383
2025-11-01,imports,EU5,12500,Plastic materials,1323895916
2025-11-01,imports,EU5,12510,Chemicals-fertilizers,1023511064
2025-11-01,imports,EU5,12530,Chemicals-inorganic,869044038
2025-11-01,imports,EU5,12540,Chemicals-organic,1593413714
2025-11-01,imports,EU5,12550,"Chemicals-other, n.e.c.",1322287907
2025-11-01,imports,EU5,13000,Lumber,433463366
2025-11-01,imports,EU5,13010,Plywood and veneers,280750882
2025-11-01,imports,EU5,13020,"Stone, sand, cement, etc.",545147369
2025-11-01,imports,EU5,13100,"Glass-plate, sheet, etc.",218018715
2025-11-01,imports,EU5,13110,"Shingles, wallboard",1009411784
2025-11-01,imports,EU5,13120,Nontextile floor tiles,485223012
2025-11-01,imports,EU5,14000,Steelmaking materials,660941299
2025-11-01,imports,EU5,14100,Iron and steel mill products,993716950
2025-11-01,imports,EU5,14200,Bauxite and aluminum,1238881771
2025-11-01,imports,EU5,14220,Copper,700674498
2025-11-01,imports,EU5,14240,Nickel,172183101
2025-11-01,imports,EU5,14250,Tin,112736187
2025-11-01,imports,EU5,14260,Zinc,219837986
2025-11-01,imports,EU5,14270,Nonmonetary gold,1130789705
2025-11-01,imports,EU5,14280,Other precious metals,1120350371
2025-11-01,imports,EU5,14290,"Nonferrous metals, other",417714950
2025-11-01,imports,EU5,15000,"Iron and steel products, n.e.c.",676705449
2025-11-01,imports,EU5,15100,"Iron and steel, advanced",864727112
2025-11-01,imports,EU5,15200,Finished metal shapes,2421050946
2025-11-01,imports,EU5,16040,"Sulfur, nonmetallic minerals",133089477
2025-11-01,imports,EU5,16050,Synthetic rubber--primary,203342601
2025-11-01,imports,EU5,16110,"Blank tapes, audio & visual",12724623
2025-11-01,imports,EU5,16120,"Industrial supplies, other",3506323240
2025-11-01,imports,EU1,2,"Capital goods, except automotive",99627087279
2025-11-01,imports,EU5,20000,"Generators, accessories",3814739952
2025-11-01,imports,EU5,20005,Electric apparatus,8091960950
2025-11-01,imports,EU5,21000,Drilling & oilfield equipment,341883516
2025-11-01,imports,EU5,21010,Specialized mining,119405544
2025-11-01,imports,EU5,21030,Excavating machinery,1304798694
2025-11-01,imports,EU5,21040,Nonfarm tractors and parts,58125349
2025-11-01,imports,EU5,21100,Industrial engines,2460090038
2025-11-01,imports,EU5,21110,"Food, tobacco machinery",487069068
2025-11-01,imports,EU5,21120,Metalworking machine tools,1131832956
2025-11-01,imports,EU5,21130,"Textile, sewing machines",176288660
2025-11-01,imports,EU5,21140,"Wood, glass, plastic",646323282
2025-11-01,imports,EU5,21150,Pulp and paper machinery,618341143
2025-11-01,imports,EU5,21160,"Measuring, testing, control instruments",2050840632
2025-11-01,imports,EU5,21170,Materials handling equipment,2097099755
2025-11-01,imports,EU5,21180,"Industrial machines, other",5899483213
2025-11-01,imports,EU5,21190,"Photo, service industry machinery",1869995757
2025-11-01,imports,EU5,21200,"Agricultural machinery, equipment",1029918225
2025-11-01,imports,EU5,21300,Computers,25383575955
2025-11-01,imports,EU5,21301,Computer accessories,11885432921
2025-11-01,imports,EU5,21320,Semiconductors,7409663786
2025-11-01,imports,EU5,21400,Telecommunications equipment,10329257008
2025-11-01,imports,EU5,21500,Business machines and equipment,402699286
2025-11-01,imports,EU5,21600,Laboratory testing instruments,567937315
2025-11-01,imports,EU5,21610,Medicinal equipment,5017580658
2025-11-01,imports,EU5,22000,Civilian aircraft,2230575262
2025-11-01,imports,EU5,22010,Parts-civilian aircraft,1510690328
2025-11-01,imports,EU5,22020,Engines-civilian aircraft,2431911461
2025-11-01,imports,EU5,22100,Railway transportation equipment,89631011
2025-11-01,imports,EU5,22200,"Vessels, except scrap",64308
2025-11-01,imports,EU5,22210,"Commercial vessels, other",14134518
2025-11-01,imports,EU5,22220,"Marine engines, parts",123631982
2025-11-01,imports,EU5,22300,"Spacecraft, excluding military",32104746
2025-11-01,imports,EU1,3,"Automotive vehicles, parts, and engines",32003577590
2025-11-01,imports,EU5,30000,"Passenger cars, new and used",13694520009
2025-11-01,imports,EU5,30100,"Trucks, buses, and special purpose vehicles",3949763484
2025-11-01,imports,EU5,30110,Bodies and chassis for trucks and buses,44323882
2025-11-01,imports,EU5,30200,Engines and engine parts,2652914271
2025-11-01,imports,EU5,30210,Bodies and chassis for passenger cars,1362257
2025-11-01,imports,EU5,30220,Automotive tires and tubes,1367803963
2025-11-01,imports,EU5,30230,Other parts and accessories of vehicles,10292889724
2025-11-01,imports,EU1,4,Consumer goods,58109855665
2025-11-01,imports,EU5,40000,"Apparel, household goods - cotton",2759151639
2025-11-01,imports,EU5,40010,"Apparel, household goods - wool",243882719
2025-11-01,imports,EU5,40020,"Apparel, textiles, nonwool or cotton",3516318932
2025-11-01,imports,EU5,40030,"Apparel,household goods-nontextile",725111858
2025-11-01,imports,EU5,40040,Footwear,1241411041
2025-11-01,imports,EU5,40050,Camping apparel and gear,920191492
2025-11-01,imports,EU5,40100,Pharmaceutical preparations,18572512120
2025-11-01,imports,EU5,40110,"Books, printed matter",323617505
2025-11-01,imports,EU5,40120,Toiletries and cosmetics,1540802970
2025-11-01,imports,EU5,40140,Other consumer nondurables,1530177022
2025-11-01,imports,EU5,41000,"Furniture, household goods, etc.",2715009692
2025-11-01,imports,EU5,41010,"Glassware, chinaware",205033359
2025-11-01,imports,EU5,41020,"Cookware, cutlery, tools",835178410
2025-11-01,imports,EU5,41030,Household appliances,2706206574
2025-11-01,imports,EU5,41040,Rugs,222154955
2025-11-01,imports,EU5,41050,"Cell phones and other household goods, n.e.c.",9279304264
2025-11-01,imports,EU5,41100,Motorcycles and parts,278446794
2025-11-01,imports,EU5,41110,Pleasure boats and motors,229085235
2025-11-01,imports,EU5,41120,"Toys, games, and sporting goods",3456886440
2025-11-01,imports,EU5,41130,Photo equipment,397516364
2025-11-01,imports,EU5,41140,Musical instruments,136589168
2025-11-01,imports,EU5,41200,Televisions and video equipment,1552336958
2025-11-01,imports,EU5,41210,"Stereo equipment, etc",827470018
2025-11-01,imports,EU5,41220,Recorded media,53124528
2025-11-01,imports,EU5,41300,Numismatic coins,227152158
2025-11-01,imports,EU5,41310,Jewelry,1261045090
2025-11-01,imports,EU5,41320,"Artwork, antiques, stamps, etc.",1564808529
2025-11-01,imports,EU5,42000,"Nursery stock, etc.",330663463
2025-11-01,imports,EU5,42100,Gem diamonds,367102905
2025-11-01,imports,EU5,42110,"Gem stones, other",91563463
2025-11-01,imports,EU1,5,Other goods,13498995665
2025-11-01,imports,EU5,50000,Military aircraft and parts,337556218
2025-11-01,imports,EU5,50010,Other military equipment,167923031
2025-11-01,imports,EU5,50020,"U.s. Goods returned, and reimports",9110964039
2025-11-01,imports,EU5,50030,Minimum value shipments,2820305226
2025-11-01,imports,EU5,50040,"Other (movies, miscellaneous imports, and special transactions)",1062247151
2025-12-01,imports,EU1,0,"Foods, feeds, and beverages",16899196011
2025-12-01,imports,EU5,00000,Green coffee,782824410
2025-12-01,imports,EU5,00010,Cocoa beans,121001206
2025-12-01,imports,EU5,00020,Cane and beet sugar,133325661
2025-12-01,imports,EU5,00100,Meat products,1995368055
2025-12-01,imports,EU5,00110,Dairy products and eggs,275237351
2025-12-01,imports,EU5,00120,"Fruits, frozen juices",2671737928
2025-12-01,imports,EU5,00130,Vegetables,1652579207
2025-12-01,imports,EU5,00140,Nuts,259545728
2025-12-01,imports,EU5,00150,"Food oils, oilseeds",780739963
2025-12-01,imports,EU5,00160,Bakery products,1931546076
2025-12-01,imports,EU5,00170,"Tea, spices, etc.",225352442
2025-12-01,imports,EU5,00180,Other foods,1746231926
2025-12-01,imports,EU5,00190,"Wine, beer, and related products",888595500
2025-12-01,imports,EU5,00200,Feedstuff and foodgrains,744898808
2025-12-01,imports,EU5,01000,Fish and shellfish,2062779632
2025-12-01,imports,EU5,01010,"Alcoholic beverages, excluding wine",511340647
2025-12-01,imports,EU5,01020,"Nonagricultural foods, etc.",116091471
2025-12-01,imports,EU1,1,Industrial supplies and materials,50295766701
2025-12-01,imports,EU5,10000,Crude oil,11406985686
2025-12-01,imports,EU5,10010,Fuel oil,1852236776
2025-12-01,imports,EU5,10020,"Petroleum products, other",2341164609
2025-12-01,imports,EU5,10030,Liquefied petroleum gases,409779345
2025-12-01,imports,EU5,10100,Coal and related fuels,99009188
2025-12-01,imports,EU5,10110,Gas-natural,1067164589
2025-12-01,imports,EU5,10300,Nuclear fuel materials,704249265
2025-12-01,imports,EU5,10400,Electric energy,168792613
2025-12-01,imports,EU5,11000,Pulpwood and woodpulp,295058356
2025-12-01,imports,EU5,11100,Newsprint,29113910
2025-12-01,imports,EU5,11110,Paper and paper products,660105259
2025-12-01,imports,EU5,12000,"Cotton, natural fibers",5361976
2025-12-01,imports,EU5,12030,Hides and skins,2420037
2025-12-01,imports,EU5,12050,Natural rubber,118592162
2025-12-01,imports,EU5,12060,"Farming materials, livestock",133139504
2025-12-01,imports,EU5,12070,"Tobacco, waxes, etc.",1231105895
2025-12-01,imports,EU5,12100,"Cotton cloth, fabrics",67620915
2025-12-01,imports,EU5,12110,"Wool, silk, etc.",52654301
2025-12-01,imports,EU5,12135,Synthetic cloth,381472344
2025-12-01,imports,EU5,12140,"Hair, waste materials",79318469
2025-12-01,imports,EU5,12150,Finished textile supplies,458714789
2025-12-01,imports,EU5,12160,Leather and furs,36204931
2025-12-01,imports,EU5,12320,"Materials, excluding chemicals",140314668
2025-12-01,imports,EU5,12500,Plastic materials,1310688819
2025-12-01,imports,EU5,12510,Chemicals-fertilizers,987634629
2025-12-01,imports,EU5,12530,Chemicals-inorganic,943640837
2025-12-01,imports,EU5,12540,Chemicals-organic,1550037904
2025-12-01,imports,EU5,12550,"Chemicals-other, n.e.c.",1368495113
2025-12-01,imports,EU5,13000,Lumber,400652015
2025-12-01,imports,EU5,13010,Plywood and veneers,270619234
2025-12-01,imports,EU5,13020,"Stone, sand, cement, etc.",567858398
2025-12-01,imports,EU5,13100,"Glass-plate, sheet, etc.",208020162
2025-12-01,imports,EU5,13110,"Shingles, wallboard",986963008
2025-12-01,imports,EU5,13120,Nontextile floor tiles,533981215
2025-12-01,imports,EU5,14000,Steelmaking materials,639963642
2025-12-01,imports,EU5,14100,Iron and steel mill products,1028585159
2025-12-01,imports,EU5,14200,Bauxite and aluminum,1538288004
2025-12-01,imports,EU5,14220,Copper,2231612923
2025-12-01,imports,EU5,14240,Nickel,182336673
2025-12-01,imports,EU5,14250,Tin,77016641
2025-12-01,imports,EU5,14260,Zinc,212119302
2025-12-01,imports,EU5,14270,Nonmonetary gold,2941804817
2025-12-01,imports,EU5,14280,Other precious metals,1740121922
2025-12-01,imports,EU5,14290,"Nonferrous metals, other",401923490
2025-12-01,imports,EU5,15000,"Iron and steel products, n.e.c.",736586892
2025-12-01,imports,EU5,15100,"Iron and steel, advanced",921743307
2025-12-01,imports,EU5,15200,Finished metal shapes,2788752753
2025-12-01,imports,EU5,16040,"Sulfur, nonmetallic minerals",181637809
2025-12-01,imports,EU5,16050,Synthetic rubber--primary,177872348
2025-12-01,imports,EU5,16110,"Blank tapes, audio & visual",12488210
2025-12-01,imports,EU5,16120,"Industrial supplies, other",3613741888
2025-12-01,imports,EU1,2,"Capital goods, except automotive",111479435725
2025-12-01,imports,EU5,20000,"Generators, accessories",3879037984
2025-12-01,imports,EU5,20005,Electric apparatus,8983054327
2025-12-01,imports,EU5,21000,Drilling & oilfield equipment,327497010
2025-12-01,imports,EU5,21010,Specialized mining,97538347
2025-12-01,imports,EU5,21030,Excavating machinery,1414864580
2025-12-01,imports,EU5,21040,Nonfarm tractors and parts,66323203
2025-12-01,imports,EU5,21100,Industrial engines,2749298347
2025-12-01,imports,EU5,21110,"Food, tobacco machinery",533925485
2025-12-01,imports,EU5,21120,Metalworking machine tools,1258928131
2025-12-01,imports,EU5,21130,"Textile, sewing machines",144027941
2025-12-01,imports,EU5,21140,"Wood, glass, plastic",810517883
2025-12-01,imports,EU5,21150,Pulp and paper machinery,682825355
2025-12-01,imports,EU5,21160,"Measuring, testing, control instruments",2250668857
2025-12-01,imports,EU5,21170,Materials handling equipment,2317992730
2025-12-01,imports,EU5,21180,"Industrial machines, other",6596843012
2025-12-01,imports,EU5,21190,"Photo, service industry machinery",2092123615
2025-12-01,imports,EU5,21200,"Agricultural machinery, equipment",1224281109
2025-12-01,imports,EU5,21300,Computers,24725799824
2025-12-01,imports,EU5,21301,Computer accessories,16260345648
2025-12-01,imports,EU5,21320,Semiconductors,8436829727
2025-12-01,imports,EU5,21400,Telecommunications equipment,12239504974
2025-12-01,imports,EU5,21500,Business machines and equipment,379255526
2025-12-01,imports,EU5,21600,Laboratory testing instruments,739443637
2025-12-01,imports,EU5,21610,Medicinal equipment,5332360014
2025-12-01,imports,EU5,22000,Civilian aircraft,3409241503
2025-12-01,imports,EU5,22010,Parts-civilian aircraft,1461965327
2025-12-01,imports,EU5,22020,Engines-civilian aircraft,2787502305
2025-12-01,imports,EU5,22100,Railway transportation equipment,102301098
2025-12-01,imports,EU5,22200,"Vessels, except scrap",372579
2025-12-01,imports,EU5,22210,"Commercial vessels, other",9862329
2025-12-01,imports,EU5,22220,"Marine engines, parts",123071243
2025-12-01,imports,EU5,22300,"Spacecraft, excluding military",41832075
2025-12-01,imports,EU1,3,"Automotive vehicles, parts, and engines",33525288251
2025-12-01,imports,EU5,30000,"Passenger cars, new and used",15450284367
2025-12-01,imports,EU5,30100,"Trucks, buses, and special purpose vehicles",4461363995
2025-12-01,imports,EU5,30110,Bodies and chassis for trucks and buses,54709721
2025-12-01,imports,EU5,30200,Engines and engine parts,2545594975
2025-12-01,imports,EU5,30210,Bodies and chassis for passenger cars,1894170
2025-12-01,imports,EU5,30220,Automotive tires and tubes,1363088639
2025-12-01,imports,EU5,30230,Other parts and accessories of vehicles,9648352384
2025-12-01,imports,EU1,4,Consumer goods,55915652497
2025-12-01,imports,EU5,40000,"Apparel, household goods - cotton",3145650611
2025-12-01,imports,EU5,40010,"Apparel, household goods - wool",228232360
2025-12-01,imports,EU5,40020,"Apparel, textiles, nonwool or cotton",3853235184
2025-12-01,imports,EU5,40030,"Apparel,household goods-nontextile",735281718
2025-12-01,imports,EU5,40040,Footwear,1364566244
2025-12-01,imports,EU5,40050,Camping apparel and gear,1071464367
2025-12-01,imports,EU5,40100,Pharmaceutical preparations,16274007072
2025-12-01,imports,EU5,40110,"Books, printed matter",338135586
2025-12-01,imports,EU5,40120,Toiletries and cosmetics,1653177777
2025-12-01,imports,EU5,40140,Other consumer nondurables,1604273108
2025-12-01,imports,EU5,41000,"Furniture, household goods, etc.",2988916860
2025-12-01,imports,EU5,41010,"Glassware, chinaware",196001968
2025-12-01,imports,EU5,41020,"Cookware, cutlery, tools",841304202
2025-12-01,imports,EU5,41030,Household appliances,2566277364
2025-12-01,imports,EU5,41040,Rugs,248128225
2025-12-01,imports,EU5,41050,"Cell phones and other household goods, n.e.c.",9192575091
2025-12-01,imports,EU5,41100,Motorcycles and parts,357372414
2025-12-01,imports,EU5,41110,Pleasure boats and motors,244783232
2025-12-01,imports,EU5,41120,"Toys, games, and sporting goods",2863444890
2025-12-01,imports,EU5,41130,Photo equipment,374859997
2025-12-01,imports,EU5,41140,Musical instruments,156126298
2025-12-01,imports,EU5,41200,Televisions and video equipment,1266844288
2025-12-01,imports,EU5,41210,"Stereo equipment, etc",850047143
2025-12-01,imports,EU5,41220,Recorded media,61468381
2025-12-01,imports,EU5,41300,Numismatic coins,241677787
2025-12-01,imports,EU5,41310,Jewelry,1563406587
2025-12-01,imports,EU5,41320,"Artwork, antiques, stamps, etc.",918049764
2025-12-01,imports,EU5,42000,"Nursery stock, etc.",248716885
2025-12-01,imports,EU5,42100,Gem diamonds,372957243
2025-12-01,imports,EU5,42110,"Gem stones, other",94669851
2025-12-01,imports,EU1,5,Other goods,13855431204
2025-12-01,imports,EU5,50000,Military aircraft and parts,333186376
2025-12-01,imports,EU5,50010,Other military equipment,210580658
2025-12-01,imports,EU5,50020,"U.s. Goods returned, and reimports",9029067863
2025-12-01,imports,EU5,50030,Minimum value shipments,2977488116
2025-12-01,imports,EU5,50040,"Other (movies, miscellaneous imports, and special transactions)",1305108191
2026-01-01,imports,EU1,0,"Foods, feeds, and beverages",17080795853
2026-01-01,imports,EU5,00000,Green coffee,908544964
2026-01-01,imports,EU5,00010,Cocoa beans,346060225
2026-01-01,imports,EU5,00020,Cane and beet sugar,84882033
2026-01-01,imports,EU5,00100,Meat products,2092096270
2026-01-01,imports,EU5,00110,Dairy products and eggs,232124977
2026-01-01,imports,EU5,00120,"Fruits, frozen juices",2815425038
2026-01-01,imports,EU5,00130,Vegetables,1690216258
2026-01-01,imports,EU5,00140,Nuts,236936179
2026-01-01,imports,EU5,00150,"Food oils, oilseeds",769522073
2026-01-01,imports,EU5,00160,Bakery products,1857948634
2026-01-01,imports,EU5,00170,"Tea, spices, etc.",260407323
2026-01-01,imports,EU5,00180,Other foods,1527922314
2026-01-01,imports,EU5,00190,"Wine, beer, and related products",893398153
2026-01-01,imports,EU5,00200,Feedstuff and foodgrains,810373975
2026-01-01,imports,EU5,01000,Fish and shellfish,1988714932
2026-01-01,imports,EU5,01010,"Alcoholic beverages, excluding wine",459065463
2026-01-01,imports,EU5,01020,"Nonagricultural foods, etc.",107157042
2026-01-01,imports,EU1,1,Industrial supplies and materials,48880860800
2026-01-01,imports,EU5,10000,Crude oil,10559596841
2026-01-01,imports,EU5,10010,Fuel oil,1700176139
2026-01-01,imports,EU5,10020,"Petroleum products, other",1989895432
2026-01-01,imports,EU5,10030,Liquefied petroleum gases,292454304
2026-01-01,imports,EU5,10100,Coal and related fuels,113685660
2026-01-01,imports,EU5,10110,Gas-natural,2034321799
2026-01-01,imports,EU5,10300,Nuclear fuel materials,434653103
2026-01-01,imports,EU5,10400,Electric energy,292181698
2026-01-01,imports,EU5,11000,Pulpwood and woodpulp,253358428
2026-01-01,imports,EU5,11100,Newsprint,33991741
2026-01-01,imports,EU5,11110,Paper and paper products,676077288
2026-01-01,imports,EU5,12000,"Cotton, natural fibers",6255820
2026-01-01,imports,EU5,12030,Hides and skins,4768854
2026-01-01,imports,EU5,12050,Natural rubber,115221687
2026-01-01,imports,EU5,12060,"Farming materials, livestock",121052816
2026-01-01,imports,EU5,12070,"Tobacco, waxes, etc.",1045753620
2026-01-01,imports,EU5,12100,"Cotton cloth, fabrics",69163648
2026-01-01,imports,EU5,12110,"Wool, silk, etc.",55006287
2026-01-01,imports,EU5,12135,Synthetic cloth,403120531
2026-01-01,imports,EU5,12140,"Hair, waste materials",90135481
2026-01-01,imports,EU5,12150,Finished textile supplies,447728631
2026-01-01,imports,EU5,12160,Leather and furs,29193643
2026-01-01,imports,EU5,12320,"Materials, excluding chemicals",111998629
2026-01-01,imports,EU5,12500,Plastic materials,1412217184
2026-01-01,imports,EU5,12510,Chemicals-fertilizers,1365534443
2026-01-01,imports,EU5,12530,Chemicals-inorganic,1004688470
2026-01-01,imports,EU5,12540,Chemicals-organic,1613585792
2026-01-01,imports,EU5,12550,"Chemicals-other, n.e.c.",1268925107
2026-01-01,imports,EU5,13000,Lumber,407998757
2026-01-01,imports,EU5,13010,Plywood and veneers,293669740
2026-01-01,imports,EU5,13020,"Stone, sand, cement, etc.",550816372
2026-01-01,imports,EU5,13100,"Glass-plate, sheet, etc.",210188643
2026-01-01,imports,EU5,13110,"Shingles, wallboard",1025136937
2026-01-01,imports,EU5,13120,Nontextile floor tiles,507872643
2026-01-01,imports,EU5,14000,Steelmaking materials,619904089
2026-01-01,imports,EU5,14100,Iron and steel mill products,1090313053
2026-01-01,imports,EU5,14200,Bauxite and aluminum,1730440877
2026-01-01,imports,EU5,14220,Copper,2475700895
2026-01-01,imports,EU5,14240,Nickel,185414783
2026-01-01,imports,EU5,14250,Tin,118426532
2026-01-01,imports,EU5,14260,Zinc,197300263
2026-01-01,imports,EU5,14270,Nonmonetary gold,1839198140
2026-01-01,imports,EU5,14280,Other precious metals,1638392548
2026-01-01,imports,EU5,14290,"Nonferrous metals, other",372159076
2026-01-01,imports,EU5,15000,"Iron and steel products, n.e.c.",736830291
2026-01-01,imports,EU5,15100,"Iron and steel, advanced",963566049
2026-01-01,imports,EU5,15200,Finished metal shapes,2411223165
2026-01-01,imports,EU5,16040,"Sulfur, nonmetallic minerals",190317805
2026-01-01,imports,EU5,16050,Synthetic rubber--primary,217301406
2026-01-01,imports,EU5,16110,"Blank tapes, audio & visual",7303641
2026-01-01,imports,EU5,16120,"Industrial supplies, other",3546642019
2026-01-01,imports,EU1,2,"Capital goods, except automotive",102111009037
2026-01-01,imports,EU5,20000,"Generators, accessories",3778521494
2026-01-01,imports,EU5,20005,Electric apparatus,8123225278
2026-01-01,imports,EU5,21000,Drilling & oilfield equipment,283995162
2026-01-01,imports,EU5,21010,Specialized mining,160055337
2026-01-01,imports,EU5,21030,Excavating machinery,1462511895
2026-01-01,imports,EU5,21040,Nonfarm tractors and parts,64452220
2026-01-01,imports,EU5,21100,Industrial engines,2763120825
2026-01-01,imports,EU5,21110,"Food, tobacco machinery",510665728
2026-01-01,imports,EU5,21120,Metalworking machine tools,1206413259
2026-01-01,imports,EU5,21130,"Textile, sewing machines",124927275
2026-01-01,imports,EU5,21140,"Wood, glass, plastic",793296447
2026-01-01,imports,EU5,21150,Pulp and paper machinery,625551984
2026-01-01,imports,EU5,21160,"Measuring, testing, control instruments",2036974956
2026-01-01,imports,EU5,21170,Materials handling equipment,2140372511
2026-01-01,imports,EU5,21180,"Industrial machines, other",6328511541
2026-01-01,imports,EU5,21190,"Photo, service industry machinery",2081227340
2026-01-01,imports,EU5,21200,"Agricultural machinery, equipment",1245250553
2026-01-01,imports,EU5,21300,Computers,24195952489
2026-01-01,imports,EU5,21301,Computer accessories,14124128564
2026-01-01,imports,EU5,21320,Semiconductors,7553411325
2026-01-01,imports,EU5,21400,Telecommunications equipment,12015338037
2026-01-01,imports,EU5,21500,Business machines and equipment,373305486
2026-01-01,imports,EU5,21600,Laboratory testing instruments,495583553
2026-01-01,imports,EU5,21610,Medicinal equipment,4669630564
2026-01-01,imports,EU5,22000,Civilian aircraft,819466555
2026-01-01,imports,EU5,22010,Parts-civilian aircraft,1552229259
2026-01-01,imports,EU5,22020,Engines-civilian aircraft,2339337467
2026-01-01,imports,EU5,22100,Railway transportation equipment,94116622
2026-01-01,imports,EU5,22200,"Vessels, except scrap",50247
2026-01-01,imports,EU5,22210,"Commercial vessels, other",7736664
2026-01-01,imports,EU5,22220,"Marine engines, parts",127370416
2026-01-01,imports,EU5,22300,"Spacecraft, excluding military",14277984
2026-01-01,imports,EU1,3,"Automotive vehicles, parts, and engines",28648659309
2026-01-01,imports,EU5,30000,"Passenger cars, new and used",11710429378
2026-01-01,imports,EU5,30100,"Trucks, buses, and special purpose vehicles",2867554755
2026-01-01,imports,EU5,30110,Bodies and chassis for trucks and buses,46707147
2026-01-01,imports,EU5,30200,Engines and engine parts,2422768053
2026-01-01,imports,EU5,30210,Bodies and chassis for passenger cars,2488917
2026-01-01,imports,EU5,30220,Automotive tires and tubes,1301925995
2026-01-01,imports,EU5,30230,Other parts and accessories of vehicles,10296785064
2026-01-01,imports,EU1,4,Consumer goods,50652095229
2026-01-01,imports,EU5,40000,"Apparel, household goods - cotton",3291649534
2026-01-01,imports,EU5,40010,"Apparel, household goods - wool",169481818
2026-01-01,imports,EU5,40020,"Apparel, textiles, nonwool or cotton",4019233074
2026-01-01,imports,EU5,40030,"Apparel,household goods-nontextile",716327021
2026-01-01,imports,EU5,40040,Footwear,1645379887
2026-01-01,imports,EU5,40050,Camping apparel and gear,1170649432
2026-01-01,imports,EU5,40100,Pharmaceutical preparations,11879171850
2026-01-01,imports,EU5,40110,"Books, printed matter",341544505
2026-01-01,imports,EU5,40120,Toiletries and cosmetics,1526186998
2026-01-01,imports,EU5,40140,Other consumer nondurables,1572860840
2026-01-01,imports,EU5,41000,"Furniture, household goods, etc.",2866812661
2026-01-01,imports,EU5,41010,"Glassware, chinaware",210228944
2026-01-01,imports,EU5,41020,"Cookware, cutlery, tools",856762388
2026-01-01,imports,EU5,41030,Household appliances,2592486601
2026-01-01,imports,EU5,41040,Rugs,241885095
2026-01-01,imports,EU5,41050,"Cell phones and other household goods, n.e.c.",8384887228
2026-01-01,imports,EU5,41100,Motorcycles and parts,305184260
2026-01-01,imports,EU5,41110,Pleasure boats and motors,246839075
2026-01-01,imports,EU5,41120,"Toys, games, and sporting goods",2851832000
2026-01-01,imports,EU5,41130,Photo equipment,329584359
2026-01-01,imports,EU5,41140,Musical instruments,146818956
2026-01-01,imports,EU5,41200,Televisions and video equipment,1175914141
2026-01-01,imports,EU5,41210,"Stereo equipment, etc",761965922
2026-01-01,imports,EU5,41220,Recorded media,54967728
2026-01-01,imports,EU5,41300,Numismatic coins,231573301
2026-01-01,imports,EU5,41310,Jewelry,1162674543
2026-01-01,imports,EU5,41320,"Artwork, antiques, stamps, etc.",779964947
2026-01-01,imports,EU5,42000,"Nursery stock, etc.",363355050
2026-01-01,imports,EU5,42100,Gem diamonds,450491560
2026-01-01,imports,EU5,42110,"Gem stones, other",305381511
2026-01-01,imports,EU1,5,Other goods,13163710092
2026-01-01,imports,EU5,50000,Military aircraft and parts,277184144
2026-01-01,imports,EU5,50010,Other military equipment,175197798
2026-01-01,imports,EU5,50020,"U.s. Goods returned, and reimports",8904807754
2026-01-01,imports,EU5,50030,Minimum value shipments,2675324285
2026-01-01,imports,EU5,50040,"Other (movies, miscellaneous imports, and special transactions)",1131196111
2026-02-01,imports,EU1,0,"Foods, feeds, and beverages",15793426062
2026-02-01,imports,EU5,00000,Green coffee,976565711
2026-02-01,imports,EU5,00010,Cocoa beans,263273506
2026-02-01,imports,EU5,00020,Cane and beet sugar,106753063
2026-02-01,imports,EU5,00100,Meat products,1852541083
2026-02-01,imports,EU5,00110,Dairy products and eggs,230904290
2026-02-01,imports,EU5,00120,"Fruits, frozen juices",2468456310
2026-02-01,imports,EU5,00130,Vegetables,1608799754
2026-02-01,imports,EU5,00140,Nuts,208855133
2026-02-01,imports,EU5,00150,"Food oils, oilseeds",691334066
2026-02-01,imports,EU5,00160,Bakery products,1811331118
2026-02-01,imports,EU5,00170,"Tea, spices, etc.",223140391
2026-02-01,imports,EU5,00180,Other foods,1413947189
2026-02-01,imports,EU5,00190,"Wine, beer, and related products",872036964
2026-02-01,imports,EU5,00200,Feedstuff and foodgrains,667167172
2026-02-01,imports,EU5,01000,Fish and shellfish,1759326096
2026-02-01,imports,EU5,01010,"Alcoholic beverages, excluding wine",514295606
2026-02-01,imports,EU5,01020,"Nonagricultural foods, etc.",124698610
2026-02-01,imports,EU1,1,Industrial supplies and materials,47421887179
2026-02-01,imports,EU5,10000,Crude oil,10147597101
2026-02-01,imports,EU5,10010,Fuel oil,1578209593
2026-02-01,imports,EU5,10020,"Petroleum products, other",2195871228
2026-02-01,imports,EU5,10030,Liquefied petroleum gases,365222316
2026-02-01,imports,EU5,10100,Coal and related fuels,85945652
2026-02-01,imports,EU5,10110,Gas-natural,1621824548
2026-02-01,imports,EU5,10300,Nuclear fuel materials,843551797
2026-02-01,imports,EU5,10400,Electric energy,299618561
2026-02-01,imports,EU5,11000,Pulpwood and woodpulp,275416266
2026-02-01,imports,EU5,11100,Newsprint,31619745
2026-02-01,imports,EU5,11110,Paper and paper products,684068754
2026-02-01,imports,EU5,12000,"Cotton, natural fibers",3610701
2026-02-01,imports,EU5,12030,Hides and skins,7779381
2026-02-01,imports,EU5,12050,Natural rubber,111548925
2026-02-01,imports,EU5,12060,"Farming materials, livestock",120067783
2026-02-01,imports,EU5,12070,"Tobacco, waxes, etc.",1082063277
2026-02-01,imports,EU5,12100,"Cotton cloth, fabrics",64418025
2026-02-01,imports,EU5,12110,"Wool, silk, etc.",54852518
2026-02-01,imports,EU5,12135,Synthetic cloth,357125891
2026-02-01,imports,EU5,12140,"Hair, waste materials",79317736
2026-02-01,imports,EU5,12150,Finished textile supplies,416937385
2026-02-01,imports,EU5,12160,Leather and furs,33227852
2026-02-01,imports,EU5,12320,"Materials, excluding chemicals",121022273
2026-02-01,imports,EU5,12500,Plastic materials,1270771430
2026-02-01,imports,EU5,12510,Chemicals-fertilizers,1452865945
2026-02-01,imports,EU5,12530,Chemicals-inorganic,858624961
2026-02-01,imports,EU5,12540,Chemicals-organic,1546783614
2026-02-01,imports,EU5,12550,"Chemicals-other, n.e.c.",1269117061
2026-02-01,imports,EU5,13000,Lumber,362055999
2026-02-01,imports,EU5,13010,Plywood and veneers,235595406
2026-02-01,imports,EU5,13020,"Stone, sand, cement, etc.",432909632
2026-02-01,imports,EU5,13100,"Glass-plate, sheet, etc.",196409980
2026-02-01,imports,EU5,13110,"Shingles, wallboard",943599992
2026-02-01,imports,EU5,13120,Nontextile floor tiles,425221950
2026-02-01,imports,EU5,14000,Steelmaking materials,760878178
2026-02-01,imports,EU5,14100,Iron and steel mill products,1034158941
2026-02-01,imports,EU5,14200,Bauxite and aluminum,1670186013
2026-02-01,imports,EU5,14220,Copper,2405369945
2026-02-01,imports,EU5,14240,Nickel,210241382
2026-02-01,imports,EU5,14250,Tin,96507894
2026-02-01,imports,EU5,14260,Zinc,189489342
2026-02-01,imports,EU5,14270,Nonmonetary gold,1542994803
2026-02-01,imports,EU5,14280,Other precious metals,1832699479
2026-02-01,imports,EU5,14290,"Nonferrous metals, other",398276034
2026-02-01,imports,EU5,15000,"Iron and steel products, n.e.c.",671149459
2026-02-01,imports,EU5,15100,"Iron and steel, advanced",858461536
2026-02-01,imports,EU5,15200,Finished metal shapes,2374358702
2026-02-01,imports,EU5,16040,"Sulfur, nonmetallic minerals",151464150
2026-02-01,imports,EU5,16050,Synthetic rubber--primary,196347811
2026-02-01,imports,EU5,16110,"Blank tapes, audio & visual",4249053
2026-02-01,imports,EU5,16120,"Industrial supplies, other",3450181179
2026-02-01,imports,EU1,2,"Capital goods, except automotive",99461109033
2026-02-01,imports,EU5,20000,"Generators, accessories",3425383618
2026-02-01,imports,EU5,20005,Electric apparatus,7541635103
2026-02-01,imports,EU5,21000,Drilling & oilfield equipment,312570144
2026-02-01,imports,EU5,21010,Specialized mining,85179356
2026-02-01,imports,EU5,21030,Excavating machinery,1213562883
2026-02-01,imports,EU5,21040,Nonfarm tractors and parts,63521287
2026-02-01,imports,EU5,21100,Industrial engines,2476903021
2026-02-01,imports,EU5,21110,"Food, tobacco machinery",435547074
2026-02-01,imports,EU5,21120,Metalworking machine tools,1015824853
2026-02-01,imports,EU5,21130,"Textile, sewing machines",122188819
2026-02-01,imports,EU5,21140,"Wood, glass, plastic",701678326
2026-02-01,imports,EU5,21150,Pulp and paper machinery,489741632
2026-02-01,imports,EU5,21160,"Measuring, testing, control instruments",2179376126
2026-02-01,imports,EU5,21170,Materials handling equipment,1788412895
2026-02-01,imports,EU5,21180,"Industrial machines, other",5994368135
2026-02-01,imports,EU5,21190,"Photo, service industry machinery",1986575858
2026-02-01,imports,EU5,21200,"Agricultural machinery, equipment",1112268712
2026-02-01,imports,EU5,21300,Computers,25525867026
2026-02-01,imports,EU5,21301,Computer accessories,13202020827
2026-02-01,imports,EU5,21320,Semiconductors,7981160181
2026-02-01,imports,EU5,21400,Telecommunications equipment,10050582865
2026-02-01,imports,EU5,21500,Business machines and equipment,345838142
2026-02-01,imports,EU5,21600,Laboratory testing instruments,564838642
2026-02-01,imports,EU5,21610,Medicinal equipment,4933727620
2026-02-01,imports,EU5,22000,Civilian aircraft,1670365743
2026-02-01,imports,EU5,22010,Parts-civilian aircraft,1637675111
2026-02-01,imports,EU5,22020,Engines-civilian aircraft,2346869103
2026-02-01,imports,EU5,22100,Railway transportation equipment,109831829
2026-02-01,imports,EU5,22200,"Vessels, except scrap",305533
2026-02-01,imports,EU5,22210,"Commercial vessels, other",8359394
2026-02-01,imports,EU5,22220,"Marine engines, parts",121312722
2026-02-01,imports,EU5,22300,"Spacecraft, excluding military",17616453
2026-02-01,imports,EU1,3,"Automotive vehicles, parts, and engines",29362092293
2026-02-01,imports,EU5,30000,"Passenger cars, new and used",11393415641
2026-02-01,imports,EU5,30100,"Trucks, buses, and special purpose vehicles",3717208539
2026-02-01,imports,EU5,30110,Bodies and chassis for trucks and buses,54408336
2026-02-01,imports,EU5,30200,Engines and engine parts,2465606363
2026-02-01,imports,EU5,30210,Bodies and chassis for passenger cars,4880533
2026-02-01,imports,EU5,30220,Automotive tires and tubes,1141582827
2026-02-01,imports,EU5,30230,Other parts and accessories of vehicles,10584990054
2026-02-01,imports,EU1,4,Consumer goods,48874698345
2026-02-01,imports,EU5,40000,"Apparel, household goods - cotton",2874600483
2026-02-01,imports,EU5,40010,"Apparel, household goods - wool",158349016
2026-02-01,imports,EU5,40020,"Apparel, textiles, nonwool or cotton",3649992969
2026-02-01,imports,EU5,40030,"Apparel,household goods-nontextile",661895071
2026-02-01,imports,EU5,40040,Footwear,1493235069
2026-02-01,imports,EU5,40050,Camping apparel and gear,1084331677
2026-02-01,imports,EU5,40100,Pharmaceutical preparations,12630513878
2026-02-01,imports,EU5,40110,"Books, printed matter",355565247
2026-02-01,imports,EU5,40120,Toiletries and cosmetics,1497911835
2026-02-01,imports,EU5,40140,Other consumer nondurables,1555664692
2026-02-01,imports,EU5,41000,"Furniture, household goods, etc.",2607200392
2026-02-01,imports,EU5,41010,"Glassware, chinaware",195349380
2026-02-01,imports,EU5,41020,"Cookware, cutlery, tools",800572621
2026-02-01,imports,EU5,41030,Household appliances,2600370866
2026-02-01,imports,EU5,41040,Rugs,249837014
2026-02-01,imports,EU5,41050,"Cell phones and other household goods, n.e.c.",7154508655
2026-02-01,imports,EU5,41100,Motorcycles and parts,308213296
2026-02-01,imports,EU5,41110,Pleasure boats and motors,269157418
2026-02-01,imports,EU5,41120,"Toys, games, and sporting goods",2690247058
2026-02-01,imports,EU5,41130,Photo equipment,298513189
2026-02-01,imports,EU5,41140,Musical instruments,127834474
2026-02-01,imports,EU5,41200,Televisions and video equipment,1062571307
2026-02-01,imports,EU5,41210,"Stereo equipment, etc",632315569
2026-02-01,imports,EU5,41220,Recorded media,64065115
2026-02-01,imports,EU5,41300,Numismatic coins,403867507
2026-02-01,imports,EU5,41310,Jewelry,1447025901
2026-02-01,imports,EU5,41320,"Artwork, antiques, stamps, etc.",1147310962
2026-02-01,imports,EU5,42000,"Nursery stock, etc.",336305786
2026-02-01,imports,EU5,42100,Gem diamonds,419658694
2026-02-01,imports,EU5,42110,"Gem stones, other",97713204
2026-02-01,imports,EU1,5,Other goods,12642125516
2026-02-01,imports,EU5,50000,Military aircraft and parts,370651998
2026-02-01,imports,EU5,50010,Other military equipment,156395850
2026-02-01,imports,EU5,50020,"U.s. Goods returned, and reimports",8277080842
2026-02-01,imports,EU5,50030,Minimum value shipments,2655649188
2026-02-01,imports,EU5,50040,"Other (movies, miscellaneous imports, and special transactions)",1182347638
2026-03-01,imports,EU1,0,"Foods, feeds, and beverages",19037477500
2026-03-01,imports,EU5,00000,Green coffee,977565468
2026-03-01,imports,EU5,00010,Cocoa beans,311286914
2026-03-01,imports,EU5,00020,Cane and beet sugar,91821523
2026-03-01,imports,EU5,00100,Meat products,2424275423
2026-03-01,imports,EU5,00110,Dairy products and eggs,399154864
2026-03-01,imports,EU5,00120,"Fruits, frozen juices",2803259394
2026-03-01,imports,EU5,00130,Vegetables,1930281557
2026-03-01,imports,EU5,00140,Nuts,229643271
2026-03-01,imports,EU5,00150,"Food oils, oilseeds",890925319
2026-03-01,imports,EU5,00160,Bakery products,2144861474
2026-03-01,imports,EU5,00170,"Tea, spices, etc.",288999982
2026-03-01,imports,EU5,00180,Other foods,1829339304
2026-03-01,imports,EU5,00190,"Wine, beer, and related products",1162203698
2026-03-01,imports,EU5,00200,Feedstuff and foodgrains,810904072
2026-03-01,imports,EU5,01000,Fish and shellfish,1962578379
2026-03-01,imports,EU5,01010,"Alcoholic beverages, excluding wine",633344956
2026-03-01,imports,EU5,01020,"Nonagricultural foods, etc.",147031902
2026-03-01,imports,EU1,1,Industrial supplies and materials,54984635850
2026-03-01,imports,EU5,10000,Crude oil,12436837435
2026-03-01,imports,EU5,10010,Fuel oil,2269244104
2026-03-01,imports,EU5,10020,"Petroleum products, other",2521664224
2026-03-01,imports,EU5,10030,Liquefied petroleum gases,315951479
2026-03-01,imports,EU5,10100,Coal and related fuels,71930263
2026-03-01,imports,EU5,10110,Gas-natural,1095722057
2026-03-01,imports,EU5,10300,Nuclear fuel materials,844129942
2026-03-01,imports,EU5,10400,Electric energy,191952019
2026-03-01,imports,EU5,11000,Pulpwood and woodpulp,301915525
2026-03-01,imports,EU5,11100,Newsprint,38577467
2026-03-01,imports,EU5,11110,Paper and paper products,789915801
2026-03-01,imports,EU5,12000,"Cotton, natural fibers",4116147
2026-03-01,imports,EU5,12030,Hides and skins,3034659
2026-03-01,imports,EU5,12050,Natural rubber,130822187
2026-03-01,imports,EU5,12060,"Farming materials, livestock",157569057
2026-03-01,imports,EU5,12070,"Tobacco, waxes, etc.",1200622439
2026-03-01,imports,EU5,12100,"Cotton cloth, fabrics",74105393
2026-03-01,imports,EU5,12110,"Wool, silk, etc.",68085655
2026-03-01,imports,EU5,12135,Synthetic cloth,420909423
2026-03-01,imports,EU5,12140,"Hair, waste materials",97315376
2026-03-01,imports,EU5,12150,Finished textile supplies,494228374
2026-03-01,imports,EU5,12160,Leather and furs,36733173
2026-03-01,imports,EU5,12320,"Materials, excluding chemicals",138647000
2026-03-01,imports,EU5,12500,Plastic materials,1647004538
2026-03-01,imports,EU5,12510,Chemicals-fertilizers,1852942065
2026-03-01,imports,EU5,12530,Chemicals-inorganic,1141008207
2026-03-01,imports,EU5,12540,Chemicals-organic,1883943566
2026-03-01,imports,EU5,12550,"Chemicals-other, n.e.c.",1584872500
2026-03-01,imports,EU5,13000,Lumber,476775958
2026-03-01,imports,EU5,13010,Plywood and veneers,268826103
2026-03-01,imports,EU5,13020,"Stone, sand, cement, etc.",556034938
2026-03-01,imports,EU5,13100,"Glass-plate, sheet, etc.",237404658
2026-03-01,imports,EU5,13110,"Shingles, wallboard",1176529232
2026-03-01,imports,EU5,13120,Nontextile floor tiles,527451684
2026-03-01,imports,EU5,14000,Steelmaking materials,759839770
2026-03-01,imports,EU5,14100,Iron and steel mill products,1143149841
2026-03-01,imports,EU5,14200,Bauxite and aluminum,2406346791
2026-03-01,imports,EU5,14220,Copper,2091874979
2026-03-01,imports,EU5,14240,Nickel,250852346
2026-03-01,imports,EU5,14250,Tin,89387162
2026-03-01,imports,EU5,14260,Zinc,216427784
2026-03-01,imports,EU5,14270,Nonmonetary gold,1785656416
2026-03-01,imports,EU5,14280,Other precious metals,1867105084
2026-03-01,imports,EU5,14290,"Nonferrous metals, other",517393879
2026-03-01,imports,EU5,15000,"Iron and steel products, n.e.c.",787448989
2026-03-01,imports,EU5,15100,"Iron and steel, advanced",1014501510
2026-03-01,imports,EU5,15200,Finished metal shapes,2518561138
2026-03-01,imports,EU5,16040,"Sulfur, nonmetallic minerals",199716225
2026-03-01,imports,EU5,16050,Synthetic rubber--primary,249657848
2026-03-01,imports,EU5,16110,"Blank tapes, audio & visual",4256139
2026-03-01,imports,EU5,16120,"Industrial supplies, other",4025637301
2026-03-01,imports,EU1,2,"Capital goods, except automotive",121406026923
2026-03-01,imports,EU5,20000,"Generators, accessories",4199545456
2026-03-01,imports,EU5,20005,Electric apparatus,8846391863
2026-03-01,imports,EU5,21000,Drilling & oilfield equipment,310835793
2026-03-01,imports,EU5,21010,Specialized mining,135872077
2026-03-01,imports,EU5,21030,Excavating machinery,1598165944
2026-03-01,imports,EU5,21040,Nonfarm tractors and parts,73529303
2026-03-01,imports,EU5,21100,Industrial engines,3052939680
2026-03-01,imports,EU5,21110,"Food, tobacco machinery",544320866
2026-03-01,imports,EU5,21120,Metalworking machine tools,1332822408
2026-03-01,imports,EU5,21130,"Textile, sewing machines",127124208
2026-03-01,imports,EU5,21140,"Wood, glass, plastic",844898656
2026-03-01,imports,EU5,21150,Pulp and paper machinery,600935608
2026-03-01,imports,EU5,21160,"Measuring, testing, control instruments",2471782561
2026-03-01,imports,EU5,21170,Materials handling equipment,2521812521
2026-03-01,imports,EU5,21180,"Industrial machines, other",7745624497
2026-03-01,imports,EU5,21190,"Photo, service industry machinery",2279322533
2026-03-01,imports,EU5,21200,"Agricultural machinery, equipment",1389821665
2026-03-01,imports,EU5,21300,Computers,29415761161
2026-03-01,imports,EU5,21301,Computer accessories,18019961315
2026-03-01,imports,EU5,21320,Semiconductors,9749850419
2026-03-01,imports,EU5,21400,Telecommunications equipment,13013871978
2026-03-01,imports,EU5,21500,Business machines and equipment,421329278
2026-03-01,imports,EU5,21600,Laboratory testing instruments,682520794
2026-03-01,imports,EU5,21610,Medicinal equipment,5627694906
2026-03-01,imports,EU5,22000,Civilian aircraft,1816148803
2026-03-01,imports,EU5,22010,Parts-civilian aircraft,1763808454
2026-03-01,imports,EU5,22020,Engines-civilian aircraft,2511540443
2026-03-01,imports,EU5,22100,Railway transportation equipment,127672717
2026-03-01,imports,EU5,22200,"Vessels, except scrap",465461
2026-03-01,imports,EU5,22210,"Commercial vessels, other",11046279
2026-03-01,imports,EU5,22220,"Marine engines, parts",152109707
2026-03-01,imports,EU5,22300,"Spacecraft, excluding military",16499569
2026-03-01,imports,EU1,3,"Automotive vehicles, parts, and engines",37696434360
2026-03-01,imports,EU5,30000,"Passenger cars, new and used",16328610716
2026-03-01,imports,EU5,30100,"Trucks, buses, and special purpose vehicles",4533980811
2026-03-01,imports,EU5,30110,Bodies and chassis for trucks and buses,61246915
2026-03-01,imports,EU5,30200,Engines and engine parts,3032133012
2026-03-01,imports,EU5,30210,Bodies and chassis for passenger cars,8165699
2026-03-01,imports,EU5,30220,Automotive tires and tubes,1393449398
2026-03-01,imports,EU5,30230,Other parts and accessories of vehicles,12338847809
2026-03-01,imports,EU1,4,Consumer goods,54895289031
2026-03-01,imports,EU5,40000,"Apparel, household goods - cotton",3169850098
2026-03-01,imports,EU5,40010,"Apparel, household goods - wool",156550691
2026-03-01,imports,EU5,40020,"Apparel, textiles, nonwool or cotton",4006036982
2026-03-01,imports,EU5,40030,"Apparel,household goods-nontextile",742884008
2026-03-01,imports,EU5,40040,Footwear,1439723792
2026-03-01,imports,EU5,40050,Camping apparel and gear,1127094103
2026-03-01,imports,EU5,40100,Pharmaceutical preparations,14730906352
2026-03-01,imports,EU5,40110,"Books, printed matter",402432111
2026-03-01,imports,EU5,40120,Toiletries and cosmetics,1792755564
2026-03-01,imports,EU5,40140,Other consumer nondurables,1824576588
2026-03-01,imports,EU5,41000,"Furniture, household goods, etc.",2952538889
2026-03-01,imports,EU5,41010,"Glassware, chinaware",204453717
2026-03-01,imports,EU5,41020,"Cookware, cutlery, tools",868255694
2026-03-01,imports,EU5,41030,Household appliances,3017373910
2026-03-01,imports,EU5,41040,Rugs,242369886
2026-03-01,imports,EU5,41050,"Cell phones and other household goods, n.e.c.",8489289093
2026-03-01,imports,EU5,41100,Motorcycles and parts,378408233
2026-03-01,imports,EU5,41110,Pleasure boats and motors,299620278
2026-03-01,imports,EU5,41120,"Toys, games, and sporting goods",2830228513
2026-03-01,imports,EU5,41130,Photo equipment,368717417
2026-03-01,imports,EU5,41140,Musical instruments,158561085
2026-03-01,imports,EU5,41200,Televisions and video equipment,1149657818
2026-03-01,imports,EU5,41210,"Stereo equipment, etc",839483814
2026-03-01,imports,EU5,41220,Recorded media,76686128
2026-03-01,imports,EU5,41300,Numismatic coins,360943475
2026-03-01,imports,EU5,41310,Jewelry,1650277084
2026-03-01,imports,EU5,41320,"Artwork, antiques, stamps, etc.",909704973
2026-03-01,imports,EU5,42000,"Nursery stock, etc.",263232998
2026-03-01,imports,EU5,42100,Gem diamonds,329537618
2026-03-01,imports,EU5,42110,"Gem stones, other",113138119
2026-03-01,imports,EU1,5,Other goods,14265764521
2026-03-01,imports,EU5,50000,Military aircraft and parts,326748098
2026-03-01,imports,EU5,50010,Other military equipment,194710533
2026-03-01,imports,EU5,50020,"U.s. Goods returned, and reimports",9448185626
2026-03-01,imports,EU5,50030,Minimum value shipments,3241874726
2026-03-01,imports,EU5,50040,"Other (movies, miscellaneous imports, and special transactions)",1054245538
2026-04-01,imports,EU1,0,"Foods, feeds, and beverages",17985425243
2026-04-01,imports,EU5,00000,Green coffee,753711912
2026-04-01,imports,EU5,00010,Cocoa beans,183686025
2026-04-01,imports,EU5,00020,Cane and beet sugar,163944710
2026-04-01,imports,EU5,00100,Meat products,2173838748
2026-04-01,imports,EU5,00110,Dairy products and eggs,337881962
2026-04-01,imports,EU5,00120,"Fruits, frozen juices",2740177883
2026-04-01,imports,EU5,00130,Vegetables,1890720311
2026-04-01,imports,EU5,00140,Nuts,229976360
2026-04-01,imports,EU5,00150,"Food oils, oilseeds",975273540
2026-04-01,imports,EU5,00160,Bakery products,1845896358
2026-04-01,imports,EU5,00170,"Tea, spices, etc.",283286409
2026-04-01,imports,EU5,00180,Other foods,1718044921
2026-04-01,imports,EU5,00190,"Wine, beer, and related products",1182443847
2026-04-01,imports,EU5,00200,Feedstuff and foodgrains,806506749
2026-04-01,imports,EU5,01000,Fish and shellfish,2021729275
2026-04-01,imports,EU5,01010,"Alcoholic beverages, excluding wine",577167022
2026-04-01,imports,EU5,01020,"Nonagricultural foods, etc.",101139211
2026-04-01,imports,EU1,1,Industrial supplies and materials,54998280567
2026-04-01,imports,EU5,10000,Crude oil,13893659486
2026-04-01,imports,EU5,10010,Fuel oil,2348278812
2026-04-01,imports,EU5,10020,"Petroleum products, other",3122231592
2026-04-01,imports,EU5,10030,Liquefied petroleum gases,265717678
2026-04-01,imports,EU5,10100,Coal and related fuels,95332744
2026-04-01,imports,EU5,10110,Gas-natural,688846019
2026-04-01,imports,EU5,10300,Nuclear fuel materials,574268187
2026-04-01,imports,EU5,10400,Electric energy,157419569
2026-04-01,imports,EU5,11000,Pulpwood and woodpulp,307146728
2026-04-01,imports,EU5,11100,Newsprint,37168622
2026-04-01,imports,EU5,11110,Paper and paper products,773008828
2026-04-01,imports,EU5,12000,"Cotton, natural fibers",6415661
2026-04-01,imports,EU5,12030,Hides and skins,2502010
2026-04-01,imports,EU5,12050,Natural rubber,98014891
2026-04-01,imports,EU5,12060,"Farming materials, livestock",139993827
2026-04-01,imports,EU5,12070,"Tobacco, waxes, etc.",1280348918
2026-04-01,imports,EU5,12100,"Cotton cloth, fabrics",79564712
2026-04-01,imports,EU5,12110,"Wool, silk, etc.",63854775
2026-04-01,imports,EU5,12135,Synthetic cloth,413165870
2026-04-01,imports,EU5,12140,"Hair, waste materials",89565671
2026-04-01,imports,EU5,12150,Finished textile supplies,456619939
2026-04-01,imports,EU5,12160,Leather and furs,37767122
2026-04-01,imports,EU5,12320,"Materials, excluding chemicals",133894876
2026-04-01,imports,EU5,12500,Plastic materials,1635191329
2026-04-01,imports,EU5,12510,Chemicals-fertilizers,1657148385
2026-04-01,imports,EU5,12530,Chemicals-inorganic,1031641962
2026-04-01,imports,EU5,12540,Chemicals-organic,1988634106
2026-04-01,imports,EU5,12550,"Chemicals-other, n.e.c.",1421515157
2026-04-01,imports,EU5,13000,Lumber,518110151
2026-04-01,imports,EU5,13010,Plywood and veneers,274232237
2026-04-01,imports,EU5,13020,"Stone, sand, cement, etc.",598131886
2026-04-01,imports,EU5,13100,"Glass-plate, sheet, etc.",238547040
2026-04-01,imports,EU5,13110,"Shingles, wallboard",1157763135
2026-04-01,imports,EU5,13120,Nontextile floor tiles,505663419
2026-04-01,imports,EU5,14000,Steelmaking materials,978107964
2026-04-01,imports,EU5,14100,Iron and steel mill products,1319499120
2026-04-01,imports,EU5,14200,Bauxite and aluminum,1956750647
2026-04-01,imports,EU5,14220,Copper,1698489582
2026-04-01,imports,EU5,14240,Nickel,212028519
2026-04-01,imports,EU5,14250,Tin,98628657
2026-04-01,imports,EU5,14260,Zinc,183134282
2026-04-01,imports,EU5,14270,Nonmonetary gold,1318346464
2026-04-01,imports,EU5,14280,Other precious metals,1788145365
2026-04-01,imports,EU5,14290,"Nonferrous metals, other",530837389
2026-04-01,imports,EU5,15000,"Iron and steel products, n.e.c.",793699256
2026-04-01,imports,EU5,15100,"Iron and steel, advanced",985161882
2026-04-01,imports,EU5,15200,Finished metal shapes,2684227528
2026-04-01,imports,EU5,16040,"Sulfur, nonmetallic minerals",190437496
2026-04-01,imports,EU5,16050,Synthetic rubber--primary,252443068
2026-04-01,imports,EU5,16110,"Blank tapes, audio & visual",16832746
2026-04-01,imports,EU5,16120,"Industrial supplies, other",3900145258
2026-04-01,imports,EU1,2,"Capital goods, except automotive",123443147689
2026-04-01,imports,EU5,20000,"Generators, accessories",4131074722
2026-04-01,imports,EU5,20005,Electric apparatus,9285694026
2026-04-01,imports,EU5,21000,Drilling & oilfield equipment,310840993
2026-04-01,imports,EU5,21010,Specialized mining,144694757
2026-04-01,imports,EU5,21030,Excavating machinery,1600387453
2026-04-01,imports,EU5,21040,Nonfarm tractors and parts,73834431
2026-04-01,imports,EU5,21100,Industrial engines,2921567213
2026-04-01,imports,EU5,21110,"Food, tobacco machinery",508043696
2026-04-01,imports,EU5,21120,Metalworking machine tools,1216398251
2026-04-01,imports,EU5,21130,"Textile, sewing machines",137380800
2026-04-01,imports,EU5,21140,"Wood, glass, plastic",739221389
2026-04-01,imports,EU5,21150,Pulp and paper machinery,641047624
2026-04-01,imports,EU5,21160,"Measuring, testing, control instruments",2398618530
2026-04-01,imports,EU5,21170,Materials handling equipment,2257363972
2026-04-01,imports,EU5,21180,"Industrial machines, other",7913819076
2026-04-01,imports,EU5,21190,"Photo, service industry machinery",2396246602
2026-04-01,imports,EU5,21200,"Agricultural machinery, equipment",1260776596
2026-04-01,imports,EU5,21300,Computers,31179553846
2026-04-01,imports,EU5,21301,Computer accessories,17869509968
2026-04-01,imports,EU5,21320,Semiconductors,10179943755
2026-04-01,imports,EU5,21400,Telecommunications equipment,13941892322
2026-04-01,imports,EU5,21500,Business machines and equipment,381303984
2026-04-01,imports,EU5,21600,Laboratory testing instruments,645128551
2026-04-01,imports,EU5,21610,Medicinal equipment,5097714660
2026-04-01,imports,EU5,22000,Civilian aircraft,1385533516
2026-04-01,imports,EU5,22010,Parts-civilian aircraft,1616667346
2026-04-01,imports,EU5,22020,Engines-civilian aircraft,2931247088
2026-04-01,imports,EU5,22100,Railway transportation equipment,111354737
2026-04-01,imports,EU5,22200,"Vessels, except scrap",381185
2026-04-01,imports,EU5,22210,"Commercial vessels, other",15152716
2026-04-01,imports,EU5,22220,"Marine engines, parts",145201727
2026-04-01,imports,EU5,22300,"Spacecraft, excluding military",5552157
2026-04-01,imports,EU1,3,"Automotive vehicles, parts, and engines",35724086128
2026-04-01,imports,EU5,30000,"Passenger cars, new and used",14522350033
2026-04-01,imports,EU5,30100,"Trucks, buses, and special purpose vehicles",4966174584
2026-04-01,imports,EU5,30110,Bodies and chassis for trucks and buses,63936377
2026-04-01,imports,EU5,30200,Engines and engine parts,2873321830
2026-04-01,imports,EU5,30210,Bodies and chassis for passenger cars,7467153
2026-04-01,imports,EU5,30220,Automotive tires and tubes,1432647194
2026-04-01,imports,EU5,30230,Other parts and accessories of vehicles,11858188957
2026-04-01,imports,EU1,4,Consumer goods,54175896254
2026-04-01,imports,EU5,40000,"Apparel, household goods - cotton",2937421597
2026-04-01,imports,EU5,40010,"Apparel, household goods - wool",144507212
2026-04-01,imports,EU5,40020,"Apparel, textiles, nonwool or cotton",3635136076
2026-04-01,imports,EU5,40030,"Apparel,household goods-nontextile",719409240
2026-04-01,imports,EU5,40040,Footwear,1339983236
2026-04-01,imports,EU5,40050,Camping apparel and gear,1085753936
2026-04-01,imports,EU5,40100,Pharmaceutical preparations,15039083205
2026-04-01,imports,EU5,40110,"Books, printed matter",486124163
2026-04-01,imports,EU5,40120,Toiletries and cosmetics,1743506874
2026-04-01,imports,EU5,40140,Other consumer nondurables,1694258044
2026-04-01,imports,EU5,41000,"Furniture, household goods, etc.",2643146274
2026-04-01,imports,EU5,41010,"Glassware, chinaware",201158318
2026-04-01,imports,EU5,41020,"Cookware, cutlery, tools",737271678
2026-04-01,imports,EU5,41030,Household appliances,2928911272
2026-04-01,imports,EU5,41040,Rugs,250471271
2026-04-01,imports,EU5,41050,"Cell phones and other household goods, n.e.c.",7888561145
2026-04-01,imports,EU5,41100,Motorcycles and parts,375716924
2026-04-01,imports,EU5,41110,Pleasure boats and motors,276741937
2026-04-01,imports,EU5,41120,"Toys, games, and sporting goods",2696896678
2026-04-01,imports,EU5,41130,Photo equipment,365037386
2026-04-01,imports,EU5,41140,Musical instruments,143580422
2026-04-01,imports,EU5,41200,Televisions and video equipment,1183550334
2026-04-01,imports,EU5,41210,"Stereo equipment, etc",922238559
2026-04-01,imports,EU5,41220,Recorded media,65031662
2026-04-01,imports,EU5,41300,Numismatic coins,243935574
2026-04-01,imports,EU5,41310,Jewelry,1454863369
2026-04-01,imports,EU5,41320,"Artwork, antiques, stamps, etc.",2176454657
2026-04-01,imports,EU5,42000,"Nursery stock, etc.",425280269
2026-04-01,imports,EU5,42100,Gem diamonds,266178366
2026-04-01,imports,EU5,42110,"Gem stones, other",105686576
2026-04-01,imports,EU1,5,Other goods,14128648722
2026-04-01,imports,EU5,50000,Military aircraft and parts,277591488
2026-04-01,imports,EU5,50010,Other military equipment,203997063
2026-04-01,imports,EU5,50020,"U.s. Goods returned, and reimports",9452987003
2026-04-01,imports,EU5,50030,Minimum value shipments,3077120148
2026-04-01,imports,EU5,50040,"Other (movies, miscellaneous imports, and special transactions)",1116953020
2026-05-01,imports,EU1,0,"Foods, feeds, and beverages",18617654494
2026-05-01,imports,EU5,00000,Green coffee,844354616
2026-05-01,imports,EU5,00010,Cocoa beans,216591654
2026-05-01,imports,EU5,00020,Cane and beet sugar,95326448
2026-05-01,imports,EU5,00100,Meat products,2247762582
2026-05-01,imports,EU5,00110,Dairy products and eggs,350706102
2026-05-01,imports,EU5,00120,"Fruits, frozen juices",2502484780
2026-05-01,imports,EU5,00130,Vegetables,1732963484
2026-05-01,imports,EU5,00140,Nuts,253756852
2026-05-01,imports,EU5,00150,"Food oils, oilseeds",954567033
2026-05-01,imports,EU5,00160,Bakery products,1966835859
2026-05-01,imports,EU5,00170,"Tea, spices, etc.",303732149
2026-05-01,imports,EU5,00180,Other foods,1846718919
2026-05-01,imports,EU5,00190,"Wine, beer, and related products",1211043242
2026-05-01,imports,EU5,00200,Feedstuff and foodgrains,778316658
2026-05-01,imports,EU5,01000,Fish and shellfish,2527904455
2026-05-01,imports,EU5,01010,"Alcoholic beverages, excluding wine",661396419
2026-05-01,imports,EU5,01020,"Nonagricultural foods, etc.",123193242
2026-05-01,imports,EU1,1,Industrial supplies and materials,57407198725
2026-05-01,imports,EU5,10000,Crude oil,15124353167
2026-05-01,imports,EU5,10010,Fuel oil,2440818425
2026-05-01,imports,EU5,10020,"Petroleum products, other",3716166300
2026-05-01,imports,EU5,10030,Liquefied petroleum gases,300129138
2026-05-01,imports,EU5,10100,Coal and related fuels,98733181
2026-05-01,imports,EU5,10110,Gas-natural,382436322
2026-05-01,imports,EU5,10300,Nuclear fuel materials,248417039
2026-05-01,imports,EU5,10400,Electric energy,131784028
2026-05-01,imports,EU5,11000,Pulpwood and woodpulp,323999076
2026-05-01,imports,EU5,11100,Newsprint,38679539
2026-05-01,imports,EU5,11110,Paper and paper products,842642058
2026-05-01,imports,EU5,12000,"Cotton, natural fibers",5558185
2026-05-01,imports,EU5,12030,Hides and skins,1171751
2026-05-01,imports,EU5,12050,Natural rubber,144580365
2026-05-01,imports,EU5,12060,"Farming materials, livestock",117463636
2026-05-01,imports,EU5,12070,"Tobacco, waxes, etc.",1454801645
2026-05-01,imports,EU5,12100,"Cotton cloth, fabrics",87097680
2026-05-01,imports,EU5,12110,"Wool, silk, etc.",55985970
2026-05-01,imports,EU5,12135,Synthetic cloth,437251435
2026-05-01,imports,EU5,12140,"Hair, waste materials",95639801
2026-05-01,imports,EU5,12150,Finished textile supplies,517656897
2026-05-01,imports,EU5,12160,Leather and furs,46169694
2026-05-01,imports,EU5,12320,"Materials, excluding chemicals",138402549
2026-05-01,imports,EU5,12500,Plastic materials,1761447857
2026-05-01,imports,EU5,12510,Chemicals-fertilizers,1227946367
2026-05-01,imports,EU5,12530,Chemicals-inorganic,1128609533
2026-05-01,imports,EU5,12540,Chemicals-organic,1912854597
2026-05-01,imports,EU5,12550,"Chemicals-other, n.e.c.",1554150426
2026-05-01,imports,EU5,13000,Lumber,515305739
2026-05-01,imports,EU5,13010,Plywood and veneers,299496699
2026-05-01,imports,EU5,13020,"Stone, sand, cement, etc.",692517992
2026-05-01,imports,EU5,13100,"Glass-plate, sheet, etc.",235353430
2026-05-01,imports,EU5,13110,"Shingles, wallboard",1207823148
2026-05-01,imports,EU5,13120,Nontextile floor tiles,514657750
2026-05-01,imports,EU5,14000,Steelmaking materials,864695146
2026-05-01,imports,EU5,14100,Iron and steel mill products,1412628276
2026-05-01,imports,EU5,14200,Bauxite and aluminum,2076441654
2026-05-01,imports,EU5,14220,Copper,1509496800
2026-05-01,imports,EU5,14240,Nickel,210505988
2026-05-01,imports,EU5,14250,Tin,59441081
2026-05-01,imports,EU5,14260,Zinc,181054200
2026-05-01,imports,EU5,14270,Nonmonetary gold,1312584386
2026-05-01,imports,EU5,14280,Other precious metals,2282106609
2026-05-01,imports,EU5,14290,"Nonferrous metals, other",464556617
2026-05-01,imports,EU5,15000,"Iron and steel products, n.e.c.",805612479
2026-05-01,imports,EU5,15100,"Iron and steel, advanced",972590976
2026-05-01,imports,EU5,15200,Finished metal shapes,2935738140
2026-05-01,imports,EU5,16040,"Sulfur, nonmetallic minerals",187768820
2026-05-01,imports,EU5,16050,Synthetic rubber--primary,269371125
2026-05-01,imports,EU5,16110,"Blank tapes, audio & visual",8457350
2026-05-01,imports,EU5,16120,"Industrial supplies, other",4054047659
2026-05-01,imports,EU1,2,"Capital goods, except automotive",127573528640
2026-05-01,imports,EU5,20000,"Generators, accessories",4451818464
2026-05-01,imports,EU5,20005,Electric apparatus,9047099007
2026-05-01,imports,EU5,21000,Drilling & oilfield equipment,357188832
2026-05-01,imports,EU5,21010,Specialized mining,152086047
2026-05-01,imports,EU5,21030,Excavating machinery,1709029543
2026-05-01,imports,EU5,21040,Nonfarm tractors and parts,70353271
2026-05-01,imports,EU5,21100,Industrial engines,3240531948
2026-05-01,imports,EU5,21110,"Food, tobacco machinery",541607061
2026-05-01,imports,EU5,21120,Metalworking machine tools,1261887016
2026-05-01,imports,EU5,21130,"Textile, sewing machines",144661737
2026-05-01,imports,EU5,21140,"Wood, glass, plastic",767567020
2026-05-01,imports,EU5,21150,Pulp and paper machinery,604000814
2026-05-01,imports,EU5,21160,"Measuring, testing, control instruments",2472163186
2026-05-01,imports,EU5,21170,Materials handling equipment,2303608468
2026-05-01,imports,EU5,21180,"Industrial machines, other",7763436872
2026-05-01,imports,EU5,21190,"Photo, service industry machinery",2351938347
2026-05-01,imports,EU5,21200,"Agricultural machinery, equipment",1292527562
2026-05-01,imports,EU5,21300,Computers,31225099295
2026-05-01,imports,EU5,21301,Computer accessories,20081051347
2026-05-01,imports,EU5,21320,Semiconductors,11864666385
2026-05-01,imports,EU5,21400,Telecommunications equipment,12997279827
2026-05-01,imports,EU5,21500,Business machines and equipment,425919903
2026-05-01,imports,EU5,21600,Laboratory testing instruments,600590500
2026-05-01,imports,EU5,21610,Medicinal equipment,5116389045
2026-05-01,imports,EU5,22000,Civilian aircraft,1959862373
2026-05-01,imports,EU5,22010,Parts-civilian aircraft,1779704657
2026-05-01,imports,EU5,22020,Engines-civilian aircraft,2690010848
2026-05-01,imports,EU5,22100,Railway transportation equipment,110722372
2026-05-01,imports,EU5,22200,"Vessels, except scrap",239600
2026-05-01,imports,EU5,22210,"Commercial vessels, other",14935447
2026-05-01,imports,EU5,22220,"Marine engines, parts",155096969
2026-05-01,imports,EU5,22300,"Spacecraft, excluding military",20454877
2026-05-01,imports,EU1,3,"Automotive vehicles, parts, and engines",36953227971
2026-05-01,imports,EU5,30000,"Passenger cars, new and used",14943827698
2026-05-01,imports,EU5,30100,"Trucks, buses, and special purpose vehicles",5165255775
2026-05-01,imports,EU5,30110,Bodies and chassis for trucks and buses,61239006
2026-05-01,imports,EU5,30200,Engines and engine parts,3126566556
2026-05-01,imports,EU5,30210,Bodies and chassis for passenger cars,9792667
2026-05-01,imports,EU5,30220,Automotive tires and tubes,1365484740
2026-05-01,imports,EU5,30230,Other parts and accessories of vehicles,12281061529
2026-05-01,imports,EU1,4,Consumer goods,56354263108
2026-05-01,imports,EU5,40000,"Apparel, household goods - cotton",3085742095
2026-05-01,imports,EU5,40010,"Apparel, household goods - wool",156877571
2026-05-01,imports,EU5,40020,"Apparel, textiles, nonwool or cotton",3882700953
2026-05-01,imports,EU5,40030,"Apparel,household goods-nontextile",730813182
2026-05-01,imports,EU5,40040,Footwear,1445277963
2026-05-01,imports,EU5,40050,Camping apparel and gear,1154397063
2026-05-01,imports,EU5,40100,Pharmaceutical preparations,15665159606
2026-05-01,imports,EU5,40110,"Books, printed matter",446474640
2026-05-01,imports,EU5,40120,Toiletries and cosmetics,1670579770
2026-05-01,imports,EU5,40140,Other consumer nondurables,1964835064
2026-05-01,imports,EU5,41000,"Furniture, household goods, etc.",2836444761
2026-05-01,imports,EU5,41010,"Glassware, chinaware",211464489
2026-05-01,imports,EU5,41020,"Cookware, cutlery, tools",880892233
2026-05-01,imports,EU5,41030,Household appliances,2968836710
2026-05-01,imports,EU5,41040,Rugs,281865782
2026-05-01,imports,EU5,41050,"Cell phones and other household goods, n.e.c.",8788883443
2026-05-01,imports,EU5,41100,Motorcycles and parts,334065015
2026-05-01,imports,EU5,41110,Pleasure boats and motors,237789297
2026-05-01,imports,EU5,41120,"Toys, games, and sporting goods",2942137933
2026-05-01,imports,EU5,41130,Photo equipment,428547365
2026-05-01,imports,EU5,41140,Musical instruments,149186953
2026-05-01,imports,EU5,41200,Televisions and video equipment,1183815390
2026-05-01,imports,EU5,41210,"Stereo equipment, etc",875151073
2026-05-01,imports,EU5,41220,Recorded media,61659500
2026-05-01,imports,EU5,41300,Numismatic coins,105822387
2026-05-01,imports,EU5,41310,Jewelry,1694539143
2026-05-01,imports,EU5,41320,"Artwork, antiques, stamps, etc.",923402702
2026-05-01,imports,EU5,42000,"Nursery stock, etc.",362225087
2026-05-01,imports,EU5,42100,Gem diamonds,649978033
2026-05-01,imports,EU5,42110,"Gem stones, other",234697905
2026-05-01,imports,EU1,5,Other goods,14950239733
2026-05-01,imports,EU5,50000,Military aircraft and parts,360684721
2026-05-01,imports,EU5,50010,Other military equipment,225686718
2026-05-01,imports,EU5,50020,"U.s. Goods returned, and reimports",9797173632
2026-05-01,imports,EU5,50030,Minimum value shipments,3360432756
2026-05-01,imports,EU5,50040,"Other (movies, miscellaneous imports, and special transactions)",1206261906
2026-06-01,imports,EU1,0,"Foods, feeds, and beverages",18332907711
2026-06-01,imports,EU5,00000,Green coffee,847020835
2026-06-01,imports,EU5,00010,Cocoa beans,158088449
2026-06-01,imports,EU5,00020,Cane and beet sugar,143088162
2026-06-01,imports,EU5,00100,Meat products,2356988185
2026-06-01,imports,EU5,00110,Dairy products and eggs,318109919
2026-06-01,imports,EU5,00120,"Fruits, frozen juices",2146592636
2026-06-01,imports,EU5,00130,Vegetables,1523761934
2026-06-01,imports,EU5,00140,Nuts,228492678
2026-06-01,imports,EU5,00150,"Food oils, oilseeds",1073589656
2026-06-01,imports,EU5,00160,Bakery products,1948206527
2026-06-01,imports,EU5,00170,"Tea, spices, etc.",269343450
2026-06-01,imports,EU5,00180,Other foods,1881521780
2026-06-01,imports,EU5,00190,"Wine, beer, and related products",1224366603
2026-06-01,imports,EU5,00200,Feedstuff and foodgrains,790502004
2026-06-01,imports,EU5,01000,Fish and shellfish,2692847585
2026-06-01,imports,EU5,01010,"Alcoholic beverages, excluding wine",614054805
2026-06-01,imports,EU5,01020,"Nonagricultural foods, etc.",116332503
2026-06-01,imports,EU1,1,Industrial supplies and materials,57997073690
2026-06-01,imports,EU5,10000,Crude oil,14910179070
2026-06-01,imports,EU5,10010,Fuel oil,1668908852
2026-06-01,imports,EU5,10020,"Petroleum products, other",3723028909
2026-06-01,imports,EU5,10030,Liquefied petroleum gases,330460736
2026-06-01,imports,EU5,10100,Coal and related fuels,130604462
2026-06-01,imports,EU5,10110,Gas-natural,474704157
2026-06-01,imports,EU5,10300,Nuclear fuel materials,557701547
2026-06-01,imports,EU5,10400,Electric energy,224094041
2026-06-01,imports,EU5,11000,Pulpwood and woodpulp,334724699
2026-06-01,imports,EU5,11100,Newsprint,39685987
2026-06-01,imports,EU5,11110,Paper and paper products,825065023
2026-06-01,imports,EU5,12000,"Cotton, natural fibers",6000346
2026-06-01,imports,EU5,12030,Hides and skins,1316330
2026-06-01,imports,EU5,12050,Natural rubber,116149068
2026-06-01,imports,EU5,12060,"Farming materials, livestock",120395614
2026-06-01,imports,EU5,12070,"Tobacco, waxes, etc.",1366386382
2026-06-01,imports,EU5,12100,"Cotton cloth, fabrics",78488569
2026-06-01,imports,EU5,12110,"Wool, silk, etc.",62532489
2026-06-01,imports,EU5,12135,Synthetic cloth,455464019
2026-06-01,imports,EU5,12140,"Hair, waste materials",88898510
2026-06-01,imports,EU5,12150,Finished textile supplies,502289868
2026-06-01,imports,EU5,12160,Leather and furs,42997575
2026-06-01,imports,EU5,12320,"Materials, excluding chemicals",148680442
2026-06-01,imports,EU5,12500,Plastic materials,1886633512
2026-06-01,imports,EU5,12510,Chemicals-fertilizers,1059805667
2026-06-01,imports,EU5,12530,Chemicals-inorganic,1233657286
2026-06-01,imports,EU5,12540,Chemicals-organic,1950149112
2026-06-01,imports,EU5,12550,"Chemicals-other, n.e.c.",1574743744
2026-06-01,imports,EU5,13000,Lumber,521247009
2026-06-01,imports,EU5,13010,Plywood and veneers,329002168
2026-06-01,imports,EU5,13020,"Stone, sand, cement, etc.",725950129
2026-06-01,imports,EU5,13100,"Glass-plate, sheet, etc.",229787847
2026-06-01,imports,EU5,13110,"Shingles, wallboard",1202585883
2026-06-01,imports,EU5,13120,Nontextile floor tiles,522753036
2026-06-01,imports,EU5,14000,Steelmaking materials,999665744
2026-06-01,imports,EU5,14100,Iron and steel mill products,1352114046
2026-06-01,imports,EU5,14200,Bauxite and aluminum,2250504513
2026-06-01,imports,EU5,14220,Copper,1811975361
2026-06-01,imports,EU5,14240,Nickel,205169627
2026-06-01,imports,EU5,14250,Tin,156695893
2026-06-01,imports,EU5,14260,Zinc,172546173
2026-06-01,imports,EU5,14270,Nonmonetary gold,1347819387
2026-06-01,imports,EU5,14280,Other precious metals,2509875908
2026-06-01,imports,EU5,14290,"Nonferrous metals, other",577234253
2026-06-01,imports,EU5,15000,"Iron and steel products, n.e.c.",786844771
2026-06-01,imports,EU5,15100,"Iron and steel, advanced",967545106
2026-06-01,imports,EU5,15200,Finished metal shapes,2696110812
2026-06-01,imports,EU5,16040,"Sulfur, nonmetallic minerals",192945559
2026-06-01,imports,EU5,16050,Synthetic rubber--primary,277009609
2026-06-01,imports,EU5,16110,"Blank tapes, audio & visual",9762346
2026-06-01,imports,EU5,16120,"Industrial supplies, other",4238182494
2026-06-01,imports,EU1,2,"Capital goods, except automotive",133332053858
2026-06-01,imports,EU5,20000,"Generators, accessories",4539010652
2026-06-01,imports,EU5,20005,Electric apparatus,9421991379
2026-06-01,imports,EU5,21000,Drilling & oilfield equipment,383562348
2026-06-01,imports,EU5,21010,Specialized mining,148279075
2026-06-01,imports,EU5,21030,Excavating machinery,1559646411
2026-06-01,imports,EU5,21040,Nonfarm tractors and parts,70257089
2026-06-01,imports,EU5,21100,Industrial engines,3258200604
2026-06-01,imports,EU5,21110,"Food, tobacco machinery",525942204
2026-06-01,imports,EU5,21120,Metalworking machine tools,1311739711
2026-06-01,imports,EU5,21130,"Textile, sewing machines",139382166
2026-06-01,imports,EU5,21140,"Wood, glass, plastic",783288363
2026-06-01,imports,EU5,21150,Pulp and paper machinery,732148834
2026-06-01,imports,EU5,21160,"Measuring, testing, control instruments",2731452154
2026-06-01,imports,EU5,21170,Materials handling equipment,2262579596
2026-06-01,imports,EU5,21180,"Industrial machines, other",7966321867
2026-06-01,imports,EU5,21190,"Photo, service industry machinery",2577048616
2026-06-01,imports,EU5,21200,"Agricultural machinery, equipment",1145092476
2026-06-01,imports,EU5,21300,Computers,30475460896
2026-06-01,imports,EU5,21301,Computer accessories,21111880895
2026-06-01,imports,EU5,21320,Semiconductors,13144023992
2026-06-01,imports,EU5,21400,Telecommunications equipment,15500216598
2026-06-01,imports,EU5,21500,Business machines and equipment,417360106
2026-06-01,imports,EU5,21600,Laboratory testing instruments,738673136
2026-06-01,imports,EU5,21610,Medicinal equipment,5673541993
2026-06-01,imports,EU5,22000,Civilian aircraft,1677917023
2026-06-01,imports,EU5,22010,Parts-civilian aircraft,1766185417
2026-06-01,imports,EU5,22020,Engines-civilian aircraft,2977530234
2026-06-01,imports,EU5,22100,Railway transportation equipment,117948119
2026-06-01,imports,EU5,22200,"Vessels, except scrap",300319
2026-06-01,imports,EU5,22210,"Commercial vessels, other",17676007
2026-06-01,imports,EU5,22220,"Marine engines, parts",146458895
2026-06-01,imports,EU5,22300,"Spacecraft, excluding military",10936683
2026-06-01,imports,EU1,3,"Automotive vehicles, parts, and engines",36107149776
2026-06-01,imports,EU5,30000,"Passenger cars, new and used",15241054513
2026-06-01,imports,EU5,30100,"Trucks, buses, and special purpose vehicles",4951857070
2026-06-01,imports,EU5,30110,Bodies and chassis for trucks and buses,58281371
2026-06-01,imports,EU5,30200,Engines and engine parts,2911717293
2026-06-01,imports,EU5,30210,Bodies and chassis for passenger cars,798486
2026-06-01,imports,EU5,30220,Automotive tires and tubes,1343199586
2026-06-01,imports,EU5,30230,Other parts and accessories of vehicles,11600241457
2026-06-01,imports,EU1,4,Consumer goods,57293645723
2026-06-01,imports,EU5,40000,"Apparel, household goods - cotton",3537769182
2026-06-01,imports,EU5,40010,"Apparel, household goods - wool",234460838
2026-06-01,imports,EU5,40020,"Apparel, textiles, nonwool or cotton",4051440877
2026-06-01,imports,EU5,40030,"Apparel,household goods-nontextile",781159024
2026-06-01,imports,EU5,40040,Footwear,1583870802
2026-06-01,imports,EU5,40050,Camping apparel and gear,1157948896
2026-06-01,imports,EU5,40100,Pharmaceutical preparations,15639613699
2026-06-01,imports,EU5,40110,"Books, printed matter",478503295
2026-06-01,imports,EU5,40120,Toiletries and cosmetics,1791922397
2026-06-01,imports,EU5,40140,Other consumer nondurables,2076090565
2026-06-01,imports,EU5,41000,"Furniture, household goods, etc.",2910360439
2026-06-01,imports,EU5,41010,"Glassware, chinaware",228276406
2026-06-01,imports,EU5,41020,"Cookware, cutlery, tools",921436051
2026-06-01,imports,EU5,41030,Household appliances,2750345762
2026-06-01,imports,EU5,41040,Rugs,264738127
2026-06-01,imports,EU5,41050,"Cell phones and other household goods, n.e.c.",8924339782
2026-06-01,imports,EU5,41100,Motorcycles and parts,321966525
2026-06-01,imports,EU5,41110,Pleasure boats and motors,278318096
2026-06-01,imports,EU5,41120,"Toys, games, and sporting goods",3284253691
2026-06-01,imports,EU5,41130,Photo equipment,429583757
2026-06-01,imports,EU5,41140,Musical instruments,155939099
2026-06-01,imports,EU5,41200,Televisions and video equipment,1442197136
2026-06-01,imports,EU5,41210,"Stereo equipment, etc",868627182
2026-06-01,imports,EU5,41220,Recorded media,75621625
2026-06-01,imports,EU5,41300,Numismatic coins,210949721
2026-06-01,imports,EU5,41310,Jewelry,1477527437
2026-06-01,imports,EU5,41320,"Artwork, antiques, stamps, etc.",749450680
2026-06-01,imports,EU5,42000,"Nursery stock, etc.",213503647
2026-06-01,imports,EU5,42100,Gem diamonds,336690766
2026-06-01,imports,EU5,42110,"Gem stones, other",116740219
2026-06-01,imports,EU1,5,Other goods,14345173145
2026-06-01,imports,EU5,50000,Military aircraft and parts,347893547
2026-06-01,imports,EU5,50010,Other military equipment,248187933
2026-06-01,imports,EU5,50020,"U.s. Goods returned, and reimports",9428715369
2026-06-01,imports,EU5,50030,Minimum value shipments,3249489960
2026-06-01,imports,EU5,50040,"Other (movies, miscellaneous imports, and special transactions)",1070886336
2026-07-01,imports,EU1,0,"Foods, feeds, and beverages",17607785291
2026-07-01,imports,EU5,00000,Green coffee,848727046
2026-07-01,imports,EU5,00010,Cocoa beans,154242128
2026-07-01,imports,EU5,00020,Cane and beet sugar,150867069
2026-07-01,imports,EU5,00100,Meat products,2211852169
2026-07-01,imports,EU5,00110,Dairy products and eggs,316511248
2026-07-01,imports,EU5,00120,"Fruits, frozen juices",2088842941
2026-07-01,imports,EU5,00130,Vegetables,1444757824
2026-07-01,imports,EU5,00140,Nuts,227154047
2026-07-01,imports,EU5,00150,"Food oils, oilseeds",1089178095
2026-07-01,imports,EU5,00160,Bakery products,1954222584
2026-07-01,imports,EU5,00170,"Tea, spices, etc.",279867700
2026-07-01,imports,EU5,00180,Other foods,1779481918
2026-07-01,imports,EU5,00190,"Wine, beer, and related products",1146600564
2026-07-01,imports,EU5,00200,Feedstuff and foodgrains,795435299
2026-07-01,imports,EU5,01000,Fish and shellfish,2376816963
2026-07-01,imports,EU5,01010,"Alcoholic beverages, excluding wine",632825733
2026-07-01,imports,EU5,01020,"Nonagricultural foods, etc.",110401963
2026-07-01,imports,EU1,1,Industrial supplies and materials,56933542892
2026-07-01,imports,EU5,10000,Crude oil,13566498710
2026-07-01,imports,EU5,10010,Fuel oil,1785654318
2026-07-01,imports,EU5,10020,"Petroleum products, other",2991629324
2026-07-01,imports,EU5,10030,Liquefied petroleum gases,227068022
2026-07-01,imports,EU5,10100,Coal and related fuels,136907204
2026-07-01,imports,EU5,10110,Gas-natural,344666442
2026-07-01,imports,EU5,10300,Nuclear fuel materials,693475665
2026-07-01,imports,EU5,10400,Electric energy,268015333
2026-07-01,imports,EU5,11000,Pulpwood and woodpulp,362645906
2026-07-01,imports,EU5,11100,Newsprint,36925341
2026-07-01,imports,EU5,11110,Paper and paper products,843813764
2026-07-01,imports,EU5,12000,"Cotton, natural fibers",5992572
2026-07-01,imports,EU5,12030,Hides and skins,1237695
2026-07-01,imports,EU5,12050,Natural rubber,132265729
2026-07-01,imports,EU5,12060,"Farming materials, livestock",117843919
2026-07-01,imports,EU5,12070,"Tobacco, waxes, etc.",1653872869
2026-07-01,imports,EU5,12100,"Cotton cloth, fabrics",80823787
2026-07-01,imports,EU5,12110,"Wool, silk, etc.",56741455
2026-07-01,imports,EU5,12135,Synthetic cloth,451592509
2026-07-01,imports,EU5,12140,"Hair, waste materials",93316052
2026-07-01,imports,EU5,12150,Finished textile supplies,515123103
2026-07-01,imports,EU5,12160,Leather and furs,42292102
2026-07-01,imports,EU5,12320,"Materials, excluding chemicals",147418554
2026-07-01,imports,EU5,12500,Plastic materials,1867892460
2026-07-01,imports,EU5,12510,Chemicals-fertilizers,942150297
2026-07-01,imports,EU5,12530,Chemicals-inorganic,1251499795
2026-07-01,imports,EU5,12540,Chemicals-organic,1989999773
2026-07-01,imports,EU5,12550,"Chemicals-other, n.e.c.",1487933808
2026-07-01,imports,EU5,13000,Lumber,514795321
2026-07-01,imports,EU5,13010,Plywood and veneers,331173781
2026-07-01,imports,EU5,13020,"Stone, sand, cement, etc.",710081150
2026-07-01,imports,EU5,13100,"Glass-plate, sheet, etc.",241011766
2026-07-01,imports,EU5,13110,"Shingles, wallboard",1177061289
2026-07-01,imports,EU5,13120,Nontextile floor tiles,517959705
2026-07-01,imports,EU5,14000,Steelmaking materials,927933453
2026-07-01,imports,EU5,14100,Iron and steel mill products,1397041184
2026-07-01,imports,EU5,14200,Bauxite and aluminum,1977290189
2026-07-01,imports,EU5,14220,Copper,3214027603
2026-07-01,imports,EU5,14240,Nickel,241178422
2026-07-01,imports,EU5,14250,Tin,121031178
2026-07-01,imports,EU5,14260,Zinc,167333684
2026-07-01,imports,EU5,14270,Nonmonetary gold,1579268016
2026-07-01,imports,EU5,14280,Other precious metals,1939536580
2026-07-01,imports,EU5,14290,"Nonferrous metals, other",586043898
2026-07-01,imports,EU5,15000,"Iron and steel products, n.e.c.",834644134
2026-07-01,imports,EU5,15100,"Iron and steel, advanced",984250531
2026-07-01,imports,EU5,15200,Finished metal shapes,2620372813
2026-07-01,imports,EU5,16040,"Sulfur, nonmetallic minerals",197292107
2026-07-01,imports,EU5,16050,Synthetic rubber--primary,272750216
2026-07-01,imports,EU5,16110,"Blank tapes, audio & visual",9791294
2026-07-01,imports,EU5,16120,"Industrial supplies, other",4276378070
2026-07-01,imports,EU1,2,"Capital goods, except automotive",148539070713
2026-07-01,imports,EU5,20000,"Generators, accessories",4486587511
2026-07-01,imports,EU5,20005,Electric apparatus,9969251744
2026-07-01,imports,EU5,21000,Drilling & oilfield equipment,405524223
2026-07-01,imports,EU5,21010,Specialized mining,121038709
2026-07-01,imports,EU5,21030,Excavating machinery,1682603338
2026-07-01,imports,EU5,21040,Nonfarm tractors and parts,74258049
2026-07-01,imports,EU5,21100,Industrial engines,3197045816
2026-07-01,imports,EU5,21110,"Food, tobacco machinery",519604693
2026-07-01,imports,EU5,21120,Metalworking machine tools,1399398171
2026-07-01,imports,EU5,21130,"Textile, sewing machines",129857434
2026-07-01,imports,EU5,21140,"Wood, glass, plastic",775275619
2026-07-01,imports,EU5,21150,Pulp and paper machinery,631332759
2026-07-01,imports,EU5,21160,"Measuring, testing, control instruments",2677576969
2026-07-01,imports,EU5,21170,Materials handling equipment,2439685161
2026-07-01,imports,EU5,21180,"Industrial machines, other",8064301936
2026-07-01,imports,EU5,21190,"Photo, service industry machinery",2647599650
2026-07-01,imports,EU5,21200,"Agricultural machinery, equipment",1161640476
2026-07-01,imports,EU5,21300,Computers,39314177361
2026-07-01,imports,EU5,21301,Computer accessories,27940960110
2026-07-01,imports,EU5,21320,Semiconductors,12909122254
2026-07-01,imports,EU5,21400,Telecommunications equipment,15503912414
2026-07-01,imports,EU5,21500,Business machines and equipment,408835020
2026-07-01,imports,EU5,21600,Laboratory testing instruments,685410917
2026-07-01,imports,EU5,21610,Medicinal equipment,5406501442
2026-07-01,imports,EU5,22000,Civilian aircraft,1234567556
2026-07-01,imports,EU5,22010,Parts-civilian aircraft,1637410688
2026-07-01,imports,EU5,22020,Engines-civilian aircraft,2795937400
2026-07-01,imports,EU5,22100,Railway transportation equipment,114099644
2026-07-01,imports,EU5,22200,"Vessels, except scrap",143039
2026-07-01,imports,EU5,22210,"Commercial vessels, other",23093365
2026-07-01,imports,EU5,22220,"Marine engines, parts",152238103
2026-07-01,imports,EU5,22300,"Spacecraft, excluding military",30079142
2026-07-01,imports,EU1,3,"Automotive vehicles, parts, and engines",35457996445
2026-07-01,imports,EU5,30000,"Passenger cars, new and used",14961754851
2026-07-01,imports,EU5,30100,"Trucks, buses, and special purpose vehicles",4829707428
2026-07-01,imports,EU5,30110,Bodies and chassis for trucks and buses,69677279
2026-07-01,imports,EU5,30200,Engines and engine parts,2877542417
2026-07-01,imports,EU5,30210,Bodies and chassis for passenger cars,1176598
2026-07-01,imports,EU5,30220,Automotive tires and tubes,1306853181
2026-07-01,imports,EU5,30230,Other parts and accessories of vehicles,11411284691
2026-07-01,imports,EU1,4,Consumer goods,60209679877
2026-07-01,imports,EU5,40000,"Apparel, household goods - cotton",3596093915
2026-07-01,imports,EU5,40010,"Apparel, household goods - wool",348833725
2026-07-01,imports,EU5,40020,"Apparel, textiles, nonwool or cotton",4378319970
2026-07-01,imports,EU5,40030,"Apparel,household goods-nontextile",840102085
2026-07-01,imports,EU5,40040,Footwear,1659601230
2026-07-01,imports,EU5,40050,Camping apparel and gear,1054597161
2026-07-01,imports,EU5,40100,Pharmaceutical preparations,16236772253
2026-07-01,imports,EU5,40110,"Books, printed matter",457732477
2026-07-01,imports,EU5,40120,Toiletries and cosmetics,1876084134
2026-07-01,imports,EU5,40140,Other consumer nondurables,1936885100
2026-07-01,imports,EU5,41000,"Furniture, household goods, etc.",2848021729
2026-07-01,imports,EU5,41010,"Glassware, chinaware",259895118
2026-07-01,imports,EU5,41020,"Cookware, cutlery, tools",918069875
2026-07-01,imports,EU5,41030,Household appliances,2734176506
2026-07-01,imports,EU5,41040,Rugs,254179301
2026-07-01,imports,EU5,41050,"Cell phones and other household goods, n.e.c.",10116909129
2026-07-01,imports,EU5,41100,Motorcycles and parts,329259418
2026-07-01,imports,EU5,41110,Pleasure boats and motors,267575808
2026-07-01,imports,EU5,41120,"Toys, games, and sporting goods",3486178499
2026-07-01,imports,EU5,41130,Photo equipment,437924199
2026-07-01,imports,EU5,41140,Musical instruments,166572646
2026-07-01,imports,EU5,41200,Televisions and video equipment,1444426978
2026-07-01,imports,EU5,41210,"Stereo equipment, etc",837360034
2026-07-01,imports,EU5,41220,Recorded media,60309763
2026-07-01,imports,EU5,41300,Numismatic coins,186690849
2026-07-01,imports,EU5,41310,Jewelry,1969585741
2026-07-01,imports,EU5,41320,"Artwork, antiques, stamps, etc.",779819729
2026-07-01,imports,EU5,42000,"Nursery stock, etc.",194248228
2026-07-01,imports,EU5,42100,Gem diamonds,397995532
2026-07-01,imports,EU5,42110,"Gem stones, other",135458745
2026-07-01,imports,EU1,5,Other goods,14171820043
2026-07-01,imports,EU5,50000,Military aircraft and parts,302035239
2026-07-01,imports,EU5,50010,Other military equipment,230405048
2026-07-01,imports,EU5,50020,"U.s. Goods returned, and reimports",9290916522
2026-07-01,imports,EU5,50030,Minimum value shipments,3352847687
2026-07-01,imports,EU5,50040,"Other (movies, miscellaneous imports, and special transactions)",995615547
2024-06-01,exports,EU1,0,"Foods, feeds, and beverages",11990249538
2024-06-01,exports,EU1,1,Industrial supplies and materials,60512328266
2024-06-01,exports,EU1,2,"Capital goods, except automotive",55774488072
2024-06-01,exports,EU1,3,"Automotive vehicles, parts, and engines",15312154776
2024-06-01,exports,EU1,4,Consumer goods,23445987405
2024-06-01,exports,EU1,5,Other goods,1728295277
2024-06-01,exports,EU1,6,"Exports, n.e.c., and reexports",5486587112
2024-06-01,exports,EU5,00000,Wheat,418591846
2024-06-01,exports,EU5,00010,Rice,207687306
2024-06-01,exports,EU5,00100,Soybeans,815363104
2024-06-01,exports,EU5,00110,"Oilseeds, food oils",241973343
2024-06-01,exports,EU5,00200,Corn,1304905294
2024-06-01,exports,EU5,00210,"Sorghum, barley, oats",33850383
2024-06-01,exports,EU5,00220,"Animal feeds, n.e.c.",878478539
2024-06-01,exports,EU5,00300,"Meat, poultry, etc.",2145194092
2024-06-01,exports,EU5,00310,Dairy products and eggs,540956635
2024-06-01,exports,EU5,00320,"Fruits,  frozen juices",905039993
2024-06-01,exports,EU5,00330,Vegetables,696597037
2024-06-01,exports,EU5,00340,Nuts,708360628
2024-06-01,exports,EU5,00350,Bakery products,708264307
2024-06-01,exports,EU5,00360,Other foods,1652113375
2024-06-01,exports,EU5,00370,"Wine, beer, and related products",142451631
2024-06-01,exports,EU5,01000,Fish and shellfish,275418168
2024-06-01,exports,EU5,01010,"Alcoholic beverages, excluding wine",275321708
2024-06-01,exports,EU5,01020,"Nonagricultural foods, etc.",39682149
2024-06-01,exports,EU5,10000,"Cotton, raw",359307440
2024-06-01,exports,EU5,10100,"Tobacco, unmanufactured",86582906
2024-06-01,exports,EU5,10120,Hides and skins,100819729
2024-06-01,exports,EU5,10130,Agric. Industry-unmanufactured,389211322
2024-06-01,exports,EU5,10140,Agric. Farming-unmanufactured,212174843
2024-06-01,exports,EU5,10150,"Agriculture-manufactured, other",331601592
2024-06-01,exports,EU5,11010,Metallurgical grade coal,1001497951
2024-06-01,exports,EU5,11020,"Coal and fuels, other",912503944
2024-06-01,exports,EU5,11100,Crude oil,10246050095
2024-06-01,exports,EU5,11110,Fuel oil,4644278748
2024-06-01,exports,EU5,11120,"Petroleum products, other",6512329546
2024-06-01,exports,EU5,11130,Natural gas liquids,2684934841
2024-06-01,exports,EU5,11200,Gas-natural,2786222832
2024-06-01,exports,EU5,11300,Nuclear fuel materials,121341599
2024-06-01,exports,EU5,11400,Electric energy,37507113
2024-06-01,exports,EU5,12000,Steelmaking materials,810647865
2024-06-01,exports,EU5,12100,Iron and steel mill products,1005120646
2024-06-01,exports,EU5,12110,"Iron and steel products, other",658918792
2024-06-01,exports,EU5,12200,Aluminum and alumina,832794037
2024-06-01,exports,EU5,12210,Copper,879376434
2024-06-01,exports,EU5,12260,Nonmonetary gold,2041337071
2024-06-01,exports,EU5,12270,"Precious metals, other",975471687
2024-06-01,exports,EU5,12290,"Nonferrous metals, other",665206457
2024-06-01,exports,EU5,12300,Finished metal shapes,2258915438
2024-06-01,exports,EU5,12420,Pulpwood and woodpulp,724282465
2024-06-01,exports,EU5,12430,Newsprint,1086384261
2024-06-01,exports,EU5,12500,Plastic materials,3841174617
2024-06-01,exports,EU5,12510,Chemicals-fertilizers,930448532
2024-06-01,exports,EU5,12530,Chemicals-inorganic,908583889
2024-06-01,exports,EU5,12540,Chemicals-organic,2605011301
2024-06-01,exports,EU5,12550,Chemicals-other,3237468895
2024-06-01,exports,EU5,12600,Cotton fiber cloth,120785384
2024-06-01,exports,EU5,12620,Manmade cloth,515107513
2024-06-01,exports,EU5,12630,"Hair, waste materials",51610822
2024-06-01,exports,EU5,12640,Finished textile supplies,227595872
2024-06-01,exports,EU5,12650,Leather and furs,51917216
2024-06-01,exports,EU5,12700,Synthetic rubber-primary,297457846
2024-06-01,exports,EU5,12720,Nonmetallic minerals,53831653
2024-06-01,exports,EU5,12750,Industrial rubber products,455473713
2024-06-01,exports,EU5,12760,Mineral supplies-manufactured,726782838
2024-06-01,exports,EU5,12765,"Tapes, audio and visual",13373389
2024-06-01,exports,EU5,12770,Other industrial supplies,2882876854
2024-06-01,exports,EU5,13100,Logs and lumber,464592459
2024-06-01,exports,EU5,13110,"Wood supplies, manufactured",112944116
2024-06-01,exports,EU5,13200,"Glass-plate, sheet, etc.",107023853
2024-06-01,exports,EU5,13210,"Shingles, molding, wallboard",498659034
2024-06-01,exports,EU5,13220,Nontextile floor tiles,44788816
2024-06-01,exports,EU5,20000,"Generators, accessories",1283684217
2024-06-01,exports,EU5,20005,Electric apparatus,4612134869
2024-06-01,exports,EU5,21000,Drilling & oilfield equipment,348389844
2024-06-01,exports,EU5,21010,Specialized mining,107802875
2024-06-01,exports,EU5,21030,Excavating machinery,968977016
2024-06-01,exports,EU5,21040,Nonfarm tractors and parts,305587974
2024-06-01,exports,EU5,21100,Industrial engines,2623111869
2024-06-01,exports,EU5,21110,"Food, tobacco machinery",409658372
2024-06-01,exports,EU5,21120,Metalworking machine tools,513903372
2024-06-01,exports,EU5,21130,"Textile, sewing machines",73770471
2024-06-01,exports,EU5,21140,"Wood, glass, plastic",264217481
2024-06-01,exports,EU5,21150,Pulp and paper machinery,200337844
2024-06-01,exports,EU5,21160,"Measuring, testing, control instruments",2627312889
2024-06-01,exports,EU5,21170,Materials handling equipment,1307107771
2024-06-01,exports,EU5,21180,"Industrial machines, other",6042832271
2024-06-01,exports,EU5,21190,"Photo, service industry machinery",946801184
2024-06-01,exports,EU5,21200,"Agricultural machinery, equipment",865448765
2024-06-01,exports,EU5,21300,Computers,2874579466
2024-06-01,exports,EU5,21301,Computer accessories,3264003621
2024-06-01,exports,EU5,21320,Semiconductors,5346875152
2024-06-01,exports,EU5,21400,Telecommunications equipment,3401913302
2024-06-01,exports,EU5,21500,Business machines and equipment,173068661
2024-06-01,exports,EU5,21600,Laboratory testing instruments,1256462851
2024-06-01,exports,EU5,21610,Medicinal equipment,4053036883
2024-06-01,exports,EU5,22000,Civilian aircraft,20271781
2024-06-01,exports,EU5,22090,"Civilian aircraft, engines, equipment, and parts",11324953162
2024-06-01,exports,EU5,22100,Railway transportation equipment,372890429
2024-06-01,exports,EU5,22200,"Vessels, excluding scrap",1848093
2024-06-01,exports,EU5,22210,"Commercial vessels, other",39729587
2024-06-01,exports,EU5,22220,"Marine engines, parts",135626692
2024-06-01,exports,EU5,22300,"Spacecraft, excluding military",8149308
2024-06-01,exports,EU5,30000,"Passenger cars, new and used",5393385930
2024-06-01,exports,EU5,30100,"Trucks, buses, and special purpose vehicles",2826345948
2024-06-01,exports,EU5,30200,Engines and engine parts,1836621437
2024-06-01,exports,EU5,30210,Bodies and chassis for passenger cars,14127534
2024-06-01,exports,EU5,30220,Automotive tires and tubes,278706825
2024-06-01,exports,EU5,30230,Other parts and accessories of vehicles,4962967102
2024-06-01,exports,EU5,40000,"Apparel, household goods - textile",660265011
2024-06-01,exports,EU5,40030,"Apparel,household goods-nontextile",268376245
2024-06-01,exports,EU5,40050,Sports apparel and gear,59731926
2024-06-01,exports,EU5,40100,Pharmaceutical preparations,9811445366
2024-06-01,exports,EU5,40110,"Books, printed matter",298598406
2024-06-01,exports,EU5,40120,Toiletries and cosmetics,1273885367
2024-06-01,exports,EU5,40130,"Tobacco, manufactured",49978241
2024-06-01,exports,EU5,40140,Other consumer nondurables,619603611
2024-06-01,exports,EU5,41000,"Furniture, household goods, etc.",438582953
2024-06-01,exports,EU5,41010,"Glassware, chinaware",36402536
2024-06-01,exports,EU5,41020,"Cookware, cutlery, tools",94302632
2024-06-01,exports,EU5,41030,Household appliances,620324471
2024-06-01,exports,EU5,41040,Rugs,60998355
2024-06-01,exports,EU5,41050,"Cell phones and other household goods, n.e.c.",2728875330
2024-06-01,exports,EU5,41110,Pleasure boats and motors,199081668
2024-06-01,exports,EU5,41120,"Toys, games, and sporting goods",858407444
2024-06-01,exports,EU5,41140,Musical instruments,231337525
2024-06-01,exports,EU5,41200,Televisions and video equipment,205815423
2024-06-01,exports,EU5,41210,"Stereo equipment, etc.",228742475
2024-06-01,exports,EU5,41220,Recorded media,89467001
2024-06-01,exports,EU5,41300,Numismatic coins,55467384
2024-06-01,exports,EU5,41310,"Jewelry, etc.",1260412159
2024-06-01,exports,EU5,41320,"Artwork, antiques, stamps, etc.",1067812993
2024-06-01,exports,EU5,42000,"Nursery stock, etc.",28550931
2024-06-01,exports,EU5,42100,Gem diamonds,2199521952
2024-06-01,exports,EU5,50000,"Military aircraft, complete",115444861
2024-06-01,exports,EU5,50010,"Aircraft launching gear, parachutes, etc.",27607397
2024-06-01,exports,EU5,50020,Engines and turbines for military aircraft,430203045
2024-06-01,exports,EU5,50030,"Military trucks, armored vehicles, etc.",112175180
2024-06-01,exports,EU5,50040,Military ships and boats,0
2024-06-01,exports,EU5,50050,"Tanks, artillery, missiles, rockets, guns and ammunition",327980819
2024-06-01,exports,EU5,50060,Military apparel and footwear,13105012
2024-06-01,exports,EU5,50070,Parts for military-type goods,701778963
2024-06-01,exports,EU5,60000,Minimum value shipments,4654557113
2024-06-01,exports,EU5,60010,Miscellaneous domestic exports and special transactions,832029999
2024-07-01,exports,EU1,0,"Foods, feeds, and beverages",12325465694
2024-07-01,exports,EU1,1,Industrial supplies and materials,61112310601
2024-07-01,exports,EU1,2,"Capital goods, except automotive",55279262062
2024-07-01,exports,EU1,3,"Automotive vehicles, parts, and engines",12896648066
2024-07-01,exports,EU1,4,Consumer goods,19983040287
2024-07-01,exports,EU1,5,Other goods,2005883623
2024-07-01,exports,EU1,6,"Exports, n.e.c., and reexports",5344384171
2024-07-01,exports,EU5,00000,Wheat,528275210
2024-07-01,exports,EU5,00010,Rice,199837163
2024-07-01,exports,EU5,00100,Soybeans,823746393
2024-07-01,exports,EU5,00110,"Oilseeds, food oils",243529058
2024-07-01,exports,EU5,00200,Corn,1254070764
2024-07-01,exports,EU5,00210,"Sorghum, barley, oats",99224124
2024-07-01,exports,EU5,00220,"Animal feeds, n.e.c.",896936617
2024-07-01,exports,EU5,00300,"Meat, poultry, etc.",2193298701
2024-07-01,exports,EU5,00310,Dairy products and eggs,572400130
2024-07-01,exports,EU5,00320,"Fruits,  frozen juices",938514590
2024-07-01,exports,EU5,00330,Vegetables,633465987
2024-07-01,exports,EU5,00340,Nuts,645361278
2024-07-01,exports,EU5,00350,Bakery products,763694770
2024-07-01,exports,EU5,00360,Other foods,1665977480
2024-07-01,exports,EU5,00370,"Wine, beer, and related products",119824694
2024-07-01,exports,EU5,01000,Fish and shellfish,466363441
2024-07-01,exports,EU5,01010,"Alcoholic beverages, excluding wine",242598731
2024-07-01,exports,EU5,01020,"Nonagricultural foods, etc.",38346563
2024-07-01,exports,EU5,10000,"Cotton, raw",338076695
2024-07-01,exports,EU5,10100,"Tobacco, unmanufactured",51210216
2024-07-01,exports,EU5,10120,Hides and skins,65481819
2024-07-01,exports,EU5,10130,Agric. Industry-unmanufactured,405751665
2024-07-01,exports,EU5,10140,Agric. Farming-unmanufactured,217143381
2024-07-01,exports,EU5,10150,"Agriculture-manufactured, other",345767046
2024-07-01,exports,EU5,11010,Metallurgical grade coal,751874719
2024-07-01,exports,EU5,11020,"Coal and fuels, other",942864825
2024-07-01,exports,EU5,11100,Crude oil,10873994867
2024-07-01,exports,EU5,11110,Fuel oil,4529813134
2024-07-01,exports,EU5,11120,"Petroleum products, other",6440150862
2024-07-01,exports,EU5,11130,Natural gas liquids,2838055735
2024-07-01,exports,EU5,11200,Gas-natural,2763666736
2024-07-01,exports,EU5,11300,Nuclear fuel materials,145910949
2024-07-01,exports,EU5,11400,Electric energy,52251270
2024-07-01,exports,EU5,12000,Steelmaking materials,819754458
2024-07-01,exports,EU5,12100,Iron and steel mill products,1037106099
2024-07-01,exports,EU5,12110,"Iron and steel products, other",582397770
2024-07-01,exports,EU5,12200,Aluminum and alumina,842356789
2024-07-01,exports,EU5,12210,Copper,961084911
2024-07-01,exports,EU5,12260,Nonmonetary gold,1784956109
2024-07-01,exports,EU5,12270,"Precious metals, other",1150143688
2024-07-01,exports,EU5,12290,"Nonferrous metals, other",858998589
2024-07-01,exports,EU5,12300,Finished metal shapes,2242844994
2024-07-01,exports,EU5,12420,Pulpwood and woodpulp,750536140
2024-07-01,exports,EU5,12430,Newsprint,1135312312
2024-07-01,exports,EU5,12500,Plastic materials,4019272947
2024-07-01,exports,EU5,12510,Chemicals-fertilizers,835581916
2024-07-01,exports,EU5,12530,Chemicals-inorganic,930970970
2024-07-01,exports,EU5,12540,Chemicals-organic,2567717074
2024-07-01,exports,EU5,12550,Chemicals-other,3301483101
2024-07-01,exports,EU5,12600,Cotton fiber cloth,112698929
2024-07-01,exports,EU5,12620,Manmade cloth,550094913
2024-07-01,exports,EU5,12630,"Hair, waste materials",52565608
2024-07-01,exports,EU5,12640,Finished textile supplies,226608361
2024-07-01,exports,EU5,12650,Leather and furs,51455144
2024-07-01,exports,EU5,12700,Synthetic rubber-primary,287397575
2024-07-01,exports,EU5,12720,Nonmetallic minerals,72605527
2024-07-01,exports,EU5,12750,Industrial rubber products,431914156
2024-07-01,exports,EU5,12760,Mineral supplies-manufactured,723820133
2024-07-01,exports,EU5,12765,"Tapes, audio and visual",13368222
2024-07-01,exports,EU5,12770,Other industrial supplies,2815031479
2024-07-01,exports,EU5,13100,Logs and lumber,413983382
2024-07-01,exports,EU5,13110,"Wood supplies, manufactured",107270451
2024-07-01,exports,EU5,13200,"Glass-plate, sheet, etc.",106883315
2024-07-01,exports,EU5,13210,"Shingles, molding, wallboard",521511896
2024-07-01,exports,EU5,13220,Nontextile floor tiles,42569724
2024-07-01,exports,EU5,20000,"Generators, accessories",1226563616
2024-07-01,exports,EU5,20005,Electric apparatus,4545596508
2024-07-01,exports,EU5,21000,Drilling & oilfield equipment,299760189
2024-07-01,exports,EU5,21010,Specialized mining,109732688
2024-07-01,exports,EU5,21030,Excavating machinery,913302505
2024-07-01,exports,EU5,21040,Nonfarm tractors and parts,289216300
2024-07-01,exports,EU5,21100,Industrial engines,2550184123
2024-07-01,exports,EU5,21110,"Food, tobacco machinery",331192888
2024-07-01,exports,EU5,21120,Metalworking machine tools,580016788
2024-07-01,exports,EU5,21130,"Textile, sewing machines",70090758
2024-07-01,exports,EU5,21140,"Wood, glass, plastic",292524086
2024-07-01,exports,EU5,21150,Pulp and paper machinery,169936268
2024-07-01,exports,EU5,21160,"Measuring, testing, control instruments",2401029991
2024-07-01,exports,EU5,21170,Materials handling equipment,1237786416
2024-07-01,exports,EU5,21180,"Industrial machines, other",5870008997
2024-07-01,exports,EU5,21190,"Photo, service industry machinery",853042435
2024-07-01,exports,EU5,21200,"Agricultural machinery, equipment",718623201
2024-07-01,exports,EU5,21300,Computers,2327903660
2024-07-01,exports,EU5,21301,Computer accessories,3818673795
2024-07-01,exports,EU5,21320,Semiconductors,7160857444
2024-07-01,exports,EU5,21400,Telecommunications equipment,3426969156
2024-07-01,exports,EU5,21500,Business machines and equipment,172903409
2024-07-01,exports,EU5,21600,Laboratory testing instruments,1111752797
2024-07-01,exports,EU5,21610,Medicinal equipment,3752107144
2024-07-01,exports,EU5,22000,Civilian aircraft,12409561
2024-07-01,exports,EU5,22090,"Civilian aircraft, engines, equipment, and parts",10614836992
2024-07-01,exports,EU5,22100,Railway transportation equipment,285722376
2024-07-01,exports,EU5,22200,"Vessels, excluding scrap",1022794
2024-07-01,exports,EU5,22210,"Commercial vessels, other",31082163
2024-07-01,exports,EU5,22220,"Marine engines, parts",101996106
2024-07-01,exports,EU5,22300,"Spacecraft, excluding military",2416908
2024-07-01,exports,EU5,30000,"Passenger cars, new and used",4204584860
2024-07-01,exports,EU5,30100,"Trucks, buses, and special purpose vehicles",2189060190
2024-07-01,exports,EU5,30200,Engines and engine parts,1715147772
2024-07-01,exports,EU5,30210,Bodies and chassis for passenger cars,14659675
2024-07-01,exports,EU5,30220,Automotive tires and tubes,251413756
2024-07-01,exports,EU5,30230,Other parts and accessories of vehicles,4521781813
2024-07-01,exports,EU5,40000,"Apparel, household goods - textile",657169273
2024-07-01,exports,EU5,40030,"Apparel,household goods-nontextile",264878944
2024-07-01,exports,EU5,40050,Sports apparel and gear,60941709
2024-07-01,exports,EU5,40100,Pharmaceutical preparations,8569314549
2024-07-01,exports,EU5,40110,"Books, printed matter",275200448
2024-07-01,exports,EU5,40120,Toiletries and cosmetics,1291701177
2024-07-01,exports,EU5,40130,"Tobacco, manufactured",39850040
2024-07-01,exports,EU5,40140,Other consumer nondurables,634570884
2024-07-01,exports,EU5,41000,"Furniture, household goods, etc.",437598477
2024-07-01,exports,EU5,41010,"Glassware, chinaware",33555655
2024-07-01,exports,EU5,41020,"Cookware, cutlery, tools",99649873
2024-07-01,exports,EU5,41030,Household appliances,603370446
2024-07-01,exports,EU5,41040,Rugs,58298158
2024-07-01,exports,EU5,41050,"Cell phones and other household goods, n.e.c.",2573548854
2024-07-01,exports,EU5,41110,Pleasure boats and motors,210522676
2024-07-01,exports,EU5,41120,"Toys, games, and sporting goods",817644577
2024-07-01,exports,EU5,41140,Musical instruments,205930732
2024-07-01,exports,EU5,41200,Televisions and video equipment,197072797
2024-07-01,exports,EU5,41210,"Stereo equipment, etc.",208540070
2024-07-01,exports,EU5,41220,Recorded media,78027723
2024-07-01,exports,EU5,41300,Numismatic coins,45101013
2024-07-01,exports,EU5,41310,"Jewelry, etc.",1040896393
2024-07-01,exports,EU5,41320,"Artwork, antiques, stamps, etc.",652065091
2024-07-01,exports,EU5,42000,"Nursery stock, etc.",19770834
2024-07-01,exports,EU5,42100,Gem diamonds,907819894
2024-07-01,exports,EU5,50000,"Military aircraft, complete",163891124
2024-07-01,exports,EU5,50010,"Aircraft launching gear, parachutes, etc.",27862918
2024-07-01,exports,EU5,50020,Engines and turbines for military aircraft,247082942
2024-07-01,exports,EU5,50030,"Military trucks, armored vehicles, etc.",486944055
2024-07-01,exports,EU5,50040,Military ships and boats,0
2024-07-01,exports,EU5,50050,"Tanks, artillery, missiles, rockets, guns and ammunition",322804202
2024-07-01,exports,EU5,50060,Military apparel and footwear,12994770
2024-07-01,exports,EU5,50070,Parts for military-type goods,744303612
2024-07-01,exports,EU5,60000,Minimum value shipments,4536808722
2024-07-01,exports,EU5,60010,Miscellaneous domestic exports and special transactions,807575449
2024-08-01,exports,EU1,0,"Foods, feeds, and beverages",12564403228
2024-08-01,exports,EU1,1,Industrial supplies and materials,62657395199
2024-08-01,exports,EU1,2,"Capital goods, except automotive",58652465875
2024-08-01,exports,EU1,3,"Automotive vehicles, parts, and engines",15243820827
2024-08-01,exports,EU1,4,Consumer goods,22655582742
2024-08-01,exports,EU1,5,Other goods,2512512992
2024-08-01,exports,EU1,6,"Exports, n.e.c., and reexports",5768324191
2024-08-01,exports,EU5,00000,Wheat,658234934
2024-08-01,exports,EU5,00010,Rice,168433443
2024-08-01,exports,EU5,00100,Soybeans,882873534
2024-08-01,exports,EU5,00110,"Oilseeds, food oils",234683610
2024-08-01,exports,EU5,00200,Corn,1157801506
2024-08-01,exports,EU5,00210,"Sorghum, barley, oats",115230913
2024-08-01,exports,EU5,00220,"Animal feeds, n.e.c.",885998236
2024-08-01,exports,EU5,00300,"Meat, poultry, etc.",2145271724
2024-08-01,exports,EU5,00310,Dairy products and eggs,584453693
2024-08-01,exports,EU5,00320,"Fruits,  frozen juices",811155207
2024-08-01,exports,EU5,00330,Vegetables,645274946
2024-08-01,exports,EU5,00340,Nuts,622317717
2024-08-01,exports,EU5,00350,Bakery products,766403355
2024-08-01,exports,EU5,00360,Other foods,1773616390
2024-08-01,exports,EU5,00370,"Wine, beer, and related products",134710766
2024-08-01,exports,EU5,01000,Fish and shellfish,658652169
2024-08-01,exports,EU5,01010,"Alcoholic beverages, excluding wine",277193666
2024-08-01,exports,EU5,01020,"Nonagricultural foods, etc.",42097419
2024-08-01,exports,EU5,10000,"Cotton, raw",291123271
2024-08-01,exports,EU5,10100,"Tobacco, unmanufactured",34589442
2024-08-01,exports,EU5,10120,Hides and skins,62311550
2024-08-01,exports,EU5,10130,Agric. Industry-unmanufactured,440862330
2024-08-01,exports,EU5,10140,Agric. Farming-unmanufactured,228402120
2024-08-01,exports,EU5,10150,"Agriculture-manufactured, other",340276817
2024-08-01,exports,EU5,11010,Metallurgical grade coal,730630627
2024-08-01,exports,EU5,11020,"Coal and fuels, other",914185518
2024-08-01,exports,EU5,11100,Crude oil,9791612696
2024-08-01,exports,EU5,11110,Fuel oil,4679920461
2024-08-01,exports,EU5,11120,"Petroleum products, other",6661800116
2024-08-01,exports,EU5,11130,Natural gas liquids,3060373612
2024-08-01,exports,EU5,11200,Gas-natural,2519340983
2024-08-01,exports,EU5,11300,Nuclear fuel materials,144112869
2024-08-01,exports,EU5,11400,Electric energy,52703835
2024-08-01,exports,EU5,12000,Steelmaking materials,929215526
2024-08-01,exports,EU5,12100,Iron and steel mill products,1078990710
2024-08-01,exports,EU5,12110,"Iron and steel products, other",699432338
2024-08-01,exports,EU5,12200,Aluminum and alumina,833400368
2024-08-01,exports,EU5,12210,Copper,902438499
2024-08-01,exports,EU5,12260,Nonmonetary gold,3318706942
2024-08-01,exports,EU5,12270,"Precious metals, other",842196911
2024-08-01,exports,EU5,12290,"Nonferrous metals, other",985732427
2024-08-01,exports,EU5,12300,Finished metal shapes,2360732167
2024-08-01,exports,EU5,12420,Pulpwood and woodpulp,776064117
2024-08-01,exports,EU5,12430,Newsprint,1128545416
2024-08-01,exports,EU5,12500,Plastic materials,4020911204
2024-08-01,exports,EU5,12510,Chemicals-fertilizers,829362968
2024-08-01,exports,EU5,12530,Chemicals-inorganic,942665524
2024-08-01,exports,EU5,12540,Chemicals-organic,2773135087
2024-08-01,exports,EU5,12550,Chemicals-other,3394510614
2024-08-01,exports,EU5,12600,Cotton fiber cloth,123135918
2024-08-01,exports,EU5,12620,Manmade cloth,560200793
2024-08-01,exports,EU5,12630,"Hair, waste materials",57551486
2024-08-01,exports,EU5,12640,Finished textile supplies,240217340
2024-08-01,exports,EU5,12650,Leather and furs,55142326
2024-08-01,exports,EU5,12700,Synthetic rubber-primary,298134396
2024-08-01,exports,EU5,12720,Nonmetallic minerals,61387604
2024-08-01,exports,EU5,12750,Industrial rubber products,473396080
2024-08-01,exports,EU5,12760,Mineral supplies-manufactured,690467153
2024-08-01,exports,EU5,12765,"Tapes, audio and visual",18941638
2024-08-01,exports,EU5,12770,Other industrial supplies,3097504744
2024-08-01,exports,EU5,13100,Logs and lumber,418214634
2024-08-01,exports,EU5,13110,"Wood supplies, manufactured",105815587
2024-08-01,exports,EU5,13200,"Glass-plate, sheet, etc.",108060650
2024-08-01,exports,EU5,13210,"Shingles, molding, wallboard",531656829
2024-08-01,exports,EU5,13220,Nontextile floor tiles,49280956
2024-08-01,exports,EU5,20000,"Generators, accessories",1304630609
2024-08-01,exports,EU5,20005,Electric apparatus,5082065486
2024-08-01,exports,EU5,21000,Drilling & oilfield equipment,311095278
2024-08-01,exports,EU5,21010,Specialized mining,121798775
2024-08-01,exports,EU5,21030,Excavating machinery,933344242
2024-08-01,exports,EU5,21040,Nonfarm tractors and parts,288014233
2024-08-01,exports,EU5,21100,Industrial engines,2695174992
2024-08-01,exports,EU5,21110,"Food, tobacco machinery",395484007
2024-08-01,exports,EU5,21120,Metalworking machine tools,571466985
2024-08-01,exports,EU5,21130,"Textile, sewing machines",66605246
2024-08-01,exports,EU5,21140,"Wood, glass, plastic",289604562
2024-08-01,exports,EU5,21150,Pulp and paper machinery,206376568
2024-08-01,exports,EU5,21160,"Measuring, testing, control instruments",2570396292
2024-08-01,exports,EU5,21170,Materials handling equipment,1303866918
2024-08-01,exports,EU5,21180,"Industrial machines, other",6002561795
2024-08-01,exports,EU5,21190,"Photo, service industry machinery",952691599
2024-08-01,exports,EU5,21200,"Agricultural machinery, equipment",704260115
2024-08-01,exports,EU5,21300,Computers,2623107096
2024-08-01,exports,EU5,21301,Computer accessories,4237665130
2024-08-01,exports,EU5,21320,Semiconductors,6580930262
2024-08-01,exports,EU5,21400,Telecommunications equipment,4014993016
2024-08-01,exports,EU5,21500,Business machines and equipment,189826622
2024-08-01,exports,EU5,21600,Laboratory testing instruments,1186814408
2024-08-01,exports,EU5,21610,Medicinal equipment,3909149122
2024-08-01,exports,EU5,22000,Civilian aircraft,43917783
2024-08-01,exports,EU5,22090,"Civilian aircraft, engines, equipment, and parts",11569167390
2024-08-01,exports,EU5,22100,Railway transportation equipment,327437815
2024-08-01,exports,EU5,22200,"Vessels, excluding scrap",7012397
2024-08-01,exports,EU5,22210,"Commercial vessels, other",31936807
2024-08-01,exports,EU5,22220,"Marine engines, parts",128128071
2024-08-01,exports,EU5,22300,"Spacecraft, excluding military",2942254
2024-08-01,exports,EU5,30000,"Passenger cars, new and used",5034037703
2024-08-01,exports,EU5,30100,"Trucks, buses, and special purpose vehicles",2752739374
2024-08-01,exports,EU5,30200,Engines and engine parts,2140594880
2024-08-01,exports,EU5,30210,Bodies and chassis for passenger cars,20918102
2024-08-01,exports,EU5,30220,Automotive tires and tubes,279179792
2024-08-01,exports,EU5,30230,Other parts and accessories of vehicles,5016350976
2024-08-01,exports,EU5,40000,"Apparel, household goods - textile",742626993
2024-08-01,exports,EU5,40030,"Apparel,household goods-nontextile",266517806
2024-08-01,exports,EU5,40050,Sports apparel and gear,70326653
2024-08-01,exports,EU5,40100,Pharmaceutical preparations,10443271803
2024-08-01,exports,EU5,40110,"Books, printed matter",311708303
2024-08-01,exports,EU5,40120,Toiletries and cosmetics,1450160317
2024-08-01,exports,EU5,40130,"Tobacco, manufactured",44786374
2024-08-01,exports,EU5,40140,Other consumer nondurables,649580631
2024-08-01,exports,EU5,41000,"Furniture, household goods, etc.",484912312
2024-08-01,exports,EU5,41010,"Glassware, chinaware",41765988
2024-08-01,exports,EU5,41020,"Cookware, cutlery, tools",107987490
2024-08-01,exports,EU5,41030,Household appliances,658658931
2024-08-01,exports,EU5,41040,Rugs,67017648
2024-08-01,exports,EU5,41050,"Cell phones and other household goods, n.e.c.",2762638286
2024-08-01,exports,EU5,41110,Pleasure boats and motors,124167137
2024-08-01,exports,EU5,41120,"Toys, games, and sporting goods",916932893
2024-08-01,exports,EU5,41140,Musical instruments,234724330
2024-08-01,exports,EU5,41200,Televisions and video equipment,205305662
2024-08-01,exports,EU5,41210,"Stereo equipment, etc.",259403597
2024-08-01,exports,EU5,41220,Recorded media,113960066
2024-08-01,exports,EU5,41300,Numismatic coins,84066072
2024-08-01,exports,EU5,41310,"Jewelry, etc.",825799530
2024-08-01,exports,EU5,41320,"Artwork, antiques, stamps, etc.",712353259
2024-08-01,exports,EU5,42000,"Nursery stock, etc.",20362334
2024-08-01,exports,EU5,42100,Gem diamonds,1056548327
2024-08-01,exports,EU5,50000,"Military aircraft, complete",148776104
2024-08-01,exports,EU5,50010,"Aircraft launching gear, parachutes, etc.",28867140
2024-08-01,exports,EU5,50020,Engines and turbines for military aircraft,407474518
2024-08-01,exports,EU5,50030,"Military trucks, armored vehicles, etc.",165209292
2024-08-01,exports,EU5,50040,Military ships and boats,0
2024-08-01,exports,EU5,50050,"Tanks, artillery, missiles, rockets, guns and ammunition",580270667
2024-08-01,exports,EU5,50060,Military apparel and footwear,7281206
2024-08-01,exports,EU5,50070,Parts for military-type goods,1174634065
2024-08-01,exports,EU5,60000,Minimum value shipments,4828401803
2024-08-01,exports,EU5,60010,Miscellaneous domestic exports and special transactions,939922388
2024-09-01,exports,EU1,0,"Foods, feeds, and beverages",12789500328
2024-09-01,exports,EU1,1,Industrial supplies and materials,58452687411
2024-09-01,exports,EU1,2,"Capital goods, except automotive",55083324078
2024-09-01,exports,EU1,3,"Automotive vehicles, parts, and engines",15444900882
2024-09-01,exports,EU1,4,Consumer goods,22046445929
2024-09-01,exports,EU1,5,Other goods,2040361673
2024-09-01,exports,EU1,6,"Exports, n.e.c., and reexports",5369540912
2024-09-01,exports,EU5,00000,Wheat,648935942
2024-09-01,exports,EU5,00010,Rice,165346286
2024-09-01,exports,EU5,00100,Soybeans,1492884527
2024-09-01,exports,EU5,00110,"Oilseeds, food oils",245164183
2024-09-01,exports,EU5,00200,Corn,996157159
2024-09-01,exports,EU5,00210,"Sorghum, barley, oats",94326613
2024-09-01,exports,EU5,00220,"Animal feeds, n.e.c.",912117325
2024-09-01,exports,EU5,00300,"Meat, poultry, etc.",2131280682
2024-09-01,exports,EU5,00310,Dairy products and eggs,573793981
2024-09-01,exports,EU5,00320,"Fruits,  frozen juices",775641374
2024-09-01,exports,EU5,00330,Vegetables,634464358
2024-09-01,exports,EU5,00340,Nuts,678695410
2024-09-01,exports,EU5,00350,Bakery products,721506596
2024-09-01,exports,EU5,00360,Other foods,1659068912
2024-09-01,exports,EU5,00370,"Wine, beer, and related products",150817001
2024-09-01,exports,EU5,01000,Fish and shellfish,603510240
2024-09-01,exports,EU5,01010,"Alcoholic beverages, excluding wine",261473471
2024-09-01,exports,EU5,01020,"Nonagricultural foods, etc.",44316268
2024-09-01,exports,EU5,10000,"Cotton, raw",209611752
2024-09-01,exports,EU5,10100,"Tobacco, unmanufactured",23555555
2024-09-01,exports,EU5,10120,Hides and skins,64085713
2024-09-01,exports,EU5,10130,Agric. Industry-unmanufactured,416884997
2024-09-01,exports,EU5,10140,Agric. Farming-unmanufactured,247711978
2024-09-01,exports,EU5,10150,"Agriculture-manufactured, other",356606439
2024-09-01,exports,EU5,11010,Metallurgical grade coal,761356502
2024-09-01,exports,EU5,11020,"Coal and fuels, other",995299867
2024-09-01,exports,EU5,11100,Crude oil,8497702432
2024-09-01,exports,EU5,11110,Fuel oil,4374521739
2024-09-01,exports,EU5,11120,"Petroleum products, other",5738958804
2024-09-01,exports,EU5,11130,Natural gas liquids,2852779184
2024-09-01,exports,EU5,11200,Gas-natural,2642400203
2024-09-01,exports,EU5,11300,Nuclear fuel materials,147280964
2024-09-01,exports,EU5,11400,Electric energy,66870551
2024-09-01,exports,EU5,12000,Steelmaking materials,719570649
2024-09-01,exports,EU5,12100,Iron and steel mill products,955324978
2024-09-01,exports,EU5,12110,"Iron and steel products, other",616750641
2024-09-01,exports,EU5,12200,Aluminum and alumina,808067496
2024-09-01,exports,EU5,12210,Copper,895842500
2024-09-01,exports,EU5,12260,Nonmonetary gold,3006077126
2024-09-01,exports,EU5,12270,"Precious metals, other",1069191729
2024-09-01,exports,EU5,12290,"Nonferrous metals, other",1047727184
2024-09-01,exports,EU5,12300,Finished metal shapes,2177621866
2024-09-01,exports,EU5,12420,Pulpwood and woodpulp,761589564
2024-09-01,exports,EU5,12430,Newsprint,1103906862
2024-09-01,exports,EU5,12500,Plastic materials,3792206655
2024-09-01,exports,EU5,12510,Chemicals-fertilizers,738094852
2024-09-01,exports,EU5,12530,Chemicals-inorganic,925430409
2024-09-01,exports,EU5,12540,Chemicals-organic,2494880356
2024-09-01,exports,EU5,12550,Chemicals-other,3387524697
2024-09-01,exports,EU5,12600,Cotton fiber cloth,113003206
2024-09-01,exports,EU5,12620,Manmade cloth,521603235
2024-09-01,exports,EU5,12630,"Hair, waste materials",48879923
2024-09-01,exports,EU5,12640,Finished textile supplies,212540832
2024-09-01,exports,EU5,12650,Leather and furs,49129898
2024-09-01,exports,EU5,12700,Synthetic rubber-primary,279532620
2024-09-01,exports,EU5,12720,Nonmetallic minerals,71238275
2024-09-01,exports,EU5,12750,Industrial rubber products,426552276
2024-09-01,exports,EU5,12760,Mineral supplies-manufactured,702684959
2024-09-01,exports,EU5,12765,"Tapes, audio and visual",14065079
2024-09-01,exports,EU5,12770,Other industrial supplies,2922997010
2024-09-01,exports,EU5,13100,Logs and lumber,421357849
2024-09-01,exports,EU5,13110,"Wood supplies, manufactured",100641807
2024-09-01,exports,EU5,13200,"Glass-plate, sheet, etc.",110990493
2024-09-01,exports,EU5,13210,"Shingles, molding, wallboard",517903711
2024-09-01,exports,EU5,13220,Nontextile floor tiles,44131994
2024-09-01,exports,EU5,20000,"Generators, accessories",1277504202
2024-09-01,exports,EU5,20005,Electric apparatus,5017722901
2024-09-01,exports,EU5,21000,Drilling & oilfield equipment,301079063
2024-09-01,exports,EU5,21010,Specialized mining,111465431
2024-09-01,exports,EU5,21030,Excavating machinery,914787939
2024-09-01,exports,EU5,21040,Nonfarm tractors and parts,292514393
2024-09-01,exports,EU5,21100,Industrial engines,2625707640
2024-09-01,exports,EU5,21110,"Food, tobacco machinery",370123001
2024-09-01,exports,EU5,21120,Metalworking machine tools,503428549
2024-09-01,exports,EU5,21130,"Textile, sewing machines",72250560
2024-09-01,exports,EU5,21140,"Wood, glass, plastic",273203947
2024-09-01,exports,EU5,21150,Pulp and paper machinery,183938968
2024-09-01,exports,EU5,21160,"Measuring, testing, control instruments",2565606826
2024-09-01,exports,EU5,21170,Materials handling equipment,1341685482
2024-09-01,exports,EU5,21180,"Industrial machines, other",6060996125
2024-09-01,exports,EU5,21190,"Photo, service industry machinery",906641219
2024-09-01,exports,EU5,21200,"Agricultural machinery, equipment",589789502
2024-09-01,exports,EU5,21300,Computers,2515975511
2024-09-01,exports,EU5,21301,Computer accessories,4131534769
2024-09-01,exports,EU5,21320,Semiconductors,5658501104
2024-09-01,exports,EU5,21400,Telecommunications equipment,3313096042
2024-09-01,exports,EU5,21500,Business machines and equipment,167239102
2024-09-01,exports,EU5,21600,Laboratory testing instruments,1151446147
2024-09-01,exports,EU5,21610,Medicinal equipment,3760973265
2024-09-01,exports,EU5,22000,Civilian aircraft,37695416
2024-09-01,exports,EU5,22090,"Civilian aircraft, engines, equipment, and parts",10355754495
2024-09-01,exports,EU5,22100,Railway transportation equipment,387786385
2024-09-01,exports,EU5,22200,"Vessels, excluding scrap",8021353
2024-09-01,exports,EU5,22210,"Commercial vessels, other",33757709
2024-09-01,exports,EU5,22220,"Marine engines, parts",148426273
2024-09-01,exports,EU5,22300,"Spacecraft, excluding military",4670759
2024-09-01,exports,EU5,30000,"Passenger cars, new and used",5385549749
2024-09-01,exports,EU5,30100,"Trucks, buses, and special purpose vehicles",3028515941
2024-09-01,exports,EU5,30200,Engines and engine parts,1912561235
2024-09-01,exports,EU5,30210,Bodies and chassis for passenger cars,7114526
2024-09-01,exports,EU5,30220,Automotive tires and tubes,248362737
2024-09-01,exports,EU5,30230,Other parts and accessories of vehicles,4862796694
2024-09-01,exports,EU5,40000,"Apparel, household goods - textile",697689822
2024-09-01,exports,EU5,40030,"Apparel,household goods-nontextile",273954307
2024-09-01,exports,EU5,40050,Sports apparel and gear,65978490
2024-09-01,exports,EU5,40100,Pharmaceutical preparations,8815890282
2024-09-01,exports,EU5,40110,"Books, printed matter",317601386
2024-09-01,exports,EU5,40120,Toiletries and cosmetics,1321701660
2024-09-01,exports,EU5,40130,"Tobacco, manufactured",41834468
2024-09-01,exports,EU5,40140,Other consumer nondurables,600422528
2024-09-01,exports,EU5,41000,"Furniture, household goods, etc.",446148587
2024-09-01,exports,EU5,41010,"Glassware, chinaware",37890543
2024-09-01,exports,EU5,41020,"Cookware, cutlery, tools",99200940
2024-09-01,exports,EU5,41030,Household appliances,630258702
2024-09-01,exports,EU5,41040,Rugs,62403227
2024-09-01,exports,EU5,41050,"Cell phones and other household goods, n.e.c.",2648461103
2024-09-01,exports,EU5,41110,Pleasure boats and motors,180806516
2024-09-01,exports,EU5,41120,"Toys, games, and sporting goods",973223704
2024-09-01,exports,EU5,41140,Musical instruments,206832642
2024-09-01,exports,EU5,41200,Televisions and video equipment,216725493
2024-09-01,exports,EU5,41210,"Stereo equipment, etc.",242891556
2024-09-01,exports,EU5,41220,Recorded media,113091202
2024-09-01,exports,EU5,41300,Numismatic coins,54003135
2024-09-01,exports,EU5,41310,"Jewelry, etc.",1267064393
2024-09-01,exports,EU5,41320,"Artwork, antiques, stamps, etc.",1059837958
2024-09-01,exports,EU5,42000,"Nursery stock, etc.",30703675
2024-09-01,exports,EU5,42100,Gem diamonds,1641829610
2024-09-01,exports,EU5,50000,"Military aircraft, complete",381791380
2024-09-01,exports,EU5,50010,"Aircraft launching gear, parachutes, etc.",28907364
2024-09-01,exports,EU5,50020,Engines and turbines for military aircraft,395532413
2024-09-01,exports,EU5,50030,"Military trucks, armored vehicles, etc.",94408550
2024-09-01,exports,EU5,50040,Military ships and boats,5750000
2024-09-01,exports,EU5,50050,"Tanks, artillery, missiles, rockets, guns and ammunition",376713550
2024-09-01,exports,EU5,50060,Military apparel and footwear,2835007
2024-09-01,exports,EU5,50070,Parts for military-type goods,754423409
2024-09-01,exports,EU5,60000,Minimum value shipments,4655331087
2024-09-01,exports,EU5,60010,Miscellaneous domestic exports and special transactions,714209825
2024-10-01,exports,EU1,0,"Foods, feeds, and beverages",15943130654
2024-10-01,exports,EU1,1,Industrial supplies and materials,59271526191
2024-10-01,exports,EU1,2,"Capital goods, except automotive",56609425882
2024-10-01,exports,EU1,3,"Automotive vehicles, parts, and engines",14331113180
2024-10-01,exports,EU1,4,Consumer goods,22674480089
2024-10-01,exports,EU1,5,Other goods,2357552516
2024-10-01,exports,EU1,6,"Exports, n.e.c., and reexports",5539035334
2024-10-01,exports,EU5,00000,Wheat,382783954
2024-10-01,exports,EU5,00010,Rice,221845847
2024-10-01,exports,EU5,00100,Soybeans,4280482864
2024-10-01,exports,EU5,00110,"Oilseeds, food oils",218335763
2024-10-01,exports,EU5,00200,Corn,956150752
2024-10-01,exports,EU5,00210,"Sorghum, barley, oats",61216456
2024-10-01,exports,EU5,00220,"Animal feeds, n.e.c.",1008497789
2024-10-01,exports,EU5,00300,"Meat, poultry, etc.",2225776611
2024-10-01,exports,EU5,00310,Dairy products and eggs,576770773
2024-10-01,exports,EU5,00320,"Fruits,  frozen juices",761696247
2024-10-01,exports,EU5,00330,Vegetables,709181788
2024-10-01,exports,EU5,00340,Nuts,1112401748
2024-10-01,exports,EU5,00350,Bakery products,802161164
2024-10-01,exports,EU5,00360,Other foods,1718721008
2024-10-01,exports,EU5,00370,"Wine, beer, and related products",138744934
2024-10-01,exports,EU5,01000,Fish and shellfish,484743460
2024-10-01,exports,EU5,01010,"Alcoholic beverages, excluding wine",239189945
2024-10-01,exports,EU5,01020,"Nonagricultural foods, etc.",44429551
2024-10-01,exports,EU5,10000,"Cotton, raw",235069928
2024-10-01,exports,EU5,10100,"Tobacco, unmanufactured",31807756
2024-10-01,exports,EU5,10120,Hides and skins,67433362
2024-10-01,exports,EU5,10130,Agric. Industry-unmanufactured,425859751
2024-10-01,exports,EU5,10140,Agric. Farming-unmanufactured,304562021
2024-10-01,exports,EU5,10150,"Agriculture-manufactured, other",321935343
2024-10-01,exports,EU5,11010,Metallurgical grade coal,647581033
2024-10-01,exports,EU5,11020,"Coal and fuels, other",864527819
2024-10-01,exports,EU5,11100,Crude oil,8989922632
2024-10-01,exports,EU5,11110,Fuel oil,3762374876
2024-10-01,exports,EU5,11120,"Petroleum products, other",6185159097
2024-10-01,exports,EU5,11130,Natural gas liquids,3063390224
2024-10-01,exports,EU5,11200,Gas-natural,2959404090
2024-10-01,exports,EU5,11300,Nuclear fuel materials,187085117
2024-10-01,exports,EU5,11400,Electric energy,51151572
2024-10-01,exports,EU5,12000,Steelmaking materials,740375124
2024-10-01,exports,EU5,12100,Iron and steel mill products,976985054
2024-10-01,exports,EU5,12110,"Iron and steel products, other",700691111
2024-10-01,exports,EU5,12200,Aluminum and alumina,827485617
2024-10-01,exports,EU5,12210,Copper,964337254
2024-10-01,exports,EU5,12260,Nonmonetary gold,3206600279
2024-10-01,exports,EU5,12270,"Precious metals, other",925327336
2024-10-01,exports,EU5,12290,"Nonferrous metals, other",1139682431
2024-10-01,exports,EU5,12300,Finished metal shapes,2366769381
2024-10-01,exports,EU5,12420,Pulpwood and woodpulp,677006624
2024-10-01,exports,EU5,12430,Newsprint,1110238969
2024-10-01,exports,EU5,12500,Plastic materials,3520539031
2024-10-01,exports,EU5,12510,Chemicals-fertilizers,855992038
2024-10-01,exports,EU5,12530,Chemicals-inorganic,858821943
2024-10-01,exports,EU5,12540,Chemicals-organic,2583883674
2024-10-01,exports,EU5,12550,Chemicals-other,3136678745
2024-10-01,exports,EU5,12600,Cotton fiber cloth,114891495
2024-10-01,exports,EU5,12620,Manmade cloth,527233903
2024-10-01,exports,EU5,12630,"Hair, waste materials",49729222
2024-10-01,exports,EU5,12640,Finished textile supplies,233391000
2024-10-01,exports,EU5,12650,Leather and furs,54981774
2024-10-01,exports,EU5,12700,Synthetic rubber-primary,276110682
2024-10-01,exports,EU5,12720,Nonmetallic minerals,60762504
2024-10-01,exports,EU5,12750,Industrial rubber products,459487698
2024-10-01,exports,EU5,12760,Mineral supplies-manufactured,675940154
2024-10-01,exports,EU5,12765,"Tapes, audio and visual",10685146
2024-10-01,exports,EU5,12770,Other industrial supplies,2982324764
2024-10-01,exports,EU5,13100,Logs and lumber,378899277
2024-10-01,exports,EU5,13110,"Wood supplies, manufactured",112748914
2024-10-01,exports,EU5,13200,"Glass-plate, sheet, etc.",117855815
2024-10-01,exports,EU5,13210,"Shingles, molding, wallboard",482595767
2024-10-01,exports,EU5,13220,Nontextile floor tiles,45208844
2024-10-01,exports,EU5,20000,"Generators, accessories",1331176199
2024-10-01,exports,EU5,20005,Electric apparatus,5238819392
2024-10-01,exports,EU5,21000,Drilling & oilfield equipment,339603171
2024-10-01,exports,EU5,21010,Specialized mining,114962848
2024-10-01,exports,EU5,21030,Excavating machinery,958176129
2024-10-01,exports,EU5,21040,Nonfarm tractors and parts,279460433
2024-10-01,exports,EU5,21100,Industrial engines,2776459710
2024-10-01,exports,EU5,21110,"Food, tobacco machinery",377300952
2024-10-01,exports,EU5,21120,Metalworking machine tools,566845483
2024-10-01,exports,EU5,21130,"Textile, sewing machines",65908737
2024-10-01,exports,EU5,21140,"Wood, glass, plastic",293036267
2024-10-01,exports,EU5,21150,Pulp and paper machinery,185904322
2024-10-01,exports,EU5,21160,"Measuring, testing, control instruments",2680878112
2024-10-01,exports,EU5,21170,Materials handling equipment,1261205346
2024-10-01,exports,EU5,21180,"Industrial machines, other",6178005398
2024-10-01,exports,EU5,21190,"Photo, service industry machinery",919252961
2024-10-01,exports,EU5,21200,"Agricultural machinery, equipment",541205500
2024-10-01,exports,EU5,21300,Computers,2999080582
2024-10-01,exports,EU5,21301,Computer accessories,3495830984
2024-10-01,exports,EU5,21320,Semiconductors,6042630762
2024-10-01,exports,EU5,21400,Telecommunications equipment,3597510152
2024-10-01,exports,EU5,21500,Business machines and equipment,211402307
2024-10-01,exports,EU5,21600,Laboratory testing instruments,1222863610
2024-10-01,exports,EU5,21610,Medicinal equipment,3900325602
2024-10-01,exports,EU5,22000,Civilian aircraft,9534672
2024-10-01,exports,EU5,22090,"Civilian aircraft, engines, equipment, and parts",10463261521
2024-10-01,exports,EU5,22100,Railway transportation equipment,369705087
2024-10-01,exports,EU5,22200,"Vessels, excluding scrap",3619165
2024-10-01,exports,EU5,22210,"Commercial vessels, other",29533977
2024-10-01,exports,EU5,22220,"Marine engines, parts",153147574
2024-10-01,exports,EU5,22300,"Spacecraft, excluding military",2778927
2024-10-01,exports,EU5,30000,"Passenger cars, new and used",4761878247
2024-10-01,exports,EU5,30100,"Trucks, buses, and special purpose vehicles",2193987694
2024-10-01,exports,EU5,30200,Engines and engine parts,2035093670
2024-10-01,exports,EU5,30210,Bodies and chassis for passenger cars,18290598
2024-10-01,exports,EU5,30220,Automotive tires and tubes,302252681
2024-10-01,exports,EU5,30230,Other parts and accessories of vehicles,5019610290
2024-10-01,exports,EU5,40000,"Apparel, household goods - textile",800364798
2024-10-01,exports,EU5,40030,"Apparel,household goods-nontextile",289577845
2024-10-01,exports,EU5,40050,Sports apparel and gear,70582087
2024-10-01,exports,EU5,40100,Pharmaceutical preparations,8900433747
2024-10-01,exports,EU5,40110,"Books, printed matter",351018532
2024-10-01,exports,EU5,40120,Toiletries and cosmetics,1269122760
2024-10-01,exports,EU5,40130,"Tobacco, manufactured",46708611
2024-10-01,exports,EU5,40140,Other consumer nondurables,649553497
2024-10-01,exports,EU5,41000,"Furniture, household goods, etc.",475425912
2024-10-01,exports,EU5,41010,"Glassware, chinaware",40833959
2024-10-01,exports,EU5,41020,"Cookware, cutlery, tools",105996305
2024-10-01,exports,EU5,41030,Household appliances,653757517
2024-10-01,exports,EU5,41040,Rugs,67969173
2024-10-01,exports,EU5,41050,"Cell phones and other household goods, n.e.c.",3057888238
2024-10-01,exports,EU5,41110,Pleasure boats and motors,195354689
2024-10-01,exports,EU5,41120,"Toys, games, and sporting goods",1043793205
2024-10-01,exports,EU5,41140,Musical instruments,314468244
2024-10-01,exports,EU5,41200,Televisions and video equipment,252466885
2024-10-01,exports,EU5,41210,"Stereo equipment, etc.",286818766
2024-10-01,exports,EU5,41220,Recorded media,110701861
2024-10-01,exports,EU5,41300,Numismatic coins,95225220
2024-10-01,exports,EU5,41310,"Jewelry, etc.",1407281920
2024-10-01,exports,EU5,41320,"Artwork, antiques, stamps, etc.",1044755417
2024-10-01,exports,EU5,42000,"Nursery stock, etc.",66422109
2024-10-01,exports,EU5,42100,Gem diamonds,1077958792
2024-10-01,exports,EU5,50000,"Military aircraft, complete",285620460
2024-10-01,exports,EU5,50010,"Aircraft launching gear, parachutes, etc.",30326157
2024-10-01,exports,EU5,50020,Engines and turbines for military aircraft,402988116
2024-10-01,exports,EU5,50030,"Military trucks, armored vehicles, etc.",77180467
2024-10-01,exports,EU5,50040,Military ships and boats,0
2024-10-01,exports,EU5,50050,"Tanks, artillery, missiles, rockets, guns and ammunition",769080228
2024-10-01,exports,EU5,50060,Military apparel and footwear,2583493
2024-10-01,exports,EU5,50070,Parts for military-type goods,789773595
2024-10-01,exports,EU5,60000,Minimum value shipments,4658943901
2024-10-01,exports,EU5,60010,Miscellaneous domestic exports and special transactions,880091433
2024-11-01,exports,EU1,0,"Foods, feeds, and beverages",16833538824
2024-11-01,exports,EU1,1,Industrial supplies and materials,59773790514
2024-11-01,exports,EU1,2,"Capital goods, except automotive",54060856989
2024-11-01,exports,EU1,3,"Automotive vehicles, parts, and engines",14419243454
2024-11-01,exports,EU1,4,Consumer goods,21866426947
2024-11-01,exports,EU1,5,Other goods,2120507617
2024-11-01,exports,EU1,6,"Exports, n.e.c., and reexports",5252514023
2024-11-01,exports,EU5,00000,Wheat,343958993
2024-11-01,exports,EU5,00010,Rice,201057097
2024-11-01,exports,EU5,00100,Soybeans,4590053266
2024-11-01,exports,EU5,00110,"Oilseeds, food oils",256527458
2024-11-01,exports,EU5,00200,Corn,1165693266
2024-11-01,exports,EU5,00210,"Sorghum, barley, oats",123705433
2024-11-01,exports,EU5,00220,"Animal feeds, n.e.c.",1013175430
2024-11-01,exports,EU5,00300,"Meat, poultry, etc.",2319855459
2024-11-01,exports,EU5,00310,Dairy products and eggs,559922944
2024-11-01,exports,EU5,00320,"Fruits,  frozen juices",794954219
2024-11-01,exports,EU5,00330,Vegetables,724589988
2024-11-01,exports,EU5,00340,Nuts,1503143767
2024-11-01,exports,EU5,00350,Bakery products,738832197
2024-11-01,exports,EU5,00360,Other foods,1640666539
2024-11-01,exports,EU5,00370,"Wine, beer, and related products",150450166
2024-11-01,exports,EU5,01000,Fish and shellfish,398900807
2024-11-01,exports,EU5,01010,"Alcoholic beverages, excluding wine",258423763
2024-11-01,exports,EU5,01020,"Nonagricultural foods, etc.",49628032
2024-11-01,exports,EU5,10000,"Cotton, raw",268081961
2024-11-01,exports,EU5,10100,"Tobacco, unmanufactured",40462619
2024-11-01,exports,EU5,10120,Hides and skins,61127352
2024-11-01,exports,EU5,10130,Agric. Industry-unmanufactured,406168040
2024-11-01,exports,EU5,10140,Agric. Farming-unmanufactured,403885951
2024-11-01,exports,EU5,10150,"Agriculture-manufactured, other",322244996
2024-11-01,exports,EU5,11010,Metallurgical grade coal,734716035
2024-11-01,exports,EU5,11020,"Coal and fuels, other",885259177
2024-11-01,exports,EU5,11100,Crude oil,9529537495
2024-11-01,exports,EU5,11110,Fuel oil,3845127670
2024-11-01,exports,EU5,11120,"Petroleum products, other",6701893310
2024-11-01,exports,EU5,11130,Natural gas liquids,3264399641
2024-11-01,exports,EU5,11200,Gas-natural,3004036931
2024-11-01,exports,EU5,11300,Nuclear fuel materials,111390268
2024-11-01,exports,EU5,11400,Electric energy,48331725
2024-11-01,exports,EU5,12000,Steelmaking materials,819840784
2024-11-01,exports,EU5,12100,Iron and steel mill products,894284906
2024-11-01,exports,EU5,12110,"Iron and steel products, other",597615063
2024-11-01,exports,EU5,12200,Aluminum and alumina,836118127
2024-11-01,exports,EU5,12210,Copper,1056819708
2024-11-01,exports,EU5,12260,Nonmonetary gold,2385796411
2024-11-01,exports,EU5,12270,"Precious metals, other",1113989527
2024-11-01,exports,EU5,12290,"Nonferrous metals, other",696197511
2024-11-01,exports,EU5,12300,Finished metal shapes,2228113788
2024-11-01,exports,EU5,12420,Pulpwood and woodpulp,712749872
2024-11-01,exports,EU5,12430,Newsprint,1072855747
2024-11-01,exports,EU5,12500,Plastic materials,3676181500
2024-11-01,exports,EU5,12510,Chemicals-fertilizers,996831285
2024-11-01,exports,EU5,12530,Chemicals-inorganic,913297089
2024-11-01,exports,EU5,12540,Chemicals-organic,2498715118
2024-11-01,exports,EU5,12550,Chemicals-other,3278878011
2024-11-01,exports,EU5,12600,Cotton fiber cloth,110761956
2024-11-01,exports,EU5,12620,Manmade cloth,570818282
2024-11-01,exports,EU5,12630,"Hair, waste materials",49858298
2024-11-01,exports,EU5,12640,Finished textile supplies,219799347
2024-11-01,exports,EU5,12650,Leather and furs,46821491
2024-11-01,exports,EU5,12700,Synthetic rubber-primary,301336146
2024-11-01,exports,EU5,12720,Nonmetallic minerals,63744069
2024-11-01,exports,EU5,12750,Industrial rubber products,435846861
2024-11-01,exports,EU5,12760,Mineral supplies-manufactured,678070359
2024-11-01,exports,EU5,12765,"Tapes, audio and visual",14617987
2024-11-01,exports,EU5,12770,Other industrial supplies,2780624041
2024-11-01,exports,EU5,13100,Logs and lumber,421351392
2024-11-01,exports,EU5,13110,"Wood supplies, manufactured",92661789
2024-11-01,exports,EU5,13200,"Glass-plate, sheet, etc.",102719662
2024-11-01,exports,EU5,13210,"Shingles, molding, wallboard",437451923
2024-11-01,exports,EU5,13220,Nontextile floor tiles,42359293
2024-11-01,exports,EU5,20000,"Generators, accessories",1365149952
2024-11-01,exports,EU5,20005,Electric apparatus,4872104591
2024-11-01,exports,EU5,21000,Drilling & oilfield equipment,286829281
2024-11-01,exports,EU5,21010,Specialized mining,91122291
2024-11-01,exports,EU5,21030,Excavating machinery,857467891
2024-11-01,exports,EU5,21040,Nonfarm tractors and parts,264683028
2024-11-01,exports,EU5,21100,Industrial engines,2814833766
2024-11-01,exports,EU5,21110,"Food, tobacco machinery",401296394
2024-11-01,exports,EU5,21120,Metalworking machine tools,608808161
2024-11-01,exports,EU5,21130,"Textile, sewing machines",90473994
2024-11-01,exports,EU5,21140,"Wood, glass, plastic",250565524
2024-11-01,exports,EU5,21150,Pulp and paper machinery,172912002
2024-11-01,exports,EU5,21160,"Measuring, testing, control instruments",2518110597
2024-11-01,exports,EU5,21170,Materials handling equipment,1299584760
2024-11-01,exports,EU5,21180,"Industrial machines, other",5803624374
2024-11-01,exports,EU5,21190,"Photo, service industry machinery",935952583
2024-11-01,exports,EU5,21200,"Agricultural machinery, equipment",546959827
2024-11-01,exports,EU5,21300,Computers,3033358968
2024-11-01,exports,EU5,21301,Computer accessories,3281678128
2024-11-01,exports,EU5,21320,Semiconductors,5494735396
2024-11-01,exports,EU5,21400,Telecommunications equipment,3509714314
2024-11-01,exports,EU5,21500,Business machines and equipment,183352664
2024-11-01,exports,EU5,21600,Laboratory testing instruments,1165787026
2024-11-01,exports,EU5,21610,Medicinal equipment,3786780589
2024-11-01,exports,EU5,22000,Civilian aircraft,35960627
2024-11-01,exports,EU5,22090,"Civilian aircraft, engines, equipment, and parts",9900384402
2024-11-01,exports,EU5,22100,Railway transportation equipment,346919355
2024-11-01,exports,EU5,22200,"Vessels, excluding scrap",161906
2024-11-01,exports,EU5,22210,"Commercial vessels, other",27051654
2024-11-01,exports,EU5,22220,"Marine engines, parts",110202292
2024-11-01,exports,EU5,22300,"Spacecraft, excluding military",4290652
2024-11-01,exports,EU5,30000,"Passenger cars, new and used",4888340721
2024-11-01,exports,EU5,30100,"Trucks, buses, and special purpose vehicles",2355548803
2024-11-01,exports,EU5,30200,Engines and engine parts,1926689667
2024-11-01,exports,EU5,30210,Bodies and chassis for passenger cars,5908654
2024-11-01,exports,EU5,30220,Automotive tires and tubes,282595355
2024-11-01,exports,EU5,30230,Other parts and accessories of vehicles,4960160254
2024-11-01,exports,EU5,40000,"Apparel, household goods - textile",712546455
2024-11-01,exports,EU5,40030,"Apparel,household goods-nontextile",288097609
2024-11-01,exports,EU5,40050,Sports apparel and gear,66761894
2024-11-01,exports,EU5,40100,Pharmaceutical preparations,9214586242
2024-11-01,exports,EU5,40110,"Books, printed matter",318276098
2024-11-01,exports,EU5,40120,Toiletries and cosmetics,1292214063
2024-11-01,exports,EU5,40130,"Tobacco, manufactured",57147632
2024-11-01,exports,EU5,40140,Other consumer nondurables,606689383
2024-11-01,exports,EU5,41000,"Furniture, household goods, etc.",445613478
2024-11-01,exports,EU5,41010,"Glassware, chinaware",35266837
2024-11-01,exports,EU5,41020,"Cookware, cutlery, tools",103870619
2024-11-01,exports,EU5,41030,Household appliances,654271299
2024-11-01,exports,EU5,41040,Rugs,63547730
2024-11-01,exports,EU5,41050,"Cell phones and other household goods, n.e.c.",3090386087
2024-11-01,exports,EU5,41110,Pleasure boats and motors,196296829
2024-11-01,exports,EU5,41120,"Toys, games, and sporting goods",1016833216
2024-11-01,exports,EU5,41140,Musical instruments,212263422
2024-11-01,exports,EU5,41200,Televisions and video equipment,211719916
2024-11-01,exports,EU5,41210,"Stereo equipment, etc.",284299696
2024-11-01,exports,EU5,41220,Recorded media,110498035
2024-11-01,exports,EU5,41300,Numismatic coins,157596547
2024-11-01,exports,EU5,41310,"Jewelry, etc.",1152327089
2024-11-01,exports,EU5,41320,"Artwork, antiques, stamps, etc.",495062766
2024-11-01,exports,EU5,42000,"Nursery stock, etc.",45176579
2024-11-01,exports,EU5,42100,Gem diamonds,1035077426
2024-11-01,exports,EU5,50000,"Military aircraft, complete",99018181
2024-11-01,exports,EU5,50010,"Aircraft launching gear, parachutes, etc.",52174398
2024-11-01,exports,EU5,50020,Engines and turbines for military aircraft,381019210
2024-11-01,exports,EU5,50030,"Military trucks, armored vehicles, etc.",239354383
2024-11-01,exports,EU5,50040,Military ships and boats,0
2024-11-01,exports,EU5,50050,"Tanks, artillery, missiles, rockets, guns and ammunition",566776852
2024-11-01,exports,EU5,50060,Military apparel and footwear,3121955
2024-11-01,exports,EU5,50070,Parts for military-type goods,779042638
2024-11-01,exports,EU5,60000,Minimum value shipments,4490170646
2024-11-01,exports,EU5,60010,Miscellaneous domestic exports and special transactions,762343377
2024-12-01,exports,EU1,0,"Foods, feeds, and beverages",15145363796
2024-12-01,exports,EU1,1,Industrial supplies and materials,58446168166
2024-12-01,exports,EU1,2,"Capital goods, except automotive",53509748347
2024-12-01,exports,EU1,3,"Automotive vehicles, parts, and engines",11758846256
2024-12-01,exports,EU1,4,Consumer goods,17975652621
2024-12-01,exports,EU1,5,Other goods,2218449850
2024-12-01,exports,EU1,6,"Exports, n.e.c., and reexports",5504678797
2024-12-01,exports,EU5,00000,Wheat,469608395
2024-12-01,exports,EU5,00010,Rice,170950487
2024-12-01,exports,EU5,00100,Soybeans,3321533053
2024-12-01,exports,EU5,00110,"Oilseeds, food oils",342794767
2024-12-01,exports,EU5,00200,Corn,1328056914
2024-12-01,exports,EU5,00210,"Sorghum, barley, oats",130773644
2024-12-01,exports,EU5,00220,"Animal feeds, n.e.c.",1030723214
2024-12-01,exports,EU5,00300,"Meat, poultry, etc.",2263685346
2024-12-01,exports,EU5,00310,Dairy products and eggs,573783374
2024-12-01,exports,EU5,00320,"Fruits,  frozen juices",710241108
2024-12-01,exports,EU5,00330,Vegetables,749829711
2024-12-01,exports,EU5,00340,Nuts,1057198481
2024-12-01,exports,EU5,00350,Bakery products,684819620
2024-12-01,exports,EU5,00360,Other foods,1557675809
2024-12-01,exports,EU5,00370,"Wine, beer, and related products",138910822
2024-12-01,exports,EU5,01000,Fish and shellfish,351914090
2024-12-01,exports,EU5,01010,"Alcoholic beverages, excluding wine",217094750
2024-12-01,exports,EU5,01020,"Nonagricultural foods, etc.",45770211
2024-12-01,exports,EU5,10000,"Cotton, raw",345352477
2024-12-01,exports,EU5,10100,"Tobacco, unmanufactured",62800451
2024-12-01,exports,EU5,10120,Hides and skins,58206783
2024-12-01,exports,EU5,10130,Agric. Industry-unmanufactured,418996946
2024-12-01,exports,EU5,10140,Agric. Farming-unmanufactured,345849982
2024-12-01,exports,EU5,10150,"Agriculture-manufactured, other",304270418
2024-12-01,exports,EU5,11010,Metallurgical grade coal,873038440
2024-12-01,exports,EU5,11020,"Coal and fuels, other",907995693
2024-12-01,exports,EU5,11100,Crude oil,8536471073
2024-12-01,exports,EU5,11110,Fuel oil,4235027607
2024-12-01,exports,EU5,11120,"Petroleum products, other",6608375990
2024-12-01,exports,EU5,11130,Natural gas liquids,3234324401
2024-12-01,exports,EU5,11200,Gas-natural,3760520123
2024-12-01,exports,EU5,11300,Nuclear fuel materials,112642324
2024-12-01,exports,EU5,11400,Electric energy,75150893
2024-12-01,exports,EU5,12000,Steelmaking materials,626424330
2024-12-01,exports,EU5,12100,Iron and steel mill products,770753835
2024-12-01,exports,EU5,12110,"Iron and steel products, other",504618033
2024-12-01,exports,EU5,12200,Aluminum and alumina,734618606
2024-12-01,exports,EU5,12210,Copper,979640404
2024-12-01,exports,EU5,12260,Nonmonetary gold,2996132035
2024-12-01,exports,EU5,12270,"Precious metals, other",814600176
2024-12-01,exports,EU5,12290,"Nonferrous metals, other",625132644
2024-12-01,exports,EU5,12300,Finished metal shapes,1904743557
2024-12-01,exports,EU5,12420,Pulpwood and woodpulp,704294949
2024-12-01,exports,EU5,12430,Newsprint,985804746
2024-12-01,exports,EU5,12500,Plastic materials,3506037898
2024-12-01,exports,EU5,12510,Chemicals-fertilizers,916145880
2024-12-01,exports,EU5,12530,Chemicals-inorganic,981829570
2024-12-01,exports,EU5,12540,Chemicals-organic,2707750091
2024-12-01,exports,EU5,12550,Chemicals-other,3155594313
2024-12-01,exports,EU5,12600,Cotton fiber cloth,75479468
2024-12-01,exports,EU5,12620,Manmade cloth,455241688
2024-12-01,exports,EU5,12630,"Hair, waste materials",44823258
2024-12-01,exports,EU5,12640,Finished textile supplies,185752436
2024-12-01,exports,EU5,12650,Leather and furs,50848806
2024-12-01,exports,EU5,12700,Synthetic rubber-primary,270026470
2024-12-01,exports,EU5,12720,Nonmetallic minerals,59926445
2024-12-01,exports,EU5,12750,Industrial rubber products,391944151
2024-12-01,exports,EU5,12760,Mineral supplies-manufactured,645947910
2024-12-01,exports,EU5,12765,"Tapes, audio and visual",8491144
2024-12-01,exports,EU5,12770,Other industrial supplies,2482344400
2024-12-01,exports,EU5,13100,Logs and lumber,375837933
2024-12-01,exports,EU5,13110,"Wood supplies, manufactured",76908188
2024-12-01,exports,EU5,13200,"Glass-plate, sheet, etc.",82593031
2024-12-01,exports,EU5,13210,"Shingles, molding, wallboard",404093826
2024-12-01,exports,EU5,13220,Nontextile floor tiles,42764344
2024-12-01,exports,EU5,20000,"Generators, accessories",1147058874
2024-12-01,exports,EU5,20005,Electric apparatus,4278273070
2024-12-01,exports,EU5,21000,Drilling & oilfield equipment,255213168
2024-12-01,exports,EU5,21010,Specialized mining,98917121
2024-12-01,exports,EU5,21030,Excavating machinery,826724367
2024-12-01,exports,EU5,21040,Nonfarm tractors and parts,270133035
2024-12-01,exports,EU5,21100,Industrial engines,2776586099
2024-12-01,exports,EU5,21110,"Food, tobacco machinery",367442496
2024-12-01,exports,EU5,21120,Metalworking machine tools,557072995
2024-12-01,exports,EU5,21130,"Textile, sewing machines",70790234
2024-12-01,exports,EU5,21140,"Wood, glass, plastic",248796900
2024-12-01,exports,EU5,21150,Pulp and paper machinery,186086477
2024-12-01,exports,EU5,21160,"Measuring, testing, control instruments",2602154736
2024-12-01,exports,EU5,21170,Materials handling equipment,1186394158
2024-12-01,exports,EU5,21180,"Industrial machines, other",5747234028
2024-12-01,exports,EU5,21190,"Photo, service industry machinery",838487512
2024-12-01,exports,EU5,21200,"Agricultural machinery, equipment",623936808
2024-12-01,exports,EU5,21300,Computers,2152537033
2024-12-01,exports,EU5,21301,Computer accessories,3223179187
2024-12-01,exports,EU5,21320,Semiconductors,5299088488
2024-12-01,exports,EU5,21400,Telecommunications equipment,3483398800
2024-12-01,exports,EU5,21500,Business machines and equipment,166535006
2024-12-01,exports,EU5,21600,Laboratory testing instruments,1235159979
2024-12-01,exports,EU5,21610,Medicinal equipment,3561656016
2024-12-01,exports,EU5,22000,Civilian aircraft,43172949
2024-12-01,exports,EU5,22090,"Civilian aircraft, engines, equipment, and parts",11885095455
2024-12-01,exports,EU5,22100,Railway transportation equipment,246392008
2024-12-01,exports,EU5,22200,"Vessels, excluding scrap",875088
2024-12-01,exports,EU5,22210,"Commercial vessels, other",15020504
2024-12-01,exports,EU5,22220,"Marine engines, parts",112681368
2024-12-01,exports,EU5,22300,"Spacecraft, excluding military",3654388
2024-12-01,exports,EU5,30000,"Passenger cars, new and used",4412595576
2024-12-01,exports,EU5,30100,"Trucks, buses, and special purpose vehicles",1681285802
2024-12-01,exports,EU5,30200,Engines and engine parts,1476399034
2024-12-01,exports,EU5,30210,Bodies and chassis for passenger cars,6987165
2024-12-01,exports,EU5,30220,Automotive tires and tubes,223374847
2024-12-01,exports,EU5,30230,Other parts and accessories of vehicles,3958203832
2024-12-01,exports,EU5,40000,"Apparel, household goods - textile",606689146
2024-12-01,exports,EU5,40030,"Apparel,household goods-nontextile",261070581
2024-12-01,exports,EU5,40050,Sports apparel and gear,61446438
2024-12-01,exports,EU5,40100,Pharmaceutical preparations,6661924876
2024-12-01,exports,EU5,40110,"Books, printed matter",302182031
2024-12-01,exports,EU5,40120,Toiletries and cosmetics,1246260097
2024-12-01,exports,EU5,40130,"Tobacco, manufactured",63912237
2024-12-01,exports,EU5,40140,Other consumer nondurables,567103995
2024-12-01,exports,EU5,41000,"Furniture, household goods, etc.",392504389
2024-12-01,exports,EU5,41010,"Glassware, chinaware",29652939
2024-12-01,exports,EU5,41020,"Cookware, cutlery, tools",91333909
2024-12-01,exports,EU5,41030,Household appliances,587831490
2024-12-01,exports,EU5,41040,Rugs,52065895
2024-12-01,exports,EU5,41050,"Cell phones and other household goods, n.e.c.",2853619316
2024-12-01,exports,EU5,41110,Pleasure boats and motors,282291158
2024-12-01,exports,EU5,41120,"Toys, games, and sporting goods",805371244
2024-12-01,exports,EU5,41140,Musical instruments,168718236
2024-12-01,exports,EU5,41200,Televisions and video equipment,173086554
2024-12-01,exports,EU5,41210,"Stereo equipment, etc.",253167673
2024-12-01,exports,EU5,41220,Recorded media,111955745
2024-12-01,exports,EU5,41300,Numismatic coins,70452065
2024-12-01,exports,EU5,41310,"Jewelry, etc.",815351435
2024-12-01,exports,EU5,41320,"Artwork, antiques, stamps, etc.",541523687
2024-12-01,exports,EU5,42000,"Nursery stock, etc.",28349299
2024-12-01,exports,EU5,42100,Gem diamonds,947788186
2024-12-01,exports,EU5,50000,"Military aircraft, complete",336461799
2024-12-01,exports,EU5,50010,"Aircraft launching gear, parachutes, etc.",22506286
2024-12-01,exports,EU5,50020,Engines and turbines for military aircraft,356643479
2024-12-01,exports,EU5,50030,"Military trucks, armored vehicles, etc.",233614375
2024-12-01,exports,EU5,50040,Military ships and boats,0
2024-12-01,exports,EU5,50050,"Tanks, artillery, missiles, rockets, guns and ammunition",515077115
2024-12-01,exports,EU5,50060,Military apparel and footwear,2455419
2024-12-01,exports,EU5,50070,Parts for military-type goods,751691377
2024-12-01,exports,EU5,60000,Minimum value shipments,4638319527
2024-12-01,exports,EU5,60010,Miscellaneous domestic exports and special transactions,792509655
2024-12-01,exports,EU5,60040,Undocumented exports to Canada,73849615
2025-01-01,exports,EU1,0,"Foods, feeds, and beverages",13422148467
2025-01-01,exports,EU1,1,Industrial supplies and materials,58601910823
2025-01-01,exports,EU1,2,"Capital goods, except automotive",54026779393
2025-01-01,exports,EU1,3,"Automotive vehicles, parts, and engines",11407701180
2025-01-01,exports,EU1,4,Consumer goods,20531206506
2025-01-01,exports,EU1,5,Other goods,2291394559
2025-01-01,exports,EU1,6,"Exports, n.e.c., and reexports",4720974688
2025-01-01,exports,EU5,00000,Wheat,381755620
2025-01-01,exports,EU5,00010,Rice,193893504
2025-01-01,exports,EU5,00100,Soybeans,2237572242
2025-01-01,exports,EU5,00110,"Oilseeds, food oils",451253920
2025-01-01,exports,EU5,00200,Corn,1506974955
2025-01-01,exports,EU5,00210,"Sorghum, barley, oats",35479707
2025-01-01,exports,EU5,00220,"Animal feeds, n.e.c.",944802237
2025-01-01,exports,EU5,00300,"Meat, poultry, etc.",2043466788
2025-01-01,exports,EU5,00310,Dairy products and eggs,594602118
2025-01-01,exports,EU5,00320,"Fruits,  frozen juices",687182533
2025-01-01,exports,EU5,00330,Vegetables,758097152
2025-01-01,exports,EU5,00340,Nuts,844990228
2025-01-01,exports,EU5,00350,Bakery products,676879978
2025-01-01,exports,EU5,00360,Other foods,1499760181
2025-01-01,exports,EU5,00370,"Wine, beer, and related products",98736132
2025-01-01,exports,EU5,01000,Fish and shellfish,243466049
2025-01-01,exports,EU5,01010,"Alcoholic beverages, excluding wine",186109602
2025-01-01,exports,EU5,01020,"Nonagricultural foods, etc.",37125521
2025-01-01,exports,EU5,10000,"Cotton, raw",422692448
2025-01-01,exports,EU5,10100,"Tobacco, unmanufactured",52581778
2025-01-01,exports,EU5,10120,Hides and skins,60989686
2025-01-01,exports,EU5,10130,Agric. Industry-unmanufactured,383592100
2025-01-01,exports,EU5,10140,Agric. Farming-unmanufactured,315157494
2025-01-01,exports,EU5,10150,"Agriculture-manufactured, other",361491871
2025-01-01,exports,EU5,11010,Metallurgical grade coal,491218550
2025-01-01,exports,EU5,11020,"Coal and fuels, other",851471471
2025-01-01,exports,EU5,11100,Crude oil,9274139431
2025-01-01,exports,EU5,11110,Fuel oil,3802579291
2025-01-01,exports,EU5,11120,"Petroleum products, other",6212988021
2025-01-01,exports,EU5,11130,Natural gas liquids,3300045707
2025-01-01,exports,EU5,11200,Gas-natural,4565295249
2025-01-01,exports,EU5,11300,Nuclear fuel materials,163903669
2025-01-01,exports,EU5,11400,Electric energy,66853166
2025-01-01,exports,EU5,12000,Steelmaking materials,618986877
2025-01-01,exports,EU5,12100,Iron and steel mill products,973284736
2025-01-01,exports,EU5,12110,"Iron and steel products, other",636217456
2025-01-01,exports,EU5,12200,Aluminum and alumina,737078867
2025-01-01,exports,EU5,12210,Copper,802107970
2025-01-01,exports,EU5,12260,Nonmonetary gold,1857076862
2025-01-01,exports,EU5,12270,"Precious metals, other",763121964
2025-01-01,exports,EU5,12290,"Nonferrous metals, other",667339457
2025-01-01,exports,EU5,12300,Finished metal shapes,2253091816
2025-01-01,exports,EU5,12420,Pulpwood and woodpulp,671487327
2025-01-01,exports,EU5,12430,Newsprint,1081229504
2025-01-01,exports,EU5,12500,Plastic materials,3761413515
2025-01-01,exports,EU5,12510,Chemicals-fertilizers,793968970
2025-01-01,exports,EU5,12530,Chemicals-inorganic,892603373
2025-01-01,exports,EU5,12540,Chemicals-organic,2589551816
2025-01-01,exports,EU5,12550,Chemicals-other,3006260067
2025-01-01,exports,EU5,12600,Cotton fiber cloth,102945697
2025-01-01,exports,EU5,12620,Manmade cloth,510546909
2025-01-01,exports,EU5,12630,"Hair, waste materials",50287571
2025-01-01,exports,EU5,12640,Finished textile supplies,203693301
2025-01-01,exports,EU5,12650,Leather and furs,45248822
2025-01-01,exports,EU5,12700,Synthetic rubber-primary,284422487
2025-01-01,exports,EU5,12720,Nonmetallic minerals,47279510
2025-01-01,exports,EU5,12750,Industrial rubber products,457519072
2025-01-01,exports,EU5,12760,Mineral supplies-manufactured,616743970
2025-01-01,exports,EU5,12765,"Tapes, audio and visual",5715622
2025-01-01,exports,EU5,12770,Other industrial supplies,2781710520
2025-01-01,exports,EU5,13100,Logs and lumber,390413835
2025-01-01,exports,EU5,13110,"Wood supplies, manufactured",101776296
2025-01-01,exports,EU5,13200,"Glass-plate, sheet, etc.",94668939
2025-01-01,exports,EU5,13210,"Shingles, molding, wallboard",441890616
2025-01-01,exports,EU5,13220,Nontextile floor tiles,37227147
2025-01-01,exports,EU5,20000,"Generators, accessories",1177431748
2025-01-01,exports,EU5,20005,Electric apparatus,4917858106
2025-01-01,exports,EU5,21000,Drilling & oilfield equipment,347311432
2025-01-01,exports,EU5,21010,Specialized mining,73683451
2025-01-01,exports,EU5,21030,Excavating machinery,812578729
2025-01-01,exports,EU5,21040,Nonfarm tractors and parts,248074974
2025-01-01,exports,EU5,21100,Industrial engines,2580176344
2025-01-01,exports,EU5,21110,"Food, tobacco machinery",318219970
2025-01-01,exports,EU5,21120,Metalworking machine tools,497370021
2025-01-01,exports,EU5,21130,"Textile, sewing machines",65168746
2025-01-01,exports,EU5,21140,"Wood, glass, plastic",254472851
2025-01-01,exports,EU5,21150,Pulp and paper machinery,166573349
2025-01-01,exports,EU5,21160,"Measuring, testing, control instruments",2421043102
2025-01-01,exports,EU5,21170,Materials handling equipment,1084340052
2025-01-01,exports,EU5,21180,"Industrial machines, other",5929323727
2025-01-01,exports,EU5,21190,"Photo, service industry machinery",785950050
2025-01-01,exports,EU5,21200,"Agricultural machinery, equipment",658172467
2025-01-01,exports,EU5,21300,Computers,2444125019
2025-01-01,exports,EU5,21301,Computer accessories,3391140246
2025-01-01,exports,EU5,21320,Semiconductors,6295299678
2025-01-01,exports,EU5,21400,Telecommunications equipment,3562942770
2025-01-01,exports,EU5,21500,Business machines and equipment,158672315
2025-01-01,exports,EU5,21600,Laboratory testing instruments,985145150
2025-01-01,exports,EU5,21610,Medicinal equipment,3423416162
2025-01-01,exports,EU5,22000,Civilian aircraft,45038975
2025-01-01,exports,EU5,22090,"Civilian aircraft, engines, equipment, and parts",10953679760
2025-01-01,exports,EU5,22100,Railway transportation equipment,272678034
2025-01-01,exports,EU5,22200,"Vessels, excluding scrap",551246
2025-01-01,exports,EU5,22210,"Commercial vessels, other",20942576
2025-01-01,exports,EU5,22220,"Marine engines, parts",133361992
2025-01-01,exports,EU5,22300,"Spacecraft, excluding military",2036351
2025-01-01,exports,EU5,30000,"Passenger cars, new and used",2970259877
2025-01-01,exports,EU5,30100,"Trucks, buses, and special purpose vehicles",1669876973
2025-01-01,exports,EU5,30200,Engines and engine parts,1715257639
2025-01-01,exports,EU5,30210,Bodies and chassis for passenger cars,6955223
2025-01-01,exports,EU5,30220,Automotive tires and tubes,246143280
2025-01-01,exports,EU5,30230,Other parts and accessories of vehicles,4799208188
2025-01-01,exports,EU5,40000,"Apparel, household goods - textile",591394330
2025-01-01,exports,EU5,40030,"Apparel,household goods-nontextile",226736907
2025-01-01,exports,EU5,40050,Sports apparel and gear,59524280
2025-01-01,exports,EU5,40100,Pharmaceutical preparations,8336562598
2025-01-01,exports,EU5,40110,"Books, printed matter",288004483
2025-01-01,exports,EU5,40120,Toiletries and cosmetics,1169074102
2025-01-01,exports,EU5,40130,"Tobacco, manufactured",49258583
2025-01-01,exports,EU5,40140,Other consumer nondurables,587672647
2025-01-01,exports,EU5,41000,"Furniture, household goods, etc.",402832220
2025-01-01,exports,EU5,41010,"Glassware, chinaware",31924911
2025-01-01,exports,EU5,41020,"Cookware, cutlery, tools",88271121
2025-01-01,exports,EU5,41030,Household appliances,565339882
2025-01-01,exports,EU5,41040,Rugs,60061214
2025-01-01,exports,EU5,41050,"Cell phones and other household goods, n.e.c.",2915372331
2025-01-01,exports,EU5,41110,Pleasure boats and motors,154393693
2025-01-01,exports,EU5,41120,"Toys, games, and sporting goods",877292767
2025-01-01,exports,EU5,41140,Musical instruments,182901963
2025-01-01,exports,EU5,41200,Televisions and video equipment,177015097
2025-01-01,exports,EU5,41210,"Stereo equipment, etc.",263748603
2025-01-01,exports,EU5,41220,Recorded media,71304111
2025-01-01,exports,EU5,41300,Numismatic coins,140132173
2025-01-01,exports,EU5,41310,"Jewelry, etc.",1343347095
2025-01-01,exports,EU5,41320,"Artwork, antiques, stamps, etc.",773507305
2025-01-01,exports,EU5,42000,"Nursery stock, etc.",29104064
2025-01-01,exports,EU5,42100,Gem diamonds,1146430026
2025-01-01,exports,EU5,50000,"Military aircraft, complete",261087668
2025-01-01,exports,EU5,50010,"Aircraft launching gear, parachutes, etc.",42557799
2025-01-01,exports,EU5,50020,Engines and turbines for military aircraft,413612817
2025-01-01,exports,EU5,50030,"Military trucks, armored vehicles, etc.",250035908
2025-01-01,exports,EU5,50050,"Tanks, artillery, missiles, rockets, guns and ammunition",666391996
2025-01-01,exports,EU5,50060,Military apparel and footwear,5314114
2025-01-01,exports,EU5,50070,Parts for military-type goods,652394257
2025-01-01,exports,EU5,60000,Minimum value shipments,3962313789
2025-01-01,exports,EU5,60010,Miscellaneous domestic exports and special transactions,758660899
2025-02-01,exports,EU1,0,"Foods, feeds, and beverages",12656248728
2025-02-01,exports,EU1,1,Industrial supplies and materials,59295662657
2025-02-01,exports,EU1,2,"Capital goods, except automotive",53106938028
2025-02-01,exports,EU1,3,"Automotive vehicles, parts, and engines",13607872516
2025-02-01,exports,EU1,4,Consumer goods,21957805809
2025-02-01,exports,EU1,5,Other goods,1652067303
2025-02-01,exports,EU1,6,"Exports, n.e.c., and reexports",4931590748
2025-02-01,exports,EU5,00000,Wheat,464675844
2025-02-01,exports,EU5,00010,Rice,201983692
2025-02-01,exports,EU5,00100,Soybeans,1454325785
2025-02-01,exports,EU5,00110,"Oilseeds, food oils",336733490
2025-02-01,exports,EU5,00200,Corn,1486907067
2025-02-01,exports,EU5,00210,"Sorghum, barley, oats",13988215
2025-02-01,exports,EU5,00220,"Animal feeds, n.e.c.",890203487
2025-02-01,exports,EU5,00300,"Meat, poultry, etc.",2058697448
2025-02-01,exports,EU5,00310,Dairy products and eggs,638292765
2025-02-01,exports,EU5,00320,"Fruits,  frozen juices",695308727
2025-02-01,exports,EU5,00330,Vegetables,649178673
2025-02-01,exports,EU5,00340,Nuts,850606269
2025-02-01,exports,EU5,00350,Bakery products,649062921
2025-02-01,exports,EU5,00360,Other foods,1562638683
2025-02-01,exports,EU5,00370,"Wine, beer, and related products",118838669
2025-02-01,exports,EU5,01000,Fish and shellfish,329656506
2025-02-01,exports,EU5,01010,"Alcoholic beverages, excluding wine",219931675
2025-02-01,exports,EU5,01020,"Nonagricultural foods, etc.",35218812
2025-02-01,exports,EU5,10000,"Cotton, raw",547086213
2025-02-01,exports,EU5,10100,"Tobacco, unmanufactured",78334710
2025-02-01,exports,EU5,10120,Hides and skins,65323690
2025-02-01,exports,EU5,10130,Agric. Industry-unmanufactured,400198223
2025-02-01,exports,EU5,10140,Agric. Farming-unmanufactured,320233778
2025-02-01,exports,EU5,10150,"Agriculture-manufactured, other",328270899
2025-02-01,exports,EU5,11010,Metallurgical grade coal,581751470
2025-02-01,exports,EU5,11020,"Coal and fuels, other",707661815
2025-02-01,exports,EU5,11100,Crude oil,8988914220
2025-02-01,exports,EU5,11110,Fuel oil,2720682010
2025-02-01,exports,EU5,11120,"Petroleum products, other",5909356442
2025-02-01,exports,EU5,11130,Natural gas liquids,2996168005
2025-02-01,exports,EU5,11200,Gas-natural,4325475893
2025-02-01,exports,EU5,11300,Nuclear fuel materials,130975663
2025-02-01,exports,EU5,11400,Electric energy,83620258
2025-02-01,exports,EU5,12000,Steelmaking materials,628619583
2025-02-01,exports,EU5,12100,Iron and steel mill products,855418261
2025-02-01,exports,EU5,12110,"Iron and steel products, other",610283378
2025-02-01,exports,EU5,12200,Aluminum and alumina,750869848
2025-02-01,exports,EU5,12210,Copper,862529669
2025-02-01,exports,EU5,12260,Nonmonetary gold,4880094319
2025-02-01,exports,EU5,12270,"Precious metals, other",761142244
2025-02-01,exports,EU5,12290,"Nonferrous metals, other",603114299
2025-02-01,exports,EU5,12300,Finished metal shapes,2297687873
2025-02-01,exports,EU5,12420,Pulpwood and woodpulp,652301362
2025-02-01,exports,EU5,12430,Newsprint,1012206590
2025-02-01,exports,EU5,12500,Plastic materials,3654632155
2025-02-01,exports,EU5,12510,Chemicals-fertilizers,886380857
2025-02-01,exports,EU5,12530,Chemicals-inorganic,895956227
2025-02-01,exports,EU5,12540,Chemicals-organic,2297955550
2025-02-01,exports,EU5,12550,Chemicals-other,3199102347
2025-02-01,exports,EU5,12600,Cotton fiber cloth,101844067
2025-02-01,exports,EU5,12620,Manmade cloth,507362127
2025-02-01,exports,EU5,12630,"Hair, waste materials",55414618
2025-02-01,exports,EU5,12640,Finished textile supplies,213596003
2025-02-01,exports,EU5,12650,Leather and furs,47378148
2025-02-01,exports,EU5,12700,Synthetic rubber-primary,311500084
2025-02-01,exports,EU5,12720,Nonmetallic minerals,73396147
2025-02-01,exports,EU5,12750,Industrial rubber products,435541954
2025-02-01,exports,EU5,12760,Mineral supplies-manufactured,667079607
2025-02-01,exports,EU5,12765,"Tapes, audio and visual",4686265
2025-02-01,exports,EU5,12770,Other industrial supplies,2746506739
2025-02-01,exports,EU5,13100,Logs and lumber,402344782
2025-02-01,exports,EU5,13110,"Wood supplies, manufactured",108842608
2025-02-01,exports,EU5,13200,"Glass-plate, sheet, etc.",102297303
2025-02-01,exports,EU5,13210,"Shingles, molding, wallboard",443429123
2025-02-01,exports,EU5,13220,Nontextile floor tiles,42095231
2025-02-01,exports,EU5,20000,"Generators, accessories",1295195183
2025-02-01,exports,EU5,20005,Electric apparatus,4625390094
2025-02-01,exports,EU5,21000,Drilling & oilfield equipment,238305381
2025-02-01,exports,EU5,21010,Specialized mining,93011474
2025-02-01,exports,EU5,21030,Excavating machinery,874677856
2025-02-01,exports,EU5,21040,Nonfarm tractors and parts,313074137
2025-02-01,exports,EU5,21100,Industrial engines,2613116914
2025-02-01,exports,EU5,21110,"Food, tobacco machinery",317200413
2025-02-01,exports,EU5,21120,Metalworking machine tools,522080598
2025-02-01,exports,EU5,21130,"Textile, sewing machines",69953618
2025-02-01,exports,EU5,21140,"Wood, glass, plastic",238472311
2025-02-01,exports,EU5,21150,Pulp and paper machinery,167786942
2025-02-01,exports,EU5,21160,"Measuring, testing, control instruments",2507551012
2025-02-01,exports,EU5,21170,Materials handling equipment,1221129338
2025-02-01,exports,EU5,21180,"Industrial machines, other",5451333824
2025-02-01,exports,EU5,21190,"Photo, service industry machinery",881177305
2025-02-01,exports,EU5,21200,"Agricultural machinery, equipment",749753977
2025-02-01,exports,EU5,21300,Computers,2216211166
2025-02-01,exports,EU5,21301,Computer accessories,3694749113
2025-02-01,exports,EU5,21320,Semiconductors,5266940988
2025-02-01,exports,EU5,21400,Telecommunications equipment,3304108207
2025-02-01,exports,EU5,21500,Business machines and equipment,180009622
2025-02-01,exports,EU5,21600,Laboratory testing instruments,1065995674
2025-02-01,exports,EU5,21610,Medicinal equipment,3543726129
2025-02-01,exports,EU5,22000,Civilian aircraft,13730504
2025-02-01,exports,EU5,22090,"Civilian aircraft, engines, equipment, and parts",11080234818
2025-02-01,exports,EU5,22100,Railway transportation equipment,348916189
2025-02-01,exports,EU5,22200,"Vessels, excluding scrap",53400088
2025-02-01,exports,EU5,22210,"Commercial vessels, other",32252381
2025-02-01,exports,EU5,22220,"Marine engines, parts",125364204
2025-02-01,exports,EU5,22300,"Spacecraft, excluding military",2088568
2025-02-01,exports,EU5,30000,"Passenger cars, new and used",4398708159
2025-02-01,exports,EU5,30100,"Trucks, buses, and special purpose vehicles",2221428789
2025-02-01,exports,EU5,30200,Engines and engine parts,1748125620
2025-02-01,exports,EU5,30210,Bodies and chassis for passenger cars,40507676
2025-02-01,exports,EU5,30220,Automotive tires and tubes,302807012
2025-02-01,exports,EU5,30230,Other parts and accessories of vehicles,4896295260
2025-02-01,exports,EU5,40000,"Apparel, household goods - textile",592742936
2025-02-01,exports,EU5,40030,"Apparel,household goods-nontextile",247798104
2025-02-01,exports,EU5,40050,Sports apparel and gear,53623677
2025-02-01,exports,EU5,40100,Pharmaceutical preparations,8258419179
2025-02-01,exports,EU5,40110,"Books, printed matter",303591173
2025-02-01,exports,EU5,40120,Toiletries and cosmetics,1246521374
2025-02-01,exports,EU5,40130,"Tobacco, manufactured",57958218
2025-02-01,exports,EU5,40140,Other consumer nondurables,588902862
2025-02-01,exports,EU5,41000,"Furniture, household goods, etc.",397486579
2025-02-01,exports,EU5,41010,"Glassware, chinaware",30614979
2025-02-01,exports,EU5,41020,"Cookware, cutlery, tools",88180806
2025-02-01,exports,EU5,41030,Household appliances,577222726
2025-02-01,exports,EU5,41040,Rugs,65292638
2025-02-01,exports,EU5,41050,"Cell phones and other household goods, n.e.c.",2863122263
2025-02-01,exports,EU5,41110,Pleasure boats and motors,200463537
2025-02-01,exports,EU5,41120,"Toys, games, and sporting goods",1020389210
2025-02-01,exports,EU5,41140,Musical instruments,198927897
2025-02-01,exports,EU5,41200,Televisions and video equipment,191653963
2025-02-01,exports,EU5,41210,"Stereo equipment, etc.",216422384
2025-02-01,exports,EU5,41220,Recorded media,76791850
2025-02-01,exports,EU5,41300,Numismatic coins,117357935
2025-02-01,exports,EU5,41310,"Jewelry, etc.",1241954387
2025-02-01,exports,EU5,41320,"Artwork, antiques, stamps, etc.",935392406
2025-02-01,exports,EU5,42000,"Nursery stock, etc.",43020712
2025-02-01,exports,EU5,42100,Gem diamonds,2343954014
2025-02-01,exports,EU5,50000,"Military aircraft, complete",148511495
2025-02-01,exports,EU5,50010,"Aircraft launching gear, parachutes, etc.",48262280
2025-02-01,exports,EU5,50020,Engines and turbines for military aircraft,409359034
2025-02-01,exports,EU5,50030,"Military trucks, armored vehicles, etc.",170725544
2025-02-01,exports,EU5,50050,"Tanks, artillery, missiles, rockets, guns and ammunition",269929300
2025-02-01,exports,EU5,50060,Military apparel and footwear,3353478
2025-02-01,exports,EU5,50070,Parts for military-type goods,601926172
2025-02-01,exports,EU5,60000,Minimum value shipments,4192057718
2025-02-01,exports,EU5,60010,Miscellaneous domestic exports and special transactions,739533030
2025-03-01,exports,EU1,2,"Capital goods, except automotive",61863965704
2025-03-01,exports,EU1,3,"Automotive vehicles, parts, and engines",16806116503
2025-03-01,exports,EU1,4,Consumer goods,23909240617
2025-03-01,exports,EU1,5,Other goods,2213519868
2025-03-01,exports,EU1,6,"Exports, n.e.c., and reexports",5572325741
2025-03-01,exports,EU1,0,"Foods, feeds, and beverages",14844551337
2025-03-01,exports,EU1,1,Industrial supplies and materials,66237137505
2025-03-01,exports,EU5,13210,"Shingles, molding, wallboard",551808858
2025-03-01,exports,EU5,13220,Nontextile floor tiles,43279381
2025-03-01,exports,EU5,20000,"Generators, accessories",1463625046
2025-03-01,exports,EU5,20005,Electric apparatus,5339532557
2025-03-01,exports,EU5,21000,Drilling & oilfield equipment,252239210
2025-03-01,exports,EU5,21010,Specialized mining,141210527
2025-03-01,exports,EU5,21030,Excavating machinery,1036669943
2025-03-01,exports,EU5,21040,Nonfarm tractors and parts,369124644
2025-03-01,exports,EU5,21100,Industrial engines,2904678525
2025-03-01,exports,EU5,21110,"Food, tobacco machinery",422914229
2025-03-01,exports,EU5,21120,Metalworking machine tools,558533426
2025-03-01,exports,EU5,21130,"Textile, sewing machines",74042652
2025-03-01,exports,EU5,21140,"Wood, glass, plastic",250427691
2025-03-01,exports,EU5,21150,Pulp and paper machinery,176065669
2025-03-01,exports,EU5,21160,"Measuring, testing, control instruments",2859780257
2025-03-01,exports,EU5,21170,Materials handling equipment,1490303085
2025-03-01,exports,EU5,21180,"Industrial machines, other",6192840368
2025-03-01,exports,EU5,21190,"Photo, service industry machinery",991665058
2025-03-01,exports,EU5,21200,"Agricultural machinery, equipment",990137998
2025-03-01,exports,EU5,21300,Computers,2593427228
2025-03-01,exports,EU5,21301,Computer accessories,5145628251
2025-03-01,exports,EU5,21320,Semiconductors,5645867991
2025-03-01,exports,EU5,21400,Telecommunications equipment,4038587505
2025-03-01,exports,EU5,21500,Business machines and equipment,208793270
2025-03-01,exports,EU5,21600,Laboratory testing instruments,1255076481
2025-03-01,exports,EU5,21610,Medicinal equipment,4133830385
2025-03-01,exports,EU5,22000,Civilian aircraft,26697803
2025-03-01,exports,EU5,22090,"Civilian aircraft, engines, equipment, and parts",12646057597
2025-03-01,exports,EU5,22100,Railway transportation equipment,377095362
2025-03-01,exports,EU5,22200,"Vessels, excluding scrap",33210271
2025-03-01,exports,EU5,22210,"Commercial vessels, other",42929488
2025-03-01,exports,EU5,22220,"Marine engines, parts",184420814
2025-03-01,exports,EU5,22300,"Spacecraft, excluding military",18552373
2025-03-01,exports,EU5,30000,"Passenger cars, new and used",6167672556
2025-03-01,exports,EU5,30100,"Trucks, buses, and special purpose vehicles",2918071821
2025-03-01,exports,EU5,30200,Engines and engine parts,1947429627
2025-03-01,exports,EU5,30210,Bodies and chassis for passenger cars,16368309
2025-03-01,exports,EU5,30220,Automotive tires and tubes,287224171
2025-03-01,exports,EU5,30230,Other parts and accessories of vehicles,5469350019
2025-03-01,exports,EU5,40000,"Apparel, household goods - textile",691729280
2025-03-01,exports,EU5,40030,"Apparel,household goods-nontextile",293120153
2025-03-01,exports,EU5,40050,Sports apparel and gear,81000748
2025-03-01,exports,EU5,40100,Pharmaceutical preparations,10458977549
2025-03-01,exports,EU5,40110,"Books, printed matter",305121741
2025-03-01,exports,EU5,40120,Toiletries and cosmetics,1344566941
2025-03-01,exports,EU5,40130,"Tobacco, manufactured",75668198
2025-03-01,exports,EU5,40140,Other consumer nondurables,672654985
2025-03-01,exports,EU5,41000,"Furniture, household goods, etc.",445372736
2025-03-01,exports,EU5,41010,"Glassware, chinaware",32261121
2025-03-01,exports,EU5,41020,"Cookware, cutlery, tools",96060200
2025-03-01,exports,EU5,41030,Household appliances,634827902
2025-03-01,exports,EU5,41040,Rugs,70314844
2025-03-01,exports,EU5,41050,"Cell phones and other household goods, n.e.c.",3101528831
2025-03-01,exports,EU5,41110,Pleasure boats and motors,264400776
2025-03-01,exports,EU5,41120,"Toys, games, and sporting goods",999391598
2025-03-01,exports,EU5,41140,Musical instruments,230006273
2025-03-01,exports,EU5,41200,Televisions and video equipment,199899091
2025-03-01,exports,EU5,41210,"Stereo equipment, etc.",242991285
2025-03-01,exports,EU5,41220,Recorded media,96637889
2025-03-01,exports,EU5,41300,Numismatic coins,124973401
2025-03-01,exports,EU5,41310,"Jewelry, etc.",1244464471
2025-03-01,exports,EU5,41320,"Artwork, antiques, stamps, etc.",919592897
2025-03-01,exports,EU5,42000,"Nursery stock, etc.",71906392
2025-03-01,exports,EU5,42100,Gem diamonds,1211771315
2025-03-01,exports,EU5,50000,"Military aircraft, complete",308393789
2025-03-01,exports,EU5,50010,"Aircraft launching gear, parachutes, etc.",39627110
2025-03-01,exports,EU5,50020,Engines and turbines for military aircraft,513838433
2025-03-01,exports,EU5,50030,"Military trucks, armored vehicles, etc.",224115383
2025-03-01,exports,EU5,50050,"Tanks, artillery, missiles, rockets, guns and ammunition",416431834
2025-03-01,exports,EU5,50060,Military apparel and footwear,3155457
2025-03-01,exports,EU5,50070,Parts for military-type goods,707957862
2025-03-01,exports,EU5,60000,Minimum value shipments,4728249134
2025-03-01,exports,EU5,60010,Miscellaneous domestic exports and special transactions,844076607
2025-03-01,exports,EU5,00000,Wheat,508919862
2025-03-01,exports,EU5,00010,Rice,222067010
2025-03-01,exports,EU5,00100,Soybeans,1645700109
2025-03-01,exports,EU5,00110,"Oilseeds, food oils",391130552
2025-03-01,exports,EU5,00200,Corn,1904472610
2025-03-01,exports,EU5,00210,"Sorghum, barley, oats",42550568
2025-03-01,exports,EU5,00220,"Animal feeds, n.e.c.",1146582420
2025-03-01,exports,EU5,00300,"Meat, poultry, etc.",2272915101
2025-03-01,exports,EU5,00310,Dairy products and eggs,697296628
2025-03-01,exports,EU5,00320,"Fruits,  frozen juices",768436306
2025-03-01,exports,EU5,00330,Vegetables,740653589
2025-03-01,exports,EU5,00340,Nuts,1035321521
2025-03-01,exports,EU5,00350,Bakery products,751493084
2025-03-01,exports,EU5,00360,Other foods,1826433140
2025-03-01,exports,EU5,00370,"Wine, beer, and related products",124096451
2025-03-01,exports,EU5,01000,Fish and shellfish,476409960
2025-03-01,exports,EU5,01010,"Alcoholic beverages, excluding wine",249380060
2025-03-01,exports,EU5,01020,"Nonagricultural foods, etc.",40692366
2025-03-01,exports,EU5,10000,"Cotton, raw",706479506
2025-03-01,exports,EU5,10100,"Tobacco, unmanufactured",187518267
2025-03-01,exports,EU5,10120,Hides and skins,69407492
2025-03-01,exports,EU5,10130,Agric. Industry-unmanufactured,468987184
2025-03-01,exports,EU5,10140,Agric. Farming-unmanufactured,345417335
2025-03-01,exports,EU5,10150,"Agriculture-manufactured, other",406053476
2025-03-01,exports,EU5,11010,Metallurgical grade coal,681360258
2025-03-01,exports,EU5,11020,"Coal and fuels, other",884136864
2025-03-01,exports,EU5,11100,Crude oil,8878600000
2025-03-01,exports,EU5,11110,Fuel oil,3492288648
2025-03-01,exports,EU5,11120,"Petroleum products, other",6342848206
2025-03-01,exports,EU5,11130,Natural gas liquids,3360280868
2025-03-01,exports,EU5,11200,Gas-natural,4965317195
2025-03-01,exports,EU5,11300,Nuclear fuel materials,206859023
2025-03-01,exports,EU5,11400,Electric energy,87734210
2025-03-01,exports,EU5,12000,Steelmaking materials,608520467
2025-03-01,exports,EU5,12100,Iron and steel mill products,912130397
2025-03-01,exports,EU5,12110,"Iron and steel products, other",644304789
2025-03-01,exports,EU5,12200,Aluminum and alumina,788664419
2025-03-01,exports,EU5,12210,Copper,994767507
2025-03-01,exports,EU5,12260,Nonmonetary gold,5560533279
2025-03-01,exports,EU5,12270,"Precious metals, other",1009603379
2025-03-01,exports,EU5,12290,"Nonferrous metals, other",740105698
2025-03-01,exports,EU5,12300,Finished metal shapes,2364621278
2025-03-01,exports,EU5,12420,Pulpwood and woodpulp,709679919
2025-03-01,exports,EU5,12430,Newsprint,1144251096
2025-03-01,exports,EU5,12500,Plastic materials,4168340065
2025-03-01,exports,EU5,12510,Chemicals-fertilizers,1056733579
2025-03-01,exports,EU5,12530,Chemicals-inorganic,965290458
2025-03-01,exports,EU5,12540,Chemicals-organic,2815129110
2025-03-01,exports,EU5,12550,Chemicals-other,3583047419
2025-03-01,exports,EU5,12600,Cotton fiber cloth,120910095
2025-03-01,exports,EU5,12620,Manmade cloth,603878428
2025-03-01,exports,EU5,12630,"Hair, waste materials",55774669
2025-03-01,exports,EU5,12640,Finished textile supplies,248650357
2025-03-01,exports,EU5,12650,Leather and furs,56378064
2025-03-01,exports,EU5,12700,Synthetic rubber-primary,316942434
2025-03-01,exports,EU5,12720,Nonmetallic minerals,53879995
2025-03-01,exports,EU5,12750,Industrial rubber products,506461974
2025-03-01,exports,EU5,12760,Mineral supplies-manufactured,742355975
2025-03-01,exports,EU5,12765,"Tapes, audio and visual",14373456
2025-03-01,exports,EU5,12770,Other industrial supplies,3133240687
2025-03-01,exports,EU5,13100,Logs and lumber,436215013
2025-03-01,exports,EU5,13110,"Wood supplies, manufactured",91025160
2025-03-01,exports,EU5,13200,"Glass-plate, sheet, etc.",112951568
2025-04-01,exports,EU1,0,"Foods, feeds, and beverages",13179268475
2025-04-01,exports,EU1,1,Industrial supplies and materials,75890914616
2025-04-01,exports,EU1,2,"Capital goods, except automotive",59089320287
2025-04-01,exports,EU1,3,"Automotive vehicles, parts, and engines",13298764724
2025-04-01,exports,EU1,4,Consumer goods,20135823708
2025-04-01,exports,EU1,5,Other goods,2139432518
2025-04-01,exports,EU1,6,"Exports, n.e.c., and reexports",5397072283
2025-04-01,exports,EU5,00000,Wheat,571666404
2025-04-01,exports,EU5,00010,Rice,166310367
2025-04-01,exports,EU5,00100,Soybeans,1006955482
2025-04-01,exports,EU5,00110,"Oilseeds, food oils",436659568
2025-04-01,exports,EU5,00200,Corn,1891426837
2025-04-01,exports,EU5,00210,"Sorghum, barley, oats",26453725
2025-04-01,exports,EU5,00220,"Animal feeds, n.e.c.",939568413
2025-04-01,exports,EU5,00300,"Meat, poultry, etc.",2043374855
2025-04-01,exports,EU5,00310,Dairy products and eggs,616552032
2025-04-01,exports,EU5,00320,"Fruits,  frozen juices",696448871
2025-04-01,exports,EU5,00330,Vegetables,646205397
2025-04-01,exports,EU5,00340,Nuts,957264193
2025-04-01,exports,EU5,00350,Bakery products,683353656
2025-04-01,exports,EU5,00360,Other foods,1737574200
2025-04-01,exports,EU5,00370,"Wine, beer, and related products",97861368
2025-04-01,exports,EU5,01000,Fish and shellfish,394900823
2025-04-01,exports,EU5,01010,"Alcoholic beverages, excluding wine",229695721
2025-04-01,exports,EU5,01020,"Nonagricultural foods, etc.",36996563
2025-04-01,exports,EU5,10000,"Cotton, raw",648776336
2025-04-01,exports,EU5,10100,"Tobacco, unmanufactured",182862489
2025-04-01,exports,EU5,10120,Hides and skins,56679935
2025-04-01,exports,EU5,10130,Agric. Industry-unmanufactured,371014594
2025-04-01,exports,EU5,10140,Agric. Farming-unmanufactured,283069641
2025-04-01,exports,EU5,10150,"Agriculture-manufactured, other",394570088
2025-04-01,exports,EU5,11010,Metallurgical grade coal,530793141
2025-04-01,exports,EU5,11020,"Coal and fuels, other",827323391
2025-04-01,exports,EU5,11100,Crude oil,7872422845
2025-04-01,exports,EU5,11110,Fuel oil,3416230198
2025-04-01,exports,EU5,11120,"Petroleum products, other",5740650027
2025-04-01,exports,EU5,11130,Natural gas liquids,3138416559
2025-04-01,exports,EU5,11200,Gas-natural,4685457236
2025-04-01,exports,EU5,11300,Nuclear fuel materials,132691297
2025-04-01,exports,EU5,11400,Electric energy,62616469
2025-04-01,exports,EU5,12000,Steelmaking materials,656062591
2025-04-01,exports,EU5,12100,Iron and steel mill products,847670802
2025-04-01,exports,EU5,12110,"Iron and steel products, other",625994305
2025-04-01,exports,EU5,12200,Aluminum and alumina,796290315
2025-04-01,exports,EU5,12210,Copper,926325770
2025-04-01,exports,EU5,12260,Nonmonetary gold,10349110099
2025-04-01,exports,EU5,12270,"Precious metals, other",1659823470
2025-04-01,exports,EU5,12290,"Nonferrous metals, other",704917053
2025-04-01,exports,EU5,12300,Finished metal shapes,10724229179
2025-04-01,exports,EU5,12420,Pulpwood and woodpulp,654672771
2025-04-01,exports,EU5,12430,Newsprint,1071998075
2025-04-01,exports,EU5,12500,Plastic materials,3801477555
2025-04-01,exports,EU5,12510,Chemicals-fertilizers,1043055230
2025-04-01,exports,EU5,12530,Chemicals-inorganic,1021811383
2025-04-01,exports,EU5,12540,Chemicals-organic,2627098068
2025-04-01,exports,EU5,12550,Chemicals-other,3532368144
2025-04-01,exports,EU5,12600,Cotton fiber cloth,103450576
2025-04-01,exports,EU5,12620,Manmade cloth,534760488
2025-04-01,exports,EU5,12630,"Hair, waste materials",49295064
2025-04-01,exports,EU5,12640,Finished textile supplies,241709509
2025-04-01,exports,EU5,12650,Leather and furs,54067734
2025-04-01,exports,EU5,12700,Synthetic rubber-primary,306199403
2025-04-01,exports,EU5,12720,Nonmetallic minerals,89378602
2025-04-01,exports,EU5,12750,Industrial rubber products,468315345
2025-04-01,exports,EU5,12760,Mineral supplies-manufactured,687400937
2025-04-01,exports,EU5,12765,"Tapes, audio and visual",7969640
2025-04-01,exports,EU5,12770,Other industrial supplies,2900017812
2025-04-01,exports,EU5,13100,Logs and lumber,384284123
2025-04-01,exports,EU5,13110,"Wood supplies, manufactured",80698769
2025-04-01,exports,EU5,13200,"Glass-plate, sheet, etc.",93790685
2025-04-01,exports,EU5,13210,"Shingles, molding, wallboard",454230622
2025-04-01,exports,EU5,13220,Nontextile floor tiles,48866251
2025-04-01,exports,EU5,20000,"Generators, accessories",1318310419
2025-04-01,exports,EU5,20005,Electric apparatus,4790486734
2025-04-01,exports,EU5,21000,Drilling & oilfield equipment,240463408
2025-04-01,exports,EU5,21010,Specialized mining,103333268
2025-04-01,exports,EU5,21030,Excavating machinery,884218016
2025-04-01,exports,EU5,21040,Nonfarm tractors and parts,288903532
2025-04-01,exports,EU5,21100,Industrial engines,2806764682
2025-04-01,exports,EU5,21110,"Food, tobacco machinery",330047598
2025-04-01,exports,EU5,21120,Metalworking machine tools,508912815
2025-04-01,exports,EU5,21130,"Textile, sewing machines",64201821
2025-04-01,exports,EU5,21140,"Wood, glass, plastic",262218367
2025-04-01,exports,EU5,21150,Pulp and paper machinery,188510514
2025-04-01,exports,EU5,21160,"Measuring, testing, control instruments",2536124649
2025-04-01,exports,EU5,21170,Materials handling equipment,1278721267
2025-04-01,exports,EU5,21180,"Industrial machines, other",6285114310
2025-04-01,exports,EU5,21190,"Photo, service industry machinery",896727129
2025-04-01,exports,EU5,21200,"Agricultural machinery, equipment",818685087
2025-04-01,exports,EU5,21300,Computers,3152949100
2025-04-01,exports,EU5,21301,Computer accessories,4511828535
2025-04-01,exports,EU5,21320,Semiconductors,5736095365
2025-04-01,exports,EU5,21400,Telecommunications equipment,4108199786
2025-04-01,exports,EU5,21500,Business machines and equipment,177228871
2025-04-01,exports,EU5,21600,Laboratory testing instruments,1135933561
2025-04-01,exports,EU5,21610,Medicinal equipment,3949141768
2025-04-01,exports,EU5,22000,Civilian aircraft,65193790
2025-04-01,exports,EU5,22090,"Civilian aircraft, engines, equipment, and parts",12183795422
2025-04-01,exports,EU5,22100,Railway transportation equipment,299461943
2025-04-01,exports,EU5,22200,"Vessels, excluding scrap",2499037
2025-04-01,exports,EU5,22210,"Commercial vessels, other",37499787
2025-04-01,exports,EU5,22220,"Marine engines, parts",111179525
2025-04-01,exports,EU5,22300,"Spacecraft, excluding military",16570181
2025-04-01,exports,EU5,30000,"Passenger cars, new and used",4234328383
2025-04-01,exports,EU5,30100,"Trucks, buses, and special purpose vehicles",2132651929
2025-04-01,exports,EU5,30200,Engines and engine parts,1816168782
2025-04-01,exports,EU5,30210,Bodies and chassis for passenger cars,6572326
2025-04-01,exports,EU5,30220,Automotive tires and tubes,225752513
2025-04-01,exports,EU5,30230,Other parts and accessories of vehicles,4883290791
2025-04-01,exports,EU5,40000,"Apparel, household goods - textile",657661477
2025-04-01,exports,EU5,40030,"Apparel,household goods-nontextile",271123304
2025-04-01,exports,EU5,40050,Sports apparel and gear,67551997
2025-04-01,exports,EU5,40100,Pharmaceutical preparations,8376129796
2025-04-01,exports,EU5,40110,"Books, printed matter",289000261
2025-04-01,exports,EU5,40120,Toiletries and cosmetics,1191635354
2025-04-01,exports,EU5,40130,"Tobacco, manufactured",66465210
2025-04-01,exports,EU5,40140,Other consumer nondurables,617416828
2025-04-01,exports,EU5,41000,"Furniture, household goods, etc.",418284139
2025-04-01,exports,EU5,41010,"Glassware, chinaware",37606668
2025-04-01,exports,EU5,41020,"Cookware, cutlery, tools",93784792
2025-04-01,exports,EU5,41030,Household appliances,583578558
2025-04-01,exports,EU5,41040,Rugs,52280971
2025-04-01,exports,EU5,41050,"Cell phones and other household goods, n.e.c.",3150107091
2025-04-01,exports,EU5,41110,Pleasure boats and motors,248684464
2025-04-01,exports,EU5,41120,"Toys, games, and sporting goods",901820638
2025-04-01,exports,EU5,41140,Musical instruments,221077404
2025-04-01,exports,EU5,41200,Televisions and video equipment,167271872
2025-04-01,exports,EU5,41210,"Stereo equipment, etc.",217899889
2025-04-01,exports,EU5,41220,Recorded media,94325596
2025-04-01,exports,EU5,41300,Numismatic coins,101514003
2025-04-01,exports,EU5,41310,"Jewelry, etc.",907012194
2025-04-01,exports,EU5,41320,"Artwork, antiques, stamps, etc.",714321000
2025-04-01,exports,EU5,42000,"Nursery stock, etc.",44928402
2025-04-01,exports,EU5,42100,Gem diamonds,644341800
2025-04-01,exports,EU5,50000,"Military aircraft, complete",0
2025-04-01,exports,EU5,50010,"Aircraft launching gear, parachutes, etc.",93040203
2025-04-01,exports,EU5,50020,Engines and turbines for military aircraft,367914416
2025-04-01,exports,EU5,50030,"Military trucks, armored vehicles, etc.",195982761
2025-04-01,exports,EU5,50050,"Tanks, artillery, missiles, rockets, guns and ammunition",683111345
2025-04-01,exports,EU5,50060,Military apparel and footwear,10689410
2025-04-01,exports,EU5,50070,Parts for military-type goods,788694383
2025-04-01,exports,EU5,60000,Minimum value shipments,4504205051
2025-04-01,exports,EU5,60010,Miscellaneous domestic exports and special transactions,892867232
2025-05-01,exports,EU1,0,"Foods, feeds, and beverages",12621471368
2025-05-01,exports,EU1,1,Industrial supplies and materials,68799299770
2025-05-01,exports,EU1,2,"Capital goods, except automotive",58057846005
2025-05-01,exports,EU1,3,"Automotive vehicles, parts, and engines",14528493145
2025-05-01,exports,EU1,4,Consumer goods,22683031750
2025-05-01,exports,EU1,5,Other goods,2027214781
2025-05-01,exports,EU1,6,"Exports, n.e.c., and reexports",5492296629
2025-05-01,exports,EU5,00000,Wheat,573100580
2025-05-01,exports,EU5,00010,Rice,188569056
2025-05-01,exports,EU5,00100,Soybeans,728431776
2025-05-01,exports,EU5,00110,"Oilseeds, food oils",330233629
2025-05-01,exports,EU5,00200,Corn,1709982289
2025-05-01,exports,EU5,00210,"Sorghum, barley, oats",47967109
2025-05-01,exports,EU5,00220,"Animal feeds, n.e.c.",881890546
2025-05-01,exports,EU5,00300,"Meat, poultry, etc.",1999475687
2025-05-01,exports,EU5,00310,Dairy products and eggs,654394154
2025-05-01,exports,EU5,00320,"Fruits,  frozen juices",819784449
2025-05-01,exports,EU5,00330,Vegetables,662229611
2025-05-01,exports,EU5,00340,Nuts,980713013
2025-05-01,exports,EU5,00350,Bakery products,707834049
2025-05-01,exports,EU5,00360,Other foods,1664985561
2025-05-01,exports,EU5,00370,"Wine, beer, and related products",91845990
2025-05-01,exports,EU5,01000,Fish and shellfish,307713574
2025-05-01,exports,EU5,01010,"Alcoholic beverages, excluding wine",240621091
2025-05-01,exports,EU5,01020,"Nonagricultural foods, etc.",31699204
2025-05-01,exports,EU5,10000,"Cotton, raw",478873002
2025-05-01,exports,EU5,10100,"Tobacco, unmanufactured",72521012
2025-05-01,exports,EU5,10120,Hides and skins,54422183
2025-05-01,exports,EU5,10130,Agric. Industry-unmanufactured,378649318
2025-05-01,exports,EU5,10140,Agric. Farming-unmanufactured,235217224
2025-05-01,exports,EU5,10150,"Agriculture-manufactured, other",375869717
2025-05-01,exports,EU5,11010,Metallurgical grade coal,534324591
2025-05-01,exports,EU5,11020,"Coal and fuels, other",893851940
2025-05-01,exports,EU5,11100,Crude oil,7374242958
2025-05-01,exports,EU5,11110,Fuel oil,3801639622
2025-05-01,exports,EU5,11120,"Petroleum products, other",5932642381
2025-05-01,exports,EU5,11130,Natural gas liquids,2937899308
2025-05-01,exports,EU5,11200,Gas-natural,4082307349
2025-05-01,exports,EU5,11300,Nuclear fuel materials,210062149
2025-05-01,exports,EU5,11400,Electric energy,43958352
2025-05-01,exports,EU5,12000,Steelmaking materials,763023509
2025-05-01,exports,EU5,12100,Iron and steel mill products,871610855
2025-05-01,exports,EU5,12110,"Iron and steel products, other",616123434
2025-05-01,exports,EU5,12200,Aluminum and alumina,752430025
2025-05-01,exports,EU5,12210,Copper,1066963473
2025-05-01,exports,EU5,12260,Nonmonetary gold,5603154403
2025-05-01,exports,EU5,12270,"Precious metals, other",1355407948
2025-05-01,exports,EU5,12290,"Nonferrous metals, other",730833713
2025-05-01,exports,EU5,12300,Finished metal shapes,9906109736
2025-05-01,exports,EU5,12420,Pulpwood and woodpulp,661186510
2025-05-01,exports,EU5,12430,Newsprint,1063912905
2025-05-01,exports,EU5,12500,Plastic materials,3653118088
2025-05-01,exports,EU5,12510,Chemicals-fertilizers,913799182
2025-05-01,exports,EU5,12530,Chemicals-inorganic,959125702
2025-05-01,exports,EU5,12540,Chemicals-organic,2674587722
2025-05-01,exports,EU5,12550,Chemicals-other,3200799422
2025-05-01,exports,EU5,12600,Cotton fiber cloth,106502419
2025-05-01,exports,EU5,12620,Manmade cloth,543675297
2025-05-01,exports,EU5,12630,"Hair, waste materials",54235639
2025-05-01,exports,EU5,12640,Finished textile supplies,226908934
2025-05-01,exports,EU5,12650,Leather and furs,48538029
2025-05-01,exports,EU5,12700,Synthetic rubber-primary,327955657
2025-05-01,exports,EU5,12720,Nonmetallic minerals,60194227
2025-05-01,exports,EU5,12750,Industrial rubber products,478815182
2025-05-01,exports,EU5,12760,Mineral supplies-manufactured,676174484
2025-05-01,exports,EU5,12765,"Tapes, audio and visual",8007226
2025-05-01,exports,EU5,12770,Other industrial supplies,2957994944
2025-05-01,exports,EU5,13100,Logs and lumber,384237851
2025-05-01,exports,EU5,13110,"Wood supplies, manufactured",88635249
2025-05-01,exports,EU5,13200,"Glass-plate, sheet, etc.",98484505
2025-05-01,exports,EU5,13210,"Shingles, molding, wallboard",495446669
2025-05-01,exports,EU5,13220,Nontextile floor tiles,44825725
2025-05-01,exports,EU5,20000,"Generators, accessories",1287295703
2025-05-01,exports,EU5,20005,Electric apparatus,4744119445
2025-05-01,exports,EU5,21000,Drilling & oilfield equipment,221160426
2025-05-01,exports,EU5,21010,Specialized mining,86097412
2025-05-01,exports,EU5,21030,Excavating machinery,915175492
2025-05-01,exports,EU5,21040,Nonfarm tractors and parts,295369470
2025-05-01,exports,EU5,21100,Industrial engines,2682046216
2025-05-01,exports,EU5,21110,"Food, tobacco machinery",353379813
2025-05-01,exports,EU5,21120,Metalworking machine tools,480957801
2025-05-01,exports,EU5,21130,"Textile, sewing machines",69312342
2025-05-01,exports,EU5,21140,"Wood, glass, plastic",272296186
2025-05-01,exports,EU5,21150,Pulp and paper machinery,179130974
2025-05-01,exports,EU5,21160,"Measuring, testing, control instruments",2491524486
2025-05-01,exports,EU5,21170,Materials handling equipment,1367930974
2025-05-01,exports,EU5,21180,"Industrial machines, other",5784466667
2025-05-01,exports,EU5,21190,"Photo, service industry machinery",884064718
2025-05-01,exports,EU5,21200,"Agricultural machinery, equipment",739479386
2025-05-01,exports,EU5,21300,Computers,3567836636
2025-05-01,exports,EU5,21301,Computer accessories,5205281151
2025-05-01,exports,EU5,21320,Semiconductors,5373491417
2025-05-01,exports,EU5,21400,Telecommunications equipment,3771860715
2025-05-01,exports,EU5,21500,Business machines and equipment,180982735
2025-05-01,exports,EU5,21600,Laboratory testing instruments,1078315581
2025-05-01,exports,EU5,21610,Medicinal equipment,3748676728
2025-05-01,exports,EU5,22000,Civilian aircraft,34280546
2025-05-01,exports,EU5,22090,"Civilian aircraft, engines, equipment, and parts",11686396438
2025-05-01,exports,EU5,22100,Railway transportation equipment,328720025
2025-05-01,exports,EU5,22200,"Vessels, excluding scrap",2597747
2025-05-01,exports,EU5,22210,"Commercial vessels, other",51916755
2025-05-01,exports,EU5,22220,"Marine engines, parts",112073528
2025-05-01,exports,EU5,22300,"Spacecraft, excluding military",61608492
2025-05-01,exports,EU5,30000,"Passenger cars, new and used",4834087263
2025-05-01,exports,EU5,30100,"Trucks, buses, and special purpose vehicles",2317692853
2025-05-01,exports,EU5,30200,Engines and engine parts,1909792868
2025-05-01,exports,EU5,30210,Bodies and chassis for passenger cars,13544736
2025-05-01,exports,EU5,30220,Automotive tires and tubes,234586085
2025-05-01,exports,EU5,30230,Other parts and accessories of vehicles,5218789340
2025-05-01,exports,EU5,40000,"Apparel, household goods - textile",638740445
2025-05-01,exports,EU5,40030,"Apparel,household goods-nontextile",254145369
2025-05-01,exports,EU5,40050,Sports apparel and gear,66781986
2025-05-01,exports,EU5,40100,Pharmaceutical preparations,9754368896
2025-05-01,exports,EU5,40110,"Books, printed matter",298575075
2025-05-01,exports,EU5,40120,Toiletries and cosmetics,1204866473
2025-05-01,exports,EU5,40130,"Tobacco, manufactured",75518834
2025-05-01,exports,EU5,40140,Other consumer nondurables,622447539
2025-05-01,exports,EU5,41000,"Furniture, household goods, etc.",452464833
2025-05-01,exports,EU5,41010,"Glassware, chinaware",30653995
2025-05-01,exports,EU5,41020,"Cookware, cutlery, tools",96375460
2025-05-01,exports,EU5,41030,Household appliances,593668052
2025-05-01,exports,EU5,41040,Rugs,55578892
2025-05-01,exports,EU5,41050,"Cell phones and other household goods, n.e.c.",3156898297
2025-05-01,exports,EU5,41110,Pleasure boats and motors,216776560
2025-05-01,exports,EU5,41120,"Toys, games, and sporting goods",934339093
2025-05-01,exports,EU5,41140,Musical instruments,225940286
2025-05-01,exports,EU5,41200,Televisions and video equipment,195418309
2025-05-01,exports,EU5,41210,"Stereo equipment, etc.",226670427
2025-05-01,exports,EU5,41220,Recorded media,103807866
2025-05-01,exports,EU5,41300,Numismatic coins,110586173
2025-05-01,exports,EU5,41310,"Jewelry, etc.",1343700785
2025-05-01,exports,EU5,41320,"Artwork, antiques, stamps, etc.",861437012
2025-05-01,exports,EU5,42000,"Nursery stock, etc.",49635709
2025-05-01,exports,EU5,42100,Gem diamonds,1113635384
2025-05-01,exports,EU5,50000,"Military aircraft, complete",37772630
2025-05-01,exports,EU5,50010,"Aircraft launching gear, parachutes, etc.",28658557
2025-05-01,exports,EU5,50020,Engines and turbines for military aircraft,363093128
2025-05-01,exports,EU5,50030,"Military trucks, armored vehicles, etc.",125366661
2025-05-01,exports,EU5,50040,Military ships and boats,58536888
2025-05-01,exports,EU5,50050,"Tanks, artillery, missiles, rockets, guns and ammunition",605785050
2025-05-01,exports,EU5,50060,Military apparel and footwear,7637994
2025-05-01,exports,EU5,50070,Parts for military-type goods,800363873
2025-05-01,exports,EU5,60000,Minimum value shipments,4554280990
2025-05-01,exports,EU5,60010,Miscellaneous domestic exports and special transactions,938015639
2025-06-01,exports,EU1,0,"Foods, feeds, and beverages",12340008605
2025-06-01,exports,EU1,1,Industrial supplies and materials,60957302441
2025-06-01,exports,EU1,2,"Capital goods, except automotive",61134294706
2025-06-01,exports,EU1,3,"Automotive vehicles, parts, and engines",14105605565
2025-06-01,exports,EU1,4,Consumer goods,24225500269
2025-06-01,exports,EU1,5,Other goods,2439170966
2025-06-01,exports,EU1,6,"Exports, n.e.c., and reexports",5336163540
2025-06-01,exports,EU5,00000,Wheat,480901135
2025-06-01,exports,EU5,00010,Rice,141111591
2025-06-01,exports,EU5,00100,Soybeans,759905310
2025-06-01,exports,EU5,00110,"Oilseeds, food oils",259796683
2025-06-01,exports,EU5,00200,Corn,1629441426
2025-06-01,exports,EU5,00210,"Sorghum, barley, oats",48673342
2025-06-01,exports,EU5,00220,"Animal feeds, n.e.c.",923244063
2025-06-01,exports,EU5,00300,"Meat, poultry, etc.",2026834160
2025-06-01,exports,EU5,00310,Dairy products and eggs,671871378
2025-06-01,exports,EU5,00320,"Fruits,  frozen juices",899886844
2025-06-01,exports,EU5,00330,Vegetables,611592884
2025-06-01,exports,EU5,00340,Nuts,856867918
2025-06-01,exports,EU5,00350,Bakery products,702636604
2025-06-01,exports,EU5,00360,Other foods,1636650036
2025-06-01,exports,EU5,00370,"Wine, beer, and related products",84553861
2025-06-01,exports,EU5,01000,Fish and shellfish,327585172
2025-06-01,exports,EU5,01010,"Alcoholic beverages, excluding wine",237428325
2025-06-01,exports,EU5,01020,"Nonagricultural foods, etc.",41027873
2025-06-01,exports,EU5,10000,"Cotton, raw",388792931
2025-06-01,exports,EU5,10100,"Tobacco, unmanufactured",120781800
2025-06-01,exports,EU5,10120,Hides and skins,81944017
2025-06-01,exports,EU5,10130,Agric. Industry-unmanufactured,369277142
2025-06-01,exports,EU5,10140,Agric. Farming-unmanufactured,235208517
2025-06-01,exports,EU5,10150,"Agriculture-manufactured, other",383141747
2025-06-01,exports,EU5,11010,Metallurgical grade coal,557837319
2025-06-01,exports,EU5,11020,"Coal and fuels, other",776922119
2025-06-01,exports,EU5,11100,Crude oil,7688233689
2025-06-01,exports,EU5,11110,Fuel oil,4127544972
2025-06-01,exports,EU5,11120,"Petroleum products, other",6109545972
2025-06-01,exports,EU5,11130,Natural gas liquids,2790151552
2025-06-01,exports,EU5,11200,Gas-natural,3860984808
2025-06-01,exports,EU5,11300,Nuclear fuel materials,101093372
2025-06-01,exports,EU5,11400,Electric energy,58228583
2025-06-01,exports,EU5,12000,Steelmaking materials,686353520
2025-06-01,exports,EU5,12100,Iron and steel mill products,868333147
2025-06-01,exports,EU5,12110,"Iron and steel products, other",567788465
2025-06-01,exports,EU5,12200,Aluminum and alumina,740918182
2025-06-01,exports,EU5,12210,Copper,1061539541
2025-06-01,exports,EU5,12260,Nonmonetary gold,2744189070
2025-06-01,exports,EU5,12270,"Precious metals, other",1471899851
2025-06-01,exports,EU5,12290,"Nonferrous metals, other",664330109
2025-06-01,exports,EU5,12300,Finished metal shapes,4828505568
2025-06-01,exports,EU5,12420,Pulpwood and woodpulp,668266928
2025-06-01,exports,EU5,12430,Newsprint,1061367294
2025-06-01,exports,EU5,12500,Plastic materials,3747215777
2025-06-01,exports,EU5,12510,Chemicals-fertilizers,803219679
2025-06-01,exports,EU5,12530,Chemicals-inorganic,980907707
2025-06-01,exports,EU5,12540,Chemicals-organic,2670030209
2025-06-01,exports,EU5,12550,Chemicals-other,3293528330
2025-06-01,exports,EU5,12600,Cotton fiber cloth,111435487
2025-06-01,exports,EU5,12620,Manmade cloth,526714003
2025-06-01,exports,EU5,12630,"Hair, waste materials",51454499
2025-06-01,exports,EU5,12640,Finished textile supplies,225464971
2025-06-01,exports,EU5,12650,Leather and furs,47891161
2025-06-01,exports,EU5,12700,Synthetic rubber-primary,296185353
2025-06-01,exports,EU5,12720,Nonmetallic minerals,83464548
2025-06-01,exports,EU5,12750,Industrial rubber products,462143786
2025-06-01,exports,EU5,12760,Mineral supplies-manufactured,641230254
2025-06-01,exports,EU5,12765,"Tapes, audio and visual",8341883
2025-06-01,exports,EU5,12770,Other industrial supplies,2928592581
2025-06-01,exports,EU5,13100,Logs and lumber,399017980
2025-06-01,exports,EU5,13110,"Wood supplies, manufactured",85538640
2025-06-01,exports,EU5,13200,"Glass-plate, sheet, etc.",98668035
2025-06-01,exports,EU5,13210,"Shingles, molding, wallboard",443034018
2025-06-01,exports,EU5,13220,Nontextile floor tiles,40043325
2025-06-01,exports,EU5,20000,"Generators, accessories",1343162578
2025-06-01,exports,EU5,20005,Electric apparatus,4577877645
2025-06-01,exports,EU5,21000,Drilling & oilfield equipment,243149485
2025-06-01,exports,EU5,21010,Specialized mining,92177891
2025-06-01,exports,EU5,21030,Excavating machinery,2530138895
2025-06-01,exports,EU5,21040,Nonfarm tractors and parts,254935696
2025-06-01,exports,EU5,21100,Industrial engines,2783709542
2025-06-01,exports,EU5,21110,"Food, tobacco machinery",362633516
2025-06-01,exports,EU5,21120,Metalworking machine tools,489734543
2025-06-01,exports,EU5,21130,"Textile, sewing machines",63061410
2025-06-01,exports,EU5,21140,"Wood, glass, plastic",233957721
2025-06-01,exports,EU5,21150,Pulp and paper machinery,182244743
2025-06-01,exports,EU5,21160,"Measuring, testing, control instruments",2795839158
2025-06-01,exports,EU5,21170,Materials handling equipment,1296161607
2025-06-01,exports,EU5,21180,"Industrial machines, other",5880860597
2025-06-01,exports,EU5,21190,"Photo, service industry machinery",870764979
2025-06-01,exports,EU5,21200,"Agricultural machinery, equipment",656352757
2025-06-01,exports,EU5,21300,Computers,3828224413
2025-06-01,exports,EU5,21301,Computer accessories,4060875383
2025-06-01,exports,EU5,21320,Semiconductors,5672760259
2025-06-01,exports,EU5,21400,Telecommunications equipment,3783009611
2025-06-01,exports,EU5,21500,Business machines and equipment,171717575
2025-06-01,exports,EU5,21600,Laboratory testing instruments,1157544333
2025-06-01,exports,EU5,21610,Medicinal equipment,4049866905
2025-06-01,exports,EU5,22000,Civilian aircraft,7806979
2025-06-01,exports,EU5,22090,"Civilian aircraft, engines, equipment, and parts",13244470592
2025-06-01,exports,EU5,22100,Railway transportation equipment,278726676
2025-06-01,exports,EU5,22200,"Vessels, excluding scrap",53416714
2025-06-01,exports,EU5,22210,"Commercial vessels, other",30883732
2025-06-01,exports,EU5,22220,"Marine engines, parts",134066390
2025-06-01,exports,EU5,22300,"Spacecraft, excluding military",4162381
2025-06-01,exports,EU5,30000,"Passenger cars, new and used",4525572746
2025-06-01,exports,EU5,30100,"Trucks, buses, and special purpose vehicles",2593826319
2025-06-01,exports,EU5,30200,Engines and engine parts,1813841741
2025-06-01,exports,EU5,30210,Bodies and chassis for passenger cars,15839173
2025-06-01,exports,EU5,30220,Automotive tires and tubes,236868616
2025-06-01,exports,EU5,30230,Other parts and accessories of vehicles,4919656970
2025-06-01,exports,EU5,40000,"Apparel, household goods - textile",582714932
2025-06-01,exports,EU5,40030,"Apparel,household goods-nontextile",245239715
2025-06-01,exports,EU5,40050,Sports apparel and gear,64924149
2025-06-01,exports,EU5,40100,Pharmaceutical preparations,11758466468
2025-06-01,exports,EU5,40110,"Books, printed matter",289094919
2025-06-01,exports,EU5,40120,Toiletries and cosmetics,1232223534
2025-06-01,exports,EU5,40130,"Tobacco, manufactured",76172626
2025-06-01,exports,EU5,40140,Other consumer nondurables,604274353
2025-06-01,exports,EU5,41000,"Furniture, household goods, etc.",408874885
2025-06-01,exports,EU5,41010,"Glassware, chinaware",29068953
2025-06-01,exports,EU5,41020,"Cookware, cutlery, tools",84304148
2025-06-01,exports,EU5,41030,Household appliances,582903949
2025-06-01,exports,EU5,41040,Rugs,57038416
2025-06-01,exports,EU5,41050,"Cell phones and other household goods, n.e.c.",3099488881
2025-06-01,exports,EU5,41110,Pleasure boats and motors,215094807
2025-06-01,exports,EU5,41120,"Toys, games, and sporting goods",914970285
2025-06-01,exports,EU5,41140,Musical instruments,192705300
2025-06-01,exports,EU5,41200,Televisions and video equipment,178432762
2025-06-01,exports,EU5,41210,"Stereo equipment, etc.",234826601
2025-06-01,exports,EU5,41220,Recorded media,83267442
2025-06-01,exports,EU5,41300,Numismatic coins,88110217
2025-06-01,exports,EU5,41310,"Jewelry, etc.",943497187
2025-06-01,exports,EU5,41320,"Artwork, antiques, stamps, etc.",1522224134
2025-06-01,exports,EU5,42000,"Nursery stock, etc.",29824336
2025-06-01,exports,EU5,42100,Gem diamonds,707757270
2025-06-01,exports,EU5,50000,"Military aircraft, complete",98982566
2025-06-01,exports,EU5,50010,"Aircraft launching gear, parachutes, etc.",22694923
2025-06-01,exports,EU5,50020,Engines and turbines for military aircraft,427766712
2025-06-01,exports,EU5,50030,"Military trucks, armored vehicles, etc.",208148986
2025-06-01,exports,EU5,50040,Military ships and boats,0
2025-06-01,exports,EU5,50050,"Tanks, artillery, missiles, rockets, guns and ammunition",929593174
2025-06-01,exports,EU5,50060,Military apparel and footwear,13263081
2025-06-01,exports,EU5,50070,Parts for military-type goods,738721524
2025-06-01,exports,EU5,60000,Minimum value shipments,4479455744
2025-06-01,exports,EU5,60010,Miscellaneous domestic exports and special transactions,856707796
2025-07-01,exports,EU1,0,"Foods, feeds, and beverages",12539514639
2025-07-01,exports,EU1,1,Industrial supplies and materials,60451148883
2025-07-01,exports,EU1,2,"Capital goods, except automotive",60233458042
2025-07-01,exports,EU1,3,"Automotive vehicles, parts, and engines",12790513416
2025-07-01,exports,EU1,4,Consumer goods,21411574831
2025-07-01,exports,EU1,5,Other goods,2807908702
2025-07-01,exports,EU1,6,"Exports, n.e.c., and reexports",5222906377
2025-07-01,exports,EU5,00000,Wheat,597265171
2025-07-01,exports,EU5,00010,Rice,157321755
2025-07-01,exports,EU5,00100,Soybeans,881590695
2025-07-01,exports,EU5,00110,"Oilseeds, food oils",237973118
2025-07-01,exports,EU5,00200,Corn,1423986569
2025-07-01,exports,EU5,00210,"Sorghum, barley, oats",42640675
2025-07-01,exports,EU5,00220,"Animal feeds, n.e.c.",856149556
2025-07-01,exports,EU5,00300,"Meat, poultry, etc.",2046120644
2025-07-01,exports,EU5,00310,Dairy products and eggs,688460597
2025-07-01,exports,EU5,00320,"Fruits,  frozen juices",973200895
2025-07-01,exports,EU5,00330,Vegetables,561983921
2025-07-01,exports,EU5,00340,Nuts,831980606
2025-07-01,exports,EU5,00350,Bakery products,729289230
2025-07-01,exports,EU5,00360,Other foods,1630085501
2025-07-01,exports,EU5,00370,"Wine, beer, and related products",97612522
2025-07-01,exports,EU5,01000,Fish and shellfish,547614697
2025-07-01,exports,EU5,01010,"Alcoholic beverages, excluding wine",197187091
2025-07-01,exports,EU5,01020,"Nonagricultural foods, etc.",39051396
2025-07-01,exports,EU5,10000,"Cotton, raw",359998325
2025-07-01,exports,EU5,10100,"Tobacco, unmanufactured",28408089
2025-07-01,exports,EU5,10120,Hides and skins,56469800
2025-07-01,exports,EU5,10130,Agric. Industry-unmanufactured,403374841
2025-07-01,exports,EU5,10140,Agric. Farming-unmanufactured,235705840
2025-07-01,exports,EU5,10150,"Agriculture-manufactured, other",392040436
2025-07-01,exports,EU5,11010,Metallurgical grade coal,491990073
2025-07-01,exports,EU5,11020,"Coal and fuels, other",828632862
2025-07-01,exports,EU5,11100,Crude oil,7578448631
2025-07-01,exports,EU5,11110,Fuel oil,4093377668
2025-07-01,exports,EU5,11120,"Petroleum products, other",6020982642
2025-07-01,exports,EU5,11130,Natural gas liquids,2928491986
2025-07-01,exports,EU5,11200,Gas-natural,4187297822
2025-07-01,exports,EU5,11300,Nuclear fuel materials,63872330
2025-07-01,exports,EU5,11400,Electric energy,74441889
2025-07-01,exports,EU5,12000,Steelmaking materials,651047869
2025-07-01,exports,EU5,12100,Iron and steel mill products,858344637
2025-07-01,exports,EU5,12110,"Iron and steel products, other",579936105
2025-07-01,exports,EU5,12200,Aluminum and alumina,766015520
2025-07-01,exports,EU5,12210,Copper,1060699951
2025-07-01,exports,EU5,12260,Nonmonetary gold,4978366561
2025-07-01,exports,EU5,12270,"Precious metals, other",1336595268
2025-07-01,exports,EU5,12290,"Nonferrous metals, other",927619641
2025-07-01,exports,EU5,12300,Finished metal shapes,2220659181
2025-07-01,exports,EU5,12420,Pulpwood and woodpulp,662227375
2025-07-01,exports,EU5,12430,Newsprint,1046432899
2025-07-01,exports,EU5,12500,Plastic materials,3664716573
2025-07-01,exports,EU5,12510,Chemicals-fertilizers,959840547
2025-07-01,exports,EU5,12530,Chemicals-inorganic,937258861
2025-07-01,exports,EU5,12540,Chemicals-organic,2610344929
2025-07-01,exports,EU5,12550,Chemicals-other,3163051519
2025-07-01,exports,EU5,12600,Cotton fiber cloth,112800274
2025-07-01,exports,EU5,12620,Manmade cloth,510403548
2025-07-01,exports,EU5,12630,"Hair, waste materials",47006179
2025-07-01,exports,EU5,12640,Finished textile supplies,218868434
2025-07-01,exports,EU5,12650,Leather and furs,44341453
2025-07-01,exports,EU5,12700,Synthetic rubber-primary,298305997
2025-07-01,exports,EU5,12720,Nonmetallic minerals,81057135
2025-07-01,exports,EU5,12750,Industrial rubber products,441827539
2025-07-01,exports,EU5,12760,Mineral supplies-manufactured,651524513
2025-07-01,exports,EU5,12765,"Tapes, audio and visual",9731471
2025-07-01,exports,EU5,12770,Other industrial supplies,2813537357
2025-07-01,exports,EU5,13100,Logs and lumber,359589828
2025-07-01,exports,EU5,13110,"Wood supplies, manufactured",81037845
2025-07-01,exports,EU5,13200,"Glass-plate, sheet, etc.",105479019
2025-07-01,exports,EU5,13210,"Shingles, molding, wallboard",466302254
2025-07-01,exports,EU5,13220,Nontextile floor tiles,42645367
2025-07-01,exports,EU5,20000,"Generators, accessories",1287481346
2025-07-01,exports,EU5,20005,Electric apparatus,4690521857
2025-07-01,exports,EU5,21000,Drilling & oilfield equipment,217942178
2025-07-01,exports,EU5,21010,Specialized mining,94261394
2025-07-01,exports,EU5,21030,Excavating machinery,902830644
2025-07-01,exports,EU5,21040,Nonfarm tractors and parts,257062439
2025-07-01,exports,EU5,21100,Industrial engines,2691261964
2025-07-01,exports,EU5,21110,"Food, tobacco machinery",371298434
2025-07-01,exports,EU5,21120,Metalworking machine tools,534995977
2025-07-01,exports,EU5,21130,"Textile, sewing machines",62151911
2025-07-01,exports,EU5,21140,"Wood, glass, plastic",277396916
2025-07-01,exports,EU5,21150,Pulp and paper machinery,201809202
2025-07-01,exports,EU5,21160,"Measuring, testing, control instruments",2467602547
2025-07-01,exports,EU5,21170,Materials handling equipment,1213390929
2025-07-01,exports,EU5,21180,"Industrial machines, other",6190206152
2025-07-01,exports,EU5,21190,"Photo, service industry machinery",793626547
2025-07-01,exports,EU5,21200,"Agricultural machinery, equipment",707210779
2025-07-01,exports,EU5,21300,Computers,4175093014
2025-07-01,exports,EU5,21301,Computer accessories,5031680361
2025-07-01,exports,EU5,21320,Semiconductors,5449676491
2025-07-01,exports,EU5,21400,Telecommunications equipment,3926549244
2025-07-01,exports,EU5,21500,Business machines and equipment,176778999
2025-07-01,exports,EU5,21600,Laboratory testing instruments,1086343424
2025-07-01,exports,EU5,21610,Medicinal equipment,3973507508
2025-07-01,exports,EU5,22000,Civilian aircraft,42848522
2025-07-01,exports,EU5,22090,"Civilian aircraft, engines, equipment, and parts",13005793053
2025-07-01,exports,EU5,22100,Railway transportation equipment,245517319
2025-07-01,exports,EU5,22200,"Vessels, excluding scrap",5955960
2025-07-01,exports,EU5,22210,"Commercial vessels, other",24817840
2025-07-01,exports,EU5,22220,"Marine engines, parts",121172568
2025-07-01,exports,EU5,22300,"Spacecraft, excluding military",6672523
2025-07-01,exports,EU5,30000,"Passenger cars, new and used",4390609193
2025-07-01,exports,EU5,30100,"Trucks, buses, and special purpose vehicles",1907099520
2025-07-01,exports,EU5,30200,Engines and engine parts,1727116634
2025-07-01,exports,EU5,30210,Bodies and chassis for passenger cars,9330993
2025-07-01,exports,EU5,30220,Automotive tires and tubes,198363147
2025-07-01,exports,EU5,30230,Other parts and accessories of vehicles,4557993929
2025-07-01,exports,EU5,40000,"Apparel, household goods - textile",651958336
2025-07-01,exports,EU5,40030,"Apparel,household goods-nontextile",227259966
2025-07-01,exports,EU5,40050,Sports apparel and gear,60221662
2025-07-01,exports,EU5,40100,Pharmaceutical preparations,10227082244
2025-07-01,exports,EU5,40110,"Books, printed matter",292758081
2025-07-01,exports,EU5,40120,Toiletries and cosmetics,1327341781
2025-07-01,exports,EU5,40130,"Tobacco, manufactured",64965434
2025-07-01,exports,EU5,40140,Other consumer nondurables,616284786
2025-07-01,exports,EU5,41000,"Furniture, household goods, etc.",435502007
2025-07-01,exports,EU5,41010,"Glassware, chinaware",34610329
2025-07-01,exports,EU5,41020,"Cookware, cutlery, tools",91016208
2025-07-01,exports,EU5,41030,Household appliances,530235782
2025-07-01,exports,EU5,41040,Rugs,54777836
2025-07-01,exports,EU5,41050,"Cell phones and other household goods, n.e.c.",3009694134
2025-07-01,exports,EU5,41110,Pleasure boats and motors,156143638
2025-07-01,exports,EU5,41120,"Toys, games, and sporting goods",813402573
2025-07-01,exports,EU5,41140,Musical instruments,202905327
2025-07-01,exports,EU5,41200,Televisions and video equipment,175963693
2025-07-01,exports,EU5,41210,"Stereo equipment, etc.",239498398
2025-07-01,exports,EU5,41220,Recorded media,73553862
2025-07-01,exports,EU5,41300,Numismatic coins,103928715
2025-07-01,exports,EU5,41310,"Jewelry, etc.",835991146
2025-07-01,exports,EU5,41320,"Artwork, antiques, stamps, etc.",690999810
2025-07-01,exports,EU5,42000,"Nursery stock, etc.",20626118
2025-07-01,exports,EU5,42100,Gem diamonds,474852965
2025-07-01,exports,EU5,50000,"Military aircraft, complete",298380246
2025-07-01,exports,EU5,50010,"Aircraft launching gear, parachutes, etc.",28284546
2025-07-01,exports,EU5,50020,Engines and turbines for military aircraft,427993632
2025-07-01,exports,EU5,50030,"Military trucks, armored vehicles, etc.",426126460
2025-07-01,exports,EU5,50040,Military ships and boats,0
2025-07-01,exports,EU5,50050,"Tanks, artillery, missiles, rockets, guns and ammunition",812169365
2025-07-01,exports,EU5,50060,Military apparel and footwear,6148318
2025-07-01,exports,EU5,50070,Parts for military-type goods,808806135
2025-07-01,exports,EU5,60000,Minimum value shipments,4463622905
2025-07-01,exports,EU5,60010,Miscellaneous domestic exports and special transactions,759283472
2025-08-01,exports,EU1,0,"Foods, feeds, and beverages",12894153444
2025-08-01,exports,EU1,1,Industrial supplies and materials,60464372362
2025-08-01,exports,EU1,2,"Capital goods, except automotive",63049206766
2025-08-01,exports,EU1,3,"Automotive vehicles, parts, and engines",13447761199
2025-08-01,exports,EU1,4,Consumer goods,21474186870
2025-08-01,exports,EU1,5,Other goods,2495565974
2025-08-01,exports,EU1,6,"Exports, n.e.c., and reexports",5623179866
2025-08-01,exports,EU5,00000,Wheat,681296937
2025-08-01,exports,EU5,00010,Rice,132866930
2025-08-01,exports,EU5,00100,Soybeans,1102170901
2025-08-01,exports,EU5,00110,"Oilseeds, food oils",272561103
2025-08-01,exports,EU5,00200,Corn,1492740402
2025-08-01,exports,EU5,00210,"Sorghum, barley, oats",70669444
2025-08-01,exports,EU5,00220,"Animal feeds, n.e.c.",920202758
2025-08-01,exports,EU5,00300,"Meat, poultry, etc.",1999427922
2025-08-01,exports,EU5,00310,Dairy products and eggs,660636865
2025-08-01,exports,EU5,00320,"Fruits,  frozen juices",786600039
2025-08-01,exports,EU5,00330,Vegetables,527111904
2025-08-01,exports,EU5,00340,Nuts,634247645
2025-08-01,exports,EU5,00350,Bakery products,744005101
2025-08-01,exports,EU5,00360,Other foods,1643860931
2025-08-01,exports,EU5,00370,"Wine, beer, and related products",81946998
2025-08-01,exports,EU5,01000,Fish and shellfish,848214258
2025-08-01,exports,EU5,01010,"Alcoholic beverages, excluding wine",260470714
2025-08-01,exports,EU5,01020,"Nonagricultural foods, etc.",35122592
2025-08-01,exports,EU5,10000,"Cotton, raw",248881652
2025-08-01,exports,EU5,10100,"Tobacco, unmanufactured",26783173
2025-08-01,exports,EU5,10120,Hides and skins,49663221
2025-08-01,exports,EU5,10130,Agric. Industry-unmanufactured,404992191
2025-08-01,exports,EU5,10140,Agric. Farming-unmanufactured,236868795
2025-08-01,exports,EU5,10150,"Agriculture-manufactured, other",344709573
2025-08-01,exports,EU5,11010,Metallurgical grade coal,641753236
2025-08-01,exports,EU5,11020,"Coal and fuels, other",890949869
2025-08-01,exports,EU5,11100,Crude oil,8419126504
2025-08-01,exports,EU5,11110,Fuel oil,3849961108
2025-08-01,exports,EU5,11120,"Petroleum products, other",5851626765
2025-08-01,exports,EU5,11130,Natural gas liquids,2723421709
2025-08-01,exports,EU5,11200,Gas-natural,4201303597
2025-08-01,exports,EU5,11300,Nuclear fuel materials,91295983
2025-08-01,exports,EU5,11400,Electric energy,95568533
2025-08-01,exports,EU5,12000,Steelmaking materials,670800554
2025-08-01,exports,EU5,12100,Iron and steel mill products,899742428
2025-08-01,exports,EU5,12110,"Iron and steel products, other",629259015
2025-08-01,exports,EU5,12200,Aluminum and alumina,789840397
2025-08-01,exports,EU5,12210,Copper,1205926987
2025-08-01,exports,EU5,12260,Nonmonetary gold,4144306818
2025-08-01,exports,EU5,12270,"Precious metals, other",1397412654
2025-08-01,exports,EU5,12290,"Nonferrous metals, other",984938397
2025-08-01,exports,EU5,12300,Finished metal shapes,2489649892
2025-08-01,exports,EU5,12420,Pulpwood and woodpulp,669800807
2025-08-01,exports,EU5,12430,Newsprint,1009991480
2025-08-01,exports,EU5,12500,Plastic materials,3652836441
2025-08-01,exports,EU5,12510,Chemicals-fertilizers,897061549
2025-08-01,exports,EU5,12530,Chemicals-inorganic,874057135
2025-08-01,exports,EU5,12540,Chemicals-organic,2573376313
2025-08-01,exports,EU5,12550,Chemicals-other,3139883559
2025-08-01,exports,EU5,12600,Cotton fiber cloth,102667735
2025-08-01,exports,EU5,12620,Manmade cloth,499423744
2025-08-01,exports,EU5,12630,"Hair, waste materials",49489088
2025-08-01,exports,EU5,12640,Finished textile supplies,212085217
2025-08-01,exports,EU5,12650,Leather and furs,47517826
2025-08-01,exports,EU5,12700,Synthetic rubber-primary,304454203
2025-08-01,exports,EU5,12720,Nonmetallic minerals,68098130
2025-08-01,exports,EU5,12750,Industrial rubber products,444250549
2025-08-01,exports,EU5,12760,Mineral supplies-manufactured,642669517
2025-08-01,exports,EU5,12765,"Tapes, audio and visual",7092078
2025-08-01,exports,EU5,12770,Other industrial supplies,2912208084
2025-08-01,exports,EU5,13100,Logs and lumber,407924449
2025-08-01,exports,EU5,13110,"Wood supplies, manufactured",78115628
2025-08-01,exports,EU5,13200,"Glass-plate, sheet, etc.",104385507
2025-08-01,exports,EU5,13210,"Shingles, molding, wallboard",435844749
2025-08-01,exports,EU5,13220,Nontextile floor tiles,42355523
2025-08-01,exports,EU5,20000,"Generators, accessories",1333192622
2025-08-01,exports,EU5,20005,Electric apparatus,4769950866
2025-08-01,exports,EU5,21000,Drilling & oilfield equipment,246608473
2025-08-01,exports,EU5,21010,Specialized mining,94535546
2025-08-01,exports,EU5,21030,Excavating machinery,877105242
2025-08-01,exports,EU5,21040,Nonfarm tractors and parts,255275932
2025-08-01,exports,EU5,21100,Industrial engines,2886323241
2025-08-01,exports,EU5,21110,"Food, tobacco machinery",359688983
2025-08-01,exports,EU5,21120,Metalworking machine tools,513419605
2025-08-01,exports,EU5,21130,"Textile, sewing machines",63645445
2025-08-01,exports,EU5,21140,"Wood, glass, plastic",269388924
2025-08-01,exports,EU5,21150,Pulp and paper machinery,165233695
2025-08-01,exports,EU5,21160,"Measuring, testing, control instruments",2528473425
2025-08-01,exports,EU5,21170,Materials handling equipment,1289527476
2025-08-01,exports,EU5,21180,"Industrial machines, other",5678636880
2025-08-01,exports,EU5,21190,"Photo, service industry machinery",796846836
2025-08-01,exports,EU5,21200,"Agricultural machinery, equipment",628285844
2025-08-01,exports,EU5,21300,Computers,6525830059
2025-08-01,exports,EU5,21301,Computer accessories,4382977252
2025-08-01,exports,EU5,21320,Semiconductors,5754931878
2025-08-01,exports,EU5,21400,Telecommunications equipment,3848629164
2025-08-01,exports,EU5,21500,Business machines and equipment,158668052
2025-08-01,exports,EU5,21600,Laboratory testing instruments,1112597338
2025-08-01,exports,EU5,21610,Medicinal equipment,3916106503
2025-08-01,exports,EU5,22000,Civilian aircraft,118888423
2025-08-01,exports,EU5,22090,"Civilian aircraft, engines, equipment, and parts",13970837025
2025-08-01,exports,EU5,22100,Railway transportation equipment,309953912
2025-08-01,exports,EU5,22200,"Vessels, excluding scrap",31654022
2025-08-01,exports,EU5,22210,"Commercial vessels, other",44900378
2025-08-01,exports,EU5,22220,"Marine engines, parts",111362710
2025-08-01,exports,EU5,22300,"Spacecraft, excluding military",5731015
2025-08-01,exports,EU5,30000,"Passenger cars, new and used",4623955666
2025-08-01,exports,EU5,30100,"Trucks, buses, and special purpose vehicles",2034576775
2025-08-01,exports,EU5,30200,Engines and engine parts,1778426282
2025-08-01,exports,EU5,30210,Bodies and chassis for passenger cars,46377539
2025-08-01,exports,EU5,30220,Automotive tires and tubes,197073109
2025-08-01,exports,EU5,30230,Other parts and accessories of vehicles,4767351828
2025-08-01,exports,EU5,40000,"Apparel, household goods - textile",662535520
2025-08-01,exports,EU5,40030,"Apparel,household goods-nontextile",228076868
2025-08-01,exports,EU5,40050,Sports apparel and gear,63105340
2025-08-01,exports,EU5,40100,Pharmaceutical preparations,10215102834
2025-08-01,exports,EU5,40110,"Books, printed matter",322466858
2025-08-01,exports,EU5,40120,Toiletries and cosmetics,1321987385
2025-08-01,exports,EU5,40130,"Tobacco, manufactured",81744138
2025-08-01,exports,EU5,40140,Other consumer nondurables,594131823
2025-08-01,exports,EU5,41000,"Furniture, household goods, etc.",406538789
2025-08-01,exports,EU5,41010,"Glassware, chinaware",33688863
2025-08-01,exports,EU5,41020,"Cookware, cutlery, tools",89802795
2025-08-01,exports,EU5,41030,Household appliances,560601521
2025-08-01,exports,EU5,41040,Rugs,57920370
2025-08-01,exports,EU5,41050,"Cell phones and other household goods, n.e.c.",3013499877
2025-08-01,exports,EU5,41110,Pleasure boats and motors,158133559
2025-08-01,exports,EU5,41120,"Toys, games, and sporting goods",900606941
2025-08-01,exports,EU5,41140,Musical instruments,224262952
2025-08-01,exports,EU5,41200,Televisions and video equipment,178774788
2025-08-01,exports,EU5,41210,"Stereo equipment, etc.",226257836
2025-08-01,exports,EU5,41220,Recorded media,86189023
2025-08-01,exports,EU5,41300,Numismatic coins,103313486
2025-08-01,exports,EU5,41310,"Jewelry, etc.",876875335
2025-08-01,exports,EU5,41320,"Artwork, antiques, stamps, etc.",627926606
2025-08-01,exports,EU5,42000,"Nursery stock, etc.",19899551
2025-08-01,exports,EU5,42100,Gem diamonds,420743812
2025-08-01,exports,EU5,50000,"Military aircraft, complete",44112874
2025-08-01,exports,EU5,50010,"Aircraft launching gear, parachutes, etc.",89263978
2025-08-01,exports,EU5,50020,Engines and turbines for military aircraft,454734918
2025-08-01,exports,EU5,50030,"Military trucks, armored vehicles, etc.",419449754
2025-08-01,exports,EU5,50040,Military ships and boats,0
2025-08-01,exports,EU5,50050,"Tanks, artillery, missiles, rockets, guns and ammunition",610497753
2025-08-01,exports,EU5,50060,Military apparel and footwear,5793168
2025-08-01,exports,EU5,50070,Parts for military-type goods,871713529
2025-08-01,exports,EU5,60000,Minimum value shipments,4731705767
2025-08-01,exports,EU5,60010,Miscellaneous domestic exports and special transactions,891474099
2025-09-01,exports,EU1,0,"Foods, feeds, and beverages",13197182196
2025-09-01,exports,EU1,1,Industrial supplies and materials,66013496026
2025-09-01,exports,EU1,2,"Capital goods, except automotive",58564872320
2025-09-01,exports,EU1,3,"Automotive vehicles, parts, and engines",13334064520
2025-09-01,exports,EU1,4,Consumer goods,25710955339
2025-09-01,exports,EU1,5,Other goods,2714562865
2025-09-01,exports,EU1,6,"Exports, n.e.c., and reexports",5649610232
2025-09-01,exports,EU5,00000,Wheat,850977331
2025-09-01,exports,EU5,00010,Rice,167636822
2025-09-01,exports,EU5,00100,Soybeans,1376419235
2025-09-01,exports,EU5,00110,"Oilseeds, food oils",260690956
2025-09-01,exports,EU5,00200,Corn,1602634153
2025-09-01,exports,EU5,00210,"Sorghum, barley, oats",36679656
2025-09-01,exports,EU5,00220,"Animal feeds, n.e.c.",867565963
2025-09-01,exports,EU5,00300,"Meat, poultry, etc.",2001449371
2025-09-01,exports,EU5,00310,Dairy products and eggs,622162812
2025-09-01,exports,EU5,00320,"Fruits,  frozen juices",726242433
2025-09-01,exports,EU5,00330,Vegetables,535323981
2025-09-01,exports,EU5,00340,Nuts,701461104
2025-09-01,exports,EU5,00350,Bakery products,741044030
2025-09-01,exports,EU5,00360,Other foods,1524710342
2025-09-01,exports,EU5,00370,"Wine, beer, and related products",91224238
2025-09-01,exports,EU5,01000,Fish and shellfish,788095718
2025-09-01,exports,EU5,01010,"Alcoholic beverages, excluding wine",266615003
2025-09-01,exports,EU5,01020,"Nonagricultural foods, etc.",36249048
2025-09-01,exports,EU5,10000,"Cotton, raw",234219182
2025-09-01,exports,EU5,10100,"Tobacco, unmanufactured",10538232
2025-09-01,exports,EU5,10120,Hides and skins,50314934
2025-09-01,exports,EU5,10130,Agric. Industry-unmanufactured,376628521
2025-09-01,exports,EU5,10140,Agric. Farming-unmanufactured,233277246
2025-09-01,exports,EU5,10150,"Agriculture-manufactured, other",324723473
2025-09-01,exports,EU5,11010,Metallurgical grade coal,575713188
2025-09-01,exports,EU5,11020,"Coal and fuels, other",792234224
2025-09-01,exports,EU5,11100,Crude oil,8777176969
2025-09-01,exports,EU5,11110,Fuel oil,3647111059
2025-09-01,exports,EU5,11120,"Petroleum products, other",6196358923
2025-09-01,exports,EU5,11130,Natural gas liquids,2830385043
2025-09-01,exports,EU5,11200,Gas-natural,3997738127
2025-09-01,exports,EU5,11300,Nuclear fuel materials,108817871
2025-09-01,exports,EU5,11400,Electric energy,112502530
2025-09-01,exports,EU5,12000,Steelmaking materials,636906332
2025-09-01,exports,EU5,12100,Iron and steel mill products,844336370
2025-09-01,exports,EU5,12110,"Iron and steel products, other",574024103
2025-09-01,exports,EU5,12200,Aluminum and alumina,771692649
2025-09-01,exports,EU5,12210,Copper,1077134517
2025-09-01,exports,EU5,12260,Nonmonetary gold,10245238600
2025-09-01,exports,EU5,12270,"Precious metals, other",1439706132
2025-09-01,exports,EU5,12290,"Nonferrous metals, other",1140628840
2025-09-01,exports,EU5,12300,Finished metal shapes,2185480930
2025-09-01,exports,EU5,12420,Pulpwood and woodpulp,665629500
2025-09-01,exports,EU5,12430,Newsprint,968102989
2025-09-01,exports,EU5,12500,Plastic materials,3508466908
2025-09-01,exports,EU5,12510,Chemicals-fertilizers,875479652
2025-09-01,exports,EU5,12530,Chemicals-inorganic,881867141
2025-09-01,exports,EU5,12540,Chemicals-organic,2471005043
2025-09-01,exports,EU5,12550,Chemicals-other,3300469538
2025-09-01,exports,EU5,12600,Cotton fiber cloth,99909849
2025-09-01,exports,EU5,12620,Manmade cloth,504104254
2025-09-01,exports,EU5,12630,"Hair, waste materials",48379181
2025-09-01,exports,EU5,12640,Finished textile supplies,221784217
2025-09-01,exports,EU5,12650,Leather and furs,40488079
2025-09-01,exports,EU5,12700,Synthetic rubber-primary,283264274
2025-09-01,exports,EU5,12720,Nonmetallic minerals,88520625
2025-09-01,exports,EU5,12750,Industrial rubber products,432973449
2025-09-01,exports,EU5,12760,Mineral supplies-manufactured,630771525
2025-09-01,exports,EU5,12765,"Tapes, audio and visual",5450016
2025-09-01,exports,EU5,12770,Other industrial supplies,2791417745
2025-09-01,exports,EU5,13100,Logs and lumber,384188147
2025-09-01,exports,EU5,13110,"Wood supplies, manufactured",79162130
2025-09-01,exports,EU5,13200,"Glass-plate, sheet, etc.",99078977
2025-09-01,exports,EU5,13210,"Shingles, molding, wallboard",412292292
2025-09-01,exports,EU5,13220,Nontextile floor tiles,37802500
2025-09-01,exports,EU5,20000,"Generators, accessories",1379229137
2025-09-01,exports,EU5,20005,Electric apparatus,4725523434
2025-09-01,exports,EU5,21000,Drilling & oilfield equipment,214398640
2025-09-01,exports,EU5,21010,Specialized mining,83994695
2025-09-01,exports,EU5,21030,Excavating machinery,848273764
2025-09-01,exports,EU5,21040,Nonfarm tractors and parts,256906338
2025-09-01,exports,EU5,21100,Industrial engines,2567676106
2025-09-01,exports,EU5,21110,"Food, tobacco machinery",328917886
2025-09-01,exports,EU5,21120,Metalworking machine tools,482391988
2025-09-01,exports,EU5,21130,"Textile, sewing machines",54333797
2025-09-01,exports,EU5,21140,"Wood, glass, plastic",247965582
2025-09-01,exports,EU5,21150,Pulp and paper machinery,158594644
2025-09-01,exports,EU5,21160,"Measuring, testing, control instruments",2332716197
2025-09-01,exports,EU5,21170,Materials handling equipment,1158987873
2025-09-01,exports,EU5,21180,"Industrial machines, other",5535109016
2025-09-01,exports,EU5,21190,"Photo, service industry machinery",805972975
2025-09-01,exports,EU5,21200,"Agricultural machinery, equipment",553002580
2025-09-01,exports,EU5,21300,Computers,3993942132
2025-09-01,exports,EU5,21301,Computer accessories,4411047694
2025-09-01,exports,EU5,21320,Semiconductors,5326260517
2025-09-01,exports,EU5,21400,Telecommunications equipment,3580706800
2025-09-01,exports,EU5,21500,Business machines and equipment,157443421
2025-09-01,exports,EU5,21600,Laboratory testing instruments,1100705563
2025-09-01,exports,EU5,21610,Medicinal equipment,3695674784
2025-09-01,exports,EU5,22000,Civilian aircraft,33621037
2025-09-01,exports,EU5,22090,"Civilian aircraft, engines, equipment, and parts",14177816017
2025-09-01,exports,EU5,22100,Railway transportation equipment,206829593
2025-09-01,exports,EU5,22200,"Vessels, excluding scrap",2795144
2025-09-01,exports,EU5,22210,"Commercial vessels, other",36448566
2025-09-01,exports,EU5,22220,"Marine engines, parts",102412596
2025-09-01,exports,EU5,22300,"Spacecraft, excluding military",5173804
2025-09-01,exports,EU5,30000,"Passenger cars, new and used",4727387080
2025-09-01,exports,EU5,30100,"Trucks, buses, and special purpose vehicles",1845337218
2025-09-01,exports,EU5,30200,Engines and engine parts,1815555584
2025-09-01,exports,EU5,30210,Bodies and chassis for passenger cars,24906513
2025-09-01,exports,EU5,30220,Automotive tires and tubes,216629943
2025-09-01,exports,EU5,30230,Other parts and accessories of vehicles,4704248182
2025-09-01,exports,EU5,40000,"Apparel, household goods - textile",735565872
2025-09-01,exports,EU5,40030,"Apparel,household goods-nontextile",232614965
2025-09-01,exports,EU5,40050,Sports apparel and gear,62972152
2025-09-01,exports,EU5,40100,Pharmaceutical preparations,12701067773
2025-09-01,exports,EU5,40110,"Books, printed matter",325474640
2025-09-01,exports,EU5,40120,Toiletries and cosmetics,1203355326
2025-09-01,exports,EU5,40130,"Tobacco, manufactured",71294962
2025-09-01,exports,EU5,40140,Other consumer nondurables,562082342
2025-09-01,exports,EU5,41000,"Furniture, household goods, etc.",396517437
2025-09-01,exports,EU5,41010,"Glassware, chinaware",29158279
2025-09-01,exports,EU5,41020,"Cookware, cutlery, tools",81240647
2025-09-01,exports,EU5,41030,Household appliances,563502861
2025-09-01,exports,EU5,41040,Rugs,55555686
2025-09-01,exports,EU5,41050,"Cell phones and other household goods, n.e.c.",2811859250
2025-09-01,exports,EU5,41110,Pleasure boats and motors,171681027
2025-09-01,exports,EU5,41120,"Toys, games, and sporting goods",899576388
2025-09-01,exports,EU5,41140,Musical instruments,206656687
2025-09-01,exports,EU5,41200,Televisions and video equipment,181413895
2025-09-01,exports,EU5,41210,"Stereo equipment, etc.",209852385
2025-09-01,exports,EU5,41220,Recorded media,110861556
2025-09-01,exports,EU5,41300,Numismatic coins,194613847
2025-09-01,exports,EU5,41310,"Jewelry, etc.",1450639760
2025-09-01,exports,EU5,41320,"Artwork, antiques, stamps, etc.",1109184919
2025-09-01,exports,EU5,42000,"Nursery stock, etc.",37605913
2025-09-01,exports,EU5,42100,Gem diamonds,1306606770
2025-09-01,exports,EU5,50000,"Military aircraft, complete",435616184
2025-09-01,exports,EU5,50010,"Aircraft launching gear, parachutes, etc.",43373339
2025-09-01,exports,EU5,50020,Engines and turbines for military aircraft,600693954
2025-09-01,exports,EU5,50030,"Military trucks, armored vehicles, etc.",155805548
2025-09-01,exports,EU5,50040,Military ships and boats,0
2025-09-01,exports,EU5,50050,"Tanks, artillery, missiles, rockets, guns and ammunition",766941662
2025-09-01,exports,EU5,50060,Military apparel and footwear,9680249
2025-09-01,exports,EU5,50070,Parts for military-type goods,702451929
2025-09-01,exports,EU5,60000,Minimum value shipments,4452944524
2025-09-01,exports,EU5,60010,Miscellaneous domestic exports and special transactions,871537240
2025-09-01,exports,EU5,60040,Undocumented exports to Canada,325128468
2025-10-01,exports,EU1,0,"Foods, feeds, and beverages",14782259644
2025-10-01,exports,EU1,1,Industrial supplies and materials,77758546012
2025-10-01,exports,EU1,2,"Capital goods, except automotive",62039728133
2025-10-01,exports,EU1,3,"Automotive vehicles, parts, and engines",13973787342
2025-10-01,exports,EU1,4,Consumer goods,25622783527
2025-10-01,exports,EU1,5,Other goods,2498204203
2025-10-01,exports,EU1,6,"Exports, n.e.c., and reexports",6003464969
2025-10-01,exports,EU5,00000,Wheat,482241820
2025-10-01,exports,EU5,00010,Rice,134263953
2025-10-01,exports,EU5,00100,Soybeans,2206533061
2025-10-01,exports,EU5,00110,"Oilseeds, food oils",270033582
2025-10-01,exports,EU5,00200,Corn,1507016123
2025-10-01,exports,EU5,00210,"Sorghum, barley, oats",48913592
2025-10-01,exports,EU5,00220,"Animal feeds, n.e.c.",950223908
2025-10-01,exports,EU5,00300,"Meat, poultry, etc.",2336039881
2025-10-01,exports,EU5,00310,Dairy products and eggs,684639332
2025-10-01,exports,EU5,00320,"Fruits,  frozen juices",777839494
2025-10-01,exports,EU5,00330,Vegetables,630880103
2025-10-01,exports,EU5,00340,Nuts,1216482822
2025-10-01,exports,EU5,00350,Bakery products,811279055
2025-10-01,exports,EU5,00360,Other foods,1731337282
2025-10-01,exports,EU5,00370,"Wine, beer, and related products",89522868
2025-10-01,exports,EU5,01000,Fish and shellfish,601897767
2025-10-01,exports,EU5,01010,"Alcoholic beverages, excluding wine",264883112
2025-10-01,exports,EU5,01020,"Nonagricultural foods, etc.",38231889
2025-10-01,exports,EU5,10000,"Cotton, raw",300619232
2025-10-01,exports,EU5,10100,"Tobacco, unmanufactured",27854875
2025-10-01,exports,EU5,10120,Hides and skins,48461821
2025-10-01,exports,EU5,10130,Agric. Industry-unmanufactured,411716487
2025-10-01,exports,EU5,10140,Agric. Farming-unmanufactured,332183754
2025-10-01,exports,EU5,10150,"Agriculture-manufactured, other",348549243
2025-10-01,exports,EU5,11010,Metallurgical grade coal,531949278
2025-10-01,exports,EU5,11020,"Coal and fuels, other",804532900
2025-10-01,exports,EU5,11100,Crude oil,8857941311
2025-10-01,exports,EU5,11110,Fuel oil,3470372709
2025-10-01,exports,EU5,11120,"Petroleum products, other",5708334264
2025-10-01,exports,EU5,11130,Natural gas liquids,2777858002
2025-10-01,exports,EU5,11200,Gas-natural,4256448667
2025-10-01,exports,EU5,11300,Nuclear fuel materials,144769566
2025-10-01,exports,EU5,11400,Electric energy,93047653
2025-10-01,exports,EU5,12000,Steelmaking materials,498072964
2025-10-01,exports,EU5,12100,Iron and steel mill products,876047148
2025-10-01,exports,EU5,12110,"Iron and steel products, other",621470117
2025-10-01,exports,EU5,12200,Aluminum and alumina,830564697
2025-10-01,exports,EU5,12210,Copper,1115202444
2025-10-01,exports,EU5,12260,Nonmonetary gold,17845021304
2025-10-01,exports,EU5,12270,"Precious metals, other",5105327115
2025-10-01,exports,EU5,12290,"Nonferrous metals, other",952719844
2025-10-01,exports,EU5,12300,Finished metal shapes,2527569828
2025-10-01,exports,EU5,12420,Pulpwood and woodpulp,687567856
2025-10-01,exports,EU5,12430,Newsprint,1037820771
2025-10-01,exports,EU5,12500,Plastic materials,3568881331
2025-10-01,exports,EU5,12510,Chemicals-fertilizers,782595505
2025-10-01,exports,EU5,12530,Chemicals-inorganic,878505875
2025-10-01,exports,EU5,12540,Chemicals-organic,2395491495
2025-10-01,exports,EU5,12550,Chemicals-other,3332210527
2025-10-01,exports,EU5,12600,Cotton fiber cloth,106973567
2025-10-01,exports,EU5,12620,Manmade cloth,502302682
2025-10-01,exports,EU5,12630,"Hair, waste materials",49876976
2025-10-01,exports,EU5,12640,Finished textile supplies,229480673
2025-10-01,exports,EU5,12650,Leather and furs,49220039
2025-10-01,exports,EU5,12700,Synthetic rubber-primary,258318393
2025-10-01,exports,EU5,12720,Nonmetallic minerals,74699422
2025-10-01,exports,EU5,12750,Industrial rubber products,480175306
2025-10-01,exports,EU5,12760,Mineral supplies-manufactured,699995725
2025-10-01,exports,EU5,12765,"Tapes, audio and visual",5646343
2025-10-01,exports,EU5,12770,Other industrial supplies,3008954825
2025-10-01,exports,EU5,13100,Logs and lumber,410497069
2025-10-01,exports,EU5,13110,"Wood supplies, manufactured",94352069
2025-10-01,exports,EU5,13200,"Glass-plate, sheet, etc.",113591277
2025-10-01,exports,EU5,13210,"Shingles, molding, wallboard",452572996
2025-10-01,exports,EU5,13220,Nontextile floor tiles,52180067
2025-10-01,exports,EU5,20000,"Generators, accessories",1349598537
2025-10-01,exports,EU5,20005,Electric apparatus,5064764969
2025-10-01,exports,EU5,21000,Drilling & oilfield equipment,223938573
2025-10-01,exports,EU5,21010,Specialized mining,109519298
2025-10-01,exports,EU5,21030,Excavating machinery,988761132
2025-10-01,exports,EU5,21040,Nonfarm tractors and parts,284880776
2025-10-01,exports,EU5,21100,Industrial engines,2799577417
2025-10-01,exports,EU5,21110,"Food, tobacco machinery",362174744
2025-10-01,exports,EU5,21120,Metalworking machine tools,547409294
2025-10-01,exports,EU5,21130,"Textile, sewing machines",62335063
2025-10-01,exports,EU5,21140,"Wood, glass, plastic",263018385
2025-10-01,exports,EU5,21150,Pulp and paper machinery,191490461
2025-10-01,exports,EU5,21160,"Measuring, testing, control instruments",2519791909
2025-10-01,exports,EU5,21170,Materials handling equipment,1251586723
2025-10-01,exports,EU5,21180,"Industrial machines, other",6448697653
2025-10-01,exports,EU5,21190,"Photo, service industry machinery",909925889
2025-10-01,exports,EU5,21200,"Agricultural machinery, equipment",562473727
2025-10-01,exports,EU5,21300,Computers,3572242391
2025-10-01,exports,EU5,21301,Computer accessories,4940703830
2025-10-01,exports,EU5,21320,Semiconductors,5683088232
2025-10-01,exports,EU5,21400,Telecommunications equipment,4482318873
2025-10-01,exports,EU5,21500,Business machines and equipment,186288966
2025-10-01,exports,EU5,21600,Laboratory testing instruments,1139105318
2025-10-01,exports,EU5,21610,Medicinal equipment,4072242488
2025-10-01,exports,EU5,22000,Civilian aircraft,39655706
2025-10-01,exports,EU5,22090,"Civilian aircraft, engines, equipment, and parts",13447299546
2025-10-01,exports,EU5,22100,Railway transportation equipment,375346597
2025-10-01,exports,EU5,22200,"Vessels, excluding scrap",17224065
2025-10-01,exports,EU5,22210,"Commercial vessels, other",25332532
2025-10-01,exports,EU5,22220,"Marine engines, parts",115933264
2025-10-01,exports,EU5,22300,"Spacecraft, excluding military",3001775
2025-10-01,exports,EU5,30000,"Passenger cars, new and used",4584336797
2025-10-01,exports,EU5,30100,"Trucks, buses, and special purpose vehicles",2115066577
2025-10-01,exports,EU5,30200,Engines and engine parts,1904571552
2025-10-01,exports,EU5,30210,Bodies and chassis for passenger cars,31910224
2025-10-01,exports,EU5,30220,Automotive tires and tubes,253391939
2025-10-01,exports,EU5,30230,Other parts and accessories of vehicles,5084510253
2025-10-01,exports,EU5,40000,"Apparel, household goods - textile",791706841
2025-10-01,exports,EU5,40030,"Apparel,household goods-nontextile",260638097
2025-10-01,exports,EU5,40050,Sports apparel and gear,73164569
2025-10-01,exports,EU5,40100,Pharmaceutical preparations,11993774041
2025-10-01,exports,EU5,40110,"Books, printed matter",383659960
2025-10-01,exports,EU5,40120,Toiletries and cosmetics,1339819128
2025-10-01,exports,EU5,40130,"Tobacco, manufactured",88907191
2025-10-01,exports,EU5,40140,Other consumer nondurables,614319476
2025-10-01,exports,EU5,41000,"Furniture, household goods, etc.",448725135
2025-10-01,exports,EU5,41010,"Glassware, chinaware",31811189
2025-10-01,exports,EU5,41020,"Cookware, cutlery, tools",96309841
2025-10-01,exports,EU5,41030,Household appliances,609093255
2025-10-01,exports,EU5,41040,Rugs,62859995
2025-10-01,exports,EU5,41050,"Cell phones and other household goods, n.e.c.",3473420063
2025-10-01,exports,EU5,41110,Pleasure boats and motors,189224023
2025-10-01,exports,EU5,41120,"Toys, games, and sporting goods",993071895
2025-10-01,exports,EU5,41140,Musical instruments,227088680
2025-10-01,exports,EU5,41200,Televisions and video equipment,187538077
2025-10-01,exports,EU5,41210,"Stereo equipment, etc.",277503740
2025-10-01,exports,EU5,41220,Recorded media,138341445
2025-10-01,exports,EU5,41300,Numismatic coins,231554381
2025-10-01,exports,EU5,41310,"Jewelry, etc.",1367294016
2025-10-01,exports,EU5,41320,"Artwork, antiques, stamps, etc.",1141077189
2025-10-01,exports,EU5,42000,"Nursery stock, etc.",59576939
2025-10-01,exports,EU5,42100,Gem diamonds,542304361
2025-10-01,exports,EU5,50000,"Military aircraft, complete",179550208
2025-10-01,exports,EU5,50010,"Aircraft launching gear, parachutes, etc.",56741093
2025-10-01,exports,EU5,50020,Engines and turbines for military aircraft,510551088
2025-10-01,exports,EU5,50030,"Military trucks, armored vehicles, etc.",119927478
2025-10-01,exports,EU5,50040,Military ships and boats,0
2025-10-01,exports,EU5,50050,"Tanks, artillery, missiles, rockets, guns and ammunition",663437693
2025-10-01,exports,EU5,50060,Military apparel and footwear,15201317
2025-10-01,exports,EU5,50070,Parts for military-type goods,952795326
2025-10-01,exports,EU5,60000,Minimum value shipments,5058664085
2025-10-01,exports,EU5,60010,Miscellaneous domestic exports and special transactions,944800884
2025-10-01,exports,EU5,60040,Undocumented exports to Canada,0
2025-11-01,exports,EU1,0,"Foods, feeds, and beverages",14463518526
2025-11-01,exports,EU1,1,Industrial supplies and materials,68446418439
2025-11-01,exports,EU1,2,"Capital goods, except automotive",57722102051
2025-11-01,exports,EU1,3,"Automotive vehicles, parts, and engines",12283632006
2025-11-01,exports,EU1,4,Consumer goods,20754488882
2025-11-01,exports,EU1,5,Other goods,2140793395
2025-11-01,exports,EU1,6,"Exports, n.e.c., and reexports",5561361012
2025-11-01,exports,EU5,00000,Wheat,410513931
2025-11-01,exports,EU5,00010,Rice,178307088
2025-11-01,exports,EU5,00100,Soybeans,1938173529
2025-11-01,exports,EU5,00110,"Oilseeds, food oils",275722817
2025-11-01,exports,EU5,00200,Corn,1753497495
2025-11-01,exports,EU5,00210,"Sorghum, barley, oats",87005924
2025-11-01,exports,EU5,00220,"Animal feeds, n.e.c.",938445642
2025-11-01,exports,EU5,00300,"Meat, poultry, etc.",2147575555
2025-11-01,exports,EU5,00310,Dairy products and eggs,648826138
2025-11-01,exports,EU5,00320,"Fruits,  frozen juices",733721931
2025-11-01,exports,EU5,00330,Vegetables,645957185
2025-11-01,exports,EU5,00340,Nuts,1605161672
2025-11-01,exports,EU5,00350,Bakery products,715754116
2025-11-01,exports,EU5,00360,Other foods,1569032296
2025-11-01,exports,EU5,00370,"Wine, beer, and related products",91317530
2025-11-01,exports,EU5,01000,Fish and shellfish,443385886
2025-11-01,exports,EU5,01010,"Alcoholic beverages, excluding wine",250369874
2025-11-01,exports,EU5,01020,"Nonagricultural foods, etc.",30749917
2025-11-01,exports,EU5,10000,"Cotton, raw",199916746
2025-11-01,exports,EU5,10100,"Tobacco, unmanufactured",24705742
2025-11-01,exports,EU5,10120,Hides and skins,50230916
2025-11-01,exports,EU5,10130,Agric. Industry-unmanufactured,380984621
2025-11-01,exports,EU5,10140,Agric. Farming-unmanufactured,387485780
2025-11-01,exports,EU5,10150,"Agriculture-manufactured, other",319747389
2025-11-01,exports,EU5,11010,Metallurgical grade coal,659956935
2025-11-01,exports,EU5,11020,"Coal and fuels, other",809353384
2025-11-01,exports,EU5,11100,Crude oil,7246842228
2025-11-01,exports,EU5,11110,Fuel oil,3621288413
2025-11-01,exports,EU5,11120,"Petroleum products, other",6766551046
2025-11-01,exports,EU5,11130,Natural gas liquids,2723289030
2025-11-01,exports,EU5,11200,Gas-natural,4699082932
2025-11-01,exports,EU5,11300,Nuclear fuel materials,190735349
2025-11-01,exports,EU5,11400,Electric energy,105973974
2025-11-01,exports,EU5,12000,Steelmaking materials,704251997
2025-11-01,exports,EU5,12100,Iron and steel mill products,751060858
2025-11-01,exports,EU5,12110,"Iron and steel products, other",583685077
2025-11-01,exports,EU5,12200,Aluminum and alumina,803803571
2025-11-01,exports,EU5,12210,Copper,1236860010
2025-11-01,exports,EU5,12260,Nonmonetary gold,12864592819
2025-11-01,exports,EU5,12270,"Precious metals, other",2533897476
2025-11-01,exports,EU5,12290,"Nonferrous metals, other",766449299
2025-11-01,exports,EU5,12300,Finished metal shapes,2459526329
2025-11-01,exports,EU5,12420,Pulpwood and woodpulp,650670523
2025-11-01,exports,EU5,12430,Newsprint,900356174
2025-11-01,exports,EU5,12500,Plastic materials,3182408552
2025-11-01,exports,EU5,12510,Chemicals-fertilizers,815701202
2025-11-01,exports,EU5,12530,Chemicals-inorganic,838201361
2025-11-01,exports,EU5,12540,Chemicals-organic,2203828649
2025-11-01,exports,EU5,12550,Chemicals-other,3138537159
2025-11-01,exports,EU5,12600,Cotton fiber cloth,95109047
2025-11-01,exports,EU5,12620,Manmade cloth,457853411
2025-11-01,exports,EU5,12630,"Hair, waste materials",47081219
2025-11-01,exports,EU5,12640,Finished textile supplies,196491490
2025-11-01,exports,EU5,12650,Leather and furs,42714836
2025-11-01,exports,EU5,12700,Synthetic rubber-primary,229445716
2025-11-01,exports,EU5,12720,Nonmetallic minerals,122213102
2025-11-01,exports,EU5,12750,Industrial rubber products,421142061
2025-11-01,exports,EU5,12760,Mineral supplies-manufactured,595390135
2025-11-01,exports,EU5,12765,"Tapes, audio and visual",3928412
2025-11-01,exports,EU5,12770,Other industrial supplies,2645881931
2025-11-01,exports,EU5,13100,Logs and lumber,371127543
2025-11-01,exports,EU5,13110,"Wood supplies, manufactured",78019092
2025-11-01,exports,EU5,13200,"Glass-plate, sheet, etc.",98501075
2025-11-01,exports,EU5,13210,"Shingles, molding, wallboard",381203178
2025-11-01,exports,EU5,13220,Nontextile floor tiles,40340650
2025-11-01,exports,EU5,20000,"Generators, accessories",1163697565
2025-11-01,exports,EU5,20005,Electric apparatus,4419292998
2025-11-01,exports,EU5,21000,Drilling & oilfield equipment,226978435
2025-11-01,exports,EU5,21010,Specialized mining,75617481
2025-11-01,exports,EU5,21030,Excavating machinery,772761067
2025-11-01,exports,EU5,21040,Nonfarm tractors and parts,263635573
2025-11-01,exports,EU5,21100,Industrial engines,2586995561
2025-11-01,exports,EU5,21110,"Food, tobacco machinery",328337871
2025-11-01,exports,EU5,21120,Metalworking machine tools,469461558
2025-11-01,exports,EU5,21130,"Textile, sewing machines",53766368
2025-11-01,exports,EU5,21140,"Wood, glass, plastic",233312397
2025-11-01,exports,EU5,21150,Pulp and paper machinery,164491406
2025-11-01,exports,EU5,21160,"Measuring, testing, control instruments",2303675086
2025-11-01,exports,EU5,21170,Materials handling equipment,1110571294
2025-11-01,exports,EU5,21180,"Industrial machines, other",5247417001
2025-11-01,exports,EU5,21190,"Photo, service industry machinery",810099151
2025-11-01,exports,EU5,21200,"Agricultural machinery, equipment",528463108
2025-11-01,exports,EU5,21300,Computers,4165403624
2025-11-01,exports,EU5,21301,Computer accessories,5513365774
2025-11-01,exports,EU5,21320,Semiconductors,5363915956
2025-11-01,exports,EU5,21400,Telecommunications equipment,4093200462
2025-11-01,exports,EU5,21500,Business machines and equipment,203726766
2025-11-01,exports,EU5,21600,Laboratory testing instruments,1058252560
2025-11-01,exports,EU5,21610,Medicinal equipment,3750558730
2025-11-01,exports,EU5,22000,Civilian aircraft,120298173
2025-11-01,exports,EU5,22090,"Civilian aircraft, engines, equipment, and parts",12141914091
2025-11-01,exports,EU5,22100,Railway transportation equipment,240825971
2025-11-01,exports,EU5,22200,"Vessels, excluding scrap",147717096
2025-11-01,exports,EU5,22210,"Commercial vessels, other",30195040
2025-11-01,exports,EU5,22220,"Marine engines, parts",118365288
2025-11-01,exports,EU5,22300,"Spacecraft, excluding military",15788600
2025-11-01,exports,EU5,30000,"Passenger cars, new and used",4317792247
2025-11-01,exports,EU5,30100,"Trucks, buses, and special purpose vehicles",1569199992
2025-11-01,exports,EU5,30200,Engines and engine parts,1633088758
2025-11-01,exports,EU5,30210,Bodies and chassis for passenger cars,35333927
2025-11-01,exports,EU5,30220,Automotive tires and tubes,212238422
2025-11-01,exports,EU5,30230,Other parts and accessories of vehicles,4515978660
2025-11-01,exports,EU5,40000,"Apparel, household goods - textile",677556268
2025-11-01,exports,EU5,40030,"Apparel,household goods-nontextile",236614913
2025-11-01,exports,EU5,40050,Sports apparel and gear,58750363
2025-11-01,exports,EU5,40100,Pharmaceutical preparations,8803168210
2025-11-01,exports,EU5,40110,"Books, printed matter",301025236
2025-11-01,exports,EU5,40120,Toiletries and cosmetics,1189887690
2025-11-01,exports,EU5,40130,"Tobacco, manufactured",84292740
2025-11-01,exports,EU5,40140,Other consumer nondurables,551599192
2025-11-01,exports,EU5,41000,"Furniture, household goods, etc.",391418786
2025-11-01,exports,EU5,41010,"Glassware, chinaware",29608532
2025-11-01,exports,EU5,41020,"Cookware, cutlery, tools",77349151
2025-11-01,exports,EU5,41030,Household appliances,524895344
2025-11-01,exports,EU5,41040,Rugs,55808812
2025-11-01,exports,EU5,41050,"Cell phones and other household goods, n.e.c.",3241528803
2025-11-01,exports,EU5,41110,Pleasure boats and motors,167423485
2025-11-01,exports,EU5,41120,"Toys, games, and sporting goods",880291977
2025-11-01,exports,EU5,41140,Musical instruments,219136062
2025-11-01,exports,EU5,41200,Televisions and video equipment,170808433
2025-11-01,exports,EU5,41210,"Stereo equipment, etc.",245608353
2025-11-01,exports,EU5,41220,Recorded media,104060801
2025-11-01,exports,EU5,41300,Numismatic coins,154233473
2025-11-01,exports,EU5,41310,"Jewelry, etc.",1374396401
2025-11-01,exports,EU5,41320,"Artwork, antiques, stamps, etc.",461758666
2025-11-01,exports,EU5,42000,"Nursery stock, etc.",43686456
2025-11-01,exports,EU5,42100,Gem diamonds,709580735
2025-11-01,exports,EU5,50000,"Military aircraft, complete",0
2025-11-01,exports,EU5,50010,"Aircraft launching gear, parachutes, etc.",50961042
2025-11-01,exports,EU5,50020,Engines and turbines for military aircraft,392807213
2025-11-01,exports,EU5,50030,"Military trucks, armored vehicles, etc.",224561054
2025-11-01,exports,EU5,50040,Military ships and boats,0
2025-11-01,exports,EU5,50050,"Tanks, artillery, missiles, rockets, guns and ammunition",664338941
2025-11-01,exports,EU5,50060,Military apparel and footwear,13633802
2025-11-01,exports,EU5,50070,Parts for military-type goods,794491343
2025-11-01,exports,EU5,60000,Minimum value shipments,4707505035
2025-11-01,exports,EU5,60010,Miscellaneous domestic exports and special transactions,853855977
2025-11-01,exports,EU5,60040,Undocumented exports to Canada,0
2025-12-01,exports,EU1,0,"Foods, feeds, and beverages",14223496519
2025-12-01,exports,EU1,1,Industrial supplies and materials,61437683804
2025-12-01,exports,EU1,2,"Capital goods, except automotive",63290195214
2025-12-01,exports,EU1,3,"Automotive vehicles, parts, and engines",10759819120
2025-12-01,exports,EU1,4,Consumer goods,20184587490
2025-12-01,exports,EU1,5,Other goods,2689970148
2025-12-01,exports,EU1,6,"Exports, n.e.c., and reexports",5628954983
2025-12-01,exports,EU5,00000,Wheat,489151402
2025-12-01,exports,EU5,00010,Rice,149617293
2025-12-01,exports,EU5,00100,Soybeans,1929860277
2025-12-01,exports,EU5,00110,"Oilseeds, food oils",295408554
2025-12-01,exports,EU5,00200,Corn,1619381287
2025-12-01,exports,EU5,00210,"Sorghum, barley, oats",86123247
2025-12-01,exports,EU5,00220,"Animal feeds, n.e.c.",1027187283
2025-12-01,exports,EU5,00300,"Meat, poultry, etc.",2189629087
2025-12-01,exports,EU5,00310,Dairy products and eggs,654964492
2025-12-01,exports,EU5,00320,"Fruits,  frozen juices",711370657
2025-12-01,exports,EU5,00330,Vegetables,662520670
2025-12-01,exports,EU5,00340,Nuts,1423665770
2025-12-01,exports,EU5,00350,Bakery products,676737229
2025-12-01,exports,EU5,00360,Other foods,1532950295
2025-12-01,exports,EU5,00370,"Wine, beer, and related products",100147032
2025-12-01,exports,EU5,01000,Fish and shellfish,403169958
2025-12-01,exports,EU5,01010,"Alcoholic beverages, excluding wine",236021385
2025-12-01,exports,EU5,01020,"Nonagricultural foods, etc.",35590601
2025-12-01,exports,EU5,10000,"Cotton, raw",284105160
2025-12-01,exports,EU5,10100,"Tobacco, unmanufactured",19655992
2025-12-01,exports,EU5,10120,Hides and skins,54161699
2025-12-01,exports,EU5,10130,Agric. Industry-unmanufactured,378880056
2025-12-01,exports,EU5,10140,Agric. Farming-unmanufactured,341020006
2025-12-01,exports,EU5,10150,"Agriculture-manufactured, other",328136403
2025-12-01,exports,EU5,11010,Metallurgical grade coal,621327573
2025-12-01,exports,EU5,11020,"Coal and fuels, other",815208606
2025-12-01,exports,EU5,11100,Crude oil,7753867396
2025-12-01,exports,EU5,11110,Fuel oil,4241687209
2025-12-01,exports,EU5,11120,"Petroleum products, other",6293175949
2025-12-01,exports,EU5,11130,Natural gas liquids,2820198188
2025-12-01,exports,EU5,11200,Gas-natural,5502610923
2025-12-01,exports,EU5,11300,Nuclear fuel materials,84557801
2025-12-01,exports,EU5,11400,Electric energy,164677501
2025-12-01,exports,EU5,12000,Steelmaking materials,652919683
2025-12-01,exports,EU5,12100,Iron and steel mill products,672815514
2025-12-01,exports,EU5,12110,"Iron and steel products, other",528324018
2025-12-01,exports,EU5,12200,Aluminum and alumina,761476564
2025-12-01,exports,EU5,12210,Copper,1054281245
2025-12-01,exports,EU5,12260,Nonmonetary gold,5799356586
2025-12-01,exports,EU5,12270,"Precious metals, other",2165134460
2025-12-01,exports,EU5,12290,"Nonferrous metals, other",762473434
2025-12-01,exports,EU5,12300,Finished metal shapes,2071865307
2025-12-01,exports,EU5,12420,Pulpwood and woodpulp,662935389
2025-12-01,exports,EU5,12430,Newsprint,880568214
2025-12-01,exports,EU5,12500,Plastic materials,3252247741
2025-12-01,exports,EU5,12510,Chemicals-fertilizers,813233735
2025-12-01,exports,EU5,12530,Chemicals-inorganic,866868271
2025-12-01,exports,EU5,12540,Chemicals-organic,2222844039
2025-12-01,exports,EU5,12550,Chemicals-other,3055626974
2025-12-01,exports,EU5,12600,Cotton fiber cloth,74867829
2025-12-01,exports,EU5,12620,Manmade cloth,404637387
2025-12-01,exports,EU5,12630,"Hair, waste materials",47642466
2025-12-01,exports,EU5,12640,Finished textile supplies,181724401
2025-12-01,exports,EU5,12650,Leather and furs,38328924
2025-12-01,exports,EU5,12700,Synthetic rubber-primary,241789331
2025-12-01,exports,EU5,12720,Nonmetallic minerals,57119763
2025-12-01,exports,EU5,12750,Industrial rubber products,387777096
2025-12-01,exports,EU5,12760,Mineral supplies-manufactured,579624005
2025-12-01,exports,EU5,12765,"Tapes, audio and visual",5994232
2025-12-01,exports,EU5,12770,Other industrial supplies,2500340077
2025-12-01,exports,EU5,13100,Logs and lumber,393493285
2025-12-01,exports,EU5,13110,"Wood supplies, manufactured",71174524
2025-12-01,exports,EU5,13200,"Glass-plate, sheet, etc.",91854478
2025-12-01,exports,EU5,13210,"Shingles, molding, wallboard",395240728
2025-12-01,exports,EU5,13220,Nontextile floor tiles,39833642
2025-12-01,exports,EU5,20000,"Generators, accessories",1563883797
2025-12-01,exports,EU5,20005,Electric apparatus,4401340387
2025-12-01,exports,EU5,21000,Drilling & oilfield equipment,227880823
2025-12-01,exports,EU5,21010,Specialized mining,81739951
2025-12-01,exports,EU5,21030,Excavating machinery,729329854
2025-12-01,exports,EU5,21040,Nonfarm tractors and parts,293092266
2025-12-01,exports,EU5,21100,Industrial engines,2624546574
2025-12-01,exports,EU5,21110,"Food, tobacco machinery",345409356
2025-12-01,exports,EU5,21120,Metalworking machine tools,501793553
2025-12-01,exports,EU5,21130,"Textile, sewing machines",47169219
2025-12-01,exports,EU5,21140,"Wood, glass, plastic",220958732
2025-12-01,exports,EU5,21150,Pulp and paper machinery,154857029
2025-12-01,exports,EU5,21160,"Measuring, testing, control instruments",2379330751
2025-12-01,exports,EU5,21170,Materials handling equipment,1122603715
2025-12-01,exports,EU5,21180,"Industrial machines, other",5600308088
2025-12-01,exports,EU5,21190,"Photo, service industry machinery",796459683
2025-12-01,exports,EU5,21200,"Agricultural machinery, equipment",631188715
2025-12-01,exports,EU5,21300,Computers,4649726216
2025-12-01,exports,EU5,21301,Computer accessories,5771008436
2025-12-01,exports,EU5,21320,Semiconductors,6275362296
2025-12-01,exports,EU5,21400,Telecommunications equipment,4134586140
2025-12-01,exports,EU5,21500,Business machines and equipment,208592652
2025-12-01,exports,EU5,21600,Laboratory testing instruments,1169225772
2025-12-01,exports,EU5,21610,Medicinal equipment,3735165452
2025-12-01,exports,EU5,22000,Civilian aircraft,86403379
2025-12-01,exports,EU5,22090,"Civilian aircraft, engines, equipment, and parts",14944997746
2025-12-01,exports,EU5,22100,Railway transportation equipment,302963266
2025-12-01,exports,EU5,22200,"Vessels, excluding scrap",12312372
2025-12-01,exports,EU5,22210,"Commercial vessels, other",43799189
2025-12-01,exports,EU5,22220,"Marine engines, parts",114031236
2025-12-01,exports,EU5,22300,"Spacecraft, excluding military",120128569
2025-12-01,exports,EU5,30000,"Passenger cars, new and used",3850046857
2025-12-01,exports,EU5,30100,"Trucks, buses, and special purpose vehicles",1305272981
2025-12-01,exports,EU5,30200,Engines and engine parts,1451873919
2025-12-01,exports,EU5,30210,Bodies and chassis for passenger cars,8605799
2025-12-01,exports,EU5,30220,Automotive tires and tubes,161207247
2025-12-01,exports,EU5,30230,Other parts and accessories of vehicles,3982812317
2025-12-01,exports,EU5,40000,"Apparel, household goods - textile",622828123
2025-12-01,exports,EU5,40030,"Apparel,household goods-nontextile",218632015
2025-12-01,exports,EU5,40050,Sports apparel and gear,60359200
2025-12-01,exports,EU5,40100,Pharmaceutical preparations,8319267692
2025-12-01,exports,EU5,40110,"Books, printed matter",295575182
2025-12-01,exports,EU5,40120,Toiletries and cosmetics,1217530940
2025-12-01,exports,EU5,40130,"Tobacco, manufactured",76018144
2025-12-01,exports,EU5,40140,Other consumer nondurables,539923023
2025-12-01,exports,EU5,41000,"Furniture, household goods, etc.",374909666
2025-12-01,exports,EU5,41010,"Glassware, chinaware",30836687
2025-12-01,exports,EU5,41020,"Cookware, cutlery, tools",77710569
2025-12-01,exports,EU5,41030,Household appliances,516480604
2025-12-01,exports,EU5,41040,Rugs,54936519
2025-12-01,exports,EU5,41050,"Cell phones and other household goods, n.e.c.",3568765520
2025-12-01,exports,EU5,41110,Pleasure boats and motors,192653059
2025-12-01,exports,EU5,41120,"Toys, games, and sporting goods",799391248
2025-12-01,exports,EU5,41140,Musical instruments,186606422
2025-12-01,exports,EU5,41200,Televisions and video equipment,174635210
2025-12-01,exports,EU5,41210,"Stereo equipment, etc.",230397636
2025-12-01,exports,EU5,41220,Recorded media,114972224
2025-12-01,exports,EU5,41300,Numismatic coins,196639303
2025-12-01,exports,EU5,41310,"Jewelry, etc.",1183294827
2025-12-01,exports,EU5,41320,"Artwork, antiques, stamps, etc.",635051895
2025-12-01,exports,EU5,42000,"Nursery stock, etc.",26728490
2025-12-01,exports,EU5,42100,Gem diamonds,470443292
2025-12-01,exports,EU5,50000,"Military aircraft, complete",531804336
2025-12-01,exports,EU5,50010,"Aircraft launching gear, parachutes, etc.",42801070
2025-12-01,exports,EU5,50020,Engines and turbines for military aircraft,591223237
2025-12-01,exports,EU5,50030,"Military trucks, armored vehicles, etc.",177114652
2025-12-01,exports,EU5,50040,Military ships and boats,0
2025-12-01,exports,EU5,50050,"Tanks, artillery, missiles, rockets, guns and ammunition",611192740
2025-12-01,exports,EU5,50060,Military apparel and footwear,7275465
2025-12-01,exports,EU5,50070,Parts for military-type goods,728558648
2025-12-01,exports,EU5,60000,Minimum value shipments,4824468810
2025-12-01,exports,EU5,60010,Miscellaneous domestic exports and special transactions,804486173
2025-12-01,exports,EU5,60040,Undocumented exports to Canada,0
2026-01-01,exports,EU1,0,"Foods, feeds, and beverages",14028280828
2026-01-01,exports,EU1,1,Industrial supplies and materials,70455433091
2026-01-01,exports,EU1,2,"Capital goods, except automotive",63157080279
2026-01-01,exports,EU1,3,"Automotive vehicles, parts, and engines",9955911000
2026-01-01,exports,EU1,4,Consumer goods,18938985905
2026-01-01,exports,EU1,5,Other goods,4339459973
2026-01-01,exports,EU1,6,"Exports, n.e.c., and reexports",5511290675
2026-01-01,exports,EU5,00000,Wheat,406242819
2026-01-01,exports,EU5,00010,Rice,164823844
2026-01-01,exports,EU5,00100,Soybeans,2677301464
2026-01-01,exports,EU5,00110,"Oilseeds, food oils",270451498
2026-01-01,exports,EU5,00200,Corn,1554610950
2026-01-01,exports,EU5,00210,"Sorghum, barley, oats",197330192
2026-01-01,exports,EU5,00220,"Animal feeds, n.e.c.",992877412
2026-01-01,exports,EU5,00300,"Meat, poultry, etc.",2076842251
2026-01-01,exports,EU5,00310,Dairy products and eggs,604354728
2026-01-01,exports,EU5,00320,"Fruits,  frozen juices",709632978
2026-01-01,exports,EU5,00330,Vegetables,671129335
2026-01-01,exports,EU5,00340,Nuts,1043410118
2026-01-01,exports,EU5,00350,Bakery products,610014948
2026-01-01,exports,EU5,00360,Other foods,1493439132
2026-01-01,exports,EU5,00370,"Wine, beer, and related products",79135417
2026-01-01,exports,EU5,01000,Fish and shellfish,258180759
2026-01-01,exports,EU5,01010,"Alcoholic beverages, excluding wine",181519402
2026-01-01,exports,EU5,01020,"Nonagricultural foods, etc.",36983581
2026-01-01,exports,EU5,10000,"Cotton, raw",344580851
2026-01-01,exports,EU5,10100,"Tobacco, unmanufactured",51645930
2026-01-01,exports,EU5,10120,Hides and skins,47964816
2026-01-01,exports,EU5,10130,Agric. Industry-unmanufactured,385379060
2026-01-01,exports,EU5,10140,Agric. Farming-unmanufactured,331220970
2026-01-01,exports,EU5,10150,"Agriculture-manufactured, other",338103630
2026-01-01,exports,EU5,11010,Metallurgical grade coal,593178824
2026-01-01,exports,EU5,11020,"Coal and fuels, other",870448928
2026-01-01,exports,EU5,11100,Crude oil,7510609533
2026-01-01,exports,EU5,11110,Fuel oil,3636421764
2026-01-01,exports,EU5,11120,"Petroleum products, other",6140682649
2026-01-01,exports,EU5,11130,Natural gas liquids,2686507468
2026-01-01,exports,EU5,11200,Gas-natural,5605951570
2026-01-01,exports,EU5,11300,Nuclear fuel materials,110929534
2026-01-01,exports,EU5,11400,Electric energy,225002354
2026-01-01,exports,EU5,12000,Steelmaking materials,651157552
2026-01-01,exports,EU5,12100,Iron and steel mill products,844198707
2026-01-01,exports,EU5,12110,"Iron and steel products, other",551278045
2026-01-01,exports,EU5,12200,Aluminum and alumina,799050422
2026-01-01,exports,EU5,12210,Copper,1054116252
2026-01-01,exports,EU5,12260,Nonmonetary gold,10479276540
2026-01-01,exports,EU5,12270,"Precious metals, other",6202318814
2026-01-01,exports,EU5,12290,"Nonferrous metals, other",744402086
2026-01-01,exports,EU5,12300,Finished metal shapes,2548307623
2026-01-01,exports,EU5,12420,Pulpwood and woodpulp,610386106
2026-01-01,exports,EU5,12430,Newsprint,933256433
2026-01-01,exports,EU5,12500,Plastic materials,3286978266
2026-01-01,exports,EU5,12510,Chemicals-fertilizers,900293460
2026-01-01,exports,EU5,12530,Chemicals-inorganic,918111707
2026-01-01,exports,EU5,12540,Chemicals-organic,2286750722
2026-01-01,exports,EU5,12550,Chemicals-other,3037896579
2026-01-01,exports,EU5,12600,Cotton fiber cloth,79450141
2026-01-01,exports,EU5,12620,Manmade cloth,436676635
2026-01-01,exports,EU5,12630,"Hair, waste materials",44514374
2026-01-01,exports,EU5,12640,Finished textile supplies,194910091
2026-01-01,exports,EU5,12650,Leather and furs,39010596
2026-01-01,exports,EU5,12700,Synthetic rubber-primary,257845591
2026-01-01,exports,EU5,12720,Nonmetallic minerals,109606985
2026-01-01,exports,EU5,12750,Industrial rubber products,394663194
2026-01-01,exports,EU5,12760,Mineral supplies-manufactured,587994241
2026-01-01,exports,EU5,12765,"Tapes, audio and visual",3056612
2026-01-01,exports,EU5,12770,Other industrial supplies,2590695613
2026-01-01,exports,EU5,13100,Logs and lumber,399850128
2026-01-01,exports,EU5,13110,"Wood supplies, manufactured",82310368
2026-01-01,exports,EU5,13200,"Glass-plate, sheet, etc.",99276716
2026-01-01,exports,EU5,13210,"Shingles, molding, wallboard",368841380
2026-01-01,exports,EU5,13220,Nontextile floor tiles,40323231
2026-01-01,exports,EU5,20000,"Generators, accessories",1198531834
2026-01-01,exports,EU5,20005,Electric apparatus,4415240675
2026-01-01,exports,EU5,21000,Drilling & oilfield equipment,195449749
2026-01-01,exports,EU5,21010,Specialized mining,70507564
2026-01-01,exports,EU5,21030,Excavating machinery,794320481
2026-01-01,exports,EU5,21040,Nonfarm tractors and parts,247991636
2026-01-01,exports,EU5,21100,Industrial engines,2650934404
2026-01-01,exports,EU5,21110,"Food, tobacco machinery",301077807
2026-01-01,exports,EU5,21120,Metalworking machine tools,430371660
2026-01-01,exports,EU5,21130,"Textile, sewing machines",53827072
2026-01-01,exports,EU5,21140,"Wood, glass, plastic",224917275
2026-01-01,exports,EU5,21150,Pulp and paper machinery,150158578
2026-01-01,exports,EU5,21160,"Measuring, testing, control instruments",2212201176
2026-01-01,exports,EU5,21170,Materials handling equipment,1137382153
2026-01-01,exports,EU5,21180,"Industrial machines, other",5564717415
2026-01-01,exports,EU5,21190,"Photo, service industry machinery",706288619
2026-01-01,exports,EU5,21200,"Agricultural machinery, equipment",628281501
2026-01-01,exports,EU5,21300,Computers,6667471845
2026-01-01,exports,EU5,21301,Computer accessories,7260900889
2026-01-01,exports,EU5,21320,Semiconductors,6824428493
2026-01-01,exports,EU5,21400,Telecommunications equipment,3853746639
2026-01-01,exports,EU5,21500,Business machines and equipment,205132183
2026-01-01,exports,EU5,21600,Laboratory testing instruments,966808671
2026-01-01,exports,EU5,21610,Medicinal equipment,3441774255
2026-01-01,exports,EU5,22000,Civilian aircraft,104075807
2026-01-01,exports,EU5,22090,"Civilian aircraft, engines, equipment, and parts",12385687625
2026-01-01,exports,EU5,22100,Railway transportation equipment,299575057
2026-01-01,exports,EU5,22200,"Vessels, excluding scrap",3157407
2026-01-01,exports,EU5,22210,"Commercial vessels, other",31699025
2026-01-01,exports,EU5,22220,"Marine engines, parts",128299701
2026-01-01,exports,EU5,22300,"Spacecraft, excluding military",2123083
2026-01-01,exports,EU5,30000,"Passenger cars, new and used",2867703034
2026-01-01,exports,EU5,30100,"Trucks, buses, and special purpose vehicles",1218890502
2026-01-01,exports,EU5,30200,Engines and engine parts,1520793348
2026-01-01,exports,EU5,30210,Bodies and chassis for passenger cars,4738798
2026-01-01,exports,EU5,30220,Automotive tires and tubes,200361552
2026-01-01,exports,EU5,30230,Other parts and accessories of vehicles,4143423766
2026-01-01,exports,EU5,40000,"Apparel, household goods - textile",579618491
2026-01-01,exports,EU5,40030,"Apparel,household goods-nontextile",208371874
2026-01-01,exports,EU5,40050,Sports apparel and gear,55881605
2026-01-01,exports,EU5,40100,Pharmaceutical preparations,7712098861
2026-01-01,exports,EU5,40110,"Books, printed matter",282365652
2026-01-01,exports,EU5,40120,Toiletries and cosmetics,1089491304
2026-01-01,exports,EU5,40130,"Tobacco, manufactured",70152745
2026-01-01,exports,EU5,40140,Other consumer nondurables,553873881
2026-01-01,exports,EU5,41000,"Furniture, household goods, etc.",354727706
2026-01-01,exports,EU5,41010,"Glassware, chinaware",25331712
2026-01-01,exports,EU5,41020,"Cookware, cutlery, tools",78078300
2026-01-01,exports,EU5,41030,Household appliances,479601834
2026-01-01,exports,EU5,41040,Rugs,51420978
2026-01-01,exports,EU5,41050,"Cell phones and other household goods, n.e.c.",2957872759
2026-01-01,exports,EU5,41110,Pleasure boats and motors,155052314
2026-01-01,exports,EU5,41120,"Toys, games, and sporting goods",735090055
2026-01-01,exports,EU5,41140,Musical instruments,175088684
2026-01-01,exports,EU5,41200,Televisions and video equipment,152924453
2026-01-01,exports,EU5,41210,"Stereo equipment, etc.",201163166
2026-01-01,exports,EU5,41220,Recorded media,86088327
2026-01-01,exports,EU5,41300,Numismatic coins,369294731
2026-01-01,exports,EU5,41310,"Jewelry, etc.",1130378139
2026-01-01,exports,EU5,41320,"Artwork, antiques, stamps, etc.",870671600
2026-01-01,exports,EU5,42000,"Nursery stock, etc.",27456773
2026-01-01,exports,EU5,42100,Gem diamonds,536889961
2026-01-01,exports,EU5,50000,"Military aircraft, complete",176096824
2026-01-01,exports,EU5,50010,"Aircraft launching gear, parachutes, etc.",53960385
2026-01-01,exports,EU5,50020,Engines and turbines for military aircraft,535306051
2026-01-01,exports,EU5,50030,"Military trucks, armored vehicles, etc.",2094862718
2026-01-01,exports,EU5,50050,"Tanks, artillery, missiles, rockets, guns and ammunition",638356825
2026-01-01,exports,EU5,50060,Military apparel and footwear,7929464
2026-01-01,exports,EU5,50070,Parts for military-type goods,832947706
2026-01-01,exports,EU5,60000,Minimum value shipments,4421382443
2026-01-01,exports,EU5,60010,Miscellaneous domestic exports and special transactions,796186888
2026-01-01,exports,EU5,60040,Undocumented exports to Canada,293721344
2026-02-01,exports,EU1,0,"Foods, feeds, and beverages",13682366593
2026-02-01,exports,EU1,1,Industrial supplies and materials,79455242292
2026-02-01,exports,EU1,2,"Capital goods, except automotive",59185719632
2026-02-01,exports,EU1,3,"Automotive vehicles, parts, and engines",12096884839
2026-02-01,exports,EU1,4,Consumer goods,22668733860
2026-02-01,exports,EU1,5,Other goods,2184911495
2026-02-01,exports,EU1,6,"Exports, n.e.c., and reexports",5863692517
2026-02-01,exports,EU5,00000,Wheat,508264082
2026-02-01,exports,EU5,00010,Rice,117637713
2026-02-01,exports,EU5,00100,Soybeans,1954299960
2026-02-01,exports,EU5,00110,"Oilseeds, food oils",285947875
2026-02-01,exports,EU5,00200,Corn,1580833073
2026-02-01,exports,EU5,00210,"Sorghum, barley, oats",152330373
2026-02-01,exports,EU5,00220,"Animal feeds, n.e.c.",934616915
2026-02-01,exports,EU5,00300,"Meat, poultry, etc.",1983850012
2026-02-01,exports,EU5,00310,Dairy products and eggs,648498392
2026-02-01,exports,EU5,00320,"Fruits,  frozen juices",746614883
2026-02-01,exports,EU5,00330,Vegetables,644889389
2026-02-01,exports,EU5,00340,Nuts,1230843567
2026-02-01,exports,EU5,00350,Bakery products,622072708
2026-02-01,exports,EU5,00360,Other foods,1504376108
2026-02-01,exports,EU5,00370,"Wine, beer, and related products",101118332
2026-02-01,exports,EU5,01000,Fish and shellfish,384861406
2026-02-01,exports,EU5,01010,"Alcoholic beverages, excluding wine",251579024
2026-02-01,exports,EU5,01020,"Nonagricultural foods, etc.",29732781
2026-02-01,exports,EU5,10000,"Cotton, raw",395273345
2026-02-01,exports,EU5,10100,"Tobacco, unmanufactured",92951241
2026-02-01,exports,EU5,10120,Hides and skins,52483405
2026-02-01,exports,EU5,10130,Agric. Industry-unmanufactured,380398245
2026-02-01,exports,EU5,10140,Agric. Farming-unmanufactured,375921840
2026-02-01,exports,EU5,10150,"Agriculture-manufactured, other",346611847
2026-02-01,exports,EU5,11010,Metallurgical grade coal,568643038
2026-02-01,exports,EU5,11020,"Coal and fuels, other",632680627
2026-02-01,exports,EU5,11100,Crude oil,7896904989
2026-02-01,exports,EU5,11110,Fuel oil,3051021089
2026-02-01,exports,EU5,11120,"Petroleum products, other",5855865082
2026-02-01,exports,EU5,11130,Natural gas liquids,2586612401
2026-02-01,exports,EU5,11200,Gas-natural,6527740185
2026-02-01,exports,EU5,11300,Nuclear fuel materials,136841350
2026-02-01,exports,EU5,11400,Electric energy,58063246
2026-02-01,exports,EU5,12000,Steelmaking materials,578025602
2026-02-01,exports,EU5,12100,Iron and steel mill products,837669443
2026-02-01,exports,EU5,12110,"Iron and steel products, other",569400792
2026-02-01,exports,EU5,12200,Aluminum and alumina,861959919
2026-02-01,exports,EU5,12210,Copper,1107392622
2026-02-01,exports,EU5,12260,Nonmonetary gold,18485925892
2026-02-01,exports,EU5,12270,"Precious metals, other",6857690821
2026-02-01,exports,EU5,12290,"Nonferrous metals, other",674840278
2026-02-01,exports,EU5,12300,Finished metal shapes,2921504827
2026-02-01,exports,EU5,12420,Pulpwood and woodpulp,541226667
2026-02-01,exports,EU5,12430,Newsprint,906721229
2026-02-01,exports,EU5,12500,Plastic materials,3242449662
2026-02-01,exports,EU5,12510,Chemicals-fertilizers,920745766
2026-02-01,exports,EU5,12530,Chemicals-inorganic,894357072
2026-02-01,exports,EU5,12540,Chemicals-organic,2221063793
2026-02-01,exports,EU5,12550,Chemicals-other,2954466196
2026-02-01,exports,EU5,12600,Cotton fiber cloth,87667399
2026-02-01,exports,EU5,12620,Manmade cloth,483972172
2026-02-01,exports,EU5,12630,"Hair, waste materials",47685024
2026-02-01,exports,EU5,12640,Finished textile supplies,202425418
2026-02-01,exports,EU5,12650,Leather and furs,37049836
2026-02-01,exports,EU5,12700,Synthetic rubber-primary,277949609
2026-02-01,exports,EU5,12720,Nonmetallic minerals,83364588
2026-02-01,exports,EU5,12750,Industrial rubber products,413698496
2026-02-01,exports,EU5,12760,Mineral supplies-manufactured,599995319
2026-02-01,exports,EU5,12765,"Tapes, audio and visual",2346596
2026-02-01,exports,EU5,12770,Other industrial supplies,2659448214
2026-02-01,exports,EU5,13100,Logs and lumber,426905546
2026-02-01,exports,EU5,13110,"Wood supplies, manufactured",80440982
2026-02-01,exports,EU5,13200,"Glass-plate, sheet, etc.",86946604
2026-02-01,exports,EU5,13210,"Shingles, molding, wallboard",389885965
2026-02-01,exports,EU5,13220,Nontextile floor tiles,42008013
2026-02-01,exports,EU5,20000,"Generators, accessories",1199174907
2026-02-01,exports,EU5,20005,Electric apparatus,4702015771
2026-02-01,exports,EU5,21000,Drilling & oilfield equipment,222510465
2026-02-01,exports,EU5,21010,Specialized mining,71061063
2026-02-01,exports,EU5,21030,Excavating machinery,838411610
2026-02-01,exports,EU5,21040,Nonfarm tractors and parts,271903987
2026-02-01,exports,EU5,21100,Industrial engines,2396644867
2026-02-01,exports,EU5,21110,"Food, tobacco machinery",311169412
2026-02-01,exports,EU5,21120,Metalworking machine tools,429116775
2026-02-01,exports,EU5,21130,"Textile, sewing machines",54845633
2026-02-01,exports,EU5,21140,"Wood, glass, plastic",213904788
2026-02-01,exports,EU5,21150,Pulp and paper machinery,147708924
2026-02-01,exports,EU5,21160,"Measuring, testing, control instruments",2306730478
2026-02-01,exports,EU5,21170,Materials handling equipment,1050843432
2026-02-01,exports,EU5,21180,"Industrial machines, other",5270391144
2026-02-01,exports,EU5,21190,"Photo, service industry machinery",820656097
2026-02-01,exports,EU5,21200,"Agricultural machinery, equipment",714690400
2026-02-01,exports,EU5,21300,Computers,3689152968
2026-02-01,exports,EU5,21301,Computer accessories,5777093536
2026-02-01,exports,EU5,21320,Semiconductors,7266003267
2026-02-01,exports,EU5,21400,Telecommunications equipment,4020572209
2026-02-01,exports,EU5,21500,Business machines and equipment,156404088
2026-02-01,exports,EU5,21600,Laboratory testing instruments,982819476
2026-02-01,exports,EU5,21610,Medicinal equipment,3614290134
2026-02-01,exports,EU5,22000,Civilian aircraft,40051487
2026-02-01,exports,EU5,22090,"Civilian aircraft, engines, equipment, and parts",12154717553
2026-02-01,exports,EU5,22100,Railway transportation equipment,304527199
2026-02-01,exports,EU5,22200,"Vessels, excluding scrap",265380
2026-02-01,exports,EU5,22210,"Commercial vessels, other",32448231
2026-02-01,exports,EU5,22220,"Marine engines, parts",113319900
2026-02-01,exports,EU5,22300,"Spacecraft, excluding military",12274451
2026-02-01,exports,EU5,30000,"Passenger cars, new and used",3714645061
2026-02-01,exports,EU5,30100,"Trucks, buses, and special purpose vehicles",1934140717
2026-02-01,exports,EU5,30200,Engines and engine parts,1615081976
2026-02-01,exports,EU5,30210,Bodies and chassis for passenger cars,29642718
2026-02-01,exports,EU5,30220,Automotive tires and tubes,240404638
2026-02-01,exports,EU5,30230,Other parts and accessories of vehicles,4562969729
2026-02-01,exports,EU5,40000,"Apparel, household goods - textile",564957262
2026-02-01,exports,EU5,40030,"Apparel,household goods-nontextile",204575958
2026-02-01,exports,EU5,40050,Sports apparel and gear,59272375
2026-02-01,exports,EU5,40100,Pharmaceutical preparations,9242887381
2026-02-01,exports,EU5,40110,"Books, printed matter",294092328
2026-02-01,exports,EU5,40120,Toiletries and cosmetics,1258585602
2026-02-01,exports,EU5,40130,"Tobacco, manufactured",77272848
2026-02-01,exports,EU5,40140,Other consumer nondurables,545908317
2026-02-01,exports,EU5,41000,"Furniture, household goods, etc.",369378273
2026-02-01,exports,EU5,41010,"Glassware, chinaware",24041783
2026-02-01,exports,EU5,41020,"Cookware, cutlery, tools",82076242
2026-02-01,exports,EU5,41030,Household appliances,503588738
2026-02-01,exports,EU5,41040,Rugs,55023063
2026-02-01,exports,EU5,41050,"Cell phones and other household goods, n.e.c.",3032488893
2026-02-01,exports,EU5,41110,Pleasure boats and motors,297782983
2026-02-01,exports,EU5,41120,"Toys, games, and sporting goods",807399012
2026-02-01,exports,EU5,41140,Musical instruments,164858675
2026-02-01,exports,EU5,41200,Televisions and video equipment,182835895
2026-02-01,exports,EU5,41210,"Stereo equipment, etc.",197896437
2026-02-01,exports,EU5,41220,Recorded media,77903703
2026-02-01,exports,EU5,41300,Numismatic coins,516553981
2026-02-01,exports,EU5,41310,"Jewelry, etc.",1630988555
2026-02-01,exports,EU5,41320,"Artwork, antiques, stamps, etc.",942362892
2026-02-01,exports,EU5,42000,"Nursery stock, etc.",41574687
2026-02-01,exports,EU5,42100,Gem diamonds,1494427977
2026-02-01,exports,EU5,50000,"Military aircraft, complete",175252538
2026-02-01,exports,EU5,50010,"Aircraft launching gear, parachutes, etc.",47628191
2026-02-01,exports,EU5,50020,Engines and turbines for military aircraft,489950743
2026-02-01,exports,EU5,50030,"Military trucks, armored vehicles, etc.",121630907
2026-02-01,exports,EU5,50050,"Tanks, artillery, missiles, rockets, guns and ammunition",627581363
2026-02-01,exports,EU5,50060,Military apparel and footwear,6831253
2026-02-01,exports,EU5,50070,Parts for military-type goods,716036500
2026-02-01,exports,EU5,60000,Minimum value shipments,4184691583
2026-02-01,exports,EU5,60010,Miscellaneous domestic exports and special transactions,854936784
2026-02-01,exports,EU5,60040,Undocumented exports to Canada,824064150
2026-03-01,exports,EU1,0,"Foods, feeds, and beverages",15584832250
2026-03-01,exports,EU1,1,Industrial supplies and materials,88445530119
2026-03-01,exports,EU1,2,"Capital goods, except automotive",70113466800
2026-03-01,exports,EU1,3,"Automotive vehicles, parts, and engines",14666848738
2026-03-01,exports,EU1,4,Consumer goods,23221691877
2026-03-01,exports,EU1,5,Other goods,2722654386
2026-03-01,exports,EU1,6,"Exports, n.e.c., and reexports",6638457682
2026-03-01,exports,EU5,00000,Wheat,492412065
2026-03-01,exports,EU5,00010,Rice,169358286
2026-03-01,exports,EU5,00100,Soybeans,1957527862
2026-03-01,exports,EU5,00110,"Oilseeds, food oils",317344028
2026-03-01,exports,EU5,00200,Corn,1889452475
2026-03-01,exports,EU5,00210,"Sorghum, barley, oats",230200444
2026-03-01,exports,EU5,00220,"Animal feeds, n.e.c.",1149136232
2026-03-01,exports,EU5,00300,"Meat, poultry, etc.",2284982388
2026-03-01,exports,EU5,00310,Dairy products and eggs,732366278
2026-03-01,exports,EU5,00320,"Fruits,  frozen juices",796273012
2026-03-01,exports,EU5,00330,Vegetables,694586076
2026-03-01,exports,EU5,00340,Nuts,1438259203
2026-03-01,exports,EU5,00350,Bakery products,694659385
2026-03-01,exports,EU5,00360,Other foods,1758422184
2026-03-01,exports,EU5,00370,"Wine, beer, and related products",112748574
2026-03-01,exports,EU5,01000,Fish and shellfish,514874088
2026-03-01,exports,EU5,01010,"Alcoholic beverages, excluding wine",321766966
2026-03-01,exports,EU5,01020,"Nonagricultural foods, etc.",30462704
2026-03-01,exports,EU5,10000,"Cotton, raw",602105549
2026-03-01,exports,EU5,10100,"Tobacco, unmanufactured",109725663
2026-03-01,exports,EU5,10120,Hides and skins,57375537
2026-03-01,exports,EU5,10130,Agric. Industry-unmanufactured,414373889
2026-03-01,exports,EU5,10140,Agric. Farming-unmanufactured,336602913
2026-03-01,exports,EU5,10150,"Agriculture-manufactured, other",414246107
2026-03-01,exports,EU5,11010,Metallurgical grade coal,785285952
2026-03-01,exports,EU5,11020,"Coal and fuels, other",1040271788
2026-03-01,exports,EU5,11100,Crude oil,10662286479
2026-03-01,exports,EU5,11110,Fuel oil,5040563782
2026-03-01,exports,EU5,11120,"Petroleum products, other",8289117316
2026-03-01,exports,EU5,11130,Natural gas liquids,3385606091
2026-03-01,exports,EU5,11200,Gas-natural,5308722765
2026-03-01,exports,EU5,11300,Nuclear fuel materials,67931199
2026-03-01,exports,EU5,11400,Electric energy,58552591
2026-03-01,exports,EU5,12000,Steelmaking materials,848571402
2026-03-01,exports,EU5,12100,Iron and steel mill products,924190148
2026-03-01,exports,EU5,12110,"Iron and steel products, other",645989410
2026-03-01,exports,EU5,12200,Aluminum and alumina,1031909331
2026-03-01,exports,EU5,12210,Copper,1407197034
2026-03-01,exports,EU5,12260,Nonmonetary gold,17718191494
2026-03-01,exports,EU5,12270,"Precious metals, other",5296772750
2026-03-01,exports,EU5,12290,"Nonferrous metals, other",887462445
2026-03-01,exports,EU5,12300,Finished metal shapes,2495979916
2026-03-01,exports,EU5,12420,Pulpwood and woodpulp,708169995
2026-03-01,exports,EU5,12430,Newsprint,1024139139
2026-03-01,exports,EU5,12500,Plastic materials,3878730605
2026-03-01,exports,EU5,12510,Chemicals-fertilizers,1296486374
2026-03-01,exports,EU5,12530,Chemicals-inorganic,960571172
2026-03-01,exports,EU5,12540,Chemicals-organic,2662393489
2026-03-01,exports,EU5,12550,Chemicals-other,3301113494
2026-03-01,exports,EU5,12600,Cotton fiber cloth,98278330
2026-03-01,exports,EU5,12620,Manmade cloth,519958832
2026-03-01,exports,EU5,12630,"Hair, waste materials",50702224
2026-03-01,exports,EU5,12640,Finished textile supplies,219742438
2026-03-01,exports,EU5,12650,Leather and furs,44166624
2026-03-01,exports,EU5,12700,Synthetic rubber-primary,331456399
2026-03-01,exports,EU5,12720,Nonmetallic minerals,133983103
2026-03-01,exports,EU5,12750,Industrial rubber products,459514483
2026-03-01,exports,EU5,12760,Mineral supplies-manufactured,709651224
2026-03-01,exports,EU5,12765,"Tapes, audio and visual",11075428
2026-03-01,exports,EU5,12770,Other industrial supplies,3066982178
2026-03-01,exports,EU5,13100,Logs and lumber,490618854
2026-03-01,exports,EU5,13110,"Wood supplies, manufactured",81446208
2026-03-01,exports,EU5,13200,"Glass-plate, sheet, etc.",97923534
2026-03-01,exports,EU5,13210,"Shingles, molding, wallboard",426124439
2026-03-01,exports,EU5,13220,Nontextile floor tiles,43270002
2026-03-01,exports,EU5,20000,"Generators, accessories",1513127016
2026-03-01,exports,EU5,20005,Electric apparatus,5427443812
2026-03-01,exports,EU5,21000,Drilling & oilfield equipment,230105490
2026-03-01,exports,EU5,21010,Specialized mining,112105687
2026-03-01,exports,EU5,21030,Excavating machinery,969256102
2026-03-01,exports,EU5,21040,Nonfarm tractors and parts,294628528
2026-03-01,exports,EU5,21100,Industrial engines,2968811359
2026-03-01,exports,EU5,21110,"Food, tobacco machinery",359376357
2026-03-01,exports,EU5,21120,Metalworking machine tools,491176488
2026-03-01,exports,EU5,21130,"Textile, sewing machines",54956571
2026-03-01,exports,EU5,21140,"Wood, glass, plastic",248246047
2026-03-01,exports,EU5,21150,Pulp and paper machinery,202057050
2026-03-01,exports,EU5,21160,"Measuring, testing, control instruments",2703827485
2026-03-01,exports,EU5,21170,Materials handling equipment,1325695222
2026-03-01,exports,EU5,21180,"Industrial machines, other",6341894581
2026-03-01,exports,EU5,21190,"Photo, service industry machinery",964702989
2026-03-01,exports,EU5,21200,"Agricultural machinery, equipment",879335380
2026-03-01,exports,EU5,21300,Computers,5115012898
2026-03-01,exports,EU5,21301,Computer accessories,7676556086
2026-03-01,exports,EU5,21320,Semiconductors,7406267083
2026-03-01,exports,EU5,21400,Telecommunications equipment,4355500966
2026-03-01,exports,EU5,21500,Business machines and equipment,187776191
2026-03-01,exports,EU5,21600,Laboratory testing instruments,1172110635
2026-03-01,exports,EU5,21610,Medicinal equipment,4292547525
2026-03-01,exports,EU5,22000,Civilian aircraft,43082765
2026-03-01,exports,EU5,22090,"Civilian aircraft, engines, equipment, and parts",14267592037
2026-03-01,exports,EU5,22100,Railway transportation equipment,329136140
2026-03-01,exports,EU5,22200,"Vessels, excluding scrap",1290579
2026-03-01,exports,EU5,22210,"Commercial vessels, other",59886678
2026-03-01,exports,EU5,22220,"Marine engines, parts",112760723
2026-03-01,exports,EU5,22300,"Spacecraft, excluding military",7200330
2026-03-01,exports,EU5,30000,"Passenger cars, new and used",4734483153
2026-03-01,exports,EU5,30100,"Trucks, buses, and special purpose vehicles",2637217985
2026-03-01,exports,EU5,30200,Engines and engine parts,1776764176
2026-03-01,exports,EU5,30210,Bodies and chassis for passenger cars,59044413
2026-03-01,exports,EU5,30220,Automotive tires and tubes,262620891
2026-03-01,exports,EU5,30230,Other parts and accessories of vehicles,5196718120
2026-03-01,exports,EU5,40000,"Apparel, household goods - textile",688847730
2026-03-01,exports,EU5,40030,"Apparel,household goods-nontextile",235779670
2026-03-01,exports,EU5,40050,Sports apparel and gear,69627344
2026-03-01,exports,EU5,40100,Pharmaceutical preparations,10741002337
2026-03-01,exports,EU5,40110,"Books, printed matter",318764842
2026-03-01,exports,EU5,40120,Toiletries and cosmetics,1365729181
2026-03-01,exports,EU5,40130,"Tobacco, manufactured",76757493
2026-03-01,exports,EU5,40140,Other consumer nondurables,618046434
2026-03-01,exports,EU5,41000,"Furniture, household goods, etc.",404589748
2026-03-01,exports,EU5,41010,"Glassware, chinaware",26985108
2026-03-01,exports,EU5,41020,"Cookware, cutlery, tools",82187706
2026-03-01,exports,EU5,41030,Household appliances,571760516
2026-03-01,exports,EU5,41040,Rugs,58187986
2026-03-01,exports,EU5,41050,"Cell phones and other household goods, n.e.c.",3193937475
2026-03-01,exports,EU5,41110,Pleasure boats and motors,268018716
2026-03-01,exports,EU5,41120,"Toys, games, and sporting goods",936946150
2026-03-01,exports,EU5,41140,Musical instruments,213188073
2026-03-01,exports,EU5,41200,Televisions and video equipment,211334704
2026-03-01,exports,EU5,41210,"Stereo equipment, etc.",208850422
2026-03-01,exports,EU5,41220,Recorded media,82862806
2026-03-01,exports,EU5,41300,Numismatic coins,292318109
2026-03-01,exports,EU5,41310,"Jewelry, etc.",1129777381
2026-03-01,exports,EU5,41320,"Artwork, antiques, stamps, etc.",990166343
2026-03-01,exports,EU5,42000,"Nursery stock, etc.",49625096
2026-03-01,exports,EU5,42100,Gem diamonds,386400507
2026-03-01,exports,EU5,50000,"Military aircraft, complete",243719174
2026-03-01,exports,EU5,50010,"Aircraft launching gear, parachutes, etc.",42268399
2026-03-01,exports,EU5,50020,Engines and turbines for military aircraft,631305467
2026-03-01,exports,EU5,50030,"Military trucks, armored vehicles, etc.",210778403
2026-03-01,exports,EU5,50050,"Tanks, artillery, missiles, rockets, guns and ammunition",742153409
2026-03-01,exports,EU5,50060,Military apparel and footwear,6185299
2026-03-01,exports,EU5,50070,Parts for military-type goods,846244235
2026-03-01,exports,EU5,60000,Minimum value shipments,4839873918
2026-03-01,exports,EU5,60010,Miscellaneous domestic exports and special transactions,1034555868
2026-03-01,exports,EU5,60040,Undocumented exports to Canada,764027896
2026-04-01,exports,EU1,0,"Foods, feeds, and beverages",13941905059
2026-04-01,exports,EU1,1,Industrial supplies and materials,89314478442
2026-04-01,exports,EU1,2,"Capital goods, except automotive",70045719220
2026-04-01,exports,EU1,3,"Automotive vehicles, parts, and engines",13161144185
2026-04-01,exports,EU1,4,Consumer goods,21966653580
2026-04-01,exports,EU1,5,Other goods,3017675396
2026-04-01,exports,EU1,6,"Exports, n.e.c., and reexports",6548300513
2026-04-01,exports,EU5,00000,Wheat,513489111
2026-04-01,exports,EU5,00010,Rice,168699139
2026-04-01,exports,EU5,00100,Soybeans,1508951341
2026-04-01,exports,EU5,00110,"Oilseeds, food oils",246175122
2026-04-01,exports,EU5,00200,Corn,1786601896
2026-04-01,exports,EU5,00210,"Sorghum, barley, oats",192644563
2026-04-01,exports,EU5,00220,"Animal feeds, n.e.c.",1070874922
2026-04-01,exports,EU5,00300,"Meat, poultry, etc.",2082270046
2026-04-01,exports,EU5,00310,Dairy products and eggs,725864938
2026-04-01,exports,EU5,00320,"Fruits,  frozen juices",714386347
2026-04-01,exports,EU5,00330,Vegetables,642544176
2026-04-01,exports,EU5,00340,Nuts,1086634557
2026-04-01,exports,EU5,00350,Bakery products,668753990
2026-04-01,exports,EU5,00360,Other foods,1670585790
2026-04-01,exports,EU5,00370,"Wine, beer, and related products",95790283
2026-04-01,exports,EU5,01000,Fish and shellfish,440232240
2026-04-01,exports,EU5,01010,"Alcoholic beverages, excluding wine",293888378
2026-04-01,exports,EU5,01020,"Nonagricultural foods, etc.",33518220
2026-04-01,exports,EU5,10000,"Cotton, raw",577805526
2026-04-01,exports,EU5,10100,"Tobacco, unmanufactured",77360493
2026-04-01,exports,EU5,10120,Hides and skins,56869556
2026-04-01,exports,EU5,10130,Agric. Industry-unmanufactured,393407695
2026-04-01,exports,EU5,10140,Agric. Farming-unmanufactured,299795350
2026-04-01,exports,EU5,10150,"Agriculture-manufactured, other",374143560
2026-04-01,exports,EU5,11010,Metallurgical grade coal,615174252
2026-04-01,exports,EU5,11020,"Coal and fuels, other",917422956
2026-04-01,exports,EU5,11100,Crude oil,17082597493
2026-04-01,exports,EU5,11110,Fuel oil,6605915304
2026-04-01,exports,EU5,11120,"Petroleum products, other",8917253770
2026-04-01,exports,EU5,11130,Natural gas liquids,3802780047
2026-04-01,exports,EU5,11200,Gas-natural,5553379643
2026-04-01,exports,EU5,11300,Nuclear fuel materials,181192667
2026-04-01,exports,EU5,11400,Electric energy,52040346
2026-04-01,exports,EU5,12000,Steelmaking materials,708844530
2026-04-01,exports,EU5,12100,Iron and steel mill products,919137489
2026-04-01,exports,EU5,12110,"Iron and steel products, other",684621325
2026-04-01,exports,EU5,12200,Aluminum and alumina,1066628745
2026-04-01,exports,EU5,12210,Copper,1172837351
2026-04-01,exports,EU5,12260,Nonmonetary gold,11946959693
2026-04-01,exports,EU5,12270,"Precious metals, other",3443064248
2026-04-01,exports,EU5,12290,"Nonferrous metals, other",902761870
2026-04-01,exports,EU5,12300,Finished metal shapes,2371564498
2026-04-01,exports,EU5,12420,Pulpwood and woodpulp,580991157
2026-04-01,exports,EU5,12430,Newsprint,1014450806
2026-04-01,exports,EU5,12500,Plastic materials,3988879965
2026-04-01,exports,EU5,12510,Chemicals-fertilizers,1187013091
2026-04-01,exports,EU5,12530,Chemicals-inorganic,1081312717
2026-04-01,exports,EU5,12540,Chemicals-organic,2697319575
2026-04-01,exports,EU5,12550,Chemicals-other,3219776731
2026-04-01,exports,EU5,12600,Cotton fiber cloth,95855344
2026-04-01,exports,EU5,12620,Manmade cloth,489715134
2026-04-01,exports,EU5,12630,"Hair, waste materials",51139956
2026-04-01,exports,EU5,12640,Finished textile supplies,226069500
2026-04-01,exports,EU5,12650,Leather and furs,45532155
2026-04-01,exports,EU5,12700,Synthetic rubber-primary,296332659
2026-04-01,exports,EU5,12720,Nonmetallic minerals,174989096
2026-04-01,exports,EU5,12750,Industrial rubber products,469204999
2026-04-01,exports,EU5,12760,Mineral supplies-manufactured,670199656
2026-04-01,exports,EU5,12765,"Tapes, audio and visual",5263965
2026-04-01,exports,EU5,12770,Other industrial supplies,3141752281
2026-04-01,exports,EU5,13100,Logs and lumber,486311471
2026-04-01,exports,EU5,13110,"Wood supplies, manufactured",84801877
2026-04-01,exports,EU5,13200,"Glass-plate, sheet, etc.",98310693
2026-04-01,exports,EU5,13210,"Shingles, molding, wallboard",444374187
2026-04-01,exports,EU5,13220,Nontextile floor tiles,41323020
2026-04-01,exports,EU5,20000,"Generators, accessories",1328426805
2026-04-01,exports,EU5,20005,Electric apparatus,5753543869
2026-04-01,exports,EU5,21000,Drilling & oilfield equipment,177911951
2026-04-01,exports,EU5,21010,Specialized mining,76136334
2026-04-01,exports,EU5,21030,Excavating machinery,870810876
2026-04-01,exports,EU5,21040,Nonfarm tractors and parts,303738784
2026-04-01,exports,EU5,21100,Industrial engines,2791397407
2026-04-01,exports,EU5,21110,"Food, tobacco machinery",359674620
2026-04-01,exports,EU5,21120,Metalworking machine tools,509494346
2026-04-01,exports,EU5,21130,"Textile, sewing machines",58510068
2026-04-01,exports,EU5,21140,"Wood, glass, plastic",256966802
2026-04-01,exports,EU5,21150,Pulp and paper machinery,156774365
2026-04-01,exports,EU5,21160,"Measuring, testing, control instruments",2524006170
2026-04-01,exports,EU5,21170,Materials handling equipment,1171463751
2026-04-01,exports,EU5,21180,"Industrial machines, other",6300092040
2026-04-01,exports,EU5,21190,"Photo, service industry machinery",874601382
2026-04-01,exports,EU5,21200,"Agricultural machinery, equipment",868096313
2026-04-01,exports,EU5,21300,Computers,6470307606
2026-04-01,exports,EU5,21301,Computer accessories,8078831881
2026-04-01,exports,EU5,21320,Semiconductors,6908455247
2026-04-01,exports,EU5,21400,Telecommunications equipment,4104797006
2026-04-01,exports,EU5,21500,Business machines and equipment,175792555
2026-04-01,exports,EU5,21600,Laboratory testing instruments,1053216805
2026-04-01,exports,EU5,21610,Medicinal equipment,3770172346
2026-04-01,exports,EU5,22000,Civilian aircraft,32271848
2026-04-01,exports,EU5,22090,"Civilian aircraft, engines, equipment, and parts",14616552578
2026-04-01,exports,EU5,22100,Railway transportation equipment,260534729
2026-04-01,exports,EU5,22200,"Vessels, excluding scrap",2037759
2026-04-01,exports,EU5,22210,"Commercial vessels, other",49134238
2026-04-01,exports,EU5,22220,"Marine engines, parts",139288664
2026-04-01,exports,EU5,22300,"Spacecraft, excluding military",2680075
2026-04-01,exports,EU5,30000,"Passenger cars, new and used",3980255691
2026-04-01,exports,EU5,30100,"Trucks, buses, and special purpose vehicles",2192736934
2026-04-01,exports,EU5,30200,Engines and engine parts,1776840352
2026-04-01,exports,EU5,30210,Bodies and chassis for passenger cars,39615798
2026-04-01,exports,EU5,30220,Automotive tires and tubes,231948790
2026-04-01,exports,EU5,30230,Other parts and accessories of vehicles,4939746620
2026-04-01,exports,EU5,40000,"Apparel, household goods - textile",621922786
2026-04-01,exports,EU5,40030,"Apparel,household goods-nontextile",232332374
2026-04-01,exports,EU5,40050,Sports apparel and gear,69605075
2026-04-01,exports,EU5,40100,Pharmaceutical preparations,9355530169
2026-04-01,exports,EU5,40110,"Books, printed matter",304967601
2026-04-01,exports,EU5,40120,Toiletries and cosmetics,1295576685
2026-04-01,exports,EU5,40130,"Tobacco, manufactured",71818315
2026-04-01,exports,EU5,40140,Other consumer nondurables,590640433
2026-04-01,exports,EU5,41000,"Furniture, household goods, etc.",392693713
2026-04-01,exports,EU5,41010,"Glassware, chinaware",27241156
2026-04-01,exports,EU5,41020,"Cookware, cutlery, tools",80364311
2026-04-01,exports,EU5,41030,Household appliances,587783081
2026-04-01,exports,EU5,41040,Rugs,56564196
2026-04-01,exports,EU5,41050,"Cell phones and other household goods, n.e.c.",3082544937
2026-04-01,exports,EU5,41110,Pleasure boats and motors,249457543
2026-04-01,exports,EU5,41120,"Toys, games, and sporting goods",868521729
2026-04-01,exports,EU5,41140,Musical instruments,193628991
2026-04-01,exports,EU5,41200,Televisions and video equipment,177984465
2026-04-01,exports,EU5,41210,"Stereo equipment, etc.",222425904
2026-04-01,exports,EU5,41220,Recorded media,170169629
2026-04-01,exports,EU5,41300,Numismatic coins,251452883
2026-04-01,exports,EU5,41310,"Jewelry, etc.",1266619447
2026-04-01,exports,EU5,41320,"Artwork, antiques, stamps, etc.",901517089
2026-04-01,exports,EU5,42000,"Nursery stock, etc.",59939683
2026-04-01,exports,EU5,42100,Gem diamonds,835351385
2026-04-01,exports,EU5,50000,"Military aircraft, complete",33051786
2026-04-01,exports,EU5,50010,"Aircraft launching gear, parachutes, etc.",35917802
2026-04-01,exports,EU5,50020,Engines and turbines for military aircraft,581027279
2026-04-01,exports,EU5,50030,"Military trucks, armored vehicles, etc.",408700331
2026-04-01,exports,EU5,50050,"Tanks, artillery, missiles, rockets, guns and ammunition",1028405610
2026-04-01,exports,EU5,50060,Military apparel and footwear,7853804
2026-04-01,exports,EU5,50070,Parts for military-type goods,922718784
2026-04-01,exports,EU5,60000,Minimum value shipments,4931326335
2026-04-01,exports,EU5,60010,Miscellaneous domestic exports and special transactions,826410340
2026-04-01,exports,EU5,60040,Undocumented exports to Canada,790563838
2026-05-01,exports,EU1,0,"Foods, feeds, and beverages",13852132486
2026-05-01,exports,EU1,1,Industrial supplies and materials,84580174159
2026-05-01,exports,EU1,2,"Capital goods, except automotive",65497377363
2026-05-01,exports,EU1,3,"Automotive vehicles, parts, and engines",13864969836
2026-05-01,exports,EU1,4,Consumer goods,21451225617
2026-05-01,exports,EU1,5,Other goods,2584002464
2026-05-01,exports,EU1,6,"Exports, n.e.c., and reexports",6377848255
2026-05-01,exports,EU5,00000,Wheat,452031957
2026-05-01,exports,EU5,00010,Rice,147713272
2026-05-01,exports,EU5,00100,Soybeans,1328336806
2026-05-01,exports,EU5,00110,"Oilseeds, food oils",233480324
2026-05-01,exports,EU5,00200,Corn,1724743367
2026-05-01,exports,EU5,00210,"Sorghum, barley, oats",101044679
2026-05-01,exports,EU5,00220,"Animal feeds, n.e.c.",1039826305
2026-05-01,exports,EU5,00300,"Meat, poultry, etc.",2148907041
2026-05-01,exports,EU5,00310,Dairy products and eggs,755419201
2026-05-01,exports,EU5,00320,"Fruits,  frozen juices",861106656
2026-05-01,exports,EU5,00330,Vegetables,711771287
2026-05-01,exports,EU5,00340,Nuts,1121972360
2026-05-01,exports,EU5,00350,Bakery products,725483898
2026-05-01,exports,EU5,00360,Other foods,1734866399
2026-05-01,exports,EU5,00370,"Wine, beer, and related products",105130735
2026-05-01,exports,EU5,01000,Fish and shellfish,317867718
2026-05-01,exports,EU5,01010,"Alcoholic beverages, excluding wine",304407332
2026-05-01,exports,EU5,01020,"Nonagricultural foods, etc.",38023149
2026-05-01,exports,EU5,10000,"Cotton, raw",567996458
2026-05-01,exports,EU5,10100,"Tobacco, unmanufactured",88845474
2026-05-01,exports,EU5,10120,Hides and skins,67091043
2026-05-01,exports,EU5,10130,Agric. Industry-unmanufactured,400182600
2026-05-01,exports,EU5,10140,Agric. Farming-unmanufactured,258993619
2026-05-01,exports,EU5,10150,"Agriculture-manufactured, other",422401996
2026-05-01,exports,EU5,11010,Metallurgical grade coal,736222654
2026-05-01,exports,EU5,11020,"Coal and fuels, other",896609899
2026-05-01,exports,EU5,11100,Crude oil,19089310703
2026-05-01,exports,EU5,11110,Fuel oil,6691658823
2026-05-01,exports,EU5,11120,"Petroleum products, other",8589962180
2026-05-01,exports,EU5,11130,Natural gas liquids,4346799209
2026-05-01,exports,EU5,11200,Gas-natural,4496601164
2026-05-01,exports,EU5,11300,Nuclear fuel materials,147853125
2026-05-01,exports,EU5,11400,Electric energy,43201013
2026-05-01,exports,EU5,12000,Steelmaking materials,904105208
2026-05-01,exports,EU5,12100,Iron and steel mill products,936905208
2026-05-01,exports,EU5,12110,"Iron and steel products, other",651411139
2026-05-01,exports,EU5,12200,Aluminum and alumina,1096604425
2026-05-01,exports,EU5,12210,Copper,1253625166
2026-05-01,exports,EU5,12260,Nonmonetary gold,5787204911
2026-05-01,exports,EU5,12270,"Precious metals, other",2111384664
2026-05-01,exports,EU5,12290,"Nonferrous metals, other",811985624
2026-05-01,exports,EU5,12300,Finished metal shapes,2420947370
2026-05-01,exports,EU5,12420,Pulpwood and woodpulp,624634097
2026-05-01,exports,EU5,12430,Newsprint,1031306114
2026-05-01,exports,EU5,12500,Plastic materials,4255005101
2026-05-01,exports,EU5,12510,Chemicals-fertilizers,1044847794
2026-05-01,exports,EU5,12530,Chemicals-inorganic,1056735697
2026-05-01,exports,EU5,12540,Chemicals-organic,3165565874
2026-05-01,exports,EU5,12550,Chemicals-other,3494911410
2026-05-01,exports,EU5,12600,Cotton fiber cloth,91743747
2026-05-01,exports,EU5,12620,Manmade cloth,488950766
2026-05-01,exports,EU5,12630,"Hair, waste materials",54952894
2026-05-01,exports,EU5,12640,Finished textile supplies,226384807
2026-05-01,exports,EU5,12650,Leather and furs,44921618
2026-05-01,exports,EU5,12700,Synthetic rubber-primary,347862188
2026-05-01,exports,EU5,12720,Nonmetallic minerals,359532022
2026-05-01,exports,EU5,12750,Industrial rubber products,469917597
2026-05-01,exports,EU5,12760,Mineral supplies-manufactured,708721311
2026-05-01,exports,EU5,12765,"Tapes, audio and visual",3723205
2026-05-01,exports,EU5,12770,Other industrial supplies,3126714430
2026-05-01,exports,EU5,13100,Logs and lumber,474076573
2026-05-01,exports,EU5,13110,"Wood supplies, manufactured",83708832
2026-05-01,exports,EU5,13200,"Glass-plate, sheet, etc.",96507884
2026-05-01,exports,EU5,13210,"Shingles, molding, wallboard",467012572
2026-05-01,exports,EU5,13220,Nontextile floor tiles,44533951
2026-05-01,exports,EU5,20000,"Generators, accessories",1335497627
2026-05-01,exports,EU5,20005,Electric apparatus,5768184912
2026-05-01,exports,EU5,21000,Drilling & oilfield equipment,194400255
2026-05-01,exports,EU5,21010,Specialized mining,101585651
2026-05-01,exports,EU5,21030,Excavating machinery,906222389
2026-05-01,exports,EU5,21040,Nonfarm tractors and parts,293459436
2026-05-01,exports,EU5,21100,Industrial engines,2692718867
2026-05-01,exports,EU5,21110,"Food, tobacco machinery",333517946
2026-05-01,exports,EU5,21120,Metalworking machine tools,461983727
2026-05-01,exports,EU5,21130,"Textile, sewing machines",70473993
2026-05-01,exports,EU5,21140,"Wood, glass, plastic",231371839
2026-05-01,exports,EU5,21150,Pulp and paper machinery,151393181
2026-05-01,exports,EU5,21160,"Measuring, testing, control instruments",2687028627
2026-05-01,exports,EU5,21170,Materials handling equipment,1350161602
2026-05-01,exports,EU5,21180,"Industrial machines, other",5940402628
2026-05-01,exports,EU5,21190,"Photo, service industry machinery",934923528
2026-05-01,exports,EU5,21200,"Agricultural machinery, equipment",812812598
2026-05-01,exports,EU5,21300,Computers,4868063661
2026-05-01,exports,EU5,21301,Computer accessories,5725615414
2026-05-01,exports,EU5,21320,Semiconductors,6537843157
2026-05-01,exports,EU5,21400,Telecommunications equipment,4328828623
2026-05-01,exports,EU5,21500,Business machines and equipment,158666176
2026-05-01,exports,EU5,21600,Laboratory testing instruments,1092911981
2026-05-01,exports,EU5,21610,Medicinal equipment,3928778247
2026-05-01,exports,EU5,22000,Civilian aircraft,47783012
2026-05-01,exports,EU5,22090,"Civilian aircraft, engines, equipment, and parts",14038579950
2026-05-01,exports,EU5,22100,Railway transportation equipment,345696313
2026-05-01,exports,EU5,22200,"Vessels, excluding scrap",2141854
2026-05-01,exports,EU5,22210,"Commercial vessels, other",43097170
2026-05-01,exports,EU5,22220,"Marine engines, parts",110865610
2026-05-01,exports,EU5,22300,"Spacecraft, excluding military",2367389
2026-05-01,exports,EU5,30000,"Passenger cars, new and used",4223078156
2026-05-01,exports,EU5,30100,"Trucks, buses, and special purpose vehicles",1899405330
2026-05-01,exports,EU5,30200,Engines and engine parts,2028343003
2026-05-01,exports,EU5,30210,Bodies and chassis for passenger cars,18819386
2026-05-01,exports,EU5,30220,Automotive tires and tubes,249527729
2026-05-01,exports,EU5,30230,Other parts and accessories of vehicles,5445796232
2026-05-01,exports,EU5,40000,"Apparel, household goods - textile",592101086
2026-05-01,exports,EU5,40030,"Apparel,household goods-nontextile",212429228
2026-05-01,exports,EU5,40050,Sports apparel and gear,79415563
2026-05-01,exports,EU5,40100,Pharmaceutical preparations,8969040186
2026-05-01,exports,EU5,40110,"Books, printed matter",324341090
2026-05-01,exports,EU5,40120,Toiletries and cosmetics,1327772336
2026-05-01,exports,EU5,40130,"Tobacco, manufactured",95237273
2026-05-01,exports,EU5,40140,Other consumer nondurables,599712240
2026-05-01,exports,EU5,41000,"Furniture, household goods, etc.",429684512
2026-05-01,exports,EU5,41010,"Glassware, chinaware",26469710
2026-05-01,exports,EU5,41020,"Cookware, cutlery, tools",85475419
2026-05-01,exports,EU5,41030,Household appliances,536325754
2026-05-01,exports,EU5,41040,Rugs,58611789
2026-05-01,exports,EU5,41050,"Cell phones and other household goods, n.e.c.",3073379499
2026-05-01,exports,EU5,41110,Pleasure boats and motors,317025268
2026-05-01,exports,EU5,41120,"Toys, games, and sporting goods",875777708
2026-05-01,exports,EU5,41140,Musical instruments,213192556
2026-05-01,exports,EU5,41200,Televisions and video equipment,196230104
2026-05-01,exports,EU5,41210,"Stereo equipment, etc.",217315226
2026-05-01,exports,EU5,41220,Recorded media,99395738
2026-05-01,exports,EU5,41300,Numismatic coins,188341290
2026-05-01,exports,EU5,41310,"Jewelry, etc.",1322510403
2026-05-01,exports,EU5,41320,"Artwork, antiques, stamps, etc.",887127450
2026-05-01,exports,EU5,42000,"Nursery stock, etc.",50034955
2026-05-01,exports,EU5,42100,Gem diamonds,674279234
2026-05-01,exports,EU5,50000,"Military aircraft, complete",64890749
2026-05-01,exports,EU5,50010,"Aircraft launching gear, parachutes, etc.",53668275
2026-05-01,exports,EU5,50020,Engines and turbines for military aircraft,560934710
2026-05-01,exports,EU5,50030,"Military trucks, armored vehicles, etc.",275576478
2026-05-01,exports,EU5,50050,"Tanks, artillery, missiles, rockets, guns and ammunition",606579764
2026-05-01,exports,EU5,50060,Military apparel and footwear,11211905
2026-05-01,exports,EU5,50070,Parts for military-type goods,1011140583
2026-05-01,exports,EU5,60000,Minimum value shipments,4752727576
2026-05-01,exports,EU5,60010,Miscellaneous domestic exports and special transactions,800698003
2026-05-01,exports,EU5,60040,Undocumented exports to Canada,824422676
2026-06-01,exports,EU1,0,"Foods, feeds, and beverages",13473441157
2026-06-01,exports,EU1,1,Industrial supplies and materials,80880206728
2026-06-01,exports,EU1,2,"Capital goods, except automotive",68345666653
2026-06-01,exports,EU1,3,"Automotive vehicles, parts, and engines",14278341129
2026-06-01,exports,EU1,4,Consumer goods,22383507678
2026-06-01,exports,EU1,5,Other goods,2190672495
2026-06-01,exports,EU1,6,"Exports, n.e.c., and reexports",6599474676
2026-06-01,exports,EU5,00000,Wheat,416399935
2026-06-01,exports,EU5,00010,Rice,191262733
2026-06-01,exports,EU5,00100,Soybeans,982957684
2026-06-01,exports,EU5,00110,"Oilseeds, food oils",273403068
2026-06-01,exports,EU5,00200,Corn,1874133887
2026-06-01,exports,EU5,00210,"Sorghum, barley, oats",174652473
2026-06-01,exports,EU5,00220,"Animal feeds, n.e.c.",1048824066
2026-06-01,exports,EU5,00300,"Meat, poultry, etc.",2023239595
2026-06-01,exports,EU5,00310,Dairy products and eggs,752006908
2026-06-01,exports,EU5,00320,"Fruits,  frozen juices",935136959
2026-06-01,exports,EU5,00330,Vegetables,603369743
2026-06-01,exports,EU5,00340,Nuts,1040386440
2026-06-01,exports,EU5,00350,Bakery products,723850369
2026-06-01,exports,EU5,00360,Other foods,1689380601
2026-06-01,exports,EU5,00370,"Wine, beer, and related products",105644744
2026-06-01,exports,EU5,01000,Fish and shellfish,302996852
2026-06-01,exports,EU5,01010,"Alcoholic beverages, excluding wine",302302267
2026-06-01,exports,EU5,01020,"Nonagricultural foods, etc.",33492833
2026-06-01,exports,EU5,10000,"Cotton, raw",512764049
2026-06-01,exports,EU5,10100,"Tobacco, unmanufactured",58432966
2026-06-01,exports,EU5,10120,Hides and skins,136840348
2026-06-01,exports,EU5,10130,Agric. Industry-unmanufactured,474904470
2026-06-01,exports,EU5,10140,Agric. Farming-unmanufactured,243287055
2026-06-01,exports,EU5,10150,"Agriculture-manufactured, other",452521550
2026-06-01,exports,EU5,11010,Metallurgical grade coal,698861371
2026-06-01,exports,EU5,11020,"Coal and fuels, other",1002269254
2026-06-01,exports,EU5,11100,Crude oil,13522330129
2026-06-01,exports,EU5,11110,Fuel oil,5315367113
2026-06-01,exports,EU5,11120,"Petroleum products, other",8680058332
2026-06-01,exports,EU5,11130,Natural gas liquids,3847545062
2026-06-01,exports,EU5,11200,Gas-natural,4859807114
2026-06-01,exports,EU5,11300,Nuclear fuel materials,139221929
2026-06-01,exports,EU5,11400,Electric energy,43643383
2026-06-01,exports,EU5,12000,Steelmaking materials,867642821
2026-06-01,exports,EU5,12100,Iron and steel mill products,1029675270
2026-06-01,exports,EU5,12110,"Iron and steel products, other",691285624
2026-06-01,exports,EU5,12200,Aluminum and alumina,1142153044
2026-06-01,exports,EU5,12210,Copper,1322393986
2026-06-01,exports,EU5,12260,Nonmonetary gold,9229451045
2026-06-01,exports,EU5,12270,"Precious metals, other",1761189470
2026-06-01,exports,EU5,12290,"Nonferrous metals, other",872958569
2026-06-01,exports,EU5,12300,Finished metal shapes,2602182227
2026-06-01,exports,EU5,12420,Pulpwood and woodpulp,639870437
2026-06-01,exports,EU5,12430,Newsprint,979962313
2026-06-01,exports,EU5,12500,Plastic materials,4079931365
2026-06-01,exports,EU5,12510,Chemicals-fertilizers,1054197232
2026-06-01,exports,EU5,12530,Chemicals-inorganic,1014233749
2026-06-01,exports,EU5,12540,Chemicals-organic,2953741379
2026-06-01,exports,EU5,12550,Chemicals-other,3494611358
2026-06-01,exports,EU5,12600,Cotton fiber cloth,95610906
2026-06-01,exports,EU5,12620,Manmade cloth,517618124
2026-06-01,exports,EU5,12630,"Hair, waste materials",53883209
2026-06-01,exports,EU5,12640,Finished textile supplies,225369201
2026-06-01,exports,EU5,12650,Leather and furs,47495618
2026-06-01,exports,EU5,12700,Synthetic rubber-primary,347819500
2026-06-01,exports,EU5,12720,Nonmetallic minerals,249888148
2026-06-01,exports,EU5,12750,Industrial rubber products,469916268
2026-06-01,exports,EU5,12760,Mineral supplies-manufactured,734474203
2026-06-01,exports,EU5,12765,"Tapes, audio and visual",6992127
2026-06-01,exports,EU5,12770,Other industrial supplies,3303782246
2026-06-01,exports,EU5,13100,Logs and lumber,444891791
2026-06-01,exports,EU5,13110,"Wood supplies, manufactured",90183765
2026-06-01,exports,EU5,13200,"Glass-plate, sheet, etc.",94577642
2026-06-01,exports,EU5,13210,"Shingles, molding, wallboard",431073673
2026-06-01,exports,EU5,13220,Nontextile floor tiles,43296293
2026-06-01,exports,EU5,20000,"Generators, accessories",1289618097
2026-06-01,exports,EU5,20005,Electric apparatus,5904792363
2026-06-01,exports,EU5,21000,Drilling & oilfield equipment,217399158
2026-06-01,exports,EU5,21010,Specialized mining,69432311
2026-06-01,exports,EU5,21030,Excavating machinery,988209623
2026-06-01,exports,EU5,21040,Nonfarm tractors and parts,285827363
2026-06-01,exports,EU5,21100,Industrial engines,2635382846
2026-06-01,exports,EU5,21110,"Food, tobacco machinery",313356471
2026-06-01,exports,EU5,21120,Metalworking machine tools,479551256
2026-06-01,exports,EU5,21130,"Textile, sewing machines",56352223
2026-06-01,exports,EU5,21140,"Wood, glass, plastic",243568748
2026-06-01,exports,EU5,21150,Pulp and paper machinery,176400169
2026-06-01,exports,EU5,21160,"Measuring, testing, control instruments",2673851722
2026-06-01,exports,EU5,21170,Materials handling equipment,1257323306
2026-06-01,exports,EU5,21180,"Industrial machines, other",6090546425
2026-06-01,exports,EU5,21190,"Photo, service industry machinery",895740558
2026-06-01,exports,EU5,21200,"Agricultural machinery, equipment",694055175
2026-06-01,exports,EU5,21300,Computers,4235596634
2026-06-01,exports,EU5,21301,Computer accessories,6004724159
2026-06-01,exports,EU5,21320,Semiconductors,6966068824
2026-06-01,exports,EU5,21400,Telecommunications equipment,4626172384
2026-06-01,exports,EU5,21500,Business machines and equipment,144534297
2026-06-01,exports,EU5,21600,Laboratory testing instruments,1132304193
2026-06-01,exports,EU5,21610,Medicinal equipment,3926680153
2026-06-01,exports,EU5,22000,Civilian aircraft,16304699
2026-06-01,exports,EU5,22090,"Civilian aircraft, engines, equipment, and parts",16574555915
2026-06-01,exports,EU5,22100,Railway transportation equipment,252927539
2026-06-01,exports,EU5,22200,"Vessels, excluding scrap",9748889
2026-06-01,exports,EU5,22210,"Commercial vessels, other",63499580
2026-06-01,exports,EU5,22220,"Marine engines, parts",117733250
2026-06-01,exports,EU5,22300,"Spacecraft, excluding military",3408323
2026-06-01,exports,EU5,30000,"Passenger cars, new and used",4221543445
2026-06-01,exports,EU5,30100,"Trucks, buses, and special purpose vehicles",2673494689
2026-06-01,exports,EU5,30200,Engines and engine parts,1915145998
2026-06-01,exports,EU5,30210,Bodies and chassis for passenger cars,21977358
2026-06-01,exports,EU5,30220,Automotive tires and tubes,258638041
2026-06-01,exports,EU5,30230,Other parts and accessories of vehicles,5187541598
2026-06-01,exports,EU5,40000,"Apparel, household goods - textile",608706214
2026-06-01,exports,EU5,40030,"Apparel,household goods-nontextile",215873398
2026-06-01,exports,EU5,40050,Sports apparel and gear,69602204
2026-06-01,exports,EU5,40100,Pharmaceutical preparations,9816508062
2026-06-01,exports,EU5,40110,"Books, printed matter",320974998
2026-06-01,exports,EU5,40120,Toiletries and cosmetics,1144531404
2026-06-01,exports,EU5,40130,"Tobacco, manufactured",93545977
2026-06-01,exports,EU5,40140,Other consumer nondurables,618869211
2026-06-01,exports,EU5,41000,"Furniture, household goods, etc.",418856945
2026-06-01,exports,EU5,41010,"Glassware, chinaware",31157098
2026-06-01,exports,EU5,41020,"Cookware, cutlery, tools",79280037
2026-06-01,exports,EU5,41030,Household appliances,546712042
2026-06-01,exports,EU5,41040,Rugs,55040965
2026-06-01,exports,EU5,41050,"Cell phones and other household goods, n.e.c.",3192637326
2026-06-01,exports,EU5,41110,Pleasure boats and motors,222770384
2026-06-01,exports,EU5,41120,"Toys, games, and sporting goods",897397875
2026-06-01,exports,EU5,41140,Musical instruments,199067341
2026-06-01,exports,EU5,41200,Televisions and video equipment,186877561
2026-06-01,exports,EU5,41210,"Stereo equipment, etc.",214175237
2026-06-01,exports,EU5,41220,Recorded media,72778991
2026-06-01,exports,EU5,41300,Numismatic coins,176545784
2026-06-01,exports,EU5,41310,"Jewelry, etc.",1212845237
2026-06-01,exports,EU5,41320,"Artwork, antiques, stamps, etc.",969964597
2026-06-01,exports,EU5,42000,"Nursery stock, etc.",28569318
2026-06-01,exports,EU5,42100,Gem diamonds,990219472
2026-06-01,exports,EU5,50000,"Military aircraft, complete",116390413
2026-06-01,exports,EU5,50010,"Aircraft launching gear, parachutes, etc.",32412314
2026-06-01,exports,EU5,50020,Engines and turbines for military aircraft,575217351
2026-06-01,exports,EU5,50030,"Military trucks, armored vehicles, etc.",155996005
2026-06-01,exports,EU5,50050,"Tanks, artillery, missiles, rockets, guns and ammunition",497396055
2026-06-01,exports,EU5,50060,Military apparel and footwear,11408408
2026-06-01,exports,EU5,50070,Parts for military-type goods,801851949
2026-06-01,exports,EU5,60000,Minimum value shipments,4636461972
2026-06-01,exports,EU5,60010,Miscellaneous domestic exports and special transactions,767143306
2026-06-01,exports,EU5,60040,Undocumented exports to Canada,1195869398
2026-07-01,exports,EU1,0,"Foods, feeds, and beverages",13560339668
2026-07-01,exports,EU1,1,Industrial supplies and materials,72325348879
2026-07-01,exports,EU1,2,"Capital goods, except automotive",68609883279
2026-07-01,exports,EU1,3,"Automotive vehicles, parts, and engines",13027038431
2026-07-01,exports,EU1,4,Consumer goods,21496271971
2026-07-01,exports,EU1,5,Other goods,2088156453
2026-07-01,exports,EU1,6,"Exports, n.e.c., and reexports",6347099240
2026-07-01,exports,EU5,00000,Wheat,466845667
2026-07-01,exports,EU5,00010,Rice,142910156
2026-07-01,exports,EU5,00100,Soybeans,984812245
2026-07-01,exports,EU5,00110,"Oilseeds, food oils",284579963
2026-07-01,exports,EU5,00200,Corn,1710862165
2026-07-01,exports,EU5,00210,"Sorghum, barley, oats",88717655
2026-07-01,exports,EU5,00220,"Animal feeds, n.e.c.",1045664289
2026-07-01,exports,EU5,00300,"Meat, poultry, etc.",2081452538
2026-07-01,exports,EU5,00310,Dairy products and eggs,741770817
2026-07-01,exports,EU5,00320,"Fruits,  frozen juices",992793062
2026-07-01,exports,EU5,00330,Vegetables,565286312
2026-07-01,exports,EU5,00340,Nuts,968034478
2026-07-01,exports,EU5,00350,Bakery products,710739739
2026-07-01,exports,EU5,00360,Other foods,1706844580
2026-07-01,exports,EU5,00370,"Wine, beer, and related products",98695506
2026-07-01,exports,EU5,01000,Fish and shellfish,617070420
2026-07-01,exports,EU5,01010,"Alcoholic beverages, excluding wine",316920798
2026-07-01,exports,EU5,01020,"Nonagricultural foods, etc.",36339278
2026-07-01,exports,EU5,10000,"Cotton, raw",473494838
2026-07-01,exports,EU5,10100,"Tobacco, unmanufactured",77522580
2026-07-01,exports,EU5,10120,Hides and skins,49287099
2026-07-01,exports,EU5,10130,Agric. Industry-unmanufactured,417884097
2026-07-01,exports,EU5,10140,Agric. Farming-unmanufactured,239168197
2026-07-01,exports,EU5,10150,"Agriculture-manufactured, other",363350567
2026-07-01,exports,EU5,11010,Metallurgical grade coal,583706247
2026-07-01,exports,EU5,11020,"Coal and fuels, other",958063118
2026-07-01,exports,EU5,11100,Crude oil,8944293198
2026-07-01,exports,EU5,11110,Fuel oil,6420250588
2026-07-01,exports,EU5,11120,"Petroleum products, other",8579943201
2026-07-01,exports,EU5,11130,Natural gas liquids,3264979525
2026-07-01,exports,EU5,11200,Gas-natural,5193607151
2026-07-01,exports,EU5,11300,Nuclear fuel materials,180622929
2026-07-01,exports,EU5,11400,Electric energy,37758435
2026-07-01,exports,EU5,12000,Steelmaking materials,830760532
2026-07-01,exports,EU5,12100,Iron and steel mill products,945652086
2026-07-01,exports,EU5,12110,"Iron and steel products, other",682649033
2026-07-01,exports,EU5,12200,Aluminum and alumina,1073390323
2026-07-01,exports,EU5,12210,Copper,1300898436
2026-07-01,exports,EU5,12260,Nonmonetary gold,5354590217
2026-07-01,exports,EU5,12270,"Precious metals, other",1846927944
2026-07-01,exports,EU5,12290,"Nonferrous metals, other",1182022898
2026-07-01,exports,EU5,12300,Finished metal shapes,2500511716
2026-07-01,exports,EU5,12420,Pulpwood and woodpulp,635163453
2026-07-01,exports,EU5,12430,Newsprint,986981353
2026-07-01,exports,EU5,12500,Plastic materials,3916828897
2026-07-01,exports,EU5,12510,Chemicals-fertilizers,751217845
2026-07-01,exports,EU5,12530,Chemicals-inorganic,1057557601
2026-07-01,exports,EU5,12540,Chemicals-organic,2940920659
2026-07-01,exports,EU5,12550,Chemicals-other,3459932206
2026-07-01,exports,EU5,12600,Cotton fiber cloth,85999526
2026-07-01,exports,EU5,12620,Manmade cloth,488850671
2026-07-01,exports,EU5,12630,"Hair, waste materials",53609714
2026-07-01,exports,EU5,12640,Finished textile supplies,217314511
2026-07-01,exports,EU5,12650,Leather and furs,44637091
2026-07-01,exports,EU5,12700,Synthetic rubber-primary,340145322
2026-07-01,exports,EU5,12720,Nonmetallic minerals,307629577
2026-07-01,exports,EU5,12750,Industrial rubber products,478021386
2026-07-01,exports,EU5,12760,Mineral supplies-manufactured,726579213
2026-07-01,exports,EU5,12765,"Tapes, audio and visual",4008671
2026-07-01,exports,EU5,12770,Other industrial supplies,3276795927
2026-07-01,exports,EU5,13100,Logs and lumber,391544011
2026-07-01,exports,EU5,13110,"Wood supplies, manufactured",89387020
2026-07-01,exports,EU5,13200,"Glass-plate, sheet, etc.",94316861
2026-07-01,exports,EU5,13210,"Shingles, molding, wallboard",433260056
2026-07-01,exports,EU5,13220,Nontextile floor tiles,43312353
2026-07-01,exports,EU5,20000,"Generators, accessories",1491874853
2026-07-01,exports,EU5,20005,Electric apparatus,6231834992
2026-07-01,exports,EU5,21000,Drilling & oilfield equipment,279424620
2026-07-01,exports,EU5,21010,Specialized mining,85874158
2026-07-01,exports,EU5,21030,Excavating machinery,867274419
2026-07-01,exports,EU5,21040,Nonfarm tractors and parts,261021799
2026-07-01,exports,EU5,21100,Industrial engines,2542181199
2026-07-01,exports,EU5,21110,"Food, tobacco machinery",375789867
2026-07-01,exports,EU5,21120,Metalworking machine tools,496729637
2026-07-01,exports,EU5,21130,"Textile, sewing machines",59531339
2026-07-01,exports,EU5,21140,"Wood, glass, plastic",259356821
2026-07-01,exports,EU5,21150,Pulp and paper machinery,148096736
2026-07-01,exports,EU5,21160,"Measuring, testing, control instruments",2739886823
2026-07-01,exports,EU5,21170,Materials handling equipment,1230260731
2026-07-01,exports,EU5,21180,"Industrial machines, other",6289153923
2026-07-01,exports,EU5,21190,"Photo, service industry machinery",892868100
2026-07-01,exports,EU5,21200,"Agricultural machinery, equipment",666529138
2026-07-01,exports,EU5,21300,Computers,4761354570
2026-07-01,exports,EU5,21301,Computer accessories,6317863050
2026-07-01,exports,EU5,21320,Semiconductors,6967725317
2026-07-01,exports,EU5,21400,Telecommunications equipment,4697707187
2026-07-01,exports,EU5,21500,Business machines and equipment,166191893
2026-07-01,exports,EU5,21600,Laboratory testing instruments,1068134152
2026-07-01,exports,EU5,21610,Medicinal equipment,3973236827
2026-07-01,exports,EU5,22000,Civilian aircraft,29385794
2026-07-01,exports,EU5,22090,"Civilian aircraft, engines, equipment, and parts",15309223980
2026-07-01,exports,EU5,22100,Railway transportation equipment,220268025
2026-07-01,exports,EU5,22200,"Vessels, excluding scrap",1330779
2026-07-01,exports,EU5,22210,"Commercial vessels, other",48648976
2026-07-01,exports,EU5,22220,"Marine engines, parts",129548353
2026-07-01,exports,EU5,22300,"Spacecraft, excluding military",1575221
2026-07-01,exports,EU5,30000,"Passenger cars, new and used",3699808874
2026-07-01,exports,EU5,30100,"Trucks, buses, and special purpose vehicles",2333488835
2026-07-01,exports,EU5,30200,Engines and engine parts,1865081792
2026-07-01,exports,EU5,30210,Bodies and chassis for passenger cars,20268457
2026-07-01,exports,EU5,30220,Automotive tires and tubes,234418336
2026-07-01,exports,EU5,30230,Other parts and accessories of vehicles,4873972137
2026-07-01,exports,EU5,40000,"Apparel, household goods - textile",651636918
2026-07-01,exports,EU5,40030,"Apparel,household goods-nontextile",210029871
2026-07-01,exports,EU5,40050,Sports apparel and gear,59993282
2026-07-01,exports,EU5,40100,Pharmaceutical preparations,9650534891
2026-07-01,exports,EU5,40110,"Books, printed matter",336382327
2026-07-01,exports,EU5,40120,Toiletries and cosmetics,1290588927
2026-07-01,exports,EU5,40130,"Tobacco, manufactured",88225519
2026-07-01,exports,EU5,40140,Other consumer nondurables,605607418
2026-07-01,exports,EU5,41000,"Furniture, household goods, etc.",413568839
2026-07-01,exports,EU5,41010,"Glassware, chinaware",28823977
2026-07-01,exports,EU5,41020,"Cookware, cutlery, tools",87693178
2026-07-01,exports,EU5,41030,Household appliances,573099977
2026-07-01,exports,EU5,41040,Rugs,57420455
2026-07-01,exports,EU5,41050,"Cell phones and other household goods, n.e.c.",3144084197
2026-07-01,exports,EU5,41110,Pleasure boats and motors,310821019
2026-07-01,exports,EU5,41120,"Toys, games, and sporting goods",832387622
2026-07-01,exports,EU5,41140,Musical instruments,205530597
2026-07-01,exports,EU5,41200,Televisions and video equipment,183828966
2026-07-01,exports,EU5,41210,"Stereo equipment, etc.",214182046
2026-07-01,exports,EU5,41220,Recorded media,73249201
2026-07-01,exports,EU5,41300,Numismatic coins,85324333
2026-07-01,exports,EU5,41310,"Jewelry, etc.",977624528
2026-07-01,exports,EU5,41320,"Artwork, antiques, stamps, etc.",909822051
2026-07-01,exports,EU5,42000,"Nursery stock, etc.",26492998
2026-07-01,exports,EU5,42100,Gem diamonds,479318834
2026-07-01,exports,EU5,50000,"Military aircraft, complete",194285760
2026-07-01,exports,EU5,50010,"Aircraft launching gear, parachutes, etc.",32463535
2026-07-01,exports,EU5,50020,Engines and turbines for military aircraft,573734554
2026-07-01,exports,EU5,50030,"Military trucks, armored vehicles, etc.",146951823
2026-07-01,exports,EU5,50040,Military ships and boats,35535000
2026-07-01,exports,EU5,50050,"Tanks, artillery, missiles, rockets, guns and ammunition",330188458
2026-07-01,exports,EU5,50060,Military apparel and footwear,5105846
2026-07-01,exports,EU5,50070,Parts for military-type goods,769891477
2026-07-01,exports,EU5,60000,Minimum value shipments,4472907087
2026-07-01,exports,EU5,60010,Miscellaneous domestic exports and special transactions,733360867
2026-07-01,exports,EU5,60040,Undocumented exports to Canada,1140831286
