date,yield,real_rate,real_term_premium,expected_inflation,inflation_risk_premium
2015-01-02,2.18339991569519,-0.265599992126226,0.217899993062019,2.20830011367798,0.022799801081419
2015-01-05,2.10969996452332,-0.286499999463558,0.189400002360344,2.19020009040833,0.0165998712182045
2015-01-06,2.03839993476868,-0.307700008153915,0.162300005555153,2.17339992523193,0.0104000121355057
2015-01-07,2.02029991149902,-0.314399987459183,0.156299993395805,2.16939997673035,0.00899992883205414
2015-01-08,2.07690000534058,-0.301199994981289,0.180099993944168,2.18370008468628,0.0142999216914177
2015-01-09,2.03880000114441,-0.314699992537498,0.166899994015694,2.17549991607666,0.0111000835895538
2015-01-12,1.98529994487762,-0.33050000667572,0.146200001239777,2.1635000705719,0.0060998797416687
2015-01-13,1.97749996185303,-0.334800004959106,0.144400000572205,2.16240000724792,0.00549995899200439
2015-01-14,1.92340004444122,-0.350199997425079,0.123199999332428,2.15000009536743,3.9994716644287e-4
2015-01-15,1.83589994907379,-0.379799999296665,0.0921000018715858,2.13070011138916,-0.00710016489028931
2015-01-16,1.90629994869232,-0.358300007879734,0.118500001728535,2.14709997177124,-0.00100001692771912
2015-01-20,1.90620005130768,-0.355099998414516,0.116499997675419,2.14610004425049,-0.00129999220371246
2015-01-21,1.95329999923706,-0.341299995779991,0.13459999859333,2.1570999622345,0.00290003418922424
2015-01-22,1.97440004348755,-0.334100008010864,0.142100006341934,2.16149997711182,0.00490006804466248
2015-01-23,1.89370000362396,-0.358400002121925,0.111900001764297,2.14190006256104,-0.00170005857944489
2015-01-26,1.91449999809265,-0.350400008261204,0.118600003421307,2.14660000801086,-3.0000507831573e-4
2015-01-27,1.90450000762939,-0.353700004518032,0.115000002086163,2.14429998397827,-0.00109997391700745
2015-01-28,1.81529998779297,-0.381099991500378,0.0816000029444695,2.12369990348816,-0.00889992713928223
2015-01-29,1.86240005493164,-0.368100009858608,0.100100003182888,2.1350998878479,-0.00469982624053955
2015-01-30,1.77100002765656,-0.396899990737438,0.0662999972701073,2.11409997940063,-0.0124999582767487
2015-02-02,1.7849999666214,-0.39299999922514,0.0716999992728233,2.11789989471436,-0.0115999281406403
2015-02-03,1.88399994373322,-0.363200008869171,0.108999997377396,2.14120006561279,-0.00300011038780212
2015-02-04,1.89939999580383,-0.360300004482269,0.116099998354912,2.14479994773865,-0.00119994580745697
2015-02-05,1.92050004005432,-0.35470000654459,0.124600000679493,2.14980006217957,7.999837398529e-4
2015-02-06,2.04590010643005,-0.310399994254112,0.167999997735023,2.17709994316101,0.0112001597881317
2015-02-09,2.0492000579834,-0.307700008153915,0.168400004506111,2.17689990997314,0.0116001516580582
2015-02-10,2.09109997749329,-0.295699998736382,0.18469999730587,2.18670010566711,0.0153998732566833
2015-02-11,2.09450006484985,-0.295800007879734,0.18690000474453,2.18720006942749,0.0161999985575676
2015-02-12,2.08489990234375,-0.300999999046326,0.184599995613098,2.18569993972778,0.0155999660491943
2015-02-13,2.12490010261536,-0.290099993348122,0.200399994850159,2.1956000328064,0.0190000683069229
2015-02-17,2.24609994888306,-0.254999994300306,0.246999993920326,2.22460007667542,0.0294998725876212
2015-02-18,2.17499995231628,-0.279700007289648,0.222200006246567,2.208899974823,0.0235999785363674
2015-02-19,2.22589993476868,-0.263999996706843,0.24099999666214,2.22099995613098,0.0278999786823988
2015-02-20,2.24449992179871,-0.25760000385344,0.247600004076958,2.22510004043579,0.0293998811393976
2015-02-23,2.18249988555908,-0.274999994784594,0.223299995064735,2.21029996871948,0.0238999165594578
2015-02-24,2.10260009765625,-0.299499996006489,0.193299993872643,2.19199991226196,0.0168001875281334
2015-02-25,2.07550001144409,-0.306800007820129,0.182600006461143,2.18519997596741,0.0145000368356705
2015-02-26,2.12779998779297,-0.288700006902218,0.20100000500679,2.19659996032715,0.018900029361248
2015-02-27,2.09689998626709,-0.29840000718832,0.18970000743866,2.18919992446899,0.0164000615477562
2015-03-02,2.18280005455017,-0.27250000089407,0.221900001168251,2.20970010757446,0.0236999467015266
2015-03-03,2.22049999237061,-0.261000003665686,0.236100003123283,2.21840000152588,0.0269999913871288
2015-03-04,2.21709990501404,-0.26299999281764,0.235499992966652,2.21779990196228,0.0268000029027462
2015-03-05,2.2046000957489,-0.268300000578165,0.231600001454353,2.21539998054504,0.0259001143276691
2015-03-06,2.34240007400513,-0.22630001232028,0.283300012350082,2.24769997596741,0.0377000980079174
2015-03-09,2.30200004577637,-0.236999990418553,0.266999989748001,2.23819994926453,0.0338000971823931
2015-03-10,2.23909997940063,-0.254600005224347,0.242400005459785,2.22320008277893,0.0280998963862658
2015-03-11,2.20830011367798,-0.262099996209145,0.229599997401237,2.21539998054504,0.0254001319408417
2015-03-12,2.19709992408752,-0.266499996185303,0.225999996066093,2.21329998970032,0.0242999345064163
2015-03-13,2.22070002555847,-0.258600000292063,0.234200000762939,2.21909999847412,0.0260000266134739
2015-03-16,2.19519996643066,-0.261199999600649,0.220899999141693,2.21300005912781,0.0224999077618122
2015-03-17,2.15240001678467,-0.270700000226498,0.202600002288818,2.20219993591309,0.0183000788092613
2015-03-18,2.00850009918213,-0.319600000977516,0.151999995112419,2.1693000793457,0.00680002570152283
2015-03-19,2.06060004234314,-0.301700010895729,0.170200005173683,2.18099999427795,0.0111000537872314
2015-03-20,2.01519989967346,-0.317900002002716,0.154799997806549,2.17079997062683,0.00749993324279785
2015-03-23,2.00519990921021,-0.321999996900558,0.151600003242493,2.16890001296997,0.00669988989830017
2015-03-24,1.95949995517731,-0.334999993443489,0.133799999952316,2.15809988975525,0.0026000589132309
2015-03-25,2.00539994239807,-0.320800006389618,0.15090000629425,2.16890001296997,0.00639992952346802
2015-03-26,2.09770011901855,-0.292899996042252,0.185399994254112,2.19120001792908,0.0140001028776169
2015-03-27,2.04419994354248,-0.310699999332428,0.166299998760223,2.17890000343323,0.00969994068145752
2015-03-30,2.0543999671936,-0.30629999935627,0.168999999761581,2.1816999912262,0.00999997556209564
2015-03-31,2.02220010757446,-0.316600009799004,0.157100006937981,2.17470002174377,0.00700008869171143
2015-04-01,1.95239996910095,-0.338500007987022,0.131500005722046,2.15809988975525,0.00130008161067963
2015-04-02,2.0006000995636,-0.328000009059906,0.152400001883507,2.17009997367859,0.006100133061409
2015-04-03,1.92490005493164,-0.352899998426437,0.125100001692772,2.15289998054504,-1.9992887973785e-4
2015-04-06,1.99820005893707,-0.332000002264977,0.153400003910065,2.17090010643005,0.00589995086193085
2015-04-07,1.9838000535965,-0.33500000834465,0.147100001573563,2.16689991950989,0.00480014085769653
2015-04-08,2.00440001487732,-0.328400000929832,0.154699996113777,2.17149996757507,0.00660005211830139
2015-04-09,2.05830001831055,-0.312399998307228,0.175200000405312,2.18409991264343,0.0114001035690308
2015-04-10,2.05390000343323,-0.313899993896484,0.17399999499321,2.1826000213623,0.0111999809741974
2015-04-13,2.03609991073608,-0.318000003695488,0.166199997067451,2.1784999370575,0.00939998030662537
2015-04-14,1.99530005455017,-0.33110000193119,0.151399999856949,2.16910004615784,0.00590001046657562
2015-04-15,1.98989999294281,-0.336000010371208,0.151600003242493,2.16829991340637,0.0060000866651535
2015-04-16,1.98230004310608,-0.340200006961823,0.149800002574921,2.16720008850098,0.00549995899200439
2015-04-17,1.95580005645752,-0.345799997448921,0.138400003314018,2.16020011901855,0.0029999315738678
2015-04-20,1.98549997806549,-0.334499999880791,0.147900000214577,2.16720008850098,0.00489988923072815
2015-04-21,2.0181999206543,-0.326499998569489,0.161400005221367,2.17510008811951,0.00819982588291168
2015-04-22,2.09069991111755,-0.304400004446507,0.188500002026558,2.19230008125305,0.0142998322844505
2015-04-23,2.04999995231628,-0.318299993872643,0.174300000071526,2.18289995193481,0.0110999941825867
2015-04-24,2.02449989318848,-0.325300008058548,0.164100006222725,2.17709994316101,0.00859995186328888
2015-04-27,2.02909994125366,-0.322699993848801,0.165099993348122,2.17799997329712,0.00869996845722198
2015-04-28,2.09369993209839,-0.305399999022484,0.1908999979496,2.19350004196167,0.0146998912096024
2015-04-29,2.15400004386902,-0.291700005531311,0.216700002551079,2.20819997787476,0.0208000689744949
2015-04-30,2.14869999885559,-0.294700004160404,0.215800002217293,2.20670008659363,0.0208999142050743
2015-05-01,2.22769999504089,-0.272600006312132,0.246900007128716,2.22530007362366,0.0280999206006527
2015-05-04,2.26539993286133,-0.260400010440208,0.260300010442734,2.23469996452332,0.0307999683354865
2015-05-05,2.28970003128052,-0.252000004053116,0.268700003623962,2.24009990692139,0.0329001247882843
2015-05-06,2.35240006446838,-0.234600003808737,0.293300002813339,2.25539994239807,0.0383001230657101
2015-05-07,2.28940010070801,-0.251700000837445,0.268500000238419,2.23979997634888,0.0328001249581575
2015-05-08,2.25740003585815,-0.263199992943555,0.257499992847443,2.23300004005432,0.0300999958999455
2015-05-11,2.38000011444092,-0.226799987256527,0.303799986839294,2.26259994506836,0.0404001697897911
2015-05-12,2.38030004501343,-0.227799996733665,0.30460000038147,2.26300001144409,0.0405000299215317
2015-05-13,2.39590001106262,-0.225899994373322,0.312099993228912,2.26780009269714,0.0418999195098877
2015-05-14,2.35780000686646,-0.240599993616343,0.299699991941452,2.25979995727539,0.038900051265955
2015-05-15,2.27369999885559,-0.262200009077787,0.265500009059906,2.23939990997314,0.0310000889003277
2015-05-18,2.35520005226135,-0.238299999386072,0.296700000762939,2.25859999656677,0.0382000543177128
2015-05-19,2.40560007095337,-0.223300002515316,0.316100001335144,2.26979994773865,0.0430001243948936
2015-05-20,2.38120007514954,-0.230699993669987,0.30689999461174,2.26410007476807,0.0408999994397163
2015-05-21,2.31539988517761,-0.25050000846386,0.282200008630753,2.24830007553101,0.0353998094797134
2015-05-22,2.34310007095337,-0.238400012254715,0.290300011634827,2.25390005111694,0.0373000204563141
2015-05-26,2.27029991149902,-0.256899987347424,0.260699987411499,2.23569989204407,0.0308000193908811
2015-05-27,2.26029992103577,-0.25810000882484,0.255800008773804,2.23280000686646,0.029799914220348
2015-05-28,2.25239992141724,-0.262900015339255,0.254400014877319,2.23140001296997,0.0294999089092016
2015-05-29,2.23359990119934,-0.271700005978346,0.249500006437302,2.22729992866516,0.0284999720752239
2015-06-01,2.30590009689331,-0.249300012364984,0.276300013065338,2.24440002441406,0.0345000717788935
2015-06-02,2.38499999046326,-0.227099999785423,0.307099997997284,2.2634000778198202,0.041599914431572
2015-06-03,2.50119996070862,-0.194700002670288,0.352600008249283,2.29139995574951,0.0518999993801117
2015-06-04,2.43079996109009,-0.214000001549721,0.32490000128746,2.27439999580383,0.0454999655485153
2015-06-05,2.52410006523132,-0.184000015258789,0.358900010585785,2.29570007324219,0.0534999966621399
2015-06-08,2.50789999961853,-0.189500004053116,0.353100001811981,2.29220008850098,0.0520999133586884
2015-06-09,2.53740000724792,-0.181900009512901,0.365200012922287,2.29929995536804,0.0548000484704971
2015-06-10,2.6078999042511,-0.159199997782707,0.390599995851517,2.31599998474121,0.0604999214410782
2015-06-11,2.51160001754761,-0.185999989509583,0.352999985218048,2.29259991645813,0.052000105381012
2015-06-12,2.50609993934631,-0.185799986124039,0.349799990653992,2.29069995880127,0.0513999760150909
2015-06-15,2.47049999237061,-0.195499986410141,0.335599988698959,2.28229999542236,0.0480999946594238
2015-06-16,2.42569994926453,-0.207899987697601,0.317999988794327,2.27160000801086,0.0439999401569366
2015-06-17,2.41880011558533,-0.214200004935265,0.317900002002716,2.27130007743835,0.0438000410795212
2015-06-18,2.46079993247986,-0.206099987030029,0.336699992418289,2.28229999542236,0.0478999316692352
2015-06-19,2.37770009040833,-0.234199993312359,0.307599991559982,2.26259994506836,0.0417001470923424
2015-06-22,2.48049998283386,-0.200099989771843,0.344199985265732,2.28670001029968,0.0496999770402908
2015-06-23,2.52679991722107,-0.185799986124039,0.361299991607666,2.29780006408691,0.053499847650528
2015-06-24,2.49979996681213,-0.194600000977516,0.351700007915497,2.29130005836487,0.051399901509285
2015-06-25,2.51480007171631,-0.19149999320507,0.358300000429153,2.29480004310608,0.0532000213861465
2015-06-26,2.59949994087219,-0.166899994015694,0.390799999237061,2.31529998779297,0.0602999478578568
2015-06-29,2.44810009002686,-0.208999983966351,0.331099987030029,2.27970004081726,0.046300046145916
2015-06-30,2.46070003509521,-0.204099997878075,0.334899991750717,2.28290009498596,0.0469999462366104
2015-07-01,2.54509997367859,-0.176199987530708,0.36489999294281,2.30279994010925,0.0536000281572342
2015-07-02,2.50510001182556,-0.194000005722046,0.353700011968613,2.2943000793457,0.0510999262332916
2015-07-06,2.40919995307922,-0.223899990320206,0.318199992179871,2.27169990539551,0.0432000458240509
2015-07-07,2.37389993667603,-0.233999989926815,0.30469998717308,2.26309990882874,0.0401000306010246
2015-07-08,2.32089996337891,-0.250199992209673,0.284799993038177,2.25069999694824,0.0355999656021595
2015-07-09,2.41980004310608,-0.221399992704391,0.322699993848801,2.27449989318848,0.0440001487731934
2015-07-10,2.52920007705688,-0.1875,0.363299995660782,2.29999995231628,0.0534001290798187
2015-07-13,2.55390000343323,-0.179400011897087,0.372200012207031,2.30570006370544,0.0553999394178391
2015-07-14,2.51460003852844,-0.191899999976158,0.357800006866455,2.2966001033783,0.0520999282598495
2015-07-15,2.45510005950928,-0.207300007343292,0.333700001239777,2.28229999542236,0.0464000701904297
2015-07-16,2.45530009269714,-0.205400019884109,0.33270001411438,2.28139996528625,0.0466001331806183
2015-07-17,2.44919991493225,-0.204299986362457,0.328599989414215,2.27909994125366,0.0457999706268311
2015-07-20,2.46819996833801,-0.192699998617172,0.331900000572205,2.28250002861023,0.0464999377727509
2015-07-21,2.43050003051758,-0.204600006341934,0.31810000538826,2.27349996566772,0.0435000658035278
2015-07-22,2.4086000919342,-0.208700008690357,0.308400005102158,2.26749992370605,0.041400171816349
2015-07-23,2.35050010681152,-0.224799994379282,0.285699993371964,2.2532000541687,0.0364000536501408
2015-07-24,2.34549999237061,-0.226499993354082,0.283899992704391,2.25209999084473,0.0360000021755695
2015-07-27,2.29949998855591,-0.238999992609024,0.265399992465973,2.24169993400574,0.031400054693222
2015-07-28,2.3259000778198202,-0.231700003147125,0.275700002908707,2.24810004234314,0.0338000357151031
2015-07-29,2.35509991645813,-0.223100014030933,0.286900013685226,2.25500011444092,0.0362998023629189
2015-07-30,2.34619998931885,-0.223100002855062,0.281800001859665,2.25230002403259,0.0351999662816525
2015-07-31,2.27349996566772,-0.24690000526607,0.25560000538826,2.23550009727478,0.0292998682707548
2015-08-03,2.23140001296997,-0.254899993538857,0.236399993300438,2.2253999710083,0.0245000422000885
2015-08-04,2.2943000793457,-0.231299985200167,0.257099986076355,2.23909997940063,0.0294000990688801
2015-08-05,2.34069991111755,-0.215999986976385,0.273799985647202,2.24979996681213,0.0330999456346035
2015-08-06,2.2985999584198,-0.228499999269843,0.25789999961853,2.23959994316101,0.0296000149101019
2015-08-07,2.24230003356934,-0.238799996674061,0.232199996709824,2.22530007362366,0.0235999599099159
2015-08-10,2.28870010375977,-0.222699996083975,0.247999995946884,2.23650002479553,0.0269000791013241
2015-08-11,2.21029996871948,-0.248399993404746,0.219699993729591,2.21860003471375,0.020399933680892
2015-08-12,2.21040010452271,-0.250600002706051,0.221100002527237,2.21939992904663,0.0205001756548882
2015-08-13,2.26200008392334,-0.2327999942936,0.239099994301796,2.2311999797821,0.0245001041330397
2015-08-14,2.27309989929199,-0.226999993436038,0.241699993610382,2.23320007324219,0.0251998258754611
2015-08-17,2.24119997024536,-0.236499997321516,0.229599997401237,2.22560000419617,0.0224999659694731
2015-08-18,2.27940011024475,-0.224899999797344,0.24379999935627,2.23499989509583,0.0255002155900002
2015-08-19,2.1933000087738,-0.255899999290705,0.214699998497963,2.21550011634827,0.0189998932182789
2015-08-20,2.16919994354248,-0.262600004673004,0.205400004982948,2.20939993858337,0.0170000046491623
2015-08-21,2.13269996643066,-0.27649999409914,0.193499997258186,2.2014000415802,0.0142999216914177
2015-08-24,2.10349988937378,-0.287799999117851,0.183899998664856,2.1956000328064,0.0117998570203781
2015-08-25,2.21779990196228,-0.255100002512336,0.228100001811981,2.22300004959106,0.0217998530715704
2015-08-26,2.29069995880127,-0.235799986869097,0.257099986076355,2.24130010604858,0.0280998535454273
2015-08-27,2.28609991073608,-0.23560001142323,0.254200011491776,2.24000000953674,0.0274999011307955
2015-08-28,2.29419994354248,-0.22690000757575,0.253100007772446,2.24090003967285,0.0270999036729336
2015-08-31,2.30979990959167,-0.217099986970425,0.255499988794327,2.24399995803833,0.0273999497294426
2015-09-01,2.27570009231567,-0.229299999773502,0.24379999935627,2.23639988899231,0.0248002037405968
2015-09-02,2.30159997940063,-0.222800001502037,0.25450000166893,2.24270009994507,0.0271998792886734
2015-09-03,2.27950000762939,-0.2314000017941,0.247500002384186,2.23769998550415,0.0257000215351582
2015-09-04,2.23370003700256,-0.24509999435395,0.23029999434948,2.22650003433228,0.0220000026747584
2015-09-08,2.2936999797821,-0.221800003200769,0.249300003051758,2.24029994010925,0.0259000398218632
2015-09-09,2.28550004959106,-0.224499998614192,0.246399998664856,2.23810005187988,0.0254999976605177
2015-09-10,2.31060004234314,-0.219199992716312,0.257499992847443,2.24440002441406,0.0279000177979469
2015-09-11,2.28239989280701,-0.230200003832579,0.248500004410744,2.23819994926453,0.0258999429643154
2015-09-14,2.27500009536743,-0.230000001378357,0.243900001049042,2.23650002479553,0.0246000709012151
2015-09-15,2.3782000541687,-0.196800008416176,0.281300008296967,2.26060009002686,0.033099964261055
2015-09-16,2.39790010452271,-0.195099994540215,0.291799992322922,2.26539993286133,0.0358001738786697
2015-09-17,2.30029988288879,-0.237899988889694,0.264299988746643,2.24370002746582,0.0301998555660248
2015-09-18,2.23460006713867,-0.26520000398159,0.245000004768372,2.22830009460449,0.0264999717473984
2015-09-21,2.30340003967285,-0.24439999833703,0.270999997854233,2.24440002441406,0.0324000157415867
2015-09-22,2.23880004882812,-0.265400005504489,0.24770000576973,2.22909998893738,0.0274000596255064
2015-09-23,2.24979996681213,-0.262299991212785,0.252099990844727,2.23149991035461,0.0285000568255782
2015-09-24,2.22379994392395,-0.270399993285537,0.242599993944168,2.22519993782043,0.0264000054448843
2015-09-25,2.26200008392334,-0.261599986813962,0.258899986743927,2.23429989814758,0.0304001858457923
2015-09-28,2.19190001487732,-0.27869999781251,0.229699999094009,2.21740007400513,0.0234999395906925
2015-09-29,2.12829995155334,-0.298100002110004,0.205899998545647,2.20260000228882,0.0178999528288841
2015-09-30,2.13820004463196,-0.296800002455711,0.210700005292892,2.20530009269714,0.0189999490976334
2015-10-01,2.12700009346008,-0.299400001764297,0.206000000238419,2.20230007171631,0.0181000232696533
2015-10-02,2.06399989128113,-0.322700008749962,0.185100004076958,2.18829989433289,0.0133000016212463
2015-10-05,2.14120006561279,-0.300800003111362,0.215000003576279,2.20709991455078,0.0199001505970955
2015-10-06,2.12660002708435,-0.303799994289875,0.208499997854233,2.20350003242493,0.0183999910950661
2015-10-07,2.15240001678467,-0.29390000551939,0.216800004243851,2.20919990539551,0.0203001126646996
2015-10-08,2.19059991836548,-0.284200001507998,0.232500001788139,2.21840000152588,0.0238999165594578
2015-10-09,2.20309996604919,-0.280200004577637,0.237100005149841,2.2211000919342,0.0250998735427856
2015-10-13,2.13860011100769,-0.298199996352196,0.211799994111061,2.2056999206543,0.0193001925945282
2015-10-14,2.0673999786377,-0.320699989795685,0.185499995946884,2.18959999084473,0.0129999816417694
2015-10-15,2.11450004577637,-0.304999992251396,0.202199995517731,2.20050001144409,0.0168000310659409
2015-10-16,2.12540006637573,-0.302400000393391,0.206900000572205,2.20280003547668,0.0181000307202339
2015-10-19,2.13179993629456,-0.295699998736382,0.205799996852875,2.20440006256104,0.0172998756170273
2015-10-20,2.17269992828369,-0.281800001859665,0.220100000500679,2.21379995346069,0.0205999761819839
2015-10-21,2.13560009002686,-0.292199991643429,0.205699995160103,2.20479989051819,0.017300195991993
2015-10-22,2.12849998474121,-0.295799992978573,0.203999996185303,2.20329999923706,0.0169999822974205
2015-10-23,2.18470001220703,-0.275700006633997,0.223100006580353,2.21600008010864,0.0212999321520329
2015-10-26,2.16310000419617,-0.278200000524521,0.212099999189377,2.21059989929199,0.0186001062393188
2015-10-27,2.13520002365112,-0.284099996089935,0.199599996209145,2.20429992675781,0.0154000967741013
2015-10-28,2.19980001449585,-0.257299996912479,0.219099998474121,2.21840000152588,0.019600011408329
2015-10-29,2.27130007743835,-0.235500005073845,0.245900005102158,2.23499989509583,0.0259001823142171
2015-10-30,2.24869990348816,-0.239899999927729,0.23589999973774,2.22900009155273,0.0236998121254146
2015-11-02,2.28609991073608,-0.221799993887544,0.245199993252754,2.23720002174377,0.025499889627099
2015-11-03,2.31940007209778,-0.212200004607439,0.258100003004074,2.2451000213623,0.0284000523388386
2015-11-04,2.34389996528625,-0.20159999281168,0.265399992465973,2.24990010261536,0.0301998630166054
2015-11-05,2.35330009460449,-0.19879999011755,0.268999993801117,2.25189995765686,0.0312001332640648
2015-11-06,2.43330001831055,-0.167399987578392,0.29409998655319203,2.26990008354187,0.0366999357938766
2015-11-09,2.45580005645752,-0.156499996781349,0.299699991941452,2.27509999275208,0.0375000685453415
2015-11-10,2.43899989128113,-0.162599995732307,0.293799996376038,2.27180004119873,0.0359998494386673
2015-11-12,2.44420003890991,-0.16049998998642,0.295399993658066,2.27300000190735,0.0363000333309174
2015-11-13,2.40619993209839,-0.177800014615059,0.285100013017654,2.26469993591309,0.0341999977827072
2015-11-16,2.38969993591309,-0.18019999563694,0.276899993419647,2.26099991798401,0.0320000201463699
2015-11-17,2.36739993095398,-0.183900006115437,0.266400009393692,2.25539994239807,0.0294999852776527
2015-11-18,2.38540005683899,-0.180299982428551,0.274699985980988,2.25909996032715,0.031900092959404
2015-11-19,2.35739994049072,-0.189099997282028,0.264699995517731,2.25189995765686,0.0298999845981598
2015-11-20,2.37089991569519,-0.184500001370907,0.269600003957748,2.25469994544983,0.0310999676585197
2015-11-23,2.35610008239746,-0.18189998716116,0.259099990129471,2.2506000995636,0.028299979865551
2015-11-24,2.33750009536743,-0.185699999332428,0.250699996948242,2.24629998207092,0.0262001156806946
2015-11-25,2.33789992332458,-0.1824000030756,0.248500004410744,2.24640011787415,0.0253998041152954
2015-11-27,2.32690000534058,-0.18690000474453,0.245100006461143,2.24410009384155,0.0245999097824097
2015-11-30,2.32220005989075,-0.181600000709295,0.238499999046326,2.24259996414185,0.022700097411871
2015-12-01,2.2564001083374,-0.201099992729723,0.213499993085861,2.22709989547729,0.0169002125039697
2015-12-02,2.2846999168396,-0.191099993884563,0.223199993371964,2.23340010643005,0.0191998109221458
2015-12-03,2.42540001869202,-0.147699996829033,0.275299996137619,2.2671000957489,0.0306999236345291
2015-12-04,2.38350009918213,-0.154999993741512,0.255699992179871,2.25690007209778,0.0259000286459923
2015-12-07,2.33369994163513,-0.158399991691113,0.22859999537468,2.24480009078979,0.0186998471617699
2015-12-08,2.33249998092651,-0.155500002205372,0.225700005888939,2.24460005760193,0.0176999196410179
2015-12-09,2.31380009651184,-0.167899996042252,0.223299995064735,2.24110007286072,0.0173000246286392
2015-12-10,2.34060001373291,-0.157300002872944,0.231700003147125,2.24699997901917,0.0192000344395638
2015-12-11,2.22880005836487,-0.195199995301664,0.192499995231628,2.2211000919342,0.0103999665006995
2015-12-14,2.33319997787476,-0.160700000822544,0.229699999094009,2.24550008773804,0.0186998918652534
2015-12-15,2.37330007553101,-0.147799991071224,0.24439999461174,2.25440001487732,0.0223000571131706
2015-12-16,2.40840005874634,-0.139399997889996,0.259499996900558,2.26189994812012,0.0264001116156578
2015-12-17,2.34039998054504,-0.161799997091293,0.235699996352196,2.24489998817444,0.0215999931097031
2015-12-18,2.29509997367859,-0.177600003778934,0.220200002193451,2.23420000076294,0.018299974501133
2015-12-21,2.29450011253357,-0.173600006848574,0.216900005936623,2.23420000076294,0.0170001126825809
2015-12-22,2.33419990539551,-0.165200002491474,0.234500005841255,2.24349999427795,0.0213999077677727
2015-12-23,2.36739993095398,-0.156599998474121,0.247999995946884,2.25130009651184,0.0246998369693756
2015-12-24,2.35109996795654,-0.158500008285046,0.239800006151199,2.24710011482239,0.0226998552680016
2015-12-28,2.34130001068115,-0.157800003886223,0.233600005507469,2.24440002441406,0.0210999846458435
2015-12-29,2.41899991035461,-0.135200008749962,0.26350000500679,2.26270008087158,0.0279998332262039
2015-12-30,2.41650009155273,-0.140799999237061,0.266000002622604,2.26230001449585,0.0290000736713409
2015-12-31,2.38170003890991,-0.150200001895428,0.252000004053116,2.2543001174926798,0.0255999192595482
2016-01-04,2.34759998321533,-0.15990000218153,0.23870000243187,2.24640011787415,0.022399865090847
2016-01-05,2.3561999797821,-0.157399997115135,0.241899996995926,2.24860000610352,0.0230999737977982
2016-01-06,2.28640007972717,-0.18129999935627,0.217500001192093,2.23259997367859,0.0176001042127609
2016-01-07,2.2558000087738,-0.192899995483458,0.207499995827675,2.2260000705719,0.0151999378576875
2016-01-08,2.22779989242554,-0.203400002326816,0.19820000231266,2.22000002861023,0.0129998638294637
2016-01-11,2.26830005645752,-0.189900001510978,0.212200000882149,2.23040008544922,0.0155999716371298
2016-01-12,2.21359992027283,-0.206199993379414,0.19149999320507,2.21740007400513,0.0108998464420438
2016-01-13,2.16589999198914,-0.221099995076656,0.173899993300438,2.20619988441467,0.0069001093506813
2016-01-14,2.1939001083374,-0.21760000474751,0.187800005078316,2.21339988708496,0.0103002209216356
2016-01-15,2.13680005073547,-0.24379999935627,0.172600001096725,2.20059990882874,0.00740014016628265
2016-01-19,2.14969992637634,-0.238399993628263,0.176599994301796,2.20320010185242,0.0082998238503933
2016-01-20,2.1061999797821,-0.255800008773804,0.163200005888939,2.1933000087738,0.00549997389316559
2016-01-21,2.11700010299683,-0.250199995934963,0.165399998426437,2.19609999656677,0.00570010393857956
2016-01-22,2.15400004386902,-0.233799993991852,0.17569999396801,2.20429992675781,0.00780011713504791
2016-01-25,2.11879992485046,-0.24079999327659601,0.159999996423721,2.19569993019104,0.00389999151229858
2016-01-26,2.09910011291504,-0.244300000369549,0.150600001215935,2.19129991531372,0.0015001967549324
2016-01-27,2.09960007667542,-0.246500000357628,0.152400001883507,2.1918001174926798,0.00189995765686035
2016-01-28,2.08179998397827,-0.250600002706051,0.144600003957748,2.18799996376038,-1.9998103380203e-4
2016-01-29,2.02449989318848,-0.271700009703636,0.125400006771088,2.17540001869202,-0.00460012257099152
2016-02-01,2.06559991836548,-0.253600008785725,0.13680000603199,2.1849000453949,-0.00250012427568436
2016-02-02,1.96249997615814,-0.284800007939339,0.097900003194809,2.16100001335144,-0.0116000324487686
2016-02-03,1.96770000457764,-0.285400003194809,0.101099997758865,2.16300010681152,-0.0110000967979431
2016-02-04,1.96239995956421,-0.291600003838539,0.102300003170967,2.16240000724792,-0.0107000470161438
2016-02-05,1.95179998874664,-0.291900001466274,0.0962999984622002,2.15949988365173,-0.0120998919010162
2016-02-08,1.84839999675751,-0.326299998909235,0.0595999993383884,2.13529992103577,-0.0201999247074127
2016-02-09,1.83410000801086,-0.327700011432171,0.0522999987006187,2.1314001083374,-0.021900087594986
2016-02-10,1.80550003051758,-0.335499990731478,0.0412000007927418,2.12400007247925,-0.024200052022934
2016-02-11,1.7364000082016,-0.359399991109967,0.0175000000745058,2.10750007629395,-0.0292000770568848
2016-02-12,1.83529996871948,-0.329199999570847,0.0546000003814697,2.13039994239807,-0.020499974489212
2016-02-16,1.87489998340607,-0.31470000743866,0.0678000003099442,2.13960003852844,-0.01780004799366
2016-02-17,1.91129994392395,-0.302500002086163,0.0806000009179115,2.14809989929199,-0.014899954199791
2016-02-18,1.85539996623993,-0.3175999969244,0.0581000000238419,2.13520002365112,-0.0203000605106354
2016-02-19,1.86059999465942,-0.312200006097555,0.0575000010430813,2.13579988479614,-0.0204998850822449
2016-02-22,1.86819994449615,-0.309000000357628,0.059799998998642,2.13739991188049,-0.0199999660253525
2016-02-23,1.84430003166199,-0.315600004047155,0.0502999983727932,2.13190007209778,-0.0223000347614288
2016-02-24,1.84819996356964,-0.315199993550777,0.0522999987006187,2.13289999961853,-0.0218000411987305
2016-02-25,1.80410003662109,-0.329899989068508,0.0364999994635582,2.12299990653992,-0.0254998803138733
2016-02-26,1.87109994888306,-0.306400004774332,0.0595999993383884,2.13809990882874,-0.0201999545097351
2016-02-29,1.85090005397797,-0.308900009840727,0.0494999997317791,2.13319993019104,-0.022899866104126
2016-03-01,1.94319999217987,-0.279600001871586,0.0833000019192696,2.15450000762939,-0.0150000154972076
2016-03-02,1.96270000934601,-0.275500006973743,0.0922000035643578,2.1586000919342,-0.0126000791788101
2016-03-03,1.94099998474121,-0.284499995410442,0.0859000012278557,2.15310001373291,-0.0135000348091125
2016-03-04,2.00049996376038,-0.265600003302097,0.107799999415874,2.16680002212524,-0.00850005447864532
2016-03-07,2.02690005302429,-0.254099994897842,0.11540000140667,2.17230010032654,-0.0067000538110733
2016-03-08,1.93920004367828,-0.280900001525879,0.0826999992132187,2.15140008926392,-0.0140000432729721
2016-03-09,1.99020004272461,-0.266699999570847,0.102799996733665,2.1635000705719,-0.00940002501010895
2016-03-10,2.0385000705719,-0.247800007462502,0.118000000715256,2.1742000579834,-0.00589998066425323
2016-03-11,2.07430005073547,-0.234899997711182,0.130199998617172,2.18230009078979,-0.00330004096031189
2016-03-14,2.07069993019104,-0.234700001776218,0.127900004386902,2.18129992485046,-0.00379999727010727
2016-03-15,2.0689001083374,-0.234200000762939,0.126599997282028,2.18059992790222,-0.00409981608390808
2016-03-16,2.01250004768372,-0.260900005698204,0.111800000071526,2.16880011558533,-0.00720006227493286
2016-03-17,1.99570000171661,-0.267499998211861,0.10639999806881,2.16529989242554,-0.00849989056587219
2016-03-18,1.96440005302429,-0.281399995088577,0.0976999998092651,2.1586000919342,-0.0105000436306
2016-03-21,2.00909996032715,-0.265899993479252,0.113099999725819,2.16910004615784,-0.00720009207725525
2016-03-22,2.03979992866516,-0.255899995565414,0.124200001358986,2.17600011825562,-0.00450019538402557
2016-03-23,1.97339999675751,-0.27589999884367,0.099200002849102,2.16039991378784,-0.0102999210357666
2016-03-24,1.99559998512268,-0.268600009381771,0.107100002467632,2.1654999256134,-0.00839993357658386
2016-03-28,1.97309994697571,-0.271300002932549,0.0957999974489212,2.15980005264282,-0.0112001001834869
2016-03-29,1.88139998912811,-0.304700002074242,0.0650999993085861,2.13899993896484,-0.0179999470710754
2016-03-30,1.90320003032684,-0.309000007808208,0.0807000026106834,2.14580011367798,-0.0143000781536102
2016-03-31,1.86290001869202,-0.323900006711483,0.0671999976038933,2.13709998130798,-0.0174999535083771
2016-04-01,1.87849998474121,-0.316399991512299,0.0711999982595444,2.14030003547668,-0.0166000574827194
2016-04-04,1.85500001907349,-0.324400015175343,0.063000001013279,2.13479995727539,-0.0183999240398407
2016-04-05,1.80719995498657,-0.341100007295609,0.0467000007629395,2.12360000610352,-0.0220000445842743
2016-04-06,1.83780002593994,-0.333099987357855,0.0590999983251095,2.1308000087738,-0.0189999938011169
2016-04-07,1.77310001850128,-0.353300005197525,0.0351999998092651,2.11560010910034,-0.0244000852108002
2016-04-08,1.79180002212524,-0.350199997425079,0.0439999997615814,2.12030005455017,-0.0223000347614288
2016-04-11,1.80449998378754,-0.346200000494719,0.0485999993979931,2.12350010871887,-0.02140012383461
2016-04-12,1.86070001125336,-0.328799992799759,0.0694999992847443,2.13649988174438,-0.0164998769760132
2016-04-13,1.84099996089935,-0.332199994474649,0.0604999996721745,2.13120007514954,-0.0185001194477081
2016-04-14,1.86749994754791,-0.32209999114275,0.0690999999642372,2.13689994812012,-0.016400009393692
2016-04-15,1.82490003108978,-0.335200004279613,0.0531999990344048,2.12700009346008,-0.0201000571250916
2016-04-18,1.84560000896454,-0.330199997872114,0.0619000010192394,2.13190007209778,-0.018000066280365
2016-04-19,1.86059999465942,-0.32379999011755,0.0662999972701073,2.13499999046326,-0.0169000029563904
2016-04-20,1.92610001564026,-0.304700002074242,0.0916000008583069,2.15019989013672,-0.0109998732805252
2016-04-21,1.94490003585815,-0.298200003802776,0.0982000008225441,2.15429997444153,-0.00939993560314178
2016-04-22,1.96490001678467,-0.29110000282526,0.104999996721745,2.15890002250671,-0.00789999961853027
2016-04-25,1.9831999540329,-0.282000005245209,0.109300002455711,2.16319990158081,-0.0072999447584152204
2016-04-26,2.01579999923706,-0.269400000572205,0.119499996304512,2.17079997062683,-0.00509996712207794
2016-04-27,1.9436000585556,-0.293499991297722,0.0940999984741211,2.15370011329651,-0.010700061917305
2016-04-28,1.89859998226166,-0.309800006449223,0.0789000019431114,2.14369988441467,-0.014199897646904
2016-04-29,1.90100002288818,-0.308999992907047,0.0795999988913536,2.144700050354,-0.0143000334501266
2016-05-02,1.9569000005722,-0.291400007903576,0.100000001490116,2.15820002555847,-0.00990001857280731
2016-05-03,1.88839995861053,-0.313399992883205,0.0750999972224236,2.14229989051819,-0.0155999362468719
2016-05-04,1.86679995059967,-0.321199998259544,0.0678000003099442,2.13739991188049,-0.0171999633312225
2016-05-05,1.82659995555878,-0.333100009709597,0.0524999983608723,2.12789988517761,-0.0206999182701111
2016-05-06,1.86039996147156,-0.322899997234344,0.065200001001358,2.13590002059937,-0.0178000628948212
2016-05-09,1.83480000495911,-0.332500003278255,0.0568000003695488,2.13019990921021,-0.019699901342392
2016-05-10,1.8313000202179,-0.335399989038706,0.0568999983370304,2.1293001174926798,-0.0195001065731049
2016-05-11,1.81809997558594,-0.337600015103817,0.0507000014185905,2.12579989433289,-0.0207999050617218
2016-05-12,1.84109997749329,-0.329099990427494,0.0584999993443489,2.13070011138916,-0.0190001428127289
2016-05-13,1.80030000209808,-0.33899999782443,0.0416000001132488,2.12050008773804,-0.022800087928772
2016-05-16,1.84010004997253,-0.32439998909831,0.0549000017344952,2.1293001174926798,-0.0197000801563263
2016-05-17,1.84440004825592,-0.320100009441376,0.0546000003814697,2.12949991226196,-0.0195998549461365
2016-05-18,1.96239995956421,-0.27929999679327,0.095600001513958,2.15639996528625,-0.0103000104427338
2016-05-19,1.93990004062653,-0.286300003528595,0.0873000025749207,2.15089988708496,-0.0119998455047607
2016-05-20,1.93050003051758,-0.285400003194809,0.0811000019311905,2.14860010147095,-0.0138000696897507
2016-05-23,1.92200005054474,-0.284200005233288,0.0751999989151955,2.146399974823,-0.0153999179601669
2016-05-24,1.94649994373322,-0.275800004601479,0.0838000029325485,2.15199995040894,-0.0135000050067902
2016-05-25,1.95239996910095,-0.275200001895428,0.0869000032544136,2.15330004692078,-0.0126000791788101
2016-05-26,1.91449999809265,-0.28940000385046,0.0744000002741814,2.14490008354187,-0.0154000818729401
2016-05-27,1.93850004673004,-0.279599994421005,0.0817999988794327,2.15009999275208,-0.0137999504804611
2016-05-31,1.92700004577637,-0.281700007617474,0.0763000026345253,2.14770007133484,-0.0153000205755234
2016-06-01,1.93250000476837,-0.278400003910065,0.0772999972105026,2.14860010147095,-0.0150000900030136
2016-06-02,1.8860000371933,-0.292600002139807,0.0601000003516674,2.13730001449585,-0.0187999755144119
2016-06-03,1.77600002288818,-0.334299985319376,0.0243999995291233,2.11260008811951,-0.0267000794410706
2016-06-06,1.79879999160767,-0.326799988746643,0.0324999988079071,2.11820006370544,-0.0251000821590424
2016-06-07,1.78690004348755,-0.331799985840917,0.0288999993354082,2.11549997329712,-0.0256999433040619
2016-06-08,1.77359998226166,-0.335899990051985,0.0240000002086163,2.11240005493164,-0.0269000828266144
2016-06-09,1.75429999828339,-0.34150000102818,0.0165999997407198,2.10780000686646,-0.0286000072956085
2016-06-10,1.71119999885559,-0.35600001225248,0.00139999995008111,2.09789991378784,-0.0320999026298523
2016-06-13,1.69149994850159,-0.364300000946969,-0.00460000010207295,2.09389996528625,-0.0335000157356262
2016-06-14,1.69509994983673,-0.363000003388152,-0.00340000004507601,2.09479999542236,-0.0333000421524048
2016-06-15,1.66380000114441,-0.378700008615851,-0.0109000001102686,2.08809995651245,-0.034699946641922
2016-06-16,1.64979994297028,-0.383900009095669,-0.0153999999165535,2.08459997177124,-0.0355000197887421
2016-06-17,1.68739998340607,-0.372000006143935,-0.0015999999595806,2.09360003471375,-0.0326000452041626
2016-06-20,1.73249995708466,-0.352300010621548,0.0109999999403954,2.10389995574951,-0.0300999879837036
2016-06-21,1.77219998836517,-0.340900003910065,0.0263999998569489,2.11319994926453,-0.0264999568462372
2016-06-22,1.74989998340607,-0.348799996078014,0.0188999995589256,2.1078999042511,-0.028099924325943
2016-06-23,1.80200004577637,-0.329400006681681,0.0359000004827976,2.11989998817444,-0.0243999361991882
2016-06-24,1.64219999313354,-0.385500008240342,-0.0189999993890524,2.08340001106262,-0.0367000102996826
2016-06-27,1.53649997711182,-0.419100008904934,-0.0575999990105629,2.05859994888306,-0.0453999638557434
2016-06-28,1.5164999961853,-0.423299983143806,-0.066200003027916,2.05340003967285,-0.0474000573158264
2016-06-29,1.55099999904633,-0.413499992340803,-0.0527000017464161,2.06130003929138,-0.0441000461578369
2016-06-30,1.54489994049072,-0.416300013661385,-0.0544999986886978,2.06040000915527,-0.0447000563144684
2016-07-01,1.51639997959137,-0.421800009906292,-0.0672999992966652,2.05310010910034,-0.047600120306015
2016-07-05,1.43239998817444,-0.44819999486208,-0.0980999991297722,2.03309988975525,-0.0543999075889587
2016-07-06,1.43219995498657,-0.445400021970272,-0.100000001490116,2.03239989280701,-0.0547999143600464
2016-07-07,1.44550001621246,-0.440199971199036,-0.0958999991416931,2.03550004959106,-0.0539000630378723
2016-07-08,1.4190000295639,-0.447400011122227,-0.106200002133846,2.02870011329651,-0.056100070476532
2016-07-11,1.47930002212524,-0.423200003802776,-0.0876000002026558,2.04209995269775,-0.0519999265670776
2016-07-12,1.56649994850159,-0.397200003266335,-0.0544999986886978,2.06270003318787,-0.0445000827312469
2016-07-13,1.5304000377655,-0.407700009644032,-0.0683000013232231,2.05380010604858,-0.0474000573158264
2016-07-14,1.57739996910095,-0.393299993127584,-0.0507999993860722,2.06520009040833,-0.0437001287937164
2016-07-15,1.64300000667572,-0.372599996626377,-0.0267999991774559,2.08060002326965,-0.0382000207901001
2016-07-18,1.63510000705719,-0.373600007966161,-0.0308999996632338,2.0789999961853,-0.0393999814987183
2016-07-19,1.6117000579834,-0.379999991506338,-0.0401999987661839,2.07349991798401,-0.0415998697280884
2016-07-20,1.64030003547668,-0.370799986645579,-0.0297999996691942,2.08010005950928,-0.0392000377178192
2016-07-21,1.61539995670319,-0.379900000989437,-0.0381999984383583,2.07480001449585,-0.0413000583648682
2016-07-22,1.63059997558594,-0.374300010502338,-0.033100001513958,2.07820010185242,-0.0402001142501831
2016-07-25,1.63530004024506,-0.371400006115437,-0.032200001180172,2.07870006561279,-0.0398000180721283
2016-07-26,1.6224000453949,-0.37559999153018,-0.0366999991238117,2.07529997825623,-0.0405999422073364
2016-07-27,1.57219994068146,-0.394399985671043,-0.0529000014066696,2.06340003013611,-0.0439001023769379
2016-07-28,1.56079995632172,-0.399500004947186,-0.0560000017285347,2.06069993972778,-0.0443999767303467
2016-07-29,1.50520002841949,-0.419300004839897,-0.0750000029802322,2.04830002784729,-0.048799991607666
2016-08-01,1.55729997158051,-0.402200002223253,-0.0564999990165234,2.06100010871887,-0.0450001358985901
2016-08-02,1.59399998188019,-0.391200002282858,-0.0428999997675419,2.07019996643066,-0.0420999825000763
2016-08-03,1.58630001544952,-0.392599996179342,-0.0465000011026859,2.06859993934631,-0.0431999266147614
2016-08-04,1.55099999904633,-0.404499992728233,-0.0590000003576279,2.06060004234314,-0.0461000502109528
2016-08-05,1.63880002498627,-0.370999990031123,-0.0307000000029802,2.08030009269714,-0.0398000776767731
2016-08-08,1.64010000228882,-0.369399996474385,-0.0308999996632338,2.08010005950928,-0.03970006108284
2016-08-09,1.59630000591278,-0.383299995213747,-0.0467999987304211,2.06960010528564,-0.0432001054286957
2016-08-10,1.56239998340607,-0.395300004631281,-0.0584000013768673,2.0618999004364,-0.0457999110221863
2016-08-11,1.62860000133514,-0.371200010180473,-0.0362000018358231,2.07669997215271,-0.0406999588012695
2016-08-12,1.57879996299744,-0.38910000026226,-0.0529000014066696,2.06520009040833,-0.0444001257419586
2016-08-15,1.61679995059967,-0.374499998986721,-0.0408999994397163,2.07410001754761,-0.0419000685214996
2016-08-16,1.64310002326965,-0.366999994963408,-0.0306000001728535,2.08019995689392,-0.0394999384880066
2016-08-17,1.62000000476837,-0.372500013560057,-0.0403000004589558,2.07450008392334,-0.0417000651359558
2016-08-18,1.59220004081726,-0.38400000706315,-0.048700001090765,2.0683000087738,-0.0433999598026276
2016-08-19,1.64769995212555,-0.366599990054965,-0.0281000006943941,2.08109998703003,-0.0387000441551208
2016-08-22,1.61070001125336,-0.376000002026558,-0.0432000011205673,2.07200002670288,-0.0421000123023987
2016-08-23,1.60699999332428,-0.376300010830164,-0.045099999755621,2.07080006599426,-0.042400062084198
2016-08-24,1.60739994049072,-0.374800015240908,-0.0458999983966351,2.07089996337891,-0.0428000092506409
2016-08-25,1.62940001487732,-0.367200009524822,-0.0381999984383583,2.0757999420166,-0.0409999191761017
2016-08-26,1.68640005588531,-0.347099989652634,-0.0185000002384186,2.08839988708496,-0.0363998413085938
2016-08-29,1.62559998035431,-0.362699989229441,-0.0432999990880489,2.07369995117188,-0.0420999825000763
2016-08-30,1.6282000541687,-0.362399991601706,-0.0419999994337559,2.07430005073547,-0.041700005531311
2016-08-31,1.63409996032715,-0.361699987202883,-0.0388999991118908,2.07559990882874,-0.0408999621868134
2016-09-01,1.62860000133514,-0.364099994301796,-0.0405000001192093,2.07439994812012,-0.0411999523639679
2016-09-02,1.65779995918274,-0.358500003814697,-0.0273000001907349,2.08170008659363,-0.0381001234054565
2016-09-06,1.5978000164032,-0.377499986439943,-0.0494999997317791,2.06820011138916,-0.0434001088142395
2016-09-07,1.58790004253387,-0.376299992203712,-0.0562999993562698,2.06590008735657,-0.0454000532627106
2016-09-08,1.66789996623993,-0.350900007411838,-0.0272000003606081,2.08500003814697,-0.0390000641345978
2016-09-09,1.73590004444122,-0.330999994184822,-0.00139999995008111,2.10159993171692,-0.0332998931407928
2016-09-12,1.72790002822876,-0.330900002736598,-0.0063999998383224,2.10010004043579,-0.0349000096321106
2016-09-13,1.79499995708466,-0.311100011691451,0.0189999993890524,2.11630010604858,-0.0292001366615295
2016-09-14,1.76049995422363,-0.325499998405576,0.00870000012218952,2.10890007019043,-0.0316001176834106
2016-09-15,1.77269995212555,-0.328100012615323,0.0175000000745058,2.11279988288879,-0.0294999182224274
2016-09-16,1.76310002803802,-0.328300001099706,0.0121999997645617,2.10989999771118,-0.0306999683380127
2016-09-19,1.76859998703003,-0.327499986626208,0.0148999998345971,2.11100006103516,-0.0298000872135162
2016-09-20,1.75899994373322,-0.329099985770881,0.0104000000283122,2.10859990119934,-0.0308999717235565
2016-09-21,1.72920000553131,-0.342200000304729,0.00240000011399388,2.10109996795654,-0.0320999622344971
2016-09-22,1.69079995155334,-0.359000013209879,-0.00800000037997961,2.0913999080658,-0.0335999429225922
2016-09-23,1.67910003662109,-0.364099990576506,-0.0111999996006489,2.08859992027283,-0.0341998934745789
2016-09-26,1.65530002117157,-0.368400013074279,-0.022299999371171,2.08319997787476,-0.0371999442577362
2016-09-27,1.6275999546051,-0.375199995934963,-0.0339000001549721,2.07649993896484,-0.0397999882698059
2016-09-28,1.62779998779297,-0.371899992227554,-0.0361000001430511,2.07629990577698,-0.0404999256134033
2016-09-29,1.62300002574921,-0.376300003379583,-0.0359000004827976,2.07559990882874,-0.0403998792171478
2016-09-30,1.65489995479584,-0.364200012758374,-0.0255999993532896,2.08299994468689,-0.0382999777793884
2016-10-03,1.6842999458313,-0.349299987778068,-0.0187999997287989,2.08940005302429,-0.0370001196861267
2016-10-04,1.74820005893707,-0.331499991472811,0.00630000000819564,2.10479998588562,-0.0313999354839325
2016-10-05,1.78229999542236,-0.321400003507733,0.0193000007420778,2.11260008811951,-0.028200089931488
2016-10-06,1.81429994106293,-0.314100001007318,0.0331999994814396,2.11999988555908,-0.0247999429702759
2016-10-07,1.79419994354248,-0.321000013500452,0.0262000001966953,2.11529994010925,-0.0262999832630157
2016-10-11,1.83150005340576,-0.307000003755093,0.0383000001311302,2.12380003929138,-0.0235999822616577
2016-10-12,1.84519994258881,-0.301600001752377,0.0425999984145164,2.12709999084473,-0.0229000449180603
2016-10-13,1.81019997596741,-0.317299999296665,0.0329999998211861,2.11910009384155,-0.0246001183986664
2016-10-14,1.85090005397797,-0.306200001388788,0.0489999987185001,2.1293001174926798,-0.0212000608444214
2016-10-17,1.82539999485016,-0.312000006437302,0.0379000008106232,2.12350010871887,-0.0240001082420349
2016-10-18,1.81389999389648,-0.315699990838766,0.0335999988019466,2.12120008468628,-0.0252000987529755
2016-10-19,1.81719994544983,-0.314800001680851,0.0348000004887581,2.12220001220703,-0.0250000655651093
2016-10-20,1.82109999656677,-0.312700010836124,0.0357000008225441,2.12290000915527,-0.0248000025749207
2016-10-21,1.80420005321503,-0.318099994212389,0.0296999998390675,2.11849999427795,-0.0258999466896057
2016-10-24,1.83000004291534,-0.310699999332428,0.0397000014781952,2.12459993362427,-0.0235998928546906
2016-10-25,1.82039999961853,-0.310300000011921,0.0339000001549721,2.12190008163452,-0.0251000821590424
2016-10-26,1.84899997711182,-0.301699999719858,0.0447000004351139,2.12859988212585,-0.0225999057292938
2016-10-27,1.90789997577667,-0.285400003194809,0.0678000003099442,2.14289999008179,-0.0174000114202499
2016-10-28,1.91410005092621,-0.285600006580353,0.0714000016450882,2.14499998092651,-0.0166999250650406
2016-10-31,1.89909994602203,-0.286799997091293,0.0631999969482422,2.14159989356995,-0.0188999474048615
2016-11-01,1.89590001106262,-0.289300002157688,0.062899999320507,2.14140009880066,-0.019100084900856
2016-11-02,1.86769998073578,-0.29840000346303,0.0524999983608723,2.13520002365112,-0.0216000378131866
2016-11-03,1.8860000371933,-0.292800005525351,0.0592000000178814,2.14010000228882,-0.0204999595880508
2016-11-04,1.85290002822876,-0.302499998360872,0.046399999409914,2.13240003585815,-0.0234000086784363
2016-11-07,1.89660000801086,-0.28600000217557,0.0606000013649464,2.14240002632141,-0.0204000174999237
2016-11-08,1.94430005550385,-0.267799995839596,0.0759999975562096,2.15300011634827,-0.0169000625610352
2016-11-09,2.14170002937317,-0.210699994117022,0.151899993419647,2.20009994506836,4.0008500218391e-4
2016-11-10,2.23130011558533,-0.182099993806332,0.184499993920326,2.22140002250671,0.0075000929646194
2016-11-14,2.33299994468689,-0.143499992787838,0.217199996113777,2.24469995498657,0.0145999863743782
2016-11-15,2.33669996261597,-0.144799992442131,0.220599994063377,2.24499988555908,0.0159000754356384
2016-11-16,2.32629990577698,-0.146700002253056,0.216000005602837,2.2418999671936,0.015099935233593
2016-11-17,2.38450002670288,-0.130799993872643,0.239199995994568,2.25559997558594,0.020500048995018
2016-11-18,2.44140005111694,-0.114799991250038,0.261599987745285,2.26869988441467,0.0259001702070236
2016-11-21,2.43020009994507,-0.118000000715256,0.257400006055832,2.26570010185242,0.0250999927520752
2016-11-22,2.41829991340637,-0.120500013232231,0.25220000743866,2.26279997825623,0.023799940943718
2016-11-23,2.46519994735718,-0.102099984884262,0.266999989748001,2.27309989929199,0.0272000432014465
2016-11-25,2.46659994125366,-0.102400004863739,0.268200010061264,2.27320003509521,0.0275999009609222
2016-11-28,2.42989993095398,-0.116099983453751,0.256199985742569,2.26460003852844,0.0251998901367188
2016-11-29,2.40630006790161,-0.123099997639656,0.247299998998642,2.2590000629425,0.0231000036001205
2016-11-30,2.46359992027283,-0.103799998760223,0.267399996519089,2.27239990234375,0.0276000201702118
2016-12-01,2.55340003967285,-0.0803000032901764,0.303700000047684,2.29399991035461,0.03600013256073
2016-12-02,2.51550006866455,-0.0931999981403351,0.290199995040894,2.2857999801635702,0.0327000916004181
2016-12-05,2.49769997596741,-0.094400018453598,0.280600011348724,2.28119993209839,0.0303000509738922
2016-12-06,2.49959993362427,-0.0939999967813492,0.281399995088577,2.28189992904663,0.0303000062704086
2016-12-07,2.45779991149902,-0.106700003147125,0.265599995851517,2.27230000495911,0.0265999138355255
2016-12-08,2.5134000778198202,-0.0924999862909317,0.288199990987778,2.28609991073608,0.0316001623868942
2016-12-09,2.5903000831604,-0.0684999972581863,0.316399991512299,2.30460000038147,0.0378000885248184
2016-12-12,2.59479999542236,-0.0676999986171722,0.318399995565414,2.30579996109009,0.0383000373840332
2016-12-13,2.59450006484985,-0.0638000071048737,0.315600007772446,2.30520009994507,0.0374999642372131
2016-12-14,2.65989995002747,-0.0394000113010406,0.337500005960464,2.31879997253418,0.0429999828338623
2016-12-15,2.7195999622345,-0.021699994802475,0.360599994659424,2.33189988136292,0.0488000810146332
2016-12-16,2.7121000289917,-0.0253999829292297,0.358799993991852,2.33019995689392,0.0485000610351562
2016-12-19,2.64720010757446,-0.044299989938736,0.333999991416931,2.31459999084473,0.0429001152515411
2016-12-20,2.67009997367859,-0.0361000001430511,0.341699987649918,2.3199999332428,0.0445000529289246
2016-12-21,2.65129995346069,-0.0433000028133392,0.335700005292892,2.3157000541687,0.043199896812439
2016-12-22,2.65149998664856,-0.0428999960422516,0.335500001907349,2.31559991836548,0.043300062417984
2016-12-23,2.64969992637634,-0.0433000028133392,0.334800004959106,2.3150999546051,0.043099969625473
2016-12-27,2.67239999771118,-0.0345999896526337,0.342099994421005,2.32019996643066,0.044700026512146
2016-12-28,2.62109994888306,-0.0550000071525574,0.326299995183945,2.30839991569519,0.0414000451564789
2016-12-29,2.58750009536743,-0.0675000101327896,0.315100014209747,2.3011999130249,0.0387001782655716
2016-12-30,2.55060005187988,-0.0781999975442886,0.300799995660782,2.29250001907349,0.0355000346899033
2017-01-03,2.54229998588562,-0.0753999948501587,0.293999999761581,2.29010009765625,0.0335998833179474
2017-01-04,2.54850006103516,-0.0749000012874603,0.297399997711182,2.29150009155273,0.0344999730587006
2017-01-05,2.46449995040894,-0.101799979805946,0.266799986362457,2.27180004119873,0.0276999026536942
2017-01-06,2.50920009613037,-0.0875999927520752,0.283399999141693,2.28169989585876,0.0317001938819885
2017-01-09,2.46350002288818,-0.102900013327599,0.267300009727478,2.27069997787476,0.0284000486135483
2017-01-10,2.46119999885559,-0.103299990296364,0.266299992799759,2.26999998092651,0.0282000154256821
2017-01-11,2.45020008087158,-0.106200009584427,0.261900007724762,2.26729989051819,0.0272001922130585
2017-01-12,2.43939995765686,-0.111100003123283,0.25900000333786,2.26489996910095,0.0265999883413315
2017-01-13,2.47510004043579,-0.0976999849081039,0.270599991083145,2.27320003509521,0.028999999165535
2017-01-17,2.40820002555847,-0.117200002074242,0.244800001382828,2.25769996643066,0.0229000598192215
2017-01-18,2.50069999694824,-0.0865000039339066,0.277700006961823,2.27909994125366,0.0304000526666641
2017-01-19,2.5466001033783,-0.0743000060319901,0.296200007200241,2.28979992866516,0.0349001735448837
2017-01-20,2.55320000648499,-0.0750000029802322,0.300500005483627,2.29209995269775,0.0356000512838364
2017-01-23,2.48320007324219,-0.101199999451637,0.277500003576279,2.27640008926392,0.0304999798536301
2017-01-24,2.54559993743896,-0.0784000158309937,0.298200011253357,2.29080009460449,0.0349998474121094
2017-01-25,2.60509991645813,-0.0620000064373016,0.321700006723404,2.30489993095398,0.0404999852180481
2017-01-26,2.58960008621216,-0.0670000016689301,0.3158999979496,2.30170011520386,0.0389999747276306
2017-01-27,2.5699999332428,-0.0711000114679337,0.307200014591217,2.29699993133545,0.0368999987840652
2017-01-30,2.57340002059937,-0.0701999962329865,0.308499991893768,2.29800009727478,0.0370999276638031
2017-01-31,2.53250002861023,-0.0808000117540359,0.291900008916855,2.28839993476868,0.0330000966787338
2017-02-01,2.56139993667603,-0.0699999928474426,0.30129998922348,2.29500007629395,0.0350998640060425
2017-02-02,2.55430006980896,-0.0738000124692917,0.299800008535385,2.29349994659424,0.0348001271486282
2017-02-03,2.56730008125305,-0.0718999952077866,0.305999994277954,2.29679989814758,0.0364001840353012
2017-02-06,2.49690008163452,-0.0952000170946121,0.280800014734268,2.28069996833801,0.0306001156568527
2017-02-07,2.47129988670349,-0.100600004196167,0.269600003957748,2.27439999580383,0.0278998911380768
2017-02-08,2.42670011520386,-0.112800002098083,0.252000004053116,2.26370000839233,0.0238001048564911
2017-02-09,2.4865999221801798,-0.0925999879837036,0.273099988698959,2.27740001678467,0.0286999046802521
2017-02-10,2.49670004844666,-0.0890000015497208,0.276600003242493,2.27940011024475,0.0296999365091324
2017-02-13,2.52069997787476,-0.083299994468689,0.286799997091293,2.28509998321533,0.0320999920368195
2017-02-14,2.56649994850159,-0.0647000074386597,0.300900012254715,2.29509997367859,0.0351999700069427
2017-02-15,2.59340000152588,-0.0539999902248383,0.309399992227554,2.30080008506775,0.0371999144554138
2017-02-16,2.54130005836487,-0.0724000036716461,0.291500002145767,2.28909993171692,0.0331001281738281
2017-02-17,2.51239991188049,-0.081399992108345,0.280699998140335,2.28259992599487,0.0304999798536301
2017-02-21,2.51370000839233,-0.0769999921321869,0.278299987316132,2.28279995918274,0.02960005402565
2017-02-22,2.50609993934631,-0.0798999965190887,0.275799989700317,2.28110003471375,0.0290999114513397
2017-02-23,2.46700000762939,-0.0945999920368195,0.263099998235703,2.27220010757446,0.0262998938560486
2017-02-24,2.3996000289917,-0.116700008511543,0.238900005817413,2.25659990310669,0.0208001285791397
2017-02-27,2.45260000228882,-0.0954000055789948,0.255199998617172,2.26850008964539,0.0242999196052551
2017-02-28,2.45029997825623,-0.0920999944210052,0.251800000667572,2.26690006256104,0.0236999094486237
2017-03-01,2.54760003089905,-0.0494000166654587,0.279000014066696,2.28889989852905,0.0291001349687576
2017-03-02,2.58150005340576,-0.0318000018596649,0.28659999370575,2.29629993438721,0.0304001271724701
2017-03-03,2.56839990615845,-0.0350000113248825,0.281100004911423,2.29329991340637,0.028999999165535
2017-03-06,2.57690000534058,-0.0326999723911285,0.28439998626709,2.29559993743896,0.02960005402565
2017-03-07,2.57769989967346,-0.0273999869823456,0.28099998831749,2.29559993743896,0.028499960899353
2017-03-08,2.64109992980957,-0.00849997997283936,0.305099993944168,2.31049990653992,0.0340000092983246
2017-03-09,2.68569993972778,0.006600022315979,0.320699989795685,2.32100009918213,0.0373998284339905
2017-03-10,2.66700005531311,0.00200000405311584,0.312900006771088,2.31669998168945,0.0354000627994537
2017-03-13,2.70099997520447,0.017300009727478,0.321999996900558,2.32459998130798,0.0370999872684479
2017-03-14,2.68569993972778,0.013700008392334,0.315499991178513,2.32100009918213,0.0354998409748077
2017-03-15,2.58019995689392,-0.0233999788761139,0.279399991035461,2.29670000076294,0.0274999439716339
2017-03-16,2.6078999042511,-0.015500009059906,0.290100008249283,2.30329990386963,0.0300000011920929
2017-03-17,2.58369994163513,-0.025299996137619,0.282799988985062,2.29769992828369,0.0285000205039978
2017-03-20,2.55029988288879,-0.0334999859333038,0.268799990415573,2.28990006446838,0.0250998139381409
2017-03-21,2.51119995117188,-0.0429000109434128,0.25220000743866,2.28099989891052,0.0209000557661057
2017-03-22,2.48629999160767,-0.050599992275238,0.242899999022484,2.27519989013672,0.0188000947237015
2017-03-23,2.49289989471436,-0.0488999933004379,0.245600000023842,2.27699995040894,0.019199937582016
2017-03-24,2.47769999504089,-0.0542000085115433,0.24040000140667,2.27329993247986,0.0182000696659088
2017-03-27,2.45869994163513,-0.056999996304512,0.231199994683266,2.26850008964539,0.0159998536109924
2017-03-28,2.50139999389648,-0.0416000038385391,0.245600000023842,2.27819991111755,0.0192000865936279
2017-03-29,2.46239995956421,-0.0537000000476837,0.231099992990494,2.26909995079041,0.0159000158309937
2017-03-30,2.50200009346008,-0.0433000028133392,0.247099995613098,2.27870011329651,0.0194999873638153
2017-03-31,2.47560000419617,-0.0522000044584274,0.237700000405312,2.27270007133484,0.017399936914444
2017-04-03,2.42199993133545,-0.0674000084400177,0.216700002551079,2.26029992103577,0.0124000161886215
2017-04-04,2.42960000038147,-0.0647000074386597,0.219200000166893,2.26230001449585,0.0127999931573868
2017-04-05,2.40459990501404,-0.0715999901294708,0.209199994802475,2.25679993629456,0.0101999640464783
2017-04-06,2.41860008239746,-0.0659999996423721,0.21340000629425,2.26020002365112,0.0110000520944595
2017-04-07,2.45849990844727,-0.0504000037908554,0.226099997758865,2.2688000202179,0.0139998942613602
2017-04-10,2.43860006332397,-0.0538000017404556,0.216800004243851,2.26379990577698,0.011800155043602
2017-04-11,2.37599992752075,-0.0766999945044518,0.195999994874001,2.24959993362427,0.00709999352693558
2017-04-12,2.3484001159668,-0.083699993789196,0.184599995613098,2.24309992790222,0.00440018624067307
2017-04-13,2.30430006980896,-0.0982999950647354,0.168799996376038,2.23300004005432,8.0002844333648e-4
2017-04-17,2.33890008926392,-0.0891000032424927,0.182500004768372,2.24169993400574,0.0038001537322998
2017-04-18,2.25209999084473,-0.115200001746416,0.149700000882149,2.22140002250671,-0.00380003079771996
2017-04-19,2.28369998931885,-0.105100002139807,0.161200001835823,2.22880005836487,-0.0012000687420368199
2017-04-20,2.31360006332397,-0.0969999954104424,0.173199996352196,2.23569989204407,0.00170017033815384
2017-04-21,2.31019997596741,-0.100400000810623,0.173600003123283,2.23510003089905,0.00189994275569916
2017-04-24,2.34789991378784,-0.0834999978542328,0.183899998664856,2.24349999427795,0.00399991869926453
2017-04-25,2.40910005569458,-0.0614000111818314,0.204500004649162,2.2574999332428,0.00850012898445129
2017-04-26,2.38439989089966,-0.0679000020027161,0.194499999284744,2.25180006027222,0.00599983334541321
2017-04-27,2.36470007896423,-0.0752999931573868,0.187999993562698,2.2474000453949,0.00460003316402435
2017-04-28,2.35669994354248,-0.0756999924778938,0.18359999358654,2.24530005455017,0.00349988788366318
2017-05-01,2.39510011672974,-0.0657000094652176,0.199100002646446,2.25460004806519,0.00710007548332214
2017-05-02,2.36360001564026,-0.0747000053524971,0.186800003051758,2.24729990959167,0.00420010834932327
2017-05-03,2.40269994735718,-0.0602999925613403,0.199799999594688,2.25609993934631,0.00710000097751617
2017-05-04,2.43460011482239,-0.0507999956607819,0.211899995803833,2.26360011100769,0.00990000367164612
2017-05-05,2.42770004272461,-0.0511999875307083,0.208199992775917,2.26169991493225,0.00900012254714966
2017-05-08,2.45729994773865,-0.0411000102758408,0.218500003218651,2.26869988441467,0.0112000703811646
2017-05-09,2.48539996147156,-0.0296999961137772,0.226999998092651,2.27509999275208,0.0129999667406082
2017-05-10,2.48519992828369,-0.0294999927282333,0.226799994707108,2.27500009536743,0.0128998309373856
2017-05-11,2.46659994125366,-0.0351999998092651,0.219799995422363,2.27069997787476,0.0112999677658081
2017-05-12,2.41140007972717,-0.0549000054597855,0.200900003314018,2.25850009918213,0.00689998269081116
2017-05-15,2.42529988288879,-0.0520000010728836,0.207000002264977,2.26209998130798,0.00819990038871765
2017-05-16,2.41050004959106,-0.0539999902248383,0.199599996209145,2.25850009918213,0.00639994442462921
2017-05-17,2.3081998825073202,-0.0889000073075294,0.164000004529953,2.23460006713867,-0.00150018185377121
2017-05-18,2.30890011787415,-0.085099995136261,0.161799997091293,2.23429989814758,-0.00209978222846985
2017-05-19,2.3092999458313,-0.0827000066637993,0.160400003194809,2.23399996757507,-0.00240001827478409
2017-05-22,2.32310009002686,-0.0760999992489815,0.163800001144409,2.23729991912842,-0.0018998309969902
2017-05-23,2.35920000076294,-0.0608000010251999,0.174300000071526,2.24550008773804,1.9991397857666e-4
2017-05-24,2.33150005340576,-0.0702999979257584,0.164599999785423,2.23920011520386,-0.00200006365776062
2017-05-25,2.32229995727539,-0.0719000026583672,0.160300001502037,2.23699998855591,-0.00310003012418747
2017-05-26,2.32119989395142,-0.0715000033378601,0.159400001168251,2.2367000579834,-0.00340016186237335
2017-05-30,2.28099989891052,-0.0844000056385994,0.144800007343292,2.22709989547729,-0.0064999982714653
2017-05-31,2.27559995651245,-0.0843999981880188,0.141699999570847,2.22580003738403,-0.00750008225440979
2017-06-01,2.28069996833801,-0.0833999924361706,0.143999993801117,2.22679996490479,-0.00669999793171883
2017-06-02,2.21770000457764,-0.102700000628829,0.120600000023842,2.21169996261597,-0.0118999574333429
2017-06-05,2.24399995803833,-0.0946000032126904,0.130400002002716,2.21779990196228,-0.00959994271397591
2017-06-06,2.20619988441467,-0.103499999269843,0.114399999380112,2.20869994163513,-0.0134000573307276
2017-06-07,2.23589992523193,-0.0920999944210052,0.12389999628067,2.21550011634827,-0.0114001929759979
2017-06-08,2.24819993972778,-0.0855999961495399,0.126599997282028,2.21819996833801,-0.0110000297427177
2017-06-09,2.26399993896484,-0.0774999968707561,0.130199998617172,2.22160005569458,-0.0103001184761524
2017-06-12,2.26959991455078,-0.0801999978721142,0.135499998927116,2.22300004959106,-0.00870013609528542
2017-06-13,2.26579999923706,-0.0776000060141087,0.131500005722046,2.22169995307922,-0.00979995355010033
2017-06-14,2.208899974823,-0.0934000015258789,0.109200000762939,2.20799994468689,-0.0148999691009521
2017-06-15,2.21830010414124,-0.088299997150898,0.111199997365475,2.20989990234375,-0.0144997984170914
2017-06-16,2.20420002937317,-0.0925999972969294,0.105899997055531,2.20659995079041,-0.0156999211758375
2017-06-19,2.24029994010925,-0.0802000015974045,0.118600003421307,2.21460008621216,-0.0127001479268074
2017-06-20,2.20510005950928,-0.0893000001087785,0.104299999773502,2.20589995384216,-0.0157998939976096
2017-06-21,2.20580005645752,-0.090700002387166,0.105800002813339,2.20589995384216,-0.0151998978108168
2017-06-22,2.18860006332397,-0.0987999970093369,0.101499997079372,2.20190000534058,-0.015999942086637
2017-06-23,2.1907000541687,-0.0988999968394637,0.102799996733665,2.20250010490417,-0.0157000506296754
2017-06-26,2.18409991264343,-0.100699997448828,0.100199997425079,2.2009000778198202,-0.0163001651526429
2017-06-27,2.25250005722046,-0.0769999995827675,0.123700000345707,2.21700000762939,-0.011199951171875
2017-06-28,2.26519989967346,-0.0762000009417534,0.130400002002716,2.22079992294312,-0.009800024330616
2017-06-29,2.32520008087158,-0.0573000013828278,0.152199998497963,2.23550009727478,-0.00520001351833344
2017-06-30,2.36240005493164,-0.0460999980568886,0.166199997067451,2.24429988861084,-0.00199983268976212
2017-07-03,2.40599989891052,-0.0337000042200089,0.183200001716614,2.2543001174926798,0.00219978392124176
2017-07-05,2.38590002059937,-0.0372999906539917,0.17399999499321,2.24930000305176,-9.99867916107178e-5
2017-07-06,2.42600011825562,-0.0273000001907349,0.190500006079674,2.25909996032715,0.00370015203952789
2017-07-07,2.45379996299744,-0.0203000009059906,0.201800003647804,2.26609992980957,0.00620003044605255
2017-07-10,2.43670010566711,-0.0274000018835068,0.196700006723404,2.26239991188049,0.00500018894672394
2017-07-11,2.42079997062683,-0.0312999933958054,0.189999997615814,2.25869989395142,0.00340007245540619
2017-07-12,2.37809991836548,-0.0455999970436096,0.174799993634224,2.24900007247925,-1.0015070438385e-4
2017-07-13,2.40059995651245,-0.0374999940395355,0.182300001382828,2.2543001174926798,0.00149983167648315
2017-07-14,2.38210010528564,-0.0459000021219254,0.177300006151199,2.25029993057251,4.0017068386077e-4
2017-07-17,2.36509990692139,-0.0533000007271767,0.172499999403954,2.24629998207092,-4.0007382631301e-4
2017-07-18,2.32360005378723,-0.0637999996542931,0.155599996447563,2.2360999584198,-0.00429990142583847
2017-07-19,2.32509994506836,-0.0617000013589859,0.155000001192093,2.23639988899231,-0.00459994375705719
2017-07-20,2.3238000869751,-0.0620000064373016,0.154400005936623,2.23620009422302,-0.00480000674724579
2017-07-21,2.29719996452332,-0.0719999969005585,0.145799994468689,2.22989988327026,-0.00649991631507874
2017-07-24,2.30909991264343,-0.0654000043869019,0.148300006985664,2.23239994049072,-0.00620003044605255
2017-07-25,2.38389992713928,-0.0392000079154968,0.173800006508827,2.24979996681213,-5.0003826618194e-4
2017-07-26,2.34100008010864,-0.054799996316433,0.159299999475479,2.24040007591248,-0.00389999896287918
2017-07-27,2.36719989776611,-0.0493000000715256,0.170699998736382,2.24710011482239,-0.00130021572113037
2017-07-28,2.35279989242554,-0.0539000034332275,0.165500000119209,2.24379992485046,-0.00260002911090851
2017-07-31,2.35430002212524,-0.0532999932765961,0.165999993681908,2.24410009384155,-0.00250007212162018
2017-08-01,2.31789994239807,-0.0612999945878983,0.150099992752075,2.23530006408691,-0.00620011985301971
2017-08-02,2.32119989395142,-0.058899998664856,0.150499999523163,2.23580002784729,-0.00620013475418091
2017-08-03,2.2878999710083,-0.0711000040173531,0.139500007033348,2.2279999256134,-0.00849995762109756
2017-08-04,2.3189001083374,-0.060699999332428,0.150399997830391,2.23510003089905,-0.00589992105960846
2017-08-07,2.31229996681213,-0.0626000016927719,0.147900000214577,2.2335000038147,-0.00650003552436829
2017-08-08,2.33520007133484,-0.0534000024199486,0.154899999499321,2.23880004882812,-0.00509997457265854
2017-08-09,2.29640007019043,-0.066100001335144,0.141000002622604,2.22979998588562,-0.00829991698265076
2017-08-10,2.26200008392334,-0.0768999978899956,0.1283999979496,2.22149991989136,-0.0109998360276222
2017-08-11,2.24309992790222,-0.0843999981880188,0.122299998998642,2.21779990196228,-0.0125999748706818
2017-08-14,2.28239989280701,-0.0735999941825867,0.137899994850159,2.22709989547729,-0.00900000333786011
2017-08-15,2.32540011405945,-0.0566999986767769,0.151399999856949,2.23679995536804,-0.00609984248876572
2017-08-16,2.28500008583069,-0.072100006043911,0.13850000500679,2.22740006446838,-0.00879997760057449
2017-08-17,2.24760007858276,-0.085900004953146,0.126200005412102,2.21849989891052,-0.0111998207867146
2017-08-18,2.25009989738464,-0.0826000049710274,0.125400006771088,2.21889996528625,-0.0116000697016716
2017-08-21,2.24020004272461,-0.0874999985098839,0.123099997639656,2.21659994125366,-0.0119998976588249
2017-08-22,2.27080011367798,-0.0760000012814999,0.133000001311302,2.22350001335144,-0.00969989970326424
2017-08-23,2.22620010375977,-0.090999998152256,0.117399998009205,2.21289992332458,-0.0130998194217682
2017-08-24,2.24889993667603,-0.0842000022530556,0.126000002026558,2.21810007095337,-0.0110001340508461
2017-08-25,2.22729992866516,-0.0898999981582165,0.117399998009205,2.21269989013672,-0.012899961322546
2017-08-28,2.21199989318848,-0.0938000027090311,0.111100003123283,2.20919990539551,-0.0145000126212835
2017-08-29,2.18210005760193,-0.10150000359863,0.098800003528595,2.20230007171631,-0.0175000140443444
2017-08-30,2.19479990005493,-0.099099999293685,0.104699999094009,2.20530009269714,-0.0161001924425364
2017-08-31,2.16540002822876,-0.111100001260638,0.096000000834465,2.1981999874115,-0.017699958756566
2017-09-01,2.20490002632141,-0.0975000020116568,0.109700001776218,2.20729994773865,-0.014599921181798
2017-09-05,2.11809992790222,-0.120400000363588,0.0745000019669533,2.18700003623962,-0.0230001099407673
2017-09-06,2.14820003509521,-0.105500003322959,0.0816000029444695,2.19409990310669,-0.0219998676329851
2017-09-07,2.09159994125366,-0.124299999326468,0.0614000000059605,2.18099999427795,-0.0265000537037849
2017-09-08,2.09960007667542,-0.123100001364946,0.065200001001358,2.18300008773804,-0.0255000106990337
2017-09-11,2.17840003967285,-0.0968999981414527,0.0931999981403351,2.2014000415802,-0.019300001906231
2017-09-12,2.2146999835968,-0.0861000027507544,0.107100002467632,2.20980000495911,-0.0161000210791826
2017-09-13,2.24130010604858,-0.0781000033020973,0.117200002074242,2.21600008010864,-0.0137999728322029
2017-09-14,2.24020004272461,-0.0763000026345253,0.11540000140667,2.21519994735718,-0.0140999034047127
2017-09-15,2.24959993362427,-0.0720000006258488,0.118100002408028,2.21679997444153,-0.0133000425994396
2017-09-18,2.27519989013672,-0.0634000077843666,0.127100005745888,2.2228000164032,-0.0113001242280006
2017-09-19,2.28769993782043,-0.0586000010371208,0.131099998950958,2.22569990158081,-0.0104999616742134
2017-09-20,2.3296000957489,-0.0432000011205673,0.145099997520447,2.23499989509583,-0.00729979574680328
2017-09-21,2.31879997253418,-0.0471000000834465,0.141599997878075,2.23210000991821,-0.00780003517866135
2017-09-22,2.30299997329712,-0.0517000034451485,0.135600000619888,2.22819995880127,-0.00909998267889023
2017-09-25,2.25889992713928,-0.0645999982953072,0.118699997663498,2.21770000457764,-0.0129000768065453
2017-09-26,2.27990007400513,-0.0578000098466873,0.126300007104874,2.22259998321533,-0.0111999064683914
2017-09-27,2.34279990196228,-0.0388000011444092,0.149900004267693,2.23769998550415,-0.0060000866651535
2017-09-28,2.34800004959106,-0.0413999930024147,0.154699996113777,2.23959994316101,-0.00489989668130875
2017-09-29,2.37479996681213,-0.0305999964475632,0.162900000810623,2.24559998512268,-0.00310002267360687
2017-10-02,2.38269996643066,-0.0250999927520752,0.163699999451637,2.24710011482239,-0.00300015509128571
2017-10-03,2.36649990081787,-0.030799999833107,0.158199995756149,2.24340009689331,-0.00430019199848175
2017-10-04,2.36660003662109,-0.030799999833107,0.158199995756149,2.24340009689331,-0.00420005619525909
2017-10-05,2.38689994812012,-0.0244000107049942,0.165700003504753,2.24810004234314,-0.00250008702278137
2017-10-06,2.40869998931885,-0.0163000077009201,0.172900006175041,2.25289988517761,-7.9989433288574e-4
2017-10-10,2.3814001083374,-0.0181999951601028,0.158099994063377,2.24620008468628,-0.00469997525215149
2017-10-11,2.37739992141724,-0.020100012421608,0.157100006937981,2.24530005455017,-0.00490012764930725
2017-10-12,2.36129999160767,-0.0219999998807907,0.149000003933907,2.24110007286072,-0.0068000853061676
2017-10-13,2.31929993629456,-0.0360000059008598,0.134200006723404,2.23110008239746,-0.0100001469254494
2017-10-16,2.33899998664856,-0.0291999951004982,0.141299992799759,2.23489999771118,-0.00800000876188278
2017-10-17,2.33579993247986,-0.0282000005245209,0.138899996876717,2.2335000038147,-0.00840006768703461
2017-10-18,2.37170004844666,-0.0187000036239624,0.153400003910065,2.2418999671936,-0.00489991903305054
2017-10-19,2.35870003700256,-0.021699994802475,0.147900000214577,2.2386999130249,-0.00619988143444061
2017-10-20,2.41249990463257,-0.00450000166893005,0.167500004172325,2.25149989128113,-0.00199998915195465
2017-10-23,2.40339994430542,-0.00939999520778656,0.165500000119209,2.24970006942749,-0.00240013003349304
2017-10-24,2.44609999656677,0.0065000057220459,0.179299995303154,2.25979995727539,5.0003826618194e-4
2017-10-25,2.46830010414124,0.0128999948501587,0.187800005078316,2.26530003547668,0.00230006873607635
2017-10-26,2.48790001869202,0.0201999992132187,0.194199994206429,2.26979994773865,0.00370007753372192
2017-10-27,2.45160007476807,0.00800000131130219,0.181400001049042,2.26139998435974,8.0008804798126e-4
2017-10-30,2.4047999382019,-0.0103999972343445,0.166899994015694,2.25040006637573,-0.00210012495517731
2017-10-31,2.40799999237061,-0.00289998948574066,0.163499996066093,2.2506000995636,-0.00320011377334595
2017-11-01,2.39820003509521,-0.00110000371932983,0.156499996781349,2.24769997596741,-0.00489993393421173
2017-11-02,2.37840008735657,-0.0072999894618988,0.149299994111061,2.24289989471436,-0.00649981200695038
2017-11-03,2.36310005187988,-0.00980000197887421,0.142100006341934,2.23900008201599,-0.0082000344991684
2017-11-06,2.34150004386902,-0.0152000039815903,0.133300006389618,2.23359990119934,-0.0101998597383499
2017-11-07,2.33159995079041,-0.0134000033140182,0.126200005412102,2.23079991340637,-0.0119999647140503
2017-11-08,2.34859991073608,-0.00599999725818634,0.131099998950958,2.23460006713867,-0.0111001580953598
2017-11-09,2.35859990119934,-0.00290000438690186,0.13459999859333,2.23740005493164,-0.0105001479387283
2017-11-10,2.43379998207092,0.0200000107288361,0.162599995732307,2.25550007820129,-0.00430010259151459
2017-11-13,2.43880009651184,0.0240000039339066,0.162900000810623,2.25620007514954,-0.00429998338222504
2017-11-14,2.41849994659424,0.0210999995470047,0.152999997138977,2.25099992752075,-0.00659997761249542
2017-11-15,2.36700010299683,0.0064999908208847,0.133100003004074,2.23839998245239,-0.0109998732805252
2017-11-16,2.39969992637634,0.0205000042915344,0.142499998211861,2.24580001831055,-0.00910009443759918
2017-11-17,2.38190007209778,0.0163999944925308,0.135000005364418,2.24130010604858,-0.0108000338077545
2017-11-20,2.4047999382019,0.0294999927282333,0.139300003647804,2.24600005149841,-0.0100001096725464
2017-11-21,2.40039992332458,0.0294000059366226,0.136999994516373,2.24429988861084,-0.0102999657392502
2017-11-22,2.35829997062683,0.0157000049948692,0.121799997985363,2.23469996452332,-0.0138999968767166
2017-11-24,2.37630009651184,0.0210999995470047,0.128600001335144,2.23909997940063,-0.0124998837709427
2017-11-27,2.36220002174377,0.0130999982357025,0.125900000333786,2.23589992523193,-0.0126999020576477
2017-11-28,2.37220001220703,0.0207000076770782,0.126399993896484,2.23799991607666,-0.0128999054431915
2017-11-29,2.41039991378784,0.0310000032186508,0.141599997878075,2.24729990959167,-0.00949999690055847
2017-11-30,2.45469999313354,0.0435000061988831,0.158999994397163,2.25740003585815,-0.00520004332065582
2017-12-01,2.40429997444153,0.0313999950885773,0.138199999928474,2.24460005760193,-0.00990007817745209
2017-12-04,2.40820002555847,0.0348999947309494,0.138300001621246,2.24469995498657,-0.00969992578029633
2017-12-05,2.3908998966217,0.0349000096321106,0.128199994564056,2.23970007896423,-0.0119001865386963
2017-12-06,2.35419988632202,0.0244000032544136,0.114000000059605,2.23099994659424,-0.015200063586235
2017-12-07,2.39429998397827,0.034400001168251,0.130500003695488,2.24090003967285,-0.0115000605583191
2017-12-08,2.40569996833801,0.0342999994754791,0.137199997901917,2.24390006065369,-0.00970008969306946
2017-12-11,2.41330003738403,0.039900004863739,0.137899994850159,2.24519991874695,-0.00969988107681274
2017-12-12,2.42510008811951,0.0460000038146973,0.140499994158745,2.24790000915527,-0.00929991900920868
2017-12-13,2.38339996337891,0.0296999961137772,0.12720000743866,2.23880004882812,-0.0123000890016556
2017-12-14,2.37809991836548,0.0312000066041946,0.123199999332428,2.23699998855591,-0.0133000761270523
2017-12-15,2.37639999389648,0.0328000038862228,0.121299996972084,2.23569989204407,-0.0133998990058899
2017-12-18,2.40869998931885,0.0449000000953674,0.131699994206429,2.2435998916626,-0.011499896645546
2017-12-19,2.48309993743896,0.0663000047206879,0.160300001502037,2.26169991493225,-0.00519998371601105
2017-12-20,2.52220010757446,0.0766000002622604,0.175899997353554,2.27130007743835,-0.00159996747970581
2017-12-21,2.51259994506836,0.0781999975442886,0.169200003147125,2.26859998703003,-0.0034000426530838
2017-12-22,2.51200008392334,0.0793000012636185,0.168099999427795,2.26810002326965,-0.00349994003772736
2017-12-26,2.49449992179871,0.0732999891042709,0.162200003862381,2.26360011100769,-0.00460018217563629
2017-12-27,2.43759989738464,0.0581999868154526,0.139500007033348,2.24979996681213,-0.00990006327629089
2017-12-28,2.45040011405945,0.063400000333786,0.143299996852875,2.25270009040833,-0.00899997353553772
2017-12-29,2.42659997940063,0.0550999939441681,0.13510000705719,2.24720001220703,-0.0108000338077545
2018-01-02,2.47690010070801,0.0794999897480011,0.147400006651878,2.2590000629425,-0.00899995863437653
2018-01-03,2.46709990501404,0.0761000066995621,0.143999993801117,2.25650000572205,-0.00950010120868683
2018-01-04,2.47390007972717,0.0808999985456467,0.144800007343292,2.25740003585815,-0.00919996201992035
2018-01-05,2.49029994010925,0.0837999880313873,0.152600005269051,2.26119995117188,-0.00730000436306
2018-01-08,2.50230002403259,0.0891000032424927,0.155900001525879,2.26399993896484,-0.00669991970062256
2018-01-09,2.56229996681213,0.1058000177145,0.179299995303154,2.27859997749329,-0.00140002369880676
2018-01-10,2.56629991531372,0.10479998588562,0.182300001382828,2.27990007400513,-7.0014595985412e-4
2018-01-11,2.56200003623962,0.102399989962578,0.181500002741814,2.2788999080658,-7.9986453056335e-4
2018-01-12,2.57119989395142,0.107600003480911,0.183400005102158,2.2804000377655,-2.0015239715576e-4
2018-01-16,2.55949997901917,0.112000003457069,0.173600003123283,2.27679991722107,-0.00289994478225708
2018-01-17,2.58410000801086,0.121500000357628,0.181500002741814,2.28200006484985,-9.0005993843078e-4
2018-01-18,2.63150000572205,0.134800001978874,0.200000002980232,2.29340004920959,0.00329995155334473
2018-01-19,2.65359997749329,0.139300003647804,0.209999993443489,2.29839992523193,0.0059000551700592
2018-01-22,2.67050004005432,0.148599982261658,0.21340000629425,2.30220007896423,0.00629997253417969
2018-01-23,2.63479995727539,0.13570000231266,0.201399996876717,2.29399991035461,0.00370004773139954
2018-01-24,2.65560007095337,0.141900017857552,0.209299996495247,2.29889988899231,0.00550016760826111
2018-01-25,2.6308000087738,0.136599987745285,0.198500007390976,2.29259991645813,0.00310009717941284
2018-01-26,2.66479992866516,0.147700011730194,0.210999995470047,2.29990005493164,0.00619986653327942
2018-01-29,2.70009994506836,0.161100000143051,0.222299993038177,2.30809998512268,0.00859996676445007
2018-01-30,2.73040008544922,0.169400006532669,0.234200000762939,2.31559991836548,0.0112001597881317
2018-01-31,2.72499990463257,0.169600009918213,0.231099992990494,2.31369996070862,0.0105999410152435
2018-02-01,2.78909993171692,0.185900002717972,0.257400006055832,2.32890009880066,0.0168998241424561
2018-02-02,2.84640002250671,0.19990000128746,0.281100004911423,2.34319996833801,0.0222000479698181
2018-02-05,2.7853000164032,0.182199984788895,0.257200002670288,2.32990002632141,0.0160000026226044
2018-02-06,2.80100011825562,0.190999984741211,0.26010000705719,2.33349990844727,0.0164002180099487
2018-02-07,2.86240005493164,0.213200002908707,0.280499994754791,2.34809994697571,0.0206001102924347
2018-02-08,2.87960004806519,0.217099994421005,0.287600010633469,2.35279989242554,0.0221001505851746
2018-02-09,2.8636999130249,0.208700001239777,0.283699989318848,2.35060000419617,0.0206999182701111
2018-02-12,2.89350008964539,0.229999989271164,0.286100000143051,2.35710000991821,0.0203000903129578
2018-02-13,2.86459994316101,0.221599996089935,0.275000005960464,2.35010004043579,0.0178999006748199
2018-02-14,2.94950008392334,0.250900000333786,0.30469998717308,2.36899995803833,0.0249001383781433
2018-02-15,2.93359994888306,0.248300015926361,0.297399997711182,2.36459994316101,0.0232999920845032
2018-02-16,2.90910005569458,0.24279996752739,0.286900013685226,2.3585000038147,0.0209000706672668
2018-02-20,2.91380000114441,0.250499993562698,0.284299999475479,2.3591001033783,0.0198999047279358
2018-02-21,2.96659994125366,0.263900011777878,0.305900007486343,2.3717999458313,0.0249999761581421
2018-02-22,2.94860005378723,0.256499975919724,0.300500005483627,2.36779999732971,0.0238000750541687
2018-02-23,2.90140008926392,0.243999987840652,0.28150001168251,2.35640001296997,0.0195000767707825
2018-02-26,2.88109993934631,0.240200012922287,0.272100001573563,2.35179996490479,0.0169999599456787
2018-02-27,2.93020009994507,0.256699979305267,0.289499998092651,2.36299991607666,0.0210002064704895
2018-02-28,2.90030002593994,0.247200012207031,0.278699994087219,2.35560011863708,0.018799901008606
2018-03-01,2.83629989624023,0.225100010633469,0.256599992513657,2.34069991111755,0.0138999819755554
2018-03-02,2.88639998435974,0.241400003433228,0.274699985980988,2.35240006446838,0.0178999304771423
2018-03-05,2.9070999622345,0.248199999332428,0.282000005245209,2.35750007629395,0.019399881362915
2018-03-06,2.90700006484985,0.249599993228912,0.280900001525879,2.35739994049072,0.0191001296043396
2018-03-07,2.90980005264282,0.250900000333786,0.281699985265732,2.35800004005432,0.0192000269889832
2018-03-08,2.88450002670288,0.244900017976761,0.270999997854233,2.35179996490479,0.0168000459671021
2018-03-09,2.9135000705719,0.254000037908554,0.281699985265732,2.35859990119934,0.0192001461982727
2018-03-12,2.88579988479614,0.247399985790253,0.270099997520447,2.35190010070801,0.0163998007774353
2018-03-13,2.85770010948181,0.24079999327659601,0.258100003004074,2.3452000617981,0.0136000514030457
2018-03-14,2.83010005950928,0.237399980425835,0.244200006127357,2.33829998970032,0.0102000832557678
2018-03-15,2.83139991760254,0.24099999666214,0.242599993944168,2.33820009231567,0.00959983468055725
2018-03-16,2.85870003700256,0.251000016927719,0.251599997282028,2.34439992904663,0.0117000937461853
2018-03-19,2.85999989509583,0.256499990820885,0.248500004410744,2.34450006484985,0.0104998350143433
2018-03-20,2.89439988136292,0.266000002622604,0.262100011110306,2.35240006446838,0.0138998031616211
2018-03-21,2.90030002593994,0.263700008392334,0.267199993133545,2.35419988632202,0.015200138092041
2018-03-22,2.83439993858337,0.242899999022484,0.243100002408028,2.33839988708496,0.0100000500679016
2018-03-23,2.82480001449585,0.235400006175041,0.24269999563694,2.33669996261597,0.0100000500679016
2018-03-26,2.85400009155273,0.249600008130074,0.249899998307228,2.34310007095337,0.0114000141620636
2018-03-27,2.78060007095337,0.22529998421669,0.223800003528595,2.32599997520447,0.00550010800361633
2018-03-28,2.78189992904663,0.229100003838539,0.221900001168251,2.3259000778198202,0.00499984622001648
2018-03-29,2.7441999912262,0.215499997138977,0.209399998188019,2.3168001174926798,0.00249987840652466
2018-04-02,2.73769998550415,0.212300002574921,0.207800000905991,2.31559991836548,0.00200006365776062
2018-04-03,2.78640007972717,0.227899998426437,0.225600004196167,2.32669997215271,0.00620010495185852
2018-04-04,2.79520010948181,0.228200003504753,0.230700001120567,2.32859992980957,0.00770017504692078
2018-04-05,2.82940006256104,0.240199998021126,0.242400005459785,2.3364999294281,0.0103001296520233
2018-04-06,2.76839995384216,0.219699993729591,0.221000000834465,2.32220005989075,0.00549989938735962
2018-04-09,2.7771999835968,0.226599991321564,0.221300005912781,2.32389998435974,0.00540000200271606
2018-04-10,2.79239988327026,0.232699990272522,0.226099997758865,2.32710003852844,0.00649985671043396
2018-04-11,2.77090001106262,0.229499995708466,0.215700000524521,2.3215000629425,0.00419995188713074
2018-04-12,2.82459998130798,0.245699986815453,0.236100003123283,2.333899974823,0.00890001654624939
2018-04-13,2.81439995765686,0.246999993920326,0.229300007224083,2.33089995384216,0.00720000267028809
2018-04-16,2.82240009307861,0.252900004386902,0.229900002479553,2.33240008354187,0.00720000267028809
2018-04-17,2.80360007286072,0.252300009131432,0.219200000166893,2.32750010490417,0.00459995865821838
2018-04-18,2.85820007324219,0.268500000238419,0.240099996328354,2.3403000831604,0.00929999351501465
2018-04-19,2.90869998931885,0.28260001540184,0.259900003671646,2.35240006446838,0.0137999057769775
2018-04-20,2.95250010490417,0.295200020074844,0.276800006628036,2.36269998550415,0.0178000926971436
2018-04-23,2.97300004959106,0.305599987506866,0.281599998474121,2.36710000038147,0.0187000632286072
2018-04-24,2.98979997634888,0.310799986124039,0.287600010633469,2.37150001525879,0.0198999643325806
2018-04-25,3.02169990539551,0.316900014877319,0.301999986171722,2.37960004806519,0.0231998562812805
2018-04-26,2.99149990081787,0.306999981403351,0.291299998760223,2.37220001220703,0.0209999084472656
2018-04-27,2.9533998966217,0.296499997377396,0.276399999856949,2.36279988288879,0.0177000164985657
2018-04-30,2.9368999004364,0.295399993658066,0.267500013113022,2.35840010643005,0.01559978723526
2018-05-01,2.95840001106262,0.303800016641617,0.274300009012222,2.36330008506775,0.0169999003410339
2018-05-02,2.95269989967346,0.299399971961975,0.274100005626678,2.36220002174377,0.0169999003410339
2018-05-03,2.93120002746582,0.29119998216629,0.267199993133545,2.35730004310608,0.015500009059906
2018-05-04,2.94589996337891,0.295800000429153,0.272399991750717,2.36100006103516,0.0166999101638794
2018-05-07,2.95280003547668,0.300000011920929,0.273400008678436,2.36290001869202,0.0164999961853027
2018-05-08,2.97709989547729,0.307899981737137,0.282099992036819,2.3685998916626,0.018500030040741
2018-05-09,3.00539994239807,0.316699981689453,0.292699992656708,2.37509989738464,0.0209000706672668
2018-05-10,2.98230004310608,0.310699999332428,0.283399999141693,2.3691999912262,0.0190000534057617
2018-05-11,2.97919988632202,0.311800003051758,0.280900001525879,2.36809992790222,0.0183999538421631
2018-05-14,2.99970006942749,0.321599960327148,0.28600001335144,2.37280011177063,0.0192999839782715
2018-05-15,3.07800006866455,0.345699995756149,0.315200001001358,2.39129996299744,0.0258001089096069
2018-05-16,3.09500002861023,0.3507000207901,0.321799993515015,2.39510011672974,0.0273998975753784
2018-05-17,3.11269998550415,0.355599999427795,0.328599989414215,2.3996000289917,0.0288999676704407
2018-05-18,3.06730008125305,0.340200036764145,0.312599986791611,2.38930010795593,0.0251999497413635
2018-05-21,3.06319999694824,0.345499962568283,0.306300014257431,2.38820004463196,0.0231999754905701
2018-05-22,3.06809997558594,0.346599966287613,0.308400005102158,2.38960003852844,0.0234999656677246
2018-05-23,3.01489996910095,0.326600015163422,0.290899991989136,2.37770009040833,0.0196998715400696
2018-05-24,2.98280000686646,0.315299987792969,0.280099987983704,2.36999988555908,0.0174001455307007
2018-05-25,2.93510007858276,0.298100024461746,0.264099985361099,2.35899996757507,0.013900101184845
2018-05-29,2.77340006828308,0.24439999461174,0.206200003623962,2.32249999046326,3.000795841217e-4
2018-05-30,2.83960008621216,0.270199999213219,0.227099999785423,2.33730006217957,0.00500002503395081
2018-05-31,2.82809996604919,0.267999991774559,0.222100004553795,2.33419990539551,0.00380006432533264
2018-06-01,2.88930010795593,0.290200024843216,0.242599993944168,2.34789991378784,0.00860017538070679
2018-06-04,2.92950010299683,0.307000041007996,0.254599988460541,2.35669994354248,0.0112001299858093
2018-06-05,2.9047999382019,0.299399986863136,0.245399996638298,2.3510000705719,0.00899988412857056
2018-06-06,2.96550011634827,0.317800015211105,0.268200010061264,2.36529994010925,0.0142001509666443
2018-06-07,2.92149996757507,0.303099989891052,0.252600014209747,2.35489988327026,0.01090008020401
2018-06-08,2.92569994926453,0.303999960422516,0.254400014877319,2.35610008239746,0.0111998915672302
2018-06-11,2.9475998878479,0.31029999256134,0.263000011444092,2.36089992523193,0.0133999586105347
2018-06-12,2.96219992637634,0.312700003385544,0.269899994134903,2.36450004577637,0.0150998830795288
2018-06-13,2.98900008201599,0.320600003004074,0.280400007963181,2.37030005455017,0.0177000164985657
2018-06-14,2.94199991226196,0.30469998717308,0.264099985361099,2.35890007019043,0.0142998695373535
2018-06-15,2.93339991569519,0.302000015974045,0.261000007390976,2.35669994354248,0.0136999487876892
2018-06-18,2.92759990692139,0.307099968194962,0.253800004720688,2.35520005226135,0.0114998817443848
2018-06-19,2.89479994773865,0.29789999127388,0.24079999327659601,2.3478000164032,0.00829994678497314
2018-06-20,2.9349000453949,0.311100006103516,0.254999995231628,2.35739994049072,0.0114001035690308
2018-06-21,2.90790009498596,0.300500005483627,0.2466000020504,2.35130000114441,0.00950008630752563
2018-06-22,2.90689992904663,0.299100026488304,0.246999993920326,2.3510000705719,0.00979983806610107
2018-06-25,2.88389992713928,0.293699979782104,0.237100005149841,2.34579992294312,0.00730001926422119
2018-06-26,2.88649988174438,0.295799970626831,0.237100005149841,2.34660005569458,0.00699985027313232
2018-06-27,2.84050011634827,0.277600020170212,0.222900003194809,2.33590006828308,0.00410002470016479
2018-06-28,2.85319995880127,0.282600030303001,0.226899996399879,2.33870005607605,0.00499987602233887
2018-06-29,2.85770010948181,0.284400016069412,0.228300005197525,2.33949995040894,0.00550013780593872
2018-07-02,2.86989998817444,0.29289998114109,0.229599997401237,2.34190011024475,0.00549989938735962
2018-07-03,2.83520007133484,0.280699983239174,0.217800006270409,2.33369994163513,0.00300014019012451
2018-07-05,2.83430004119873,0.280599996447563,0.217600002884865,2.33290004730225,0.0031999945640564
2018-07-06,2.81850004196167,0.276300013065338,0.211199998855591,2.32920002937317,0.00180000066757202
2018-07-09,2.85310006141663,0.290800005197525,0.221399992704391,2.33719992637634,0.0037001371383667
2018-07-10,2.86450004577637,0.295599982142448,0.224800005555153,2.33949995040894,0.00460010766983032
2018-07-11,2.8413999080658,0.287400022149086,0.216999992728233,2.33410000801086,0.0028998851776123
2018-07-12,2.84660005569458,0.291500017046928,0.217199996113777,2.33520007133484,0.00269997119903564
2018-07-13,2.82389998435974,0.283800005912781,0.209199994802475,2.32990002632141,9.9995732307434e-4
2018-07-16,2.84599995613098,0.294999971985817,0.214200004935265,2.33509993553162,0.00170004367828369
2018-07-17,2.85949993133545,0.299999982118607,0.218600004911423,2.33829998970032,0.00259995460510254
2018-07-18,2.86969995498657,0.300500005483627,0.224299997091293,2.34080004692078,0.00409990549087524
2018-07-19,2.8392000198364298,0.28829999268055,0.214900001883507,2.33380007743835,0.00219994783401489
2018-07-20,2.88849997520447,0.301400020718575,0.234599992632866,2.34590005874634,0.00659990310668945
2018-07-23,2.96199989318848,0.327600002288818,0.259400010108948,2.36319994926453,0.0117999315261841
2018-07-24,2.94849991798401,0.324400037527084,0.253699988126755,2.35980010032654,0.0105997920036316
2018-07-25,2.93350005149841,0.320800006389618,0.247500002384186,2.35599994659424,0.00920009613037109
2018-07-26,2.98110008239746,0.334700018167496,0.265899986028671,2.36700010299683,0.0134999752044678
2018-07-27,2.95679998397827,0.328500002622604,0.256000012159348,2.36089992523193,0.011400043964386
2018-07-30,2.97090005874634,0.33490002155304,0.259700000286102,2.3643000125885,0.0120000243186951
2018-07-31,2.94889998435974,0.32940000295639,0.250699996948242,2.35899996757507,0.0098000168800354
2018-08-01,2.99200010299683,0.341799974441528,0.267300009727478,2.36940002441406,0.0135000944137573
2018-08-02,2.97659993171692,0.336299985647202,0.261999994516373,2.3659999370575,0.0123000144958496
2018-08-03,2.9433000087738,0.326799988746643,0.24889999628067,2.3585000038147,0.00910001993179321
2018-08-06,2.93050003051758,0.324699983000755,0.24269999563694,2.35560011863708,0.00749993324279785
2018-08-07,2.96479988098145,0.335900008678436,0.255100011825562,2.36350011825562,0.0102997422218323
2018-08-08,2.96280002593994,0.335399985313416,0.254299998283386,2.36299991607666,0.0101001262664795
2018-08-09,2.92659997940063,0.326700001955032,0.238999992609024,2.35439991950989,0.00650006532669067
2018-08-10,2.86879992485046,0.305699989199638,0.219699993729591,2.34130001068115,0.00209993124008179
2018-08-13,2.87059998512268,0.305999979376793,0.220500007271767,2.34179997444153,0.00230002403259277
2018-08-14,2.88910007476807,0.315399974584579,0.224700003862381,2.34599995613098,0.00300014019012451
2018-08-15,2.85479998588562,0.301800012588501,0.214100003242493,2.33820009231567,6.9987773895263e-4
2018-08-16,2.86529994010925,0.306300014257431,0.217099994421005,2.34039998054504,0.00149995088577271
2018-08-17,2.86229991912842,0.305599987506866,0.215900003910065,2.33960008621216,0.00119984149932861
2018-08-20,2.8150999546051,0.294699981808662,0.195700004696846,2.32859992980957,-0.0038999617099762
2018-08-21,2.83500003814697,0.300799995660782,0.203099995851517,2.33319997787476,-0.00209993124008179
2018-08-22,2.81170010566711,0.291500017046928,0.195999994874001,2.32769989967346,-0.00349980592727661
2018-08-23,2.80710005760193,0.289599999785423,0.19480000436306,2.32629990577698,-0.0035998523235321
2018-08-24,2.81019997596741,0.29339998960495,0.194000005722046,2.32649993896484,-0.00369995832443237
2018-08-27,2.83349990844727,0.303300023078918,0.200800001621246,2.33189988136292,-0.00249999761581421
2018-08-28,2.87039995193481,0.317100018262863,0.212799996137619,2.34050011634827,-1.78813934326172e-7
2018-08-29,2.8724000453949,0.319000020623207,0.212699994444847,2.34050011634827,1.9991397857666e-4
2018-08-30,2.8429000377655,0.309599995613098,0.201900005340576,2.33369994163513,-0.00229990482330322
2018-08-31,2.84809994697571,0.309700012207031,0.204699993133545,2.33559989929199,-0.00189995765686035
2018-09-04,2.8884000778198202,0.324099987745285,0.218199998140335,2.3452000617981,9.0003013610839e-4
2018-09-05,2.89129996299744,0.325700014829636,0.218600004911423,2.34619998931885,7.9995393753051e-4
2018-09-06,2.8743999004364,0.319500029087067,0.212999999523163,2.34240007400513,-5.0020217895507e-4
2018-09-07,2.93359994888306,0.339100018143654,0.234300002455711,2.35570001602173,0.00449991226196289
2018-09-10,2.92540001869202,0.340700015425682,0.228400006890297,2.35319995880127,0.00310003757476807
2018-09-11,2.96499991416931,0.35269998013973197,0.243399992585182,2.36220002174377,0.00669991970062256
2018-09-12,2.9509000778198202,0.350099980831146,0.237100005149841,2.3585000038147,0.0052000880241394
2018-09-13,2.95469999313354,0.351400002837181,0.238399997353554,2.35929989814758,0.00560009479522705
2018-09-14,2.97959995269775,0.359800010919571,0.247299998998642,2.36479997634888,0.00769996643066406
2018-09-17,2.9779999256134,0.362599983811378,0.244299992918968,2.3643000125885,0.00679993629455566
2018-09-18,3.0346999168396,0.380800008773804,0.264800012111664,2.37779998779297,0.0112999081611633
2018-09-19,3.06290006637573,0.387700021266937,0.276600003242493,2.38459992408752,0.0140001177787781
2018-09-20,3.0576000213623,0.38730001449585,0.273699998855591,2.38319993019104,0.0134000778198242
2018-09-21,3.05270004272461,0.38730001449585,0.270799994468689,2.38199996948242,0.0126000642776489
2018-09-24,3.06319999694824,0.39180001616478,0.273799985647202,2.38450002670288,0.0130999684333801
2018-09-25,3.08080005645752,0.396299988031387,0.28099998831749,2.38860011100769,0.0148999691009521
2018-09-26,3.04870009422302,0.385300010442734,0.269899994134903,2.38109993934631,0.0124001502990723
2018-09-27,3.04220008850098,0.383800029754639,0.267199993133545,2.3793001174926798,0.0118999481201172
2018-09-28,3.03780007362366,0.380500018596649,0.266799986362457,2.37859988212585,0.0119001865386963
2018-10-01,3.07389998435974,0.394899994134903,0.277799993753433,2.38750004768372,0.0136999487876892
2018-10-02,3.04380011558533,0.387900024652481,0.264899998903275,2.38030004501343,0.0107000470161438
2018-10-03,3.13359999656677,0.414899975061417,0.298700004816055,2.4017000198364298,0.0182999968528748
2018-10-04,3.18449997901917,0.430399984121323,0.317699998617172,2.41380000114441,0.022599995136261
2018-10-05,3.2260000705719,0.440700024366379,0.334899991750717,2.42389988899231,0.0265001654624939
2018-10-09,3.19910001754761,0.438700020313263,0.32039999961853,2.41720008850098,0.0227999091148376
2018-10-10,3.21020007133484,0.440599977970123,0.325399994850159,2.4203999042511,0.0238001942634583
2018-10-11,3.14310002326965,0.420099973678589,0.300300002098083,2.40450000762939,0.0182000398635864
2018-10-12,3.1431999206543,0.420199990272522,0.300300002098083,2.40459990501404,0.0181000232696533
2018-10-15,3.15330004692078,0.426999986171722,0.301400005817413,2.40680003166199,0.0181000232696533
2018-10-16,3.14890003204346,0.425699979066849,0.299800008535385,2.40560007095337,0.017799973487854
2018-10-17,3.17860007286072,0.436000019311905,0.310099989175797,2.41249990463257,0.020000159740448
2018-10-18,3.16669988632202,0.431599974632263,0.306100010871887,2.41000008583069,0.0189998149871826
2018-10-19,3.19379997253418,0.441700011491776,0.314900010824203,2.416100025177,0.0210999250411987
2018-10-22,3.18840003013611,0.441600024700165,0.311800003051758,2.41470003128052,0.0202999711036682
2018-10-23,3.16440010070801,0.432500034570694,0.303999990224838,2.40949988365173,0.0184001922607422
2018-10-24,3.09360003471375,0.408600002527237,0.278899997472763,2.39350008964539,0.0125999450683594
2018-10-25,3.13439989089966,0.421300023794174,0.293999999761581,2.40319991111755,0.0158999562263489
2018-10-26,3.06970000267029,0.400699973106384,0.27020001411438,2.3884000778198202,0.0103999376296997
2018-10-29,3.07480001449585,0.404599994421005,0.270300000905991,2.38980007171631,0.0100999474525452
2018-10-30,3.11269998550415,0.415600001811981,0.284900009632111,2.39869999885559,0.0134999752044678
2018-10-31,3.1515998840332,0.428599983453751,0.298700004816055,2.40759992599487,0.0166999697685242
2018-11-01,3.14129996299744,0.424300014972687,0.29559999704361,2.40549993515015,0.0159000158309937
2018-11-02,3.2140998840332,0.448500007390976,0.321599990129471,2.42219996452332,0.0217999219894409
2018-11-05,3.19519996643066,0.446000009775162,0.312299996614456,2.41729998588562,0.019599974155426
2018-11-06,3.21079993247986,0.452899962663651,0.316700011491776,2.42059993743896,0.0206000208854675
2018-11-07,3.21600008010864,0.454700022935867,0.318699985742569,2.42140007019043,0.0212000012397766
2018-11-08,3.23340010643005,0.461899995803833,0.324000000953674,2.42490005493164,0.0226000547409058
2018-11-09,3.19079995155334,0.447200000286102,0.30919998884201,2.41519999504089,0.0191999673843384
2018-11-13,3.13590002059937,0.431700021028519,0.287499994039536,2.4028000831604,0.0138999223709106
2018-11-14,3.11570000648499,0.42399999499321,0.280800014734268,2.39869999885559,0.0121999979019165
2018-11-15,3.10509991645813,0.419100016355515,0.277900010347366,2.39669990539551,0.0113999843597412
2018-11-16,3.0725998878479,0.405599981546402,0.268099993467331,2.38969993591309,0.00919997692108154
2018-11-19,3.06340003013611,0.404399961233139,0.263200014829636,2.38820004463196,0.00760000944137573
2018-11-20,3.06660008430481,0.40530002117157,0.264400005340576,2.38910007476807,0.00779998302459717
2018-11-21,3.07439994812012,0.409500002861023,0.266099989414215,2.39070010185242,0.00809985399246216
2018-11-23,3.06220006942749,0.404300034046173,0.262499988079071,2.38800001144409,0.0074000358581543
2018-11-26,3.07550001144409,0.413199990987778,0.264200001955032,2.39050006866455,0.00759994983673096
2018-11-27,3.07089996337891,0.41090002655983,0.263099998235703,2.38949990272522,0.0074000358581543
2018-11-28,3.04629993438721,0.404199987649918,0.2533999979496,2.38339996337891,0.00529998540878296
2018-11-29,3.02710008621216,0.397299990057945,0.246999993920326,2.37879991531372,0.00400018692016602
2018-11-30,3.0081000328064,0.39089997112751,0.24040000140667,2.37420010566711,0.00259995460510254
2018-12-03,2.98699998855591,0.391499981284142,0.227599993348122,2.36870002746582,-8.0001354217529e-4
2018-12-04,2.90610003471375,0.371200025081635,0.1942999958992,2.34910011291504,-0.00850009918212891
2018-12-06,2.87080001831055,0.358199968934059,0.182600006461143,2.34109997749329,-0.0110999345779419
2018-12-07,2.84220004081726,0.345799997448921,0.174300000071526,2.33509993553162,-0.0129998922348022
2018-12-10,2.84319996833801,0.347100034356117,0.173899993300438,2.33540010452271,-0.0132001638412476
2018-12-11,2.88499999046326,0.362299978733063,0.187900006771088,2.34470009803772,-0.00990009307861328
2018-12-12,2.89949989318848,0.366799980401993,0.193399995565414,2.34800004959106,-0.00870013236999512
2018-12-13,2.88499999046326,0.362300008535385,0.187999993562698,2.34450006484985,-0.00980007648468018
2018-12-14,2.86800003051758,0.356199994683266,0.182199999690056,2.34089994430542,-0.0112999081611633
2018-12-17,2.83419990539551,0.343699976801872,0.170900002121925,2.33349990844727,-0.0138999819755554
2018-12-18,2.80310010910034,0.331900000572205,0.160699993371964,2.32680010795593,-0.0162999927997589
2018-12-19,2.75300002098083,0.317899987101555,0.141100004315376,2.31480002403259,-0.020799994468689
2018-12-20,2.77920007705688,0.327899992465973,0.149599999189377,2.32069993019104,-0.018999844789505
2018-12-21,2.77600002288818,0.324499994516373,0.150000005960464,2.32049989700317,-0.0189998745918274
2018-12-24,2.73329997062683,0.308100014925003,0.136099994182587,2.31139993667603,-0.0222999751567841
2018-12-26,2.8034999370575,0.330799981951714,0.161400005221367,2.32789993286133,-0.0165999829769135
2018-12-27,2.76670002937317,0.310999989509583,0.153400003910065,2.32039999961853,-0.0180999636650085
2018-12-28,2.72320008277893,0.294799998402596,0.13910000026226,2.31080007553101,-0.0214999914169312
2018-12-31,2.69490003585815,0.295199990272522,0.1216000020504,2.30469989776611,-0.0265998542308807
2019-01-02,2.65910005569458,0.281699985265732,0.110100001096725,2.29629993438721,-0.0289998650550842
2019-01-03,2.55649995803833,0.241600006818771,0.0776000022888184,2.27340006828308,-0.0361001193523407
2019-01-04,2.65569996833801,0.278899997472763,0.110100001096725,2.29559993743896,-0.0288999676704407
2019-01-07,2.69079995155334,0.295899987220764,0.118900001049042,2.30299997329712,-0.0270000100135803
2019-01-08,2.71189999580383,0.30519999563694,0.125100001692772,2.30690002441406,-0.0253000259399414
2019-01-09,2.72160005569458,0.304299980401993,0.131500005722046,2.30960011482239,-0.0238000452518463
2019-01-10,2.7279999256134,0.303700000047684,0.135600000619888,2.31139993667603,-0.0227000117301941
2019-01-11,2.69549989700317,0.290999978780746,0.125400006771088,2.30390000343323,-0.0248000919818878
2019-01-14,2.70560002326965,0.296499997377396,0.12729999423027,2.30660009384155,-0.0248000621795654
2019-01-15,2.71479988098145,0.299300000071526,0.130700007081032,2.30900001525879,-0.0242001414299011
2019-01-16,2.72230005264282,0.297599986195564,0.136399999260902,2.31060004234314,-0.0222999751567841
2019-01-17,2.74839997291565,0.306800007820129,0.145500004291534,2.31620001792908,-0.0201000571250916
2019-01-18,2.77620005607605,0.31700000166893,0.155000001192093,2.32189989089966,-0.0176998376846313
2019-01-22,2.73210000991821,0.305400013923645,0.137199997901917,2.31150007247925,-0.0220000743865967
2019-01-23,2.74329996109009,0.309599995613098,0.140799999237061,2.31410002708435,-0.0212000608444214
2019-01-24,2.70989990234375,0.296500012278557,0.130300000309944,2.30649995803833,-0.0234000682830811
2019-01-25,2.74130010604858,0.307700008153915,0.141000002622604,2.31360006332397,-0.0209999680519104
2019-01-28,2.73580002784729,0.307200014591217,0.138099998235703,2.31220006942749,-0.0217000544071198
2019-01-29,2.69930005073547,0.296300008893013,0.124200001358986,2.30380010604858,-0.0250000655651093
2019-01-30,2.6761999130249,0.284500010311604,0.118600003421307,2.29949998855591,-0.026400089263916
2019-01-31,2.61350011825562,0.259399987757206,0.099200002849102,2.28559994697571,-0.0306998193264008
2019-02-01,2.68549990653992,0.281899988651276,0.125900000333786,2.30209994316101,-0.0244000256061554
2019-02-04,2.72009992599487,0.295500010251999,0.136700004339218,2.3099000453949,-0.0220001339912415
2019-02-05,2.69779992103577,0.290399998426437,0.12720000743866,2.30460000038147,-0.0244000852108002
2019-02-06,2.68919992446899,0.287900008261204,0.123800002038479,2.30279994010925,-0.0253000259399414
2019-02-07,2.64520001411438,0.272900000214577,0.108400002121925,2.292799949646,-0.0288999378681183
2019-02-08,2.62969994544983,0.267799995839596,0.102700002491474,2.28940010070801,-0.0302001535892487
2019-02-11,2.65450000762939,0.279400005936623,0.109099999070168,2.29509997367859,-0.0290999710559845
2019-02-12,2.67829990386963,0.284899987280369,0.119300000369549,2.30060005187988,-0.0265001356601715
2019-02-13,2.70199990272522,0.29559999704361,0.125900000333786,2.30539989471436,-0.0248999893665314
2019-02-14,2.65510010719299,0.280800007283688,0.108599998056889,2.29460000991821,-0.0288999080657959
2019-02-15,2.6570999622345,0.280400015413761,0.110299997031689,2.29480004310608,-0.0284000933170319
2019-02-19,2.6414999961853,0.278399989008904,0.102300003170967,2.29119992256165,-0.0303999185562134
2019-02-20,2.63940000534058,0.277300015091896,0.101899996399879,2.29080009460449,-0.0306001007556915
2019-02-21,2.67960000038147,0.289400011301041,0.11710000038147,2.30010008811951,-0.0270000994205475
2019-02-22,2.65009999275208,0.277700014412403,0.107799999415874,2.29380011558533,-0.0292001366615295
2019-02-25,2.66519999504089,0.283500015735626,0.11259999871254,2.29739999771118,-0.028300017118454
2019-02-26,2.63429999351501,0.273800015449524,0.101099997758865,2.29029989242554,-0.0308999121189117
2019-02-27,2.68950009346008,0.291000008583069,0.121399998664856,2.30360007286072,-0.0264999866485596
2019-02-28,2.72959995269775,0.299500003457069,0.13910000026226,2.3131000995636,-0.0221001505851746
2019-03-01,2.76209998130798,0.310699999332428,0.150499999523163,2.32019996643066,-0.0192999839782715
2019-03-04,2.72370004653931,0.302900016307831,0.133399993181229,2.31089997291565,-0.0234999358654022
2019-03-05,2.71880006790161,0.301499992609024,0.131500005722046,2.30960011482239,-0.0238000452518463
2019-03-06,2.68400001525879,0.290400013327599,0.11879999935627,2.30170011520386,-0.0269001126289368
2019-03-07,2.63649988174438,0.273800000548363,0.102300003170967,2.291100025177,-0.030700147151947
2019-03-08,2.61700010299683,0.267900004982948,0.0948999971151352,2.28670001029968,-0.0324999094009399
2019-03-11,2.63450002670288,0.276099994778633,0.0993999987840652,2.29069995880127,-0.031699925661087
2019-03-12,2.60409998893738,0.265600010752678,0.0887999981641769,2.28379988670349,-0.0340999066829681
2019-03-13,2.60610008239746,0.266200006008148,0.089599996805191,2.28430008888245,-0.0340000092983246
2019-03-14,2.62770009040833,0.271300002932549,0.0987000018358231,2.28949999809265,-0.0317999124526978
2019-03-15,2.59310007095337,0.260400004684925,0.0859000012278557,2.28139996528625,-0.0345999002456665
2019-03-18,2.60439991950989,0.263199985027313,0.0907000005245209,2.28390002250671,-0.0334000885486603
2019-03-19,2.61509990692139,0.267499998211861,0.0939999967813492,2.28640007972717,-0.032800167798996
2019-03-20,2.54419994354248,0.241399988532066,0.0705000013113022,2.27029991149902,-0.0379999577999115
2019-03-21,2.54579997062683,0.242799997329712,0.0703999996185303,2.27080011367798,-0.0382001399993896
2019-03-22,2.45619988441467,0.211300011724234,0.0395000018179417,2.25079989433289,-0.0454000234603882
2019-03-25,2.44219994544983,0.205800004303455,0.0346999987959862,2.24869990348816,-0.0469999611377716
2019-03-26,2.42490005493164,0.199800003319979,0.0284000001847744,2.24530005455017,-0.0486000031232834
2019-03-27,2.40809988975525,0.191300002858043,0.0244999993592501,2.24160003662109,-0.0493001490831375
2019-03-28,2.4135000705719,0.191500002518296,0.0277999993413687,2.24239993095398,-0.048199862241745
2019-03-29,2.41810011863708,0.194699995219707,0.0285999998450279,2.2425000667572,-0.0476999431848526
2019-04-01,2.50209999084473,0.222800008952618,0.0584999993443489,2.26169991493225,-0.040899932384491
2019-04-02,2.4865999221801798,0.216200012713671,0.0540000014007092,2.25819993019104,-0.0418000221252441
2019-04-03,2.52940011024475,0.228700011968613,0.0703999996185303,2.26830005645752,-0.0379999577999115
2019-04-04,2.52209997177124,0.227699995040894,0.0667999982833862,2.26640009880066,-0.0388001203536987
2019-04-05,2.50990009307861,0.225100010633469,0.061599999666214,2.2632999420166,-0.0400998592376709
2019-04-08,2.52710008621216,0.232800014317036,0.0662999972701073,2.2671000957489,-0.0391000211238861
2019-04-09,2.50979995727539,0.225300010293722,0.0614000000059605,2.26320004463196,-0.04010009765625
2019-04-10,2.47679996490479,0.214699998497963,0.0493000000715256,2.25559997558594,-0.0428000092506409
2019-04-11,2.51200008392334,0.225999992340803,0.0621999986469746,2.26379990577698,-0.0399998128414154
2019-04-12,2.56870007514954,0.245200000703335,0.0821999981999397,2.27649998664856,-0.035199910402298
2019-04-15,2.5581998825073202,0.241000011563301,0.0790999978780746,2.27390003204346,-0.0358001589775085
2019-04-16,2.59969997406006,0.254199996590614,0.094200000166893,2.2836000919342,-0.0323001146316528
2019-04-17,2.60249996185303,0.254300013184547,0.0957999974489212,2.28449988365173,-0.0320999324321747
2019-04-18,2.57130002975464,0.244699992239475,0.0841000005602837,2.2771999835968,-0.034699946641922
2019-04-22,2.59929990768433,0.252399995923042,0.095100000500679,2.28419995307922,-0.0324000418186188
2019-04-23,2.58109998703003,0.244700014591217,0.089599996805191,2.2804000377655,-0.0336000621318817
2019-04-24,2.53340005874634,0.229500010609627,0.0720999985933304,2.26950001716614,-0.037699967622757
2019-04-25,2.54460000991821,0.233400002121925,0.0759000033140182,2.27220010757446,-0.0369001030921936
2019-04-26,2.51600003242493,0.223299995064735,0.0659999996423721,2.26600003242493,-0.0392999947071075
2019-04-29,2.55170011520386,0.234700001776218,0.0789000019431114,2.27469992637634,-0.0365998148918152
2019-04-30,2.52020001411438,0.223099984228611,0.0683000013232231,2.26780009269714,-0.0390000641345978
2019-05-01,2.53570008277893,0.227400004863739,0.0746999979019165,2.27090001106262,-0.0372999310493469
2019-05-02,2.56920003890991,0.240200012922287,0.0855000019073486,2.27830004692078,-0.0348000228404999
2019-05-03,2.542799949646,0.233199991285801,0.0750999972224236,2.27160000801086,-0.0371000468730927
2019-05-06,2.51290011405945,0.223800010979176,0.0640000030398369,2.26480007171631,-0.0396999716758728
2019-05-07,2.46490001678467,0.209100011736155,0.046000000089407,2.25370001792908,-0.0439000129699707
2019-05-08,2.50069999694824,0.218800015747547,0.060199998319149003,2.26230001449585,-0.0406000316143036
2019-05-09,2.46390008926392,0.208199996501207,0.0458999983966351,2.25379991531372,-0.0439998209476471
2019-05-10,2.47900009155273,0.21179998666048,0.0522999987006187,2.25740003585815,-0.0424999296665192
2019-05-13,2.41199994087219,0.185300000011921,0.031199999153614,2.24270009994507,-0.0472001582384109
2019-05-14,2.43560004234314,0.193300005048513,0.0394000001251698,2.24839997291565,-0.0454999357461929
2019-05-15,2.39190006256104,0.179200002923608,0.0233999993652105,2.23860001564026,-0.049299955368042
2019-05-16,2.41720008850098,0.187399998307228,0.0324999988079071,2.24460005760193,-0.0472999662160873
2019-05-17,2.41170001029968,0.184600003063679,0.031300000846386,2.24329996109009,-0.04749995470047
2019-05-20,2.43510007858276,0.192299995571375,0.0397999994456768,2.24839997291565,-0.0453998893499374
2019-05-21,2.45120000839233,0.198699995875359,0.0450000017881393,2.25149989128113,-0.0439998805522919
2019-05-22,2.41479992866516,0.185900002717972,0.032600000500679,2.24300003051758,-0.0467001050710678
2019-05-23,2.33360004425049,0.158300003968179,0.00389999989420176,2.22469997406006,-0.0532999336719513
2019-05-24,2.34200000762939,0.160799997858703,0.00719999987632036,2.22650003433228,-0.0525000244379044
2019-05-28,2.28520011901855,0.142000006511807,-0.0131000000983477,2.21329998970032,-0.0569998770952225
2019-05-29,2.26670002937317,0.136600002646446,-0.0201999992132187,2.20900011062622,-0.0587000846862793
2019-05-30,2.23589992523193,0.12950000166893,-0.0333999991416931,2.20190000534058,-0.0621000826358795
2019-05-31,2.15359997749329,0.0964000001549721,-0.058899998664856,2.18379998207092,-0.0677000060677528
2019-06-03,2.07949995994568,0.0640000011771917,-0.0802000015974045,2.16810011863708,-0.0724001582711935
2019-06-04,2.14759993553162,0.0825000014156103,-0.0531000010669231,2.18449997901917,-0.066300043836236
2019-06-05,2.14439988136292,0.0742000006139278,-0.0493000000715256,2.18470001220703,-0.0652001313865185
2019-06-06,2.15899991989136,0.075399998575449,-0.0412999987602234,2.18779993057251,-0.0629000104963779
2019-06-07,2.11190009117126,0.0537999983498594,-0.0535999983549118,2.17650008201599,-0.0647999908396741
2019-06-10,2.1735999584198,0.0778000019490719,-0.034000001847744,2.19050002098083,-0.0607000626623631
2019-06-11,2.17549991607666,0.0797000005841255,-0.0340999998152256,2.19050002098083,-0.0606001056730747
2019-06-12,2.14610004425049,0.0681000016629696,-0.0434000007808208,2.18409991264343,-0.0626998692750931
2019-06-13,2.11649990081787,0.0550999992992729,-0.0518999993801117,2.17790007591248,-0.0646001750137657
2019-06-14,2.11899995803833,0.0562999988906085,-0.0511999987065792,2.17829990386963,-0.0643999460153282
2019-06-17,2.11260008811951,0.0578000016976148,-0.0560000017285347,2.17630004882812,-0.0654999606776983
2019-06-18,2.07349991798401,0.0479000024497509,-0.0719000026583672,2.16659998893738,-0.0691000707447529
2019-06-19,2.03730010986328,0.0227999985218048,-0.0756999999284744,2.15960001945496,-0.0693999081850052
2019-06-20,2.01600003242493,0.00609999895095825,-0.0763999968767166,2.15499997138977,-0.0686999410390854
2019-06-21,2.08979988098145,0.0275999996811152,-0.0480000004172325,2.17239999771118,-0.062200115993619
2019-06-24,2.041100025177,0.0175999961793423,-0.0697999969124794,2.16109991073608,-0.0677998848259449
2019-06-25,2.02469992637634,0.0135000050067902,-0.0767000019550323,2.15750002861023,-0.0696001052856445
2019-06-26,2.07450008392334,0.0330999977886677,-0.061099998652935,2.16849994659424,-0.0659998618066311
2019-06-27,2.03640007972717,0.0214000009000301,-0.0753000006079674,2.1596999168396,-0.0693998374044895
2019-06-28,2.02489995956421,0.0158999972045422,-0.0781999975442886,2.15700006484985,-0.0698001049458981
2019-07-01,2.05640006065369,0.0260000005364418,-0.066600002348423,2.16420006752014,-0.0672000050544739
2019-07-02,2.00720000267029,0.00999999791383743,-0.0842999964952469,2.15249991416931,-0.070999912917614
2019-07-03,1.97599995136261,0.00190000236034393,-0.0967999994754791,2.144700050354,-0.0738001018762589
2019-07-05,2.06049990653992,0.0378999970853329,-0.0720999985933304,2.16310000419617,-0.0684000961482525
2019-07-08,2.06240010261536,0.0396000035107136,-0.0719000026583672,2.16280007362366,-0.0680999718606472
2019-07-09,2.07979989051819,0.0469000022858381,-0.066600002348423,2.16630005836487,-0.0668001677840948
2019-07-10,2.06649994850159,0.0293000005185604,-0.0623000003397465,2.16470003128052,-0.0652000829577446
2019-07-11,2.13520002365112,0.0499999998137355,-0.0364999994635582,2.18120002746582,-0.0595000041648746
2019-07-12,2.12730002403259,0.044000000692904,-0.0370000004768372,2.17980003356934,-0.05950000975281
2019-07-15,2.10739994049072,0.0356000000610948,-0.0427000001072884,2.17510008811951,-0.0606001475825906
2019-07-16,2.13870000839233,0.0467999996617436,-0.0320999994874001,2.18199992179871,-0.0579999135807157
2019-07-17,2.07789993286133,0.0262999981641769,-0.0533999986946583,2.16759991645813,-0.0625999830663204
2019-07-18,2.03889989852905,0.00840000063180923,-0.063900001347065,2.15939998626709,-0.0650000870227814
2019-07-19,2.05290007591248,0.0153999999165535,-0.0606000013649464,2.16240000724792,-0.0642999298870564
2019-07-22,2.05890011787415,0.0222999975085258,-0.061999998986721,2.16370010375977,-0.0650999844074249
2019-07-23,2.0813000202179,0.0324000008404255,-0.0560000017285347,2.16890001296997,-0.063999991863966
2019-07-24,2.06229996681213,0.0274999961256981,-0.0636999979615211,2.16429996490479,-0.0657999962568283
2019-07-25,2.08480000495911,0.0358000006526709,-0.0562000013887882,2.16910004615784,-0.0639000404626131
2019-07-26,2.08669996261597,0.0394000001251698,-0.0575000010430813,2.16919994354248,-0.0643999800086021
2019-07-29,2.06609988212585,0.0319999977946281,-0.0644999966025352,2.16449999809265,-0.0659001171588898
2019-07-30,2.06360006332397,0.0278999991714954,-0.062899999320507,2.16389989852905,-0.0652998350560665
2019-07-31,2.03340005874634,0.0249000005424023,-0.0782999992370605,2.15549993515015,-0.0686998777091503
2019-08-01,1.90230000019073,-0.0250999927520752,-0.120700001716614,2.12619996070862,-0.0780999660491943
2019-08-02,1.8688999414444,-0.037200003862381,-0.1317999958992,2.11840009689331,-0.0805001556873322
2019-08-05,1.76129996776581,-0.0759000033140182,-0.168200001120567,2.09409999847412,-0.0887000262737274
2019-08-06,1.73230004310608,-0.0829000025987625,-0.180399999022484,2.08730006217957,-0.09170001745224
2019-08-07,1.71800005435944,-0.0928000062704086,-0.181700006127357,2.08410000801086,-0.0915999412536621
2019-08-08,1.72329998016357,-0.0893000215291977,-0.180899992585182,2.08470010757446,-0.0912001132965088
2019-08-09,1.74930000305176,-0.082100018858909607,-0.170499995350838,2.09050011634827,-0.0886000990867615
2019-08-12,1.65910005569458,-0.110400006175041,-0.203600004315376,2.06909990310669,-0.0959998369216919
2019-08-13,1.692999958992,-0.0937000215053558,-0.194999992847443,2.07550001144409,-0.0938000380992889
2019-08-14,1.61660003662109,-0.120800003409386,-0.220599994063377,2.05719995498657,-0.0991999208927155
2019-08-15,1.54209995269775,-0.153099998831749,-0.241799995303154,2.04060006141663,-0.103600114583969
2019-08-16,1.56459999084473,-0.150100007653236,-0.230900004506111,2.04649996757507,-0.100899964570999
2019-08-19,1.61839997768402,-0.127700001001358,-0.215000003576279,2.05890011787415,-0.0978001356124878
2019-08-20,1.57509994506836,-0.142599999904633,-0.230199992656708,2.0492000579834,-0.101300120353699
2019-08-21,1.61530005931854,-0.127500012516975,-0.216999992728233,2.0581998825073202,-0.098399817943573
2019-08-22,1.63849997520447,-0.118099987506866,-0.209800004959106,2.06319999694824,-0.0968000292778015
2019-08-23,1.54419994354248,-0.151300013065338,-0.24210000038147,2.04150009155273,-0.103900134563446
2019-08-26,1.56789994239807,-0.14130000770092,-0.235200002789497,2.04690003395081,-0.102500081062317
2019-08-27,1.51279997825623,-0.151899993419647,-0.260199993848801,2.03349995613098,-0.108599990606308
2019-08-28,1.494500041008,-0.162300020456314,-0.263599991798401,2.02940011024475,-0.10900005698204
2019-08-29,1.52439999580383,-0.153500020503998,-0.252099990844727,2.03620004653931,-0.106200039386749
2019-08-30,1.52810001373291,-0.154300004243851,-0.249500006437302,2.03769993782043,-0.105799913406372
2019-09-03,1.50339996814728,-0.164900004863739,-0.2567999958992,2.0327000617981,-0.107600092887878
2019-09-04,1.4922000169754,-0.171000003814697,-0.259400010108948,2.03080010414124,-0.108200073242188
2019-09-05,1.59440004825592,-0.136900007724762,-0.222900003194809,2.05410003662109,-0.0998999774456024
2019-09-06,1.58080005645752,-0.140900000929832,-0.228000000119209,2.05049991607666,-0.100799858570099
2019-09-09,1.65320003032684,-0.120099991559982,-0.19990000128746,2.06730008125305,-0.0941000580787659
2019-09-10,1.73950004577637,-0.0901999920606613,-0.169799998402596,2.08660006523132,-0.0871000289916992
2019-09-11,1.76419997215271,-0.084199994802475,-0.159299999475479,2.09220004081726,-0.0845000743865967
2019-09-12,1.80480003356934,-0.0687000006437302,-0.146099999547005,2.10109996795654,-0.0814999341964722
2019-09-13,1.91050004959106,-0.033100001513958,-0.10869999974966,2.12520003318787,-0.0728999823331833
2019-09-16,1.85199999809265,-0.0503000020980835,-0.131099998950958,2.11139988899231,-0.0779998898506165
2019-09-17,1.82560002803802,-0.0584999918937683,-0.141000002622604,2.10560011863708,-0.0805000960826874
2019-09-18,1.83369994163513,-0.0567000061273575,-0.137299999594688,2.10710000991821,-0.0794000625610352
2019-09-19,1.80429995059967,-0.0645999908447266,-0.149000003933907,2.09999990463257,-0.0820999592542648
2019-09-20,1.75240004062653,-0.0819000005722046,-0.167500004172325,2.08800005912781,-0.086200013756752
2019-09-23,1.73080003261566,-0.0866000056266785,-0.177100002765656,2.08319997787476,-0.0886999368667603
2019-09-24,1.65859997272491,-0.111500009894371,-0.202299997210503,2.06699991226196,-0.0945999324321747
2019-09-25,1.74339997768402,-0.0869000107049942,-0.169599995017052,2.08689999580383,-0.0870000123977661
2019-09-26,1.72449994087219,-0.0946999937295914,-0.174999997019768,2.08209991455078,-0.0878999829292297
2019-09-27,1.707200050354,-0.105099990963936,-0.17790000140667,2.07850003242493,-0.0882999897003174
2019-09-30,1.69780004024506,-0.111000016331673,-0.179299995303154,2.07649993896484,-0.0883998870849609
2019-10-01,1.67149996757507,-0.124099984765053,-0.1858000010252,2.07119989395142,-0.0897999405860901
2019-10-02,1.62430000305176,-0.148499980568886,-0.196600005030632,2.06139993667603,-0.0919999480247498
2019-10-03,1.56029999256134,-0.18299999833107,-0.210299998521805,2.04800009727478,-0.0944001078605652
2019-10-04,1.53929996490479,-0.190799996256828,-0.216999992728233,2.042799949646,-0.0956999957561493
2019-10-07,1.57700002193451,-0.16839998960495,-0.210500001907349,2.05069994926453,-0.0947999358177185
2019-10-08,1.5595999956131,-0.17849999666214,-0.213699996471405,2.04719996452332,-0.0953999757766724
2019-10-09,1.60679996013641,-0.164000019431114,-0.195999994874001,2.05800008773804,-0.0912001132965088
2019-10-10,1.67739999294281,-0.142899990081787,-0.168999999761581,2.07389998435974,-0.0846000015735626
2019-10-11,1.77190005779266,-0.11259999871254,-0.134200006723404,2.09489989280701,-0.0761998295783997
2019-10-15,1.77760004997253,-0.112700000405312,-0.13060000538826,2.09579992294312,-0.0748998671770096
2019-10-16,1.75680005550385,-0.124199986457825,-0.134700000286102,2.0913999080658,-0.0756998658180237
2019-10-17,1.76320004463196,-0.12389999628067,-0.131099998950958,2.09279990196228,-0.0745998620986938
2019-10-18,1.76250004768372,-0.12550000846386,-0.130500003695488,2.09299993515015,-0.0744998753070831
2019-10-21,1.80499994754791,-0.109899997711182,-0.116400003433228,2.10279989242554,-0.0714999437332153
2019-10-22,1.78620004653931,-0.11599999666214,-0.123099997639656,2.09820008277893,-0.0729000419378281
2019-10-23,1.77450001239777,-0.120099991559982,-0.127100005745888,2.09540009498596,-0.0737000852823257
2019-10-24,1.78050005435944,-0.116699993610382,-0.126000002026558,2.09680008888245,-0.0736000388860703
2019-10-25,1.80690002441406,-0.106100007891655,-0.117799997329712,2.10249996185303,-0.071699932217598
2019-10-28,1.86000001430511,-0.0917999967932701,-0.096500001847744,2.11509990692139,-0.0667998939752579
2019-10-29,1.85570001602173,-0.0948999971151352,-0.096900001168251,2.11409997940063,-0.06659996509552
2019-10-30,1.79809999465942,-0.114699997007847,-0.116800002753735,2.10050010681152,-0.0709001123905182
2019-10-31,1.70770001411438,-0.150299996137619,-0.145099997520447,2.08019995689392,-0.0770999491214752
2019-11-01,1.73280000686646,-0.144200012087822,-0.134399995207787,2.08579993247986,-0.0743999183177948
2019-11-04,1.79089999198914,-0.124700002372265,-0.113799996674061,2.09920001029968,-0.0698000192642212
2019-11-05,1.86930000782013,-0.100400008261204,-0.0847999975085258,2.11759996414185,-0.0630999505519867
2019-11-06,1.8319000005722,-0.112999990582466,-0.097900003194809,2.10879993438721,-0.0659999400377274
2019-11-07,1.94739997386932,-0.0769999995827675,-0.0551000013947487,2.13579988479614,-0.0562999099493027
2019-11-08,1.96730005741119,-0.0721000023186207,-0.046900000423193,2.14050006866455,-0.0542000085115433
2019-11-12,1.94799995422363,-0.0770999975502491,-0.0548000000417233,2.13610005378723,-0.0562001019716263
2019-11-13,1.90760004520416,-0.0897000059485435,-0.0697999969124794,2.12689995765686,-0.0597999095916748
2019-11-14,1.85309994220734,-0.10810000449419,-0.089199997484684,2.11459994316101,-0.0641999989748001
2019-11-15,1.86440002918243,-0.102299995720387,-0.0865999981760979,2.11700010299683,-0.0637000799179077
2019-11-18,1.83729994297028,-0.111399993300438,-0.0961000025272369,2.11069989204407,-0.0658999532461166
2019-11-19,1.8154000043869,-0.11710000038147,-0.104900002479553,2.10520005226135,-0.0678000450134277
2019-11-20,1.76349997520447,-0.132800005376339,-0.124399997293949,2.09299993515015,-0.0722999572753906
2019-11-21,1.80019998550415,-0.119099996984005,-0.112300001084805,2.10130000114441,-0.0697000175714493
2019-11-22,1.79789996147156,-0.118700005114079,-0.113799996674061,2.10030007362366,-0.0699001103639603
2019-11-25,1.78939998149872,-0.118499994277954,-0.119000002741814,2.09800004959106,-0.0711000710725784
2019-11-26,1.76339995861053,-0.124999985098839,-0.129800006747246,2.09200000762939,-0.0738000571727753
2019-11-27,1.7985999584198,-0.111800007522106,-0.118299998342991,2.09990000724792,-0.071200042963028
2019-11-29,1.80999994277954,-0.109499998390675,-0.113300003111362,2.1029999256134,-0.0701999813318253
2019-12-02,1.86199998855591,-0.0972000062465668,-0.0916000008583069,2.1159999370575,-0.0651999413967133
2019-12-03,1.7496999502182,-0.138199999928474,-0.12890000641346,2.09019994735718,-0.0733999907970428
2019-12-04,1.79729998111725,-0.124099992215633,-0.110600002110004,2.1010000705719,-0.0690000951290131
2019-12-05,1.82509994506836,-0.11769999563694,-0.0986000001430511,2.10750007629395,-0.0661001354455948
2019-12-06,1.86660003662109,-0.103700004518032,-0.0838999971747398,2.11669993400574,-0.0624998956918716
2019-12-09,1.85909998416901,-0.103199996054173,-0.0886000022292137,2.11459994316101,-0.0636999607086182
2019-12-10,1.86660003662109,-0.100499995052814,-0.0859000012278557,2.11590003967285,-0.0629000067710876
2019-12-11,1.81630003452301,-0.114600002765656,-0.105599999427795,2.10400009155273,-0.0675000548362732
2019-12-12,1.92229998111725,-0.0839999988675117,-0.0646999999880791,2.12910008430481,-0.0581001043319702
2019-12-13,1.84930002689362,-0.108500003814697,-0.0904999971389771,2.11220002174377,-0.0638999938964844
2019-12-16,1.9099999666214,-0.0878999903798103,-0.069300003349781,2.12649989128113,-0.0592999309301376
2019-12-17,1.91100001335144,-0.0879999995231628,-0.0687000006437302,2.12689995765686,-0.0591999441385269
2019-12-18,1.95000004768372,-0.0777999944984913,-0.0531000010669231,2.13649988174438,-0.0555998384952545
2019-12-19,1.94700002670288,-0.0808999985456467,-0.0527999997138977,2.1363000869751,-0.0556000620126724
2019-12-20,1.95469999313354,-0.0775999948382378,-0.0505999997258186,2.13820004463196,-0.0553000569343567
2019-12-23,1.96329998970032,-0.0714999958872795,-0.0498000010848045,2.13980007171631,-0.0552000850439072
2019-12-24,1.9375,-0.0789999961853027,-0.0599000006914139,2.13420009613037,-0.0578000992536545
2019-12-26,1.93659996986389,-0.0787000060081482,-0.060699999332428,2.1340000629425,-0.0580000877380371
2019-12-27,1.91340005397797,-0.0899000018835068,-0.0666999965906143,2.12940001487732,-0.0593999624252319
2019-12-30,1.92770004272461,-0.0860000029206276,-0.0612000003457069,2.13339996337891,-0.0584999173879623
2019-12-31,1.95589995384216,-0.0785000026226044,-0.0500999987125397,2.14050006866455,-0.0560001134872437
2020-01-02,1.91079998016357,-0.0947999954223633,-0.0649999976158142,2.12969994544983,-0.0590999722480774
2020-01-03,1.83350002765656,-0.120799995958805,-0.0922000035643578,2.1115999221801798,-0.0650998950004578
2020-01-06,1.84440004825592,-0.11599999666214,-0.0891000032424927,2.11409997940063,-0.0645999312400818
2020-01-07,1.86409997940063,-0.110299997031689,-0.0816000029444695,2.11879992485046,-0.062799945473671
2020-01-08,1.90559995174408,-0.0972999930381775,-0.066200003027916,2.12829995155334,-0.0592000037431717
2020-01-09,1.8856999874115,-0.103399999439716,-0.0736000016331673,2.12360000610352,-0.060900017619133
2020-01-10,1.8561999797821,-0.112499997019768,-0.0843999981880188,2.11630010604858,-0.0632001310586929
2020-01-13,1.87160003185272,-0.10530000180006,-0.0803999975323677,2.11969995498657,-0.0623999238014221
2020-01-14,1.84319996833801,-0.113099992275238,-0.0916000008583069,2.11290001869202,-0.065000057220459
2020-01-15,1.81140005588531,-0.121299996972084,-0.104599997401237,2.10540008544922,-0.0681000351905823
2020-01-16,1.83659994602203,-0.115800000727177,-0.0935999974608421,2.11139988899231,-0.0653999447822571
2020-01-17,1.85989999771118,-0.109200000762939,-0.0847000032663345,2.11730003356934,-0.0635000318288803
2020-01-21,1.80410003662109,-0.126499995589256,-0.105499997735023,2.10450005531311,-0.0684000253677368
2020-01-22,1.79849994182587,-0.129300005733967,-0.106899999082088,2.10330009460449,-0.0686001479625702
2020-01-23,1.75950002670288,-0.140399999916553,-0.122000001370907,2.09389996528625,-0.0719999372959137
2020-01-24,1.71899998188019,-0.153500005602837,-0.136600002646446,2.08439993858337,-0.0752999484539032
2020-01-27,1.63119995594025,-0.177900016307831,-0.171299993991852,2.06389999389648,-0.0835000276565552
2020-01-28,1.66359996795654,-0.165600001811981,-0.160899996757507,2.0715000629425,-0.0814000964164734
2020-01-29,1.61070001125336,-0.183200001716614,-0.179800003767014,2.05940008163452,-0.0857000648975372
2020-01-30,1.5867999792099,-0.190499991178513,-0.188800007104874,2.05399990081787,-0.087899923324585
2020-01-31,1.52569997310638,-0.214100018143654,-0.208399996161461,2.04040002822876,-0.0922000408172607
2020-02-03,1.5557999610900899,-0.202300012111664,-0.199000000953674,2.04739999771118,-0.0903000235557556
2020-02-04,1.62430000305176,-0.179499983787537,-0.174600005149841,2.06319999694824,-0.0848000049591064
2020-02-05,1.67449998855591,-0.164200007915497,-0.155699998140335,2.07480001449585,-0.0804000198841095
2020-02-06,1.65900003910065,-0.167200013995171,-0.162599995732307,2.07069993019104,-0.081899881362915
2020-02-07,1.60679996013641,-0.18419998884201,-0.181400001049042,2.05850005149841,-0.0861001014709473
2020-02-10,1.57599997520447,-0.193000003695488,-0.193499997258186,2.05159997940063,-0.0891000032424927
2020-02-11,1.60599994659424,-0.186800003051758,-0.180099993944168,2.05879998207092,-0.0859000384807587
2020-02-12,1.6492999792099,-0.172799989581108,-0.164399996399879,2.06870007514954,-0.0822001099586487
2020-02-13,1.63460004329681,-0.176799982786179,-0.170100003480911,2.06489992141724,-0.0833998918533325
2020-02-14,1.61459994316101,-0.18299999833107,-0.177599996328354,2.06019997596741,-0.0850000381469727
2020-02-18,1.57739996910095,-0.193899989128113,-0.191799998283386,2.05139994621277,-0.0882999897003174
2020-02-19,1.58980000019073,-0.189599990844727,-0.1875,2.05419993400574,-0.0872999429702759
2020-02-20,1.5440000295639,-0.20440000295639,-0.203999996185303,2.04340004920959,-0.0910000205039978
2020-02-21,1.4782999753952,-0.227200016379356,-0.226699993014336,2.02830004692078,-0.0961000621318817
2020-02-24,1.39999997615814,-0.25749996304512,-0.251700013875961,2.01079988479614,-0.101599931716919
2020-02-25,1.35269999504089,-0.277300000190735,-0.265799999237061,2.00049996376038,-0.104699969291687
2020-02-26,1.34889996051788,-0.284599959850311,-0.263000011444092,2.00020003318787,-0.10370010137558
2020-02-27,1.32169997692108,-0.305800020694733,-0.263999998569489,1.99460005760193,-0.103100061416626
2020-02-28,1.16180002689362,-0.389400005340576,-0.299600005149841,1.96019995212555,-0.109399914741516
2020-03-02,1.13950002193451,-0.418600022792816,-0.291599988937378,1.95539999008179,-0.105699956417084
2020-03-03,1.05320000648499,-0.466000020503998,-0.308899998664856,1.93620002269745,-0.10809999704361
2020-03-04,1.06159996986389,-0.486900001764297,-0.28889998793602,1.93929994106293,-0.101899981498718
2020-03-05,0.975300014019012,-0.534899979829788,-0.305500000715256,1.91929996013641,-0.103599965572357
2020-03-06,0.827300012111664,-0.593500018119812,-0.350499987602234,1.8831000328064,-0.111800014972687
2020-03-09,0.68419998884201,-0.65420001745224,-0.391200006008148,1.84879994392395,-0.119199931621552
2020-03-10,0.883800029754639,-0.575299978256226,-0.329100012779236,1.89400005340576,-0.105800032615662
2020-03-11,0.902300000190735,-0.569900006055832,-0.321599990129471,1.89750003814697,-0.103700041770935
2020-03-12,0.971700012683868,-0.557399988174438,-0.289799988269806,1.91509997844696,-0.0961999893188477
2020-03-13,1.04289996623993,-0.538299977779388,-0.261500000953674,1.93270003795624,-0.0900000929832458
2020-03-16,0.841600000858307,-0.612100034952164,-0.328399986028671,1.88670003414154,-0.104600012302399
2020-03-17,1.13849997520447,-0.535799995064735,-0.207699999213219,1.95910000801086,-0.0771000385284424
2020-03-18,1.31060004234314,-0.505399972200394,-0.127000004053116,1.99960005283356,-0.056600034236908
2020-03-19,1.255499958992,-0.533300027251244,-0.140000000596046,1.98780000209808,-0.0590000152587891
2020-03-20,1.01590001583099,-0.604099974036217,-0.230900004506111,1.93029999732971,-0.0794000029563904
2020-03-23,0.821300029754639,-0.658099979162216,-0.307700008153915,1.88450002670288,-0.0974000096321106
2020-03-24,0.894200026988983,-0.628000020980835,-0.28549998998642,1.89970004558563,-0.0920000076293945
2020-03-25,0.920000016689301,-0.625900030136108,-0.271899998188019,1.90659999847412,-0.0887999534606934
2020-03-26,0.883899986743927,-0.643399983644485,-0.28099998831749,1.89919996261597,-0.0909000039100647
2020-03-27,0.798799991607666,-0.673299968242645,-0.310400009155273,1.88010001182556,-0.0976000428199768
2020-03-30,0.763599991798401,-0.671199977397919,-0.332899987697601,1.87160003185272,-0.103900074958801
2020-03-31,0.78549998998642,-0.661899983882904,-0.327199995517731,1.8782000541687,-0.103600084781647
2020-04-01,0.700999975204468,-0.6841000020504,-0.361099988222122,1.85739994049072,-0.111199975013733
2020-04-02,0.699599981307983,-0.681499987840652,-0.363599985837936,1.85640001296997,-0.111700057983398
2020-04-03,0.700299978256226,-0.68079999089241,-0.363599985837936,1.85640001296997,-0.111700057983398
2020-04-06,0.749400019645691,-0.663100033998489,-0.347099989652634,1.86769998073578,-0.108099937438965
2020-04-07,0.811800003051758,-0.641799986362457,-0.325500011444092,1.88259994983673,-0.103499948978424
2020-04-08,0.832400023937225,-0.633499979972839,-0.319700002670288,1.8885999917984,-0.102999985218048
2020-04-09,0.787800014019012,-0.647300004959106,-0.336600005626678,1.87890005111694,-0.107200026512146
2020-04-13,0.823199987411499,-0.63400000333786,-0.325399994850159,1.88789999485016,-0.105300009250641
2020-04-14,0.81989997625351,-0.639799982309341,-0.323500007390976,1.88800001144409,-0.104800045490265
2020-04-15,0.706700026988983,-0.679099947214127,-0.362300008535385,1.86119997501373,-0.113099992275238
2020-04-16,0.703499972820282,-0.680699974298477,-0.362899988889694,1.86010003089905,-0.113000094890594
2020-04-17,0.727299988269806,-0.676200032234192,-0.351999998092651,1.86559998989105,-0.110099971294403
2020-04-20,0.704800009727478,-0.683999955654144,-0.359600007534027,1.86000001430511,-0.111600041389465
2020-04-21,0.64630001783371,-0.699700057506561,-0.382499992847443,1.8449000120163,-0.116399943828583
2020-04-22,0.676599979400635,-0.690699964761734,-0.370900005102158,1.85169994831085,-0.113499999046326
2020-04-23,0.663800001144409,-0.693800032138824,-0.37610000371933,1.84829998016357,-0.114599943161011
2020-04-24,0.652400016784668,-0.696499943733215,-0.380800008773804,1.84529995918274,-0.115599989891052
2020-04-27,0.712599992752075,-0.678299993276596,-0.358300000429153,1.85979998111725,-0.110599994659424
2020-04-28,0.672399997711182,-0.69269996881485,-0.371800005435944,1.85029995441437,-0.113399982452393
2020-04-29,0.674300014972687,-0.694800019264221,-0.369300007820129,1.85130000114441,-0.112899959087372
2020-04-30,0.700999975204468,-0.689999938011169,-0.357100009918213,1.85829997062683,-0.110200047492981
2020-05-01,0.697499990463257,-0.689400017261505,-0.359600007534027,1.85730004310608,-0.11080002784729
2020-05-04,0.689000010490417,-0.689700067043304,-0.364499986171722,1.855299949646,-0.112099885940552
2020-05-05,0.701300024986267,-0.684600025415421,-0.360900014638901,1.85839998722076,-0.111599922180176
2020-05-06,0.758199989795685,-0.669500023126602,-0.338499993085861,1.87310004234314,-0.106900036334991
2020-05-07,0.669099986553192,-0.698800027370453,-0.370400011539459,1.85239994525909,-0.11409991979599
2020-05-08,0.719799995422363,-0.683099955320358,-0.351799994707108,1.86479997634888,-0.110100030899048
2020-05-11,0.756600022315979,-0.671299964189529,-0.338499993085861,1.87370002269745,-0.107300043106079
2020-05-12,0.728200018405914,-0.679500013589859,-0.349400013685226,1.8668999671936,-0.109799921512604
2020-05-13,0.686299979686737,-0.692299962043762,-0.365000009536743,1.85679996013641,-0.113200008869171
2020-05-14,0.668699979782104,-0.696900010108948,-0.372099995613098,1.85239994525909,-0.114699959754944
2020-05-15,0.680400013923645,-0.693800032138824,-0.367399990558624,1.855299949646,-0.113699913024902
2020-05-18,0.760200023651123,-0.670700043439865,-0.336699992418289,1.87440001964569,-0.106799960136414
2020-05-19,0.745199978351593,-0.676800042390823,-0.341399997472763,1.87129998207092,-0.107899963855743
2020-05-20,0.723800003528595,-0.68419998884201,-0.348800003528595,1.86619997024536,-0.109399974346161
2020-05-21,0.722899973392487,-0.683800041675568,-0.349500000476837,1.86580002307892,-0.109600007534027
2020-05-22,0.697399973869324,-0.688099980354309,-0.361400008201599,1.85930001735687,-0.112400054931641
2020-05-26,0.728799998760223,-0.678000032901764,-0.350199997425079,1.86699998378754,-0.10999995470047
2020-05-27,0.715499997138977,-0.681299954652786,-0.355699986219406,1.86380004882812,-0.111300110816956
2020-05-28,0.730400025844574,-0.676300048828125,-0.350499987602234,1.86759996414185,-0.110399901866913
2020-05-29,0.692200005054474,-0.687999963760376,-0.36489999294281,1.8588000535965,-0.113700091838837
2020-06-01,0.697700023651123,-0.686300069093704,-0.362899988889694,1.86029994487762,-0.113399863243103
2020-06-02,0.720499992370605,-0.679800033569336,-0.354099988937378,1.86580002307892,-0.111400008201599
2020-06-03,0.797699987888336,-0.656399995088577,-0.325199991464615,1.88429999351501,-0.105000019073486
2020-06-04,0.852100014686584,-0.643799990415573,-0.302300006151199,1.89800000190735,-0.0997999906539917
2020-06-05,0.936600029468536,-0.619899988174438,-0.269400000572205,1.91830003261566,-0.0924000144004822
2020-06-08,0.917100012302399,-0.624699980020523,-0.277500003576279,1.91359996795654,-0.0942999720573425
2020-06-09,0.872200012207031,-0.638000011444092,-0.294600009918213,1.90310001373291,-0.0982999801635742
2020-06-10,0.784699976444244,-0.663300007581711,-0.328399986028671,1.88230001926422,-0.105900049209595
2020-06-11,0.712800025939941,-0.681900054216385,-0.357199996709824,1.86419999599457,-0.112299919128418
2020-06-12,0.74099999666214,-0.67410001158714306,-0.346100002527237,1.87100005149841,-0.109800040721893
2020-06-15,0.739600002765656,-0.673299998044968,-0.347499996423721,1.87049996852875,-0.110099971294403
2020-06-16,0.775300025939941,-0.663699984550476,-0.333400011062622,1.87940001487732,-0.10699999332428
2020-06-17,0.769500017166138,-0.666900008916855,-0.334600001573563,1.8782000541687,-0.107200026512146
2020-06-18,0.736400008201599,-0.676499992609024,-0.347099989652634,1.86979997158051,-0.109799981117249
2020-06-19,0.730300009250641,-0.678100049495697,-0.349500000476837,1.86810004711151,-0.110199987888336
2020-06-22,0.733200013637543,-0.675900012254715,-0.349299997091293,1.86870002746582,-0.110300004482269
2020-06-23,0.736800014972687,-0.676400065422058,-0.34689998626709,1.86969995498657,-0.109599888324738
2020-06-24,0.719600021839142,-0.681999981403351,-0.353100001811981,1.86570000648499,-0.111000001430511
2020-06-25,0.711600005626678,-0.683299988508224,-0.356799989938736,1.86349999904633,-0.111800014972687
2020-06-26,0.674399971961975,-0.693999946117401,-0.371100008487701,1.85459995269775,-0.115100026130676
2020-06-29,0.661700010299683,-0.697199940681458,-0.376500010490417,1.85179996490479,-0.116400003433228
2020-06-30,0.68639999628067,-0.69049996137619,-0.366800010204315,1.85810005664825,-0.114400088787079
2020-07-01,0.71289998292923,-0.683800041675568,-0.35589998960495,1.86450004577637,-0.11190003156662
2020-07-02,0.697399973869324,-0.690199941396713,-0.360500007867813,1.86090004444122,-0.112800121307373
2020-07-06,0.709999978542328,-0.686499983072281,-0.355699986219406,1.86380004882812,-0.11160010099411
2020-07-07,0.675800025463104,-0.694700002670288,-0.370000004768372,1.85539996623993,-0.114899933338165
2020-07-08,0.686200022697449,-0.691700041294098,-0.36599999666214,1.85800004005432,-0.114099979400635
2020-07-09,0.644200026988983,-0.703899949789047,-0.381999999284744,1.8474999666214,-0.117399990558624
2020-07-10,0.670300006866455,-0.697400033473969,-0.371100008487701,1.853600025177,-0.114799976348877
2020-07-13,0.65939998626709,-0.700699955224991,-0.375099986791611,1.85090005397797,-0.115700125694275
2020-07-14,0.646399974822998,-0.705399990081787,-0.379400014877319,1.84769999980927,-0.116500020027161
2020-07-15,0.654600024223328,-0.702300012111664,-0.376800000667572,1.84979999065399,-0.116099953651428
2020-07-16,0.642599999904633,-0.708100020885468,-0.379700005054474,1.84689998626709,-0.116499960422516
2020-07-17,0.650799989700317,-0.706099957227707,-0.376300007104874,1.84889996051788,-0.115700006484985
2020-07-20,0.643499970436096,-0.706599980592728,-0.380199998617172,1.84689998626709,-0.116600036621094
2020-07-21,0.62610000371933,-0.712699949741364,-0.386099994182587,1.84280002117157,-0.11790007352829
2020-07-22,0.623300015926361,-0.712199956178665,-0.388099998235703,1.84200000762939,-0.118400037288666
2020-07-23,0.612299978733063,-0.715499967336655,-0.392100006341934,1.83910000324249,-0.119200050830841
2020-07-24,0.611800014972687,-0.714499980211258,-0.393099993467331,1.83879995346069,-0.119399964809418
2020-07-27,0.631699979305267,-0.708400011062622,-0.385699987411499,1.84350001811981,-0.117700040340424
2020-07-28,0.598699986934662,-0.720499992370605,-0.396499991416931,1.83560001850128,-0.119900047779083
2020-07-29,0.59060001373291,-0.723900020122528,-0.398999989032745,1.83399999141693,-0.120499968528748
2020-07-30,0.561900019645691,-0.733300030231476,-0.409200012683868,1.82710003852844,-0.122699975967407
2020-07-31,0.551500022411346,-0.737999975681305,-0.412000000476837,1.82480001449585,-0.123300015926361
2020-08-03,0.563700020313263,-0.733800023794174,-0.407900005578995,1.82790005207062,-0.122500002384186
2020-08-04,0.528999984264374,-0.743499964475632,-0.421499997377396,1.81959998607635,-0.125600039958954
2020-08-05,0.553900003433228,-0.734500050544739,-0.413100004196167,1.82539999485016,-0.123899936676025
2020-08-06,0.550499975681305,-0.736700028181076,-0.413599997758865,1.82459998130798,-0.123799979686737
2020-08-07,0.579999983310699,-0.727300018072128,-0.402900010347366,1.83169996738434,-0.121499955654144
2020-08-10,0.594799995422363,-0.722200036048889,-0.397899985313416,1.83539998531342,-0.120499968528748
2020-08-11,0.645500004291534,-0.70880001783371,-0.377499997615814,1.84769999980927,-0.115899980068207
2020-08-12,0.68529999256134,-0.698100000619888,-0.361600011587143,1.85730004310608,-0.112300038337708
2020-08-13,0.720600008964539,-0.688799947500229,-0.347499996423721,1.86600005626678,-0.109100103378296
2020-08-14,0.720399975776672,-0.69049996137619,-0.346599996089935,1.86660003662109,-0.109100103378296
2020-08-17,0.698400020599365,-0.69650000333786,-0.355300009250641,1.86129999160767,-0.1110999584198
2020-08-18,0.676599979400635,-0.701199978590012,-0.364800006151199,1.85590004920959,-0.113300085067749
2020-08-19,0.691299974918365,-0.698499977588654,-0.35809999704361,1.85969996452332,-0.111800014972687
2020-08-20,0.66839998960495,-0.703799962997437,-0.367900013923645,1.85420000553131,-0.11410003900528
2020-08-21,0.65069997310638406,-0.708599984645844,-0.374700009822845,1.84949994087219,-0.115499973297119
2020-08-24,0.658399999141693,-0.70580005645752,-0.372099995613098,1.85099995136261,-0.114699900150299
2020-08-25,0.691500008106232,-0.69719997048378,-0.358700007200241,1.85920000076294,-0.111800014972687
2020-08-26,0.698300004005432,-0.696199983358383,-0.355500012636185,1.8610999584198,-0.1110999584198
2020-08-27,0.753099977970123,-0.683200001716614,-0.332599997520447,1.87489998340607,-0.106000006198883
2020-08-28,0.747900009155273,-0.687300056219101,-0.333099991083145,1.87460005283356,-0.106299996376038
2020-08-31,0.731000006198883,-0.689600020647049,-0.341500014066696,1.87059998512268,-0.108499944210052
2020-09-01,0.697700023651123,-0.698100000619888,-0.355100005865097,1.86249995231628,-0.111599922180176
2020-09-02,0.679099977016449,-0.70320001244545,-0.362300008535385,1.85759997367859,-0.112999975681305
2020-09-03,0.650099992752075,-0.711300015449524,-0.373600006103516,1.8503999710083,-0.115399956703186
2020-09-04,0.724699974060059,-0.689300000667572,-0.345099985599518,1.86810004711151,-0.109000086784363
2020-09-08,0.69980001449585,-0.694799959659576,-0.35589998960495,1.86220002174377,-0.111700057983398
2020-09-09,0.707599997520447,-0.69240003824234,-0.353100001811981,1.86419999599457,-0.1110999584198
2020-09-10,0.689599990844727,-0.700000017881393,-0.358300000429153,1.86000001430511,-0.112100005149841
2020-09-11,0.683399975299835,-0.702400028705597,-0.360300004482269,1.85870003700256,-0.112600028514862
2020-09-14,0.686299979686737,-0.699999988079071,-0.360300004482269,1.85920000076294,-0.112600028514862
2020-09-15,0.683099985122681,-0.701600015163422,-0.361000001430511,1.85829997062683,-0.112599968910217
2020-09-16,0.695999979972839,-0.698200017213821,-0.355800002813339,1.8614000082016,-0.111400008201599
2020-09-17,0.697499990463257,-0.699500054121017,-0.354000002145767,1.86189997196198,-0.110899925231934
2020-09-18,0.708899974822998,-0.695300042629242,-0.350300014019012,1.86459994316101,-0.110099911689758
2020-09-21,0.695900022983551,-0.700200021266937,-0.354499995708466,1.86160004138947,-0.111000001430511
2020-09-22,0.686299979686737,-0.703000009059906,-0.35809999704361,1.85930001735687,-0.11190003156662
2020-09-23,0.68860000371933,-0.702099978923798,-0.357400000095367,1.85969996452332,-0.111599981784821
2020-09-24,0.679099977016449,-0.704300045967102,-0.361299991607666,1.85720002651215,-0.112500011920929
2020-09-25,0.667699992656708,-0.707500010728836,-0.365799993276596,1.85440003871918,-0.113400042057037
2020-09-28,0.666899979114532,-0.707699954509735,-0.366100013256073,1.85420000553131,-0.11350005865097
2020-09-29,0.657800018787384,-0.710500031709671,-0.369500011205673,1.85210001468658,-0.114299952983856
2020-09-30,0.692900002002716,-0.700899988412857,-0.355699986219406,1.86080002784729,-0.111300051212311
2020-10-01,0.687600016593933,-0.703600019216537,-0.356900006532669,1.85950005054474,-0.111400008201599
2020-10-02,0.705699980258942,-0.697499990463257,-0.350499987602234,1.86380004882812,-0.110100090503693
2020-10-05,0.780399978160858,-0.676699995994568,-0.321399986743927,1.88199996948242,-0.103500008583069
2020-10-06,0.769900023937225,-0.680399954319,-0.324999988079071,1.87969994544983,-0.104399979114532
2020-10-07,0.807699978351593,-0.668200016021729,-0.31139999628067,1.88870000839233,-0.101400017738342
2020-10-08,0.782000005245209,-0.67620000243187,-0.320899993181229,1.8827999830246,-0.10369998216629
2020-10-09,0.796899974346161,-0.671200007200241,-0.315600007772446,1.88619995117188,-0.102499961853027
2020-10-13,0.753099977970123,-0.6837999522686,-0.332500010728836,1.87569999694824,-0.106300055980682
2020-10-14,0.740700006484985,-0.686900019645691,-0.337599992752075,1.87259995937347,-0.107399940490723
2020-10-15,0.752900004386902,-0.683199942111969,-0.333000004291534,1.87539994716644,-0.106299996376038
2020-10-16,0.759999990463257,-0.681099981069565,-0.330300003290176,1.87709999084473,-0.105700016021729
2020-10-19,0.782999992370605,-0.67620000243187,-0.320199996232986,1.8827999830246,-0.103399991989136
2020-10-20,0.8125,-0.667800009250641,-0.308899998664856,1.89020001888275,-0.101000010967255
2020-10-21,0.833999991416931,-0.662400007247925,-0.30019998550415,1.89559996128082,-0.0989999771118164
2020-10-22,0.874599993228912,-0.652499973773956,-0.283399999141693,1.90559995174408,-0.0950999855995178
2020-10-23,0.864300012588501,-0.655499994754791,-0.287299990653992,1.90310001373291,-0.0960000157356262
2020-10-26,0.829699993133545,-0.663900017738342,-0.301699995994568,1.89460003376007,-0.0993000268936157
2020-10-27,0.803699970245361,-0.671700000762939,-0.31139999628067,1.88820004463196,-0.101400077342987
2020-10-28,0.804199993610382,-0.671499997377396,-0.311199992895126,1.8882999420166,-0.101399958133698
2020-10-29,0.858699977397919,-0.657899975776672,-0.288800001144409,1.90170001983643,-0.0963000655174255
2020-10-30,0.894200026988983,-0.648099988698959,-0.275000005960464,1.91059994697571,-0.093299925327301
2020-11-02,0.881099998950958,-0.651500016450882,-0.280299991369247,1.9074000120163,-0.0945000052452087
2020-11-03,0.907500028610229,-0.642899990081787,-0.270900011062622,1.91380000114441,-0.0924999713897705
2020-11-04,0.807099997997284,-0.673299998044968,-0.308400005102158,1.88950002193451,-0.1007000207901
2020-11-05,0.798500001430511,-0.674200028181076,-0.312599986791611,1.88689994812012,-0.101599931716919
2020-11-06,0.840699970722198,-0.661399990320206,-0.296900004148483,1.89709997177124,-0.0981000065803528
2020-11-09,0.954299986362457,-0.629399985074997,-0.252700001001358,1.92449998855591,-0.0881000161170959
2020-11-10,0.98580002784729,-0.621499985456467,-0.239800006151199,1.93229997158051,-0.0851999521255493
2020-11-12,0.896799981594086,-0.647799998521805,-0.273499995470047,1.91079998016357,-0.0927000045776367
2020-11-13,0.901899993419647,-0.645699977874756,-0.271899998188019,1.91180002689362,-0.0923000574111938
2020-11-16,0.914499998092651,-0.640099972486496,-0.268500000238419,1.91489994525909,-0.0917999744415283
2020-11-17,0.876800000667572,-0.652600020170212,-0.281800001859665,1.90579998493195,-0.0945999622344971
2020-11-18,0.889400005340576,-0.648899972438812,-0.27700001001358,1.90869998931885,-0.0934000015258789
2020-11-19,0.866800010204315,-0.655100017786026,-0.285800009965897,1.90299999713898,-0.0952999591827393
2020-11-20,0.844099998474121,-0.66100001335144,-0.294900000095367,1.89730000495911,-0.0972999930381775
2020-11-23,0.862999975681305,-0.658099979162216,-0.285800009965897,1.90190005302429,-0.0950000882148743
2020-11-24,0.882200002670288,-0.651399999856949,-0.279300004243851,1.90680003166199,-0.0939000248908997
2020-11-25,0.886699974536896,-0.651999980211258,-0.276399999856949,1.9083000421524,-0.0932000875473022
2020-11-27,0.851000010967255,-0.660800009965897,-0.291200011968613,1.8996000289917,-0.0965999960899353
2020-11-30,0.850600004196167,-0.662000000476837,-0.290600001811981,1.89970004558563,-0.096500039100647
2020-12-01,0.927200019359589,-0.639400035142899,-0.261599987745285,1.91820001602173,-0.0899999737739563
2020-12-02,0.953700006008148,-0.633200019598007,-0.250499993562698,1.92509996891022,-0.0876999497413635
2020-12-03,0.930499970912933,-0.641400009393692,-0.258399993181229,1.91970002651215,-0.089400053024292
2020-12-04,0.973699986934662,-0.629199996590614,-0.241799995303154,1.93050003051758,-0.0858000516891479
2020-12-07,0.943700015544891,-0.638299971818924,-0.253100007772446,1.9235999584198,-0.0884999632835388
2020-12-08,0.926900029182434,-0.643500030040741,-0.259299993515015,1.91939997673035,-0.089699923992157
2020-12-09,0.948199987411499,-0.637199997901917,-0.25110000371933,1.92439997196198,-0.0878999829292297
2020-12-10,0.921700000762939,-0.645300000905991,-0.261000007390976,1.91820001602173,-0.0902000069618225
2020-12-11,0.902800023555756,-0.652700036764145,-0.266999989748001,1.91400003433228,-0.0914999842643738
2020-12-14,0.902100026607513,-0.65310001373291,-0.267199993133545,1.91400003433228,-0.0916000008583069
2020-12-15,0.919200003147125,-0.648500025272369,-0.260399997234344,1.91820001602173,-0.0900999903678894
2020-12-16,0.923799991607666,-0.646500021219254,-0.259200006723404,1.91939997673035,-0.0898999571800232
2020-12-17,0.938499987125397,-0.642100006341934,-0.253699988126755,1.92299997806549,-0.088699996471405
2020-12-18,0.951600015163422,-0.63900001347065,-0.2483000010252,1.92639994621277,-0.0874999165534973
2020-12-21,0.955600023269653,-0.637899979948997,-0.246700003743172,1.92739999294281,-0.0871999859809875
2020-12-22,0.931999981403351,-0.644699990749359,-0.255800008773804,1.92180001735687,-0.0893000364303589
2020-12-23,0.961700022220612,-0.636699989438057,-0.244000002741814,1.92920005321503,-0.0868000388145447
2020-12-24,0.943700015544891,-0.641500025987625,-0.251199990510941,1.92480003833771,-0.0884000062942505
2020-12-28,0.943499982357025,-0.638999968767166,-0.253100007772446,1.92460000514984,-0.0890000462532043
2020-12-29,0.948400020599365,-0.636299967765808,-0.25220000743866,1.92589998245239,-0.0889999866485596
2020-12-30,0.939499974250793,-0.642300009727478,-0.253199994564056,1.9239000082016,-0.0889000296592712
2020-12-31,0.92849999666214,-0.645699977874756,-0.257200002670288,1.92120003700256,-0.0898000597953796
2021-01-04,0.924199998378754,-0.64740002155304,-0.258599996566772,1.92030000686646,-0.0900999903678894
2021-01-05,0.955200016498566,-0.638999998569489,-0.246399998664856,1.92789995670319,-0.0872999429702759
2021-01-06,1.04180002212524,-0.615099981427193,-0.212400004267693,1.94900000095367,-0.0796999931335449
2021-01-07,1.08850002288818,-0.603000029921532,-0.193499997258186,1.96060001850128,-0.0755999684333801
2021-01-08,1.1418000459671,-0.589200034737587,-0.172099992632866,1.97379994392395,-0.0706998705863953
2021-01-11,1.1632000207901,-0.582500010728836,-0.164299994707108,1.97920000553131,-0.0691999793052673
2021-01-12,1.16059994697571,-0.584499999880791,-0.164399996399879,1.97870004177094,-0.0692000985145569
2021-01-13,1.11819994449615,-0.59469997882843,-0.182099997997284,1.96809995174408,-0.0731000304222107
2021-01-14,1.15649998188019,-0.585599988698959,-0.16609999537468,1.97769999504089,-0.0695000290870667
2021-01-15,1.11969995498657,-0.595500007271767,-0.180800005793571,1.96899998188019,-0.0730000138282776
2021-01-19,1.11329996585846,-0.596299976110458,-0.1841000020504,1.96770000457764,-0.0740000605583191
2021-01-20,1.11010003089905,-0.598299980163574,-0.184599995613098,1.96700000762939,-0.0740000009536743
2021-01-21,1.12750005722046,-0.59519998729229,-0.176599994301796,1.97150003910065,-0.0722000002861023
2021-01-22,1.11580002307892,-0.597900003194809,-0.181600004434586,1.96879994869232,-0.0734999179840088
2021-01-25,1.06819999217987,-0.61149999499321,-0.19990000128746,1.95710003376007,-0.07750004529953
2021-01-26,1.0657000541687,-0.611900016665459,-0.201100006699562,1.9563000202179,-0.0775999426841736
2021-01-27,1.05139994621277,-0.615499973297119,-0.206900000572205,1.95270001888275,-0.0789000988006592
2021-01-28,1.07270002365112,-0.610500022768974,-0.197799995541573,1.95780003070831,-0.0767999887466431
2021-01-29,1.12409996986389,-0.598800003528595,-0.175999999046326,1.97060000896454,-0.0717000365257263
2021-02-01,1.10629999637604,-0.604200005531311,-0.182799994945526,1.96679997444153,-0.0734999775886536
2021-02-02,1.12979996204376,-0.596999987959862,-0.174099996685982,1.97239995002747,-0.0715000033378601
2021-02-03,1.15939998626709,-0.591599985957146,-0.160500004887581,1.97979998588562,-0.0683000087738037
2021-02-04,1.17170000076294,-0.589299991726875,-0.154899999499321,1.98300004005432,-0.0671000480651855
2021-02-05,1.19840002059937,-0.584200009703636,-0.142900004982948,1.99000000953674,-0.0644999742507935
2021-02-08,1.20340001583099,-0.582499980926514,-0.141200006008148,1.99100005626678,-0.0639000535011292
2021-02-09,1.19729995727539,-0.583000004291534,-0.144400000572205,1.98940002918243,-0.0647000670433044
2021-02-10,1.167799949646,-0.591099992394447,-0.156000003218651,1.98230004310608,-0.0674000978469849
2021-02-11,1.17799997329712,-0.588300004601479,-0.151999995112419,1.98489999771118,-0.0666000247001648
2021-02-12,1.22749996185303,-0.576299965381622,-0.131500005722046,1.99720001220703,-0.0619000792503357
2021-02-16,1.32809996604919,-0.547599978744984,-0.0926999971270561,2.02160000801086,-0.0532000660896301
2021-02-17,1.33770000934601,-0.546400010585785,-0.0879999995231628,2.02439999580383,-0.052299976348877
2021-02-18,1.34089994430542,-0.548700004816055,-0.0846000015735626,2.02559995651245,-0.0514000058174133
2021-02-19,1.39429998397827,-0.532399989664555,-0.0649000033736229,2.03880000114441,-0.0472000241279602
2021-02-22,1.41929996013641,-0.528000019490719,-0.0533000007271767,2.04509997367859,-0.0444999933242798
2021-02-23,1.42229998111725,-0.527200002223253,-0.0522000007331371,2.04620003700256,-0.0445000529289246
2021-02-24,1.44500005245209,-0.52020001038909,-0.0438000001013279,2.05159997940063,-0.0425999164581299
2021-02-25,1.64170002937317,-0.460099996998906,0.0297999996691942,2.09759998321533,-0.0255999565124512
2021-02-26,1.54700005054474,-0.488000000827014,-0.0059000002220273,2.07419991493225,-0.0332998633384705
2021-03-01,1.53729999065399,-0.49069999717176,-0.00999999977648258,2.0725998878479,-0.0345999002456665
2021-03-02,1.49829995632172,-0.503100017085671,-0.0242999996989965,2.06360006332397,-0.0379000902175903
2021-03-03,1.56120002269745,-0.48340000747703,-0.00120000005699694,2.07859992980957,-0.0327998995780945
2021-03-04,1.64219999313354,-0.461600003764033,0.0308999996632338,2.09859991073608,-0.0256999135017395
2021-03-05,1.65849995613098,-0.457200013101101,0.0373999997973442,2.10249996185303,-0.0241999924182892
2021-03-08,1.70270001888275,-0.444400012493134,0.0546000003814697,2.11249995231628,-0.0199999213218689
2021-03-09,1.65059995651245,-0.457400012761354,0.0333000011742115,2.09940004348755,-0.0247000753879547
2021-03-10,1.61220002174377,-0.46909998729825,0.0190999992191792,2.09010004997253,-0.0279000401496887
2021-03-11,1.62049996852875,-0.469399999827147,0.0240000002086163,2.09260010719299,-0.0267001390457153
2021-03-12,1.7389999628067,-0.436599984765053,0.0702999979257584,2.12190008163452,-0.0166001319885254
2021-03-15,1.72119998931885,-0.44200000166893,0.0636000037193298,2.11770009994507,-0.0181001126766205
2021-03-16,1.71780002117157,-0.443499997258186,0.0626000016927719,2.11710000038147,-0.0183999836444855
2021-03-17,1.72599995136261,-0.445200003683567,0.0681999996304512,2.12030005455017,-0.0173000991344452
2021-03-18,1.81679999828339,-0.422699987888336,0.105599999427795,2.14269995689392,-0.0087999701499939
2021-03-19,1.84529995918274,-0.415000006556511,0.116999998688698,2.14939999580383,-0.00610002875328064
2021-03-22,1.79250001907349,-0.426600009202957,0.0943000018596649,2.13619995117188,-0.0113999247550964
2021-03-23,1.73839998245239,-0.442299999296665,0.0736000016331673,2.12290000915527,-0.0158000290393829
2021-03-24,1.71300005912781,-0.44879999756813,0.063400000333786,2.11660003662109,-0.0181999802589417
2021-03-25,1.72290003299713,-0.446500010788441,0.067500002682209,2.11910009384155,-0.0172000527381897
2021-03-26,1.76540005207062,-0.434599988162518,0.0841000005602837,2.12949991226196,-0.0135998725891113
2021-03-29,1.82330000400543,-0.418899990618229,0.10700000077486,2.14369988441467,-0.00849989056587219
2021-03-30,1.8319000005722,-0.416400007903576,0.110299997031689,2.14560008049011,-0.00760006904602051
2021-03-31,1.84500002861023,-0.410499997437,0.114000000059605,2.14829993247986,-0.00679990649223328
2021-04-01,1.79739999771118,-0.423599995672703,0.0954999998211861,2.13619995117188,-0.0106999576091766
2021-04-02,1.83000004291534,-0.411500006914139,0.106499999761581,2.14280009269714,-0.00780004262924194
2021-04-05,1.82650005817413,-0.414299994707108,0.106299996376038,2.14229989051819,-0.00779983401298523
2021-04-06,1.76730000972748,-0.43240001052618,0.0841000005602837,2.12859988212585,-0.0129998624324799
2021-04-07,1.7717000246048,-0.431500010192394,0.0859000012278557,2.13000011444092,-0.012700080871582
2021-04-08,1.73290002346039,-0.442499987781048,0.0707999989390373,2.1206998825073202,-0.0160998702049255
2021-04-09,1.76460003852844,-0.433999985456467,0.0834999978542328,2.12829995155334,-0.0131999254226685
2021-04-12,1.77380001544952,-0.429199986159801,0.0856999978423119,2.13000011444092,-0.0127001106739044
2021-04-13,1.72449994087219,-0.442399993538857,0.0659999996423721,2.11820006370544,-0.0173001289367676
2021-04-14,1.73599994182587,-0.439499996602535,0.0707999989390373,2.12080001831055,-0.0161000788211823
2021-04-15,1.65299999713898,-0.462699986994267,0.0384000018239021,2.10060000419617,-0.0233000218868256
2021-04-16,1.67659997940063,-0.454799991101027,0.0467999987304211,2.10590004920959,-0.0213000774383545
2021-04-19,1.70350003242493,-0.448399990797043,0.0579999983310699,2.11279988288879,-0.0188998579978943
2021-04-20,1.67200005054474,-0.457999996840954,0.0461999997496605,2.10549998283386,-0.0216999351978302
2021-04-21,1.65970003604889,-0.46119998767972,0.0412000007927418,2.10249996185303,-0.02279993891716
2021-04-22,1.65480005741119,-0.461999993771315,0.0388999991118908,2.10109996795654,-0.0231999158859253
2021-04-23,1.66970002651215,-0.457999989390373,0.0450000017881393,2.10430002212524,-0.0216000080108643
2021-04-26,1.66820001602173,-0.456400007009506,0.0430999994277954,2.10339999198914,-0.0218999683856964
2021-04-27,1.71239995956421,-0.443999998271465,0.0604000017046928,2.11409997940063,-0.0181000232696533
2021-04-28,1.71200001239777,-0.445500008761883,0.061099998652935,2.11439990997314,-0.0179998874664307
2021-04-29,1.73269999027252,-0.440600007772446,0.0697000026702881,2.11980009078979,-0.0162000954151154
2021-04-30,1.73549997806549,-0.441500000655651,0.0719000026583672,2.12080001831055,-0.0157000422477722
2021-05-03,1.71169996261597,-0.447600014507771,0.062100000679493,2.11520004272461,-0.018000066280365
2021-05-04,1.69369995594025,-0.452300008386374,0.0548000000417233,2.11089992523193,-0.0196999609470367
2021-05-05,1.66480004787445,-0.460299991071224,0.0434999987483025,2.10400009155273,-0.0224000513553619
2021-05-06,1.66919994354248,-0.458999987691641,0.045099999755621,2.10500001907349,-0.021900087594986
2021-05-07,1.67170000076294,-0.459899999201298,0.0469999983906746,2.10630011558533,-0.0217001140117645
2021-05-10,1.69700002670288,-0.452899996191263,0.0568999983370304,2.11260008811951,-0.0196000635623932
2021-05-11,1.72099995613098,-0.446600012481213,0.0665000006556511,2.11849999427795,-0.0174000263214111
2021-05-12,1.78799998760223,-0.427499994635582,0.092399999499321,2.13470005989075,-0.0116000771522522
2021-05-13,1.76820003986359,-0.43529999256134,0.0861999988555908,2.13019990921021,-0.0128998756408691
2021-05-14,1.73740005493164,-0.443600013852119,0.0741000026464462,2.12249994277954,-0.0155998766422272
2021-05-17,1.74090003967285,-0.440800003707409,0.0741999968886375,2.12310004234314,-0.0155999958515167
2021-05-18,1.74039995670319,-0.442600004374981,0.0750999972224236,2.12330007553101,-0.0154001116752625
2021-05-19,1.78699994087219,-0.429200008511543,0.0930999964475632,2.13439989089966,-0.0112999379634857
2021-05-20,1.73909997940063,-0.443700008094311,0.0750999972224236,2.12299990653992,-0.015299916267395
2021-05-21,1.73189997673035,-0.445500001311302,0.0723000019788742,2.12089991569519,-0.0157999396324158
2021-05-24,1.70809996128082,-0.450800009071827,0.062100000679493,2.1149001121521,-0.0181001424789429
2021-05-25,1.65970003604889,-0.462900012731552,0.0421999990940094,2.10310006141663,-0.0227000117301941
2021-05-26,1.67579996585846,-0.458500012755394,0.0483999997377396,2.10719990730286,-0.0212999284267426
2021-05-27,1.70270001888275,-0.451200004667044,0.0590999983251095,2.11389994621277,-0.0190999209880829
2021-05-28,1.67530000209808,-0.460299998521805,0.0494000017642975,2.10739994049072,-0.0211999416351318
2021-06-01,1.70809996128082,-0.449899990111589,0.0612999983131886,2.11529994010925,-0.0185999870300293
2021-06-02,1.69190001487732,-0.454500012099743,0.0549999997019768,2.11139988899231,-0.0199998617172241
2021-06-03,1.72979998588562,-0.442600004374981,0.0689999982714653,2.1201000213623,-0.0167000293731689
2021-06-04,1.65620005130768,-0.463200002908707,0.0403999984264374,2.10209989547729,-0.0230998396873474
2021-06-07,1.66089999675751,-0.461200006306171,0.0417999997735023,2.10310006141663,-0.0228000581264496
2021-06-08,1.62510001659393,-0.470899991691113,0.0276999995112419,2.09419989585876,-0.0258998870849609
2021-06-09,1.58930003643036,-0.480499994009733,0.013399999588728,2.08540010452271,-0.0290000736713409
2021-06-10,1.53960001468658,-0.493200013414025,-0.00669999979436398,2.07299995422363,-0.0334999263286591
2021-06-11,1.56369996070862,-0.485400000354275,0.00209999992512167,2.0783998966217,-0.0313999354839325
2021-06-14,1.59430003166199,-0.474799999035895,0.012699999846518,2.08529996871948,-0.0288999378681183
2021-06-15,1.59500002861023,-0.474200001917779,0.0127999996766448,2.08529996871948,-0.0288999378681183
2021-06-16,1.67579996585846,-0.447600014507771,0.0417999997735023,2.10369992256165,-0.0220999419689178
2021-06-17,1.62479996681213,-0.458799988031387,0.0203000009059906,2.08990001678467,-0.0266000628471375
2021-06-18,1.5492000579834,-0.475100005045533,-0.0120000001043081,2.06949996948242,-0.0331999063491821
2021-06-21,1.57799994945526,-0.466999987955205,-6.0000002849847e-4,2.07610011100769,-0.0305001735687256
2021-06-22,1.55260002613068,-0.475200014188886,-0.00980000011622906,2.07019996643066,-0.032599925994873
2021-06-23,1.57410001754761,-0.470100012375042,-6.9999997504055e-4,2.07529997825623,-0.0303999483585358
2021-06-24,1.58080005645752,-0.467999994056299,0.00179999996908009,2.07680010795593,-0.0298000574111938
2021-06-25,1.61839997768402,-0.45639999397099,0.0156999994069338,2.08590006828308,-0.0268000960350037
2021-06-28,1.57099997997284,-0.469600009731948,-0.00279999990016222,2.07430005073547,-0.0309000611305237
2021-06-29,1.5692000389099101,-0.470000000204891,-0.00359999993816018,2.07389998435974,-0.031099945306778
2021-06-30,1.53159999847412,-0.48000000603497,-0.0186000000685453,2.06459999084473,-0.0343999862670898
2021-07-01,1.55190002918243,-0.474600014276803,-0.0104000000283122,2.06920003890991,-0.0322999954223633
2021-07-02,1.51610004901886,-0.485599992796779,-0.023700000718236,2.06080007553101,-0.0354000329971313
2021-07-06,1.44770002365112,-0.504000008106232,-0.0509999990463257,2.04439997673035,-0.0416999459266663
2021-07-07,1.40600001811981,-0.515699990093708,-0.0671999976038933,2.03410005569458,-0.0452000498771667
2021-07-08,1.37419998645782,-0.524999998509884,-0.0794999971985817,2.02699995040894,-0.0482999682426453
2021-07-09,1.42990005016327,-0.509299989789724,-0.0577999986708164,2.04029989242554,-0.0432998538017273
2021-07-12,1.43920004367828,-0.505199991166592,-0.0551000013947487,2.04229998588562,-0.0427999496459961
2021-07-13,1.47699999809265,-0.493099987506866,-0.0412999987602234,2.05080008506775,-0.0394001007080078
2021-07-14,1.4313999414444,-0.50840001180768,-0.0573999993503094,2.04019999504089,-0.0430000424385071
2021-07-15,1.37580001354218,-0.522800020873547,-0.0797000005841255,2.02629995346069,-0.0479999184608459
2021-07-16,1.37639999389648,-0.521800026297569,-0.0799999982118607,2.02609992027283,-0.0478999018669128
2021-07-19,1.2668000459671,-0.552099987864494,-0.123099997639656,1.99979996681213,-0.0577999353408813
2021-07-20,1.28380000591278,-0.548100024461746,-0.116200000047684,2.00449991226196,-0.0563998818397522
2021-07-21,1.35199999809265,-0.530400015413761,-0.0886000022292137,2.02119994163513,-0.0501999258995056
2021-07-22,1.32360005378723,-0.539099998772144,-0.099200002849102,2.01460003852844,-0.0526999831199646
2021-07-23,1.3445999622345,-0.533099986612797,-0.0910999998450279,2.01959991455078,-0.0507999658584595
2021-07-26,1.34409999847412,-0.531800031661987,-0.0922999978065491,2.01939988136292,-0.0511998534202576
2021-07-27,1.31449997425079,-0.541500002145767,-0.102899998426437,2.01239991188049,-0.0534999370574951
2021-07-28,1.3150999546051,-0.540700003504753,-0.103000000119209,2.01230001449585,-0.0535000562667847
2021-07-29,1.33700001239777,-0.53499998152256,-0.094200000166893,2.01769995689392,-0.0514999628067017
2021-07-30,1.3092999458313,-0.543799974024296,-0.104400001466274,2.01139998435974,-0.0539000630378723
2021-08-02,1.26349997520447,-0.555899985134602,-0.122900001704693,2.00049996376038,-0.0582000017166138
2021-08-03,1.24749994277954,-0.559800013899803,-0.129600003361702,1.99670004844666,-0.0598000884056091
2021-08-04,1.25100004673004,-0.558600008487701,-0.128199994564056,1.99699997901917,-0.0591999292373657
2021-08-05,1.29359996318817,-0.543700024485588,-0.113399997353554,2.00650000572205,-0.0558000206947327
2021-08-06,1.36129999160767,-0.524300023913383,-0.0872000008821487,2.02259993553162,-0.049799919128418
2021-08-09,1.38419997692108,-0.517800018191338,-0.0781999975442886,2.02789998054504,-0.0476999878883362
2021-08-10,1.40820002555847,-0.510999992489815,-0.0687000006437302,2.03309988975525,-0.0451998710632324
2021-08-11,1.40180003643036,-0.513000011444092,-0.0710999965667725,2.03180003166199,-0.0458999872207642
2021-08-12,1.42560005187988,-0.505899976938963,-0.0621999986469746,2.03740000724792,-0.0436999797821045
2021-08-13,1.36489999294281,-0.523800007998943,-0.0851000025868416,2.02259993553162,-0.0487999320030212
2021-08-16,1.32379996776581,-0.535800017416477,-0.10080000013113,2.01279997825623,-0.0523999929428101
2021-08-17,1.33360004425049,-0.5310999751091,-0.0983999967575073,2.01500010490417,-0.0519000887870789
2021-08-18,1.33570003509521,-0.530700020492077,-0.0973000004887581,2.01519989967346,-0.0514998435974121
2021-08-19,1.31019997596741,-0.537099987268448,-0.107600003480911,2.00859999656677,-0.0537000298500061
2021-08-20,1.32360005378723,-0.53269999474287,-0.102700002491474,2.01149988174438,-0.0524998307228088
2021-08-23,1.30519998073578,-0.536700025200844,-0.110699996352196,2.00690007209778,-0.05430006980896
2021-08-24,1.34049999713898,-0.527800016105175,-0.0961999967694283,2.01550006866455,-0.0510000586509705
2021-08-25,1.39499998092651,-0.512499995529652,-0.0750999972224236,2.0288999080658,-0.046299934387207
2021-08-26,1.39869999885559,-0.511499993503094,-0.0736000016331673,2.02990007400513,-0.0461000800132751
2021-08-27,1.35839998722076,-0.525100015103817,-0.0878000035881996,2.02060008049011,-0.0493000745773315
2021-08-30,1.34430003166199,-0.530400022864342,-0.0926000028848648,2.01769995689392,-0.0503998994827271
2021-08-31,1.36290001869202,-0.524599976837635,-0.0859000012278557,2.02259993553162,-0.0491999387741089
2021-09-01,1.36150002479553,-0.524399973452091,-0.0868000015616417,2.02220010757446,-0.0495001077651978
2021-09-02,1.35000002384186,-0.527199983596802,-0.0916000008583069,2.01929998397827,-0.0504999756813049
2021-09-03,1.37609994411469,-0.521600022912025,-0.0802000015974045,2.02589988708496,-0.0479999184608459
2021-09-07,1.4239000082016,-0.507100030779839,-0.0623999983072281,2.03730010986328,-0.0439000725746155
2021-09-08,1.39129996299744,-0.515899993479252,-0.0753000006079674,2.02929997444153,-0.0468000173568726
2021-09-09,1.35319995880127,-0.526899993419647,-0.0898000001907349,2.01979994773865,-0.0498999953269958
2021-09-10,1.39400005340576,-0.514100030064583,-0.0747999995946884,2.02950000762939,-0.0465999245643616
2021-09-13,1.38059997558594,-0.517999976873398,-0.0798999965190887,2.02629995346069,-0.0478000044822693
2021-09-14,1.33510005474091,-0.531299985945225,-0.0971999987959862,2.01500010490417,-0.0514000654220581
2021-09-15,1.35099995136261,-0.526100009679794,-0.0913999974727631,2.01859998703003,-0.0501000285148621
2021-09-16,1.38900005817413,-0.514999970793724,-0.0768000036478043,2.02749991416931,-0.0466998815536499
2021-09-17,1.42820000648499,-0.503900002688169,-0.0615000016987324,2.03670001029968,-0.0430999994277954
2021-09-20,1.37049996852875,-0.520500004291534,-0.0837000012397766,2.02279996871948,-0.0480999946594238
2021-09-21,1.37689995765686,-0.519499979913235,-0.0806000009179115,2.02430009841919,-0.0473001599311829
2021-09-22,1.37300002574921,-0.517699994146824,-0.0838999971747398,2.02250003814697,-0.0479000210762024
2021-09-23,1.45980000495911,-0.492899999022484,-0.0502000004053116,2.042799949646,-0.0398999452590942
2021-09-24,1.51900005340576,-0.475899994373322,-0.0273000001907349,2.05710005760193,-0.0349000096321106
2021-09-27,1.54069995880127,-0.469599986448884,-0.0189999993890524,2.06220006942749,-0.0329001247882843
2021-09-28,1.59930002689362,-0.453200007788837,0.00380000006407499,2.07669997215271,-0.0279999375343323
2021-09-29,1.61450004577637,-0.45200000423938,0.0115999998524785,2.08119988441467,-0.0262998342514038
2021-09-30,1.59109997749329,-0.459700010484084,0.00310000008903444,2.07599997520447,-0.0282999873161316
2021-10-01,1.54550004005432,-0.47359998524189,-0.0141000002622604,2.06559991836548,-0.0323998928070068
2021-10-04,1.55729997158051,-0.468300005421042,-0.0109000001102686,2.0683000087738,-0.0318000316619873
2021-10-05,1.59660005569458,-0.45650000218302,0.00389999989420176,2.07760000228882,-0.0283999443054199
2021-10-06,1.59800004959106,-0.455700011923909,0.00430000014603138,2.07769989967346,-0.0282998383045197
2021-10-07,1.6414999961853,-0.442899990826845,0.0208999998867512,2.08800005912781,-0.0245000720024109
2021-10-08,1.67519998550415,-0.432000003755093,0.033100001513958,2.09590005874634,-0.0218000710010529
2021-10-12,1.65869998931885,-0.434899996966124,0.0258000008761883,2.09069991111755,-0.0228999257087708
2021-10-13,1.62279999256134,-0.441899991594255,0.0102000003680587,2.08060002326965,-0.0261000394821167
2021-10-14,1.58120000362396,-0.45390000147745,-0.00570000009611249,2.07039999961853,-0.0295999944210052
2021-10-15,1.64170002937317,-0.43359999358654,0.0159000009298325,2.08369994163513,-0.0242999196052551
2021-10-18,1.64820003509521,-0.429900007322431,0.0175000000745058,2.08419990539551,-0.0235998630523682
2021-10-19,1.69649994373322,-0.418400008231401,0.0375999994575977,2.09640002250671,-0.0191000699996948
2021-10-20,1.69659996032715,-0.419699985533953,0.0384999997913837,2.09669995307922,-0.0189000070095062
2021-10-21,1.73039996623993,-0.406399995088577,0.0494000017642975,2.103600025177,-0.016200065612793
2021-10-22,1.71080005168915,-0.409300003200769,0.0401999987661839,2.09809994697571,-0.0181998908519745
2021-10-25,1.68610000610352,-0.418500002473593,0.0320000015199184,2.09249997138977,-0.0198999643325806
2021-10-26,1.67289996147156,-0.421199994161725,0.0263000000268221,2.08879995346069,-0.0209999978542328
2021-10-27,1.5978000164032,-0.438900005538017,-0.00510000018402934,2.06979990005493,-0.0279998779296875
2021-10-28,1.64320003986359,-0.4270000141114,0.0132999997586012,2.0806999206543,-0.023799866437912
2021-10-29,1.63960003852844,-0.428099999204278,0.0118000004440546,2.08010005950928,-0.0242000222206116
2021-11-01,1.66219997406006,-0.421699993312359,0.0207000002264977,2.08529996871948,-0.0221000015735626
2021-11-02,1.62020003795624,-0.434599987231195,0.00490000005811453,2.0757999420166,-0.0258999168872833
2021-11-03,1.65869998931885,-0.42230000346899,0.0188999995589256,2.08480000495911,-0.0227000117301941
2021-11-04,1.57920002937317,-0.447699987329543,-0.0102000003680587,2.06669998168945,-0.0295999646186829
2021-11-05,1.5067000389099101,-0.468199979513884,-0.0384999997913837,2.04949998855591,-0.0360999703407288
2021-11-08,1.56089997291565,-0.448500005528331,-0.0200999993830919,2.06119990348816,-0.031699925661087
2021-11-09,1.5029000043869,-0.466999974101782,-0.0410999990999699,2.04719996452332,-0.0361999869346619
2021-11-10,1.6139999628067,-0.428699990967289,-0.00209999992512167,2.07179999351501,-0.0270000398159027
2021-11-12,1.6331000328064,-0.422800005879253,0.0052000000141561,2.07570004463196,-0.0250000059604645
2021-11-15,1.67780005931854,-0.412099998444319,0.0240000002086163,2.0864999294281,-0.0205998718738556
2021-11-16,1.6985000371933,-0.406300004571676,0.0320000015199184,2.09170007705688,-0.0189000368118286
2021-11-17,1.67439997196198,-0.414899989962578,0.0238000005483627,2.08619999885559,-0.0207000374794006
2021-11-18,1.65260004997253,-0.421200014650822,0.0153999999165535,2.08100008964539,-0.0226000249385834
2021-11-19,1.61960005760193,-0.428400002769195,0.00130000000353903,2.07229995727539,-0.0255998969078064
2021-11-22,1.71370005607605,-0.397100005298853,0.0350000001490116,2.09360003471375,-0.017799973487854
2021-11-23,1.73940002918243,-0.390799984335899,0.0456999987363815,2.09980010986328,-0.0153000950813293
2021-11-24,1.71879994869232,-0.391600012779236,0.0342999994754791,2.09389996528625,-0.0178000032901764
2021-11-26,1.55369997024536,-0.442299995571375,-0.0274999998509884,2.05579996109009,-0.0322999954223633
2021-11-29,1.58259999752045,-0.433899998664856,-0.0166999995708466,2.06340003013611,-0.0302000343799591
2021-11-30,1.51670002937317,-0.451500009745359,-0.0430000014603138,2.04730010032654,-0.0361000597476959
2021-12-01,1.52489995956421,-0.44820000231266,-0.0405000001192093,2.0492000579834,-0.0356000959873199
2021-12-02,1.52330005168915,-0.444500003010035,-0.0432999990880489,2.04679989814758,-0.0356998443603516
2021-12-03,1.43420004844666,-0.470099970698357,-0.0775000005960464,2.02500009536743,-0.0432000756263733
2021-12-06,1.50109994411469,-0.443799991160631,-0.0564999990165234,2.04010009765625,-0.0387001633644104
2021-12-07,1.54709994792938,-0.425700005143881,-0.0419999994337559,2.05019998550415,-0.0354000329971313
2021-12-08,1.567999958992,-0.422499988228083,-0.0320000015199184,2.05529999732971,-0.0328000485897064
2021-12-09,1.55809998512268,-0.426699988543987,-0.0348000004887581,2.05279994010925,-0.0331999659538269
2021-12-10,1.55209994316101,-0.427500005811453,-0.0377000011503696,2.05130004882812,-0.0340000987052917
2021-12-13,1.49890005588531,-0.445000026375055,-0.0566000007092953,2.03859996795654,-0.0380998849868774
2021-12-14,1.51919996738434,-0.436199989169836,-0.0507999993860722,2.04310011863708,-0.0369001626968384
2021-12-15,1.54250001907349,-0.427999995648861,-0.0427000001072884,2.04819989204407,-0.0349998772144318
2021-12-16,1.4951000213623,-0.44590001553297,-0.0584999993443489,2.03839993476868,-0.0388998985290527
2021-12-17,1.48810005187988,-0.447300001978874,-0.0617000013589859,2.03690004348755,-0.0397999882698059
2021-12-20,1.4922000169754,-0.443499993532896,-0.0621999986469746,2.03830003738403,-0.0404000282287598
2021-12-21,1.54100000858307,-0.427000001072884,-0.0450000017881393,2.04940009117126,-0.0364000797271729
2021-12-22,1.52890002727509,-0.430299989879131,-0.0496999993920326,2.04620003700256,-0.0373000204563141
2021-12-23,1.56610000133514,-0.416899997740984,-0.0373000018298626,2.05509996414185,-0.0347999632358551
2021-12-27,1.54999995231628,-0.416199989616871,-0.0471000000834465,2.05049991607666,-0.0371999740600586
2021-12-28,1.55460000038147,-0.415899988263845,-0.0447000004351139,2.0518000125885,-0.0366000235080719
2021-12-29,1.61370003223419,-0.401399999856949,-0.0203000009059906,2.06640005111694,-0.031000018119812
2021-12-30,1.58469998836517,-0.410600008442998,-0.0308999996632338,2.05970001220703,-0.0335000157356262
2021-12-31,1.58410000801086,-0.411400005221367,-0.030799999833107,2.0599000453949,-0.0336000323295593
2022-01-03,1.70350003242493,-0.372299991548061,0.0119000002741814,2.08800005912781,-0.0241000354290009
2022-01-04,1.74319994449615,-0.362600015476346,0.0281000006943941,2.09859991073608,-0.0208999514579773
2022-01-05,1.79480004310608,-0.345400009304285,0.0465000011026859,2.11030006408691,-0.0166000127792358
2022-01-06,1.82539999485016,-0.334100011736155,0.0568999983370304,2.11660003662109,-0.0140000283718109
2022-01-07,1.85450005531311,-0.32439998537302,0.0672999992966652,2.12310004234314,-0.0115000009536743
2022-01-10,1.86559998989105,-0.312999993562698,0.0659999996423721,2.12470006942749,-0.0121000856161118
2022-01-11,1.8293000459671,-0.323000002652407,0.0518000014126301,2.11560010910034,-0.0151000618934631
2022-01-12,1.83150005340576,-0.322699993848801,0.0527999997138977,2.11630010604858,-0.0149000585079193
2022-01-13,1.79799997806549,-0.333200007677078,0.0403999984264374,2.10859990119934,-0.0177999138832092
2022-01-14,1.87450003623962,-0.305600002408028,0.066200003027916,2.12590003013611,-0.0119999945163727
2022-01-18,1.95990002155304,-0.268700003623962,0.090599998831749,2.14499998092651,-0.00699995458126068
2022-01-19,1.93040001392365,-0.277499996125698,0.0794999971985817,2.13790011405945,-0.00950010120868683
2022-01-20,1.91499996185303,-0.280700005590916,0.0728000029921532,2.13380002975464,-0.0109000653028488
2022-01-21,1.83659994602203,-0.305500015616417,0.0441000014543533,2.11540007591248,-0.0174001157283783
2022-01-24,1.83720004558563,-0.302500002086163,0.0419000014662743,2.11630010604858,-0.0185000598430634
2022-01-25,1.86989998817444,-0.291200004518032,0.0531999990344048,2.12400007247925,-0.0161000788211823
2022-01-26,1.94830000400543,-0.263099998235703,0.0799999982118607,2.14109992980957,-0.00969992578029633
2022-01-27,1.89849996566772,-0.269499994814396,0.0557999983429909,2.12730002403259,-0.0151000618934631
2022-01-28,1.84660005569458,-0.284100003540516,0.0355999991297722,2.11470007896423,-0.0196000188589096
2022-01-31,1.86559998989105,-0.271599996834993,0.0377000011503696,2.11929988861084,-0.0197999030351639
2022-02-01,1.8831000328064,-0.266999993473291,0.0447000004351139,2.12369990348816,-0.0182998776435852
2022-02-02,1.85780000686646,-0.278300002217293,0.0377999991178513,2.11800003051758,-0.0197000205516815
2022-02-03,1.90520000457764,-0.260599993169308,0.0531999990344048,2.12890005111694,-0.0163000524044037
2022-02-04,2.00720000267029,-0.217699997127056,0.0834000036120415,2.15129995346069,-0.00979995727539062
2022-02-07,1.9922000169754,-0.216400004923344,0.0736000016331673,2.14739990234375,-0.0123998820781708
2022-02-08,2.02819991111755,-0.203100003302097,0.0856000036001205,2.15529990196228,-0.00959999114274979
2022-02-09,2.02080011367798,-0.20610000193119,0.0835999995470047,2.15289998054504,-0.00959986448287964
2022-02-10,2.11299991607666,-0.149700004607439,0.098800003528595,2.17090010643005,-0.00700018927454948
2022-02-11,2.00230002403259,-0.186100002378225,0.0593000017106533,2.14510011672974,-0.0160000920295715
2022-02-14,2.05979990959167,-0.15820000320673,0.0734999999403954,2.15779995918274,-0.0133000463247299
2022-02-15,2.12610006332397,-0.145700003951788,0.10360000282526,2.17440009117126,-0.00620002672076225
2022-02-16,2.10459995269775,-0.161300003528595,0.101800002157688,2.17020010948181,-0.00610015541315079
2022-02-17,2.05399990081787,-0.180900000035763,0.0857999995350838,2.15879988670349,-0.0096999853849411
2022-02-18,2.00959992408752,-0.193900004029274,0.0688000023365021,2.14820003509521,-0.0135001093149185
2022-02-22,2.01379990577698,-0.178199999034405,0.0604000017046928,2.14770007133484,-0.0161001682281494
2022-02-23,2.05080008506775,-0.164599999785423,0.0727000012993813,2.15599989891052,-0.0132998153567314
2022-02-24,2.02819991111755,-0.185599997639656,0.0741999968886375,2.15179991722107,-0.0122000053524971
2022-02-25,2.05399990081787,-0.170800000429153,0.0789000019431114,2.15739989280701,-0.0114999935030937
2022-02-28,1.88779997825623,-0.224299997091293,0.0185000002384186,2.11879992485046,-0.0251999497413635
2022-03-01,1.77059996128082,-0.274099990725517,-0.0159000009298325,2.09330010414124,-0.0327001512050629
2022-03-02,1.92589998245239,-0.215599991381168,0.0346999987959862,2.12829995155334,-0.02149997651577
2022-03-03,1.92690002918243,-0.212699994444847,0.0333999991416931,2.12800002098083,-0.0217999964952469
2022-03-04,1.79340004920959,-0.251800013706088,-0.0175000000745058,2.09579992294312,-0.0330998599529266
2022-03-07,1.82840001583099,-0.229599997401237,-0.0122999995946884,2.10279989242554,-0.0324998795986176
2022-03-08,1.90260004997253,-0.206599997356534,0.0156999994069338,2.11899995803833,-0.0254999101161957
2022-03-09,1.99290001392365,-0.177299994975328,0.0483000017702579,2.14010000228882,-0.0181999951601028
2022-03-10,2.03200006484985,-0.164000000804663,0.0621999986469746,2.14849996566772,-0.014699898660183
2022-03-11,2.03959989547729,-0.156999997794628,0.062100000679493,2.1489999294281,-0.0145000368356705
2022-03-14,2.19420003890991,-0.097499999217689,0.111299999058247,2.18460011482239,-0.00420007575303316
2022-03-15,2.21090006828308,-0.0921000018715858,0.117200002074242,2.18880009651184,-0.00300002843141556
2022-03-16,2.25570011138916,-0.0747999958693981,0.131899997591972,2.19790005683899,7.0005282759666e-4
2022-03-17,2.24289989471436,-0.0849999971687794,0.131899997591972,2.19429993629456,0.00169995799660683
2022-03-18,2.19950008392334,-0.0959999989718199,0.114399999380112,2.1831998825073202,-0.00209979899227619
2022-03-21,2.37229990959167,-0.0226000100374222,0.164800003170967,2.22160005569458,0.0084998607635498
2022-03-22,2.43090009689331,-0.00139999389648438,0.184499993920326,2.23480010032654,0.0129999965429306
2022-03-23,2.37150001525879,-0.0239000022411346,0.165500000119209,2.22090005874634,0.00899995863437653
2022-03-24,2.39800000190735,-0.0126999914646149,0.173199996352196,2.22690010070801,0.0105998963117599
2022-03-25,2.55310010910034,0.0437000095844269,0.225199997425079,2.26189994812012,0.0223001539707184
2022-03-28,2.51780009269714,0.0473999977111816,0.202199995517731,2.25149989128113,0.0167002081871033
2022-03-29,2.46620011329651,0.0309000015258789,0.18359999358654,2.23889994621277,0.0128001719713211
2022-03-30,2.3931999206543,0.00720000267028809,0.157399997115135,2.22140002250671,0.00719989836215973
2022-03-31,2.36389994621277,-9.0000033378601e-4,0.145799994468689,2.21460008621216,0.0043998658657074
2022-04-01,2.43680000305176,0.0319000035524368,0.166400000452995,2.22909998893738,0.00940001010894775
2022-04-04,2.45230007171631,0.0449000000953674,0.166299998760223,2.23230004310608,0.00880002975463867
2022-04-05,2.57349991798401,0.0820999890565872,0.21170000731945,2.26049995422363,0.0191999673843384
2022-04-06,2.63700008392334,0.0991999953985214,0.236599996685982,2.2765998840332,0.0246002078056335
2022-04-07,2.69370007514954,0.110699981451035,0.261400014162064,2.29169988632202,0.0299001932144165
2022-04-08,2.76110005378723,0.13579997420311,0.283300012350082,2.30749988555908,0.0345001816749573
2022-04-11,2.81529998779297,0.157200008630753,0.299699991941452,2.32119989395142,0.0372000932693481
2022-04-12,2.75289988517761,0.127499997615814,0.282999992370605,2.30960011482239,0.0327997803688049
2022-04-13,2.74889993667603,0.123600006103516,0.282999992370605,2.30970001220703,0.032599925994873
2022-04-14,2.86999988555908,0.167800009250641,0.323300004005432,2.33759999275208,0.0412998795509338
2022-04-18,2.89429998397827,0.178600013256073,0.329699993133545,2.34369993209839,0.0423000454902649
2022-04-19,2.98320007324219,0.211199998855591,0.359499990940094,2.36330008506775,0.0491999983787537
2022-04-20,2.90149998664856,0.18970000743866,0.326900005340576,2.34270000457764,0.042199969291687
2022-04-21,2.94749999046326,0.211299985647202,0.339300006628036,2.35170006752014,0.0451999306678772
2022-04-22,2.95230007171631,0.213799983263016,0.340400010347366,2.35279989242554,0.0453001856803894
2022-04-25,2.8578999042511,0.196399986743927,0.296600013971329,2.33080005645752,0.0340998470783234
2022-04-26,2.81089997291565,0.178200006484985,0.281199991703033,2.32119989395142,0.0303000807762146
2022-04-27,2.84999990463257,0.18860000371933,0.29679998755455,2.33080005645752,0.0337998569011688
2022-04-28,2.8824999332428,0.198900014162064,0.308999985456467,2.33780002593994,0.0367999076843262
2022-04-29,2.95230007171631,0.222800016403198,0.333400011062622,2.35369992256165,0.0424001216888428
2022-05-02,3.05080008506775,0.260999977588654,0.364300012588501,2.37680006027222,0.0487000346183777
2022-05-03,3.02279996871948,0.251700013875961,0.354699999094009,2.36940002441406,0.0469999313354492
2022-05-04,2.97320008277893,0.230100005865097,0.340400010347366,2.35899996757507,0.043700098991394
2022-05-05,3.10879993438721,0.260199993848801,0.398799985647202,2.39249992370605,0.0573000311851501
2022-05-06,3.18869996070862,0.283999979496002,0.428900003433228,2.41190004348755,0.0638999342918396
2022-05-09,3.11890006065369,0.261499971151352,0.402900010347366,2.39739990234375,0.0571001768112183
2022-05-10,3.06299996376038,0.248499989509583,0.379000008106232,2.38409996032715,0.0514000058174133
2022-05-11,2.98720002174377,0.229199975728989,0.348300009965897,2.36500000953674,0.044700026512146
2022-05-12,2.92829990386963,0.209300011396408,0.327399998903275,2.35209989547729,0.0394999980926514
2022-05-13,2.99930000305176,0.23580002784729,0.350499987602234,2.36849999427795,0.0444999933242798
2022-05-16,2.95499992370605,0.230500012636185,0.327699989080429,2.35859990119934,0.0382000207901001
2022-05-17,3.05279994010925,0.267999976873398,0.359100013971329,2.38030004501343,0.0453999042510986
2022-05-18,2.95440006256104,0.240700006484985,0.320699989795685,2.3561999797821,0.0368000864982605
2022-05-19,2.92050004005432,0.222999960184097,0.313100010156631,2.34910011291504,0.0352999567985535
2022-05-20,2.87109994888306,0.205499976873398,0.296200007200241,2.33789992332458,0.0315000414848328
2022-05-23,2.94300007820129,0.236999988555908,0.316399991512299,2.35400009155273,0.0356000065803528
2022-05-24,2.83629989624023,0.198199987411499,0.280600011348724,2.33010005950928,0.0273998379707336
2022-05-25,2.81579995155334,0.189599990844727,0.274300009012222,2.32610011100769,0.0257998406887054
2022-05-26,2.81209993362427,0.187800019979477,0.273299992084503,2.32559990882874,0.0254000127315521
2022-05-27,2.81820011138916,0.191300004720688,0.274399995803833,2.32690000534058,0.0256001055240631
2022-05-31,2.92300009727478,0.237100005149841,0.303600013256073,2.35130000114441,0.0310000777244568
2022-06-01,3.01539993286133,0.269399970769882,0.335700005292892,2.37170004844666,0.0385999083518982
2022-06-02,2.98429989814758,0.26230001449585,0.32260000705719,2.36360001564026,0.0357998609542847
2022-06-03,3.00769996643066,0.274199992418289,0.328099995851517,2.36849999427795,0.0368999838829041
2022-06-06,3.10220003128052,0.31180003285408,0.357199996709824,2.39030003547668,0.0428999662399292
2022-06-07,3.05089998245239,0.299300014972687,0.335799992084503,2.37800002098083,0.0377999544143677
2022-06-08,3.09299993515015,0.315099984407425,0.349400013685226,2.38790011405945,0.0405998229980469
2022-06-09,3.10630011558533,0.325199961662292,0.350300014019012,2.39010000228882,0.0407001376152039
2022-06-10,3.23760008811951,0.392899990081787,0.380400002002716,2.417799949646,0.0465001463890076
2022-06-13,3.51160001754761,0.521299988031387,0.451700001955032,2.47810006141663,0.0604999661445618
2022-06-14,3.58240008354187,0.566999942064285,0.460700005292892,2.49429988861084,0.0604002475738525
2022-06-15,3.3824999332428,0.490000009536743,0.396499991416931,2.45029997825623,0.0456999540328979
2022-06-16,3.33990001678467,0.466500014066696,0.388099998235703,2.4407000541687,0.0445999503135681
2022-06-17,3.33089995384216,0.462800025939941,0.385399997234344,2.43840003013611,0.0442999005317688
2022-06-21,3.3831000328064,0.503899991512299,0.386500000953674,2.45059990882874,0.0421001315116882
2022-06-22,3.23819994926453,0.455699980258942,0.334500014781952,2.41820001602173,0.0297999382019043
2022-06-23,3.17030000686646,0.436600029468536,0.307399988174438,2.40370011329651,0.0225998759269714
2022-06-24,3.20320010185242,0.454200029373169,0.313899993896484,2.41199994087219,0.0231001377105713
2022-06-27,3.27740001678467,0.487299978733063,0.334100008010864,2.42910003662109,0.0268999934196472
2022-06-28,3.28830003738403,0.490199983119965,0.33840000629425,2.43199992179871,0.0277001261711121
2022-06-29,3.21589994430542,0.465799987316132,0.3125,2.416100025177,0.0214999318122864
2022-06-30,3.08019995689392,0.416300028562546,0.266999989748001,2.38590002059937,0.0109999179840088
2022-07-01,2.95479989051819,0.377499997615814,0.220200002193451,2.35719990730286,-1.000165939331e-4
2022-07-05,2.92810010910034,0.375600025057793,0.204999998211861,2.35229992866516,-0.00479984283447266
2022-07-06,3.04139995574951,0.418999969959259,0.241400003433228,2.37789988517761,0.00310009717941284
2022-07-07,3.10719990730286,0.44269996881485,0.263700008392334,2.39229989051819,0.00850003957748413
2022-07-08,3.18530011177063,0.47309997677803,0.288599997758865,2.40960001945496,0.0140001177787781
2022-07-11,3.0913999080658,0.461300000548363,0.241300001740456,2.38680005073547,0.00199985504150391
2022-07-12,3.03859996795654,0.446700006723404,0.220400005578995,2.37459993362427,-0.00309997797012329
2022-07-13,2.99819993972778,0.460799992084503,0.186800003051758,2.36290001869202,-0.0123000741004944
2022-07-14,3.03609991073608,0.472699984908104,0.200699999928474,2.37170004844666,-0.00900012254714966
2022-07-15,3.01139998435974,0.466799974441528,0.190400004386902,2.36549997329712,-0.0112999677658081
2022-07-18,3.03489995002747,0.483199998736382,0.192399993538857,2.37109994888306,-0.0117999911308289
2022-07-19,3.08769989013672,0.508500024676323,0.205699995160103,2.38280010223389,-0.00930023193359375
2022-07-20,3.11660003662109,0.517299979925156,0.216800004243851,2.38910007476807,-0.006600022315979
2022-07-21,2.96740007400513,0.461199998855591,0.168099999427795,2.35540008544922,-0.017300009727478
2022-07-22,2.82850003242493,0.414399981498718,0.118900001049042,2.3238000869751,-0.0286000370979309
2022-07-25,2.86470007896423,0.437500007450581,0.123599998652935,2.33249998092651,-0.0288999080657959
2022-07-26,2.86509990692139,0.433300018310547,0.126800000667572,2.33260011672974,-0.0276002287864685
2022-07-27,2.81730008125305,0.407499976456165,0.116800002753735,2.32240009307861,-0.0293999910354614
2022-07-28,2.70959997177124,0.365599997341633,0.0825000032782555,2.29850006103516,-0.0370000898838043
2022-07-29,2.70740008354187,0.367899991571903,0.0795999988913536,2.29789996147156,-0.0379998683929443
2022-08-01,2.64930009841919,0.358199987560511,0.0520999990403652,2.28369998931885,-0.0446998775005341
2022-08-02,2.80809998512268,0.415899977087975,0.105499997735023,2.31920003890991,-0.0325000286102295
2022-08-03,2.7746000289917,0.409299992024899,0.090999998152256,2.30960011482239,-0.035300076007843
2022-08-04,2.71259999275208,0.385700009763241,0.0709000006318092,2.29579997062683,-0.0397999882698059
2022-08-05,2.87260007858276,0.45430002361536,0.117299996316433,2.33080005645752,-0.0297999978065491
2022-08-08,2.79850006103516,0.442300014197826,0.0821999981999397,2.31229996681213,-0.0382999181747437
2022-08-09,2.83030009269714,0.457100003957748,0.0907000005245209,2.3189001083374,-0.0364000201225281
2022-08-10,2.82080006599426,0.446999989449978,0.0921000018715858,2.31769990921021,-0.0359998345375061
2022-08-11,2.90580010414124,0.463099986314774,0.13060000538826,2.33890008926392,-0.0267999768257141
2022-08-12,2.88429999351501,0.462499968707561,0.118500001728535,2.33319997787476,-0.0298999547958374
2022-08-15,2.83330011367798,0.448200009763241,0.0982000008225441,2.32159996032715,-0.0346998572349548
2022-08-16,2.85870003700256,0.457299999892712,0.10700000077486,2.32710003852844,-0.0327000021934509
2022-08-17,2.92890000343323,0.482700005173683,0.130799993872643,2.34249997138977,-0.0270999670028687
2022-08-18,2.90310001373291,0.472000002861023,0.123199999332428,2.33640003204346,-0.0285000205039978
2022-08-19,3.01220011711121,0.50629997253418,0.163100004196167,2.36249995231628,-0.0196998119354248
2022-08-22,3.06990003585815,0.533699989318848,0.177799999713898,2.37529993057251,-0.0168998837471008
2022-08-23,3.09120011329651,0.538300007581711,0.187000006437302,2.38089990615845,-0.0149998068809509
2022-08-24,3.15429997444153,0.565299987792969,0.205099999904633,2.39529991149902,-0.0113999247550964
2022-08-25,3.08100008964539,0.541699975728989,0.178700000047684,2.37779998779297,-0.0171998739242554
2022-08-26,3.10590004920959,0.552000030875206,0.186299994587898,2.38299989700317,-0.0153998732566833
2022-08-29,3.1716001033783,0.586000025272369,0.200800001621246,2.39800000190735,-0.0131999254226685
2022-08-30,3.17000007629395,0.588900029659271,0.197899997234344,2.39720010757446,-0.0140000581741333
2022-08-31,3.2121000289917,0.599699974060059,0.214800000190735,2.40790009498596,-0.0103000402450562
2022-09-01,3.32859992980957,0.636100023984909,0.257699996232986,2.43560004234314,-8.0013275146484e-4
2022-09-02,3.26220011711121,0.611600026488304,0.235499992966652,2.42129993438721,-0.00619983673095703
2022-09-06,3.39800000190735,0.661100000143051,0.280400007963181,2.45320010185242,0.00329989194869995
2022-09-07,3.33470010757446,0.64369997382164,0.255199998617172,2.43849992752075,-0.00269979238510132
2022-09-08,3.35570001602173,0.656699985265732,0.258399993181229,2.44300007820129,-0.00240004062652588
2022-09-09,3.38269996643066,0.676899999380112,0.260199993848801,2.44810009002686,-0.00250011682510376
2022-09-12,3.41739988327026,0.692699998617172,0.269300013780594,2.45650005340576,-0.00110018253326416
2022-09-13,3.46659994125366,0.738799959421158,0.266000002622604,2.46519994735718,-0.00339996814727783
2022-09-14,3.44829988479614,0.741300016641617,0.253699988126755,2.45959997177124,-0.00630009174346924
2022-09-15,3.50390005111694,0.761800050735474,0.272300004959106,2.47180008888245,-0.00200009346008301
2022-09-16,3.49810004234314,0.756800055503845,0.272199988365173,2.47119998931885,-0.00209999084472656
2022-09-19,3.53640007972717,0.784700036048889,0.275200009346008,2.47880005836487,-0.00230002403259277
2022-09-20,3.60710000991821,0.806100010871887,0.301699995994568,2.49550008773804,0.0037999153137207
2022-09-21,3.56329989433289,0.79679998755455,0.282900005578995,2.48379993438721,-2.0003318786621e-4
2022-09-22,3.74950003623962,0.854399979114532,0.352299988269806,2.52699995040894,0.0158001184463501
2022-09-23,3.72169995307922,0.849400043487549,0.34060001373291,2.51740002632141,0.0142998695373535
2022-09-26,3.90840005874634,0.921499967575073,0.400099992752075,2.5592999458313,0.0275001525878906
2022-09-27,3.99499988555908,0.942000031471252,0.436699986457825,2.58010005950928,0.0361998081207275
2022-09-28,3.74300003051758,0.853400021791458,0.349999994039536,2.52320003509521,0.0163999795913696
2022-09-29,3.82229995727539,0.876400023698807,0.380199998617172,2.542799949646,0.0228999853134155
2022-09-30,3.89059996604919,0.902599990367889,0.40200001001358,2.55839991569519,0.0276000499725342
2022-10-03,3.70499992370605,0.852700024843216,0.327699989080429,2.51449990272522,0.0101000070571899
2022-10-04,3.66020011901855,0.840700000524521,0.309399992227554,2.50480008125305,0.00530004501342773
2022-10-05,3.81949996948242,0.887900054454803,0.369599997997284,2.54349994659424,0.0184999704360962
2022-10-06,3.89109992980957,0.914000004529953,0.393500000238419,2.55979990959167,0.0238000154495239
2022-10-07,3.9342999458313,0.937900006771088,0.402599990367889,2.56780004501343,0.025999903678894
2022-10-11,3.98230004310608,0.962299972772598,0.413199990987778,2.5796000957489,0.0271999835968018
2022-10-12,3.9695999622345,0.956500053405762,0.409500002861023,2.57750010490417,0.0260998010635376
2022-10-13,4.02729988098145,0.9962999522686,0.415800005197525,2.58879995346069,0.0263999700546265
2022-10-14,4.05219984054565,1.00919994711876,0.421499997377396,2.59380006790161,0.0276998281478882
2022-10-17,4.0605001449585,1.01949998736382,0.418700009584427,2.59640002250671,0.02590012550354
2022-10-18,4.04979991912842,1.01600003242493,0.414499998092651,2.59489989280701,0.024399995803833
2022-10-19,4.17369985580444,1.06439998745918,0.453399986028671,2.62310004234314,0.0327998399734497
2022-10-20,4.2536997795105,1.09569996595383,0.478799998760223,2.64050006866455,0.038699746131897
2022-10-21,4.23729991912842,1.07529997825623,0.482699990272522,2.64000010490417,0.0392998456954956
2022-10-24,4.29029989242554,1.09909999370575,0.496399998664856,2.65380001068115,0.0409998893737793
2022-10-25,4.16660022735596,1.06279996037483,0.449099987745285,2.62450003623962,0.0302002429962158
2022-10-26,4.11159992218018,1.041100025177,0.431800007820129,2.61240005493164,0.0262998342514038
2022-10-27,4.03800010681152,1.01220002770424,0.408300012350082,2.59680008888245,0.0206999778747559
2022-10-28,4.11469984054565,1.04509994387627,0.430200010538101,2.61439990997314,0.0249999761581421
2022-10-31,4.1838002204895,1.07879999279976,0.447100013494492,2.63010001182556,0.0278002023696899
2022-11-01,4.16989994049072,1.08029994368553,0.438100010156631,2.62579989433289,0.0257000923156738
2022-11-02,4.18190002441406,1.08580002188683,0.441599994897842,2.6275999546051,0.026900053024292
2022-11-03,4.24300003051758,1.10309997200966,0.465700000524521,2.64140009880066,0.0327999591827393
2022-11-04,4.24650001525879,1.09929996728897,0.470200002193451,2.64310002326965,0.0339000225067139
2022-11-07,4.3076000213623,1.12679997086525,0.486600011587143,2.65729999542236,0.0369000434875488
2022-11-08,4.23120021820068,1.10149994492531,0.459300011396408,2.64000010490417,0.0304001569747925
2022-11-09,4.23430013656616,1.09779998660088,0.463200002908707,2.64229989051819,0.0310002565383911
2022-11-10,3.88879990577698,0.982399970293045,0.340700000524521,2.56229996681213,0.00339996814727783
2022-11-14,3.93889999389648,1.00249999761581,0.35589998960495,2.57399988174438,0.00650012493133545
2022-11-15,3.85700011253357,0.975999981164932,0.326299995183945,2.5550000667572,-2.9993057250976e-4
2022-11-16,3.72709989547729,0.940299957990646,0.275000005960464,2.52379989624023,-0.0119999647140503
2022-11-17,3.81229996681213,0.971599966287613,0.303400009870529,2.54290008544922,-0.00560009479522705
2022-11-18,3.85570001602173,0.993000060319901,0.314099997282028,2.55189990997314,-0.00329995155334473
2022-11-21,3.87940001487732,1.00529995560646,0.319099992513657,2.55780005455017,-0.00279998779296875
2022-11-22,3.78489995002747,0.984800040721893,0.278299987316132,2.53390002250671,-0.0121001005172729
2022-11-23,3.71589994430542,0.96699994802475,0.250400006771088,2.51690006256104,-0.0184000730514526
2022-11-25,3.6831998825073202,0.955600008368492,0.239099994301796,2.50950002670288,-0.0210001468658447
2022-11-28,3.70589995384216,0.965899959206581,0.245100006461143,2.51489996910095,-0.0199999809265137
2022-11-29,3.75679993629456,0.979599982500076,0.265300005674362,2.5271999835968,-0.0153000354766846
2022-11-30,3.66630005836487,0.946599960327148,0.234899997711182,2.50729990005493,-0.0224997997283936
2022-12-01,3.52690005302429,0.895999997854233,0.187999993562698,2.4760000705719,-0.0331000089645386
2022-12-02,3.5074999332428,0.892399936914444,0.179100006818771,2.47129988670349,-0.0352998971939087
2022-12-05,3.61789989471436,0.939099952578545,0.211500003933907,2.4956998825073202,-0.0283999443054199
2022-12-06,3.5271999835968,0.913299962878227,0.176300004124641,2.47399997711182,-0.0363999605178833
2022-12-07,3.42129993438721,0.878200024366379,0.13850000500679,2.44959998130798,-0.0450000762939453
2022-12-08,3.48880004882812,0.89900004863739,0.163800001144409,2.46499991416931,-0.0389999151229858
2022-12-09,3.56900000572205,0.921800032258034,0.19480000436306,2.48449993133545,-0.0320999622344971
2022-12-12,3.59540009498596,0.939899951219559,0.197699993848801,2.48979997634888,-0.0319998264312744
2022-12-13,3.47690010070801,0.890999972820282,0.162000000476837,2.46359992027283,-0.0396997928619385
2022-12-14,3.46770000457764,0.883799999952316,0.161500006914139,2.46219992637634,-0.0397999286651611
2022-12-15,3.42470002174377,0.874800026416779,0.142599999904633,2.4514000415802,-0.0441000461578369
2022-12-16,3.4595000743866,0.879400014877319,0.159500002861023,2.46110010147095,-0.0405000448226929
2022-12-19,3.54979991912842,0.910299986600876,0.1908999979496,2.48210000991821,-0.033500075340271
2022-12-20,3.65980005264282,0.94159996509552,0.233500003814697,2.50850009918213,-0.0238000154495239
2022-12-21,3.66580009460449,0.936599940061569,0.240500003099442,2.5106999874115,-0.0219998359680176
2022-12-22,3.67129993438721,0.938099980354309,0.242799997329712,2.51169991493225,-0.0212999582290649
2022-12-23,3.73460006713867,0.958899945020676,0.265599995851517,2.52620005607605,-0.0160999298095703
2022-12-27,3.82969999313354,0.997800052165985,0.294200003147125,2.54780006408691,-0.0101001262664795
2022-12-28,3.87030005455017,1.00850000977516,0.310499995946884,2.55780005455017,-0.0065000057220459
2022-12-29,3.83150005340576,0.995600014925003,0.296900004148483,2.54839992523193,-0.0093998908996582
2022-12-30,3.87509989738464,1.01320004463196,0.31029999256134,2.55800008773804,-0.00640022754669189
2023-01-03,3.78730010986328,0.993099987506866,0.272700011730194,2.53670001029968,-0.0151998996734619
2023-01-04,3.68560004234314,0.965400010347366,0.232199996709824,2.51279997825623,-0.0247999429702759
2023-01-05,3.69869995117188,0.97879995405674,0.230700001120567,2.51449990272522,-0.0252999067306519
2023-01-06,3.53399991989136,0.920599967241287,0.17399999499321,2.47810006141663,-0.0387001037597656
2023-01-09,3.51939988136292,0.918900027871132,0.165999993681908,2.47609996795654,-0.0416001081466675
2023-01-10,3.60400009155273,0.945799991488457,0.196400001645088,2.49699997901917,-0.0351998805999756
2023-01-11,3.54509997367859,0.926599949598312,0.17509999871254,2.48370003700256,-0.0403000116348267
2023-01-12,3.4274001121521,0.880299970507622,0.138199999928474,2.45709991455078,-0.0481997728347778
2023-01-13,3.47889995574951,0.89869998395443,0.155799999833107,2.46840000152588,-0.0440000295639038
2023-01-17,3.50909996032715,0.910399988293648,0.165000006556511,2.47639989852905,-0.042699933052063
2023-01-18,3.34619998931885,0.856500014662743,0.106600001454353,2.43919992446899,-0.0560999512672424
2023-01-19,3.3649001121521,0.864499993622303,0.112099997699261,2.4433000087738,-0.0549998879432678
2023-01-20,3.45320010185242,0.892300024628639,0.144500002264977,2.46390008926392,-0.0475000143051147
2023-01-23,3.49029994010925,0.907800048589706,0.155699998140335,2.47169995307922,-0.0449000597000122
2023-01-24,3.43549990653992,0.894800037145615,0.132699996232986,2.45819997787476,-0.0502001047134399
2023-01-25,3.4274001121521,0.886800050735474,0.133599996566772,2.45659995079041,-0.0495998859405518
2023-01-26,3.45440006256104,0.896599978208542,0.142800003290176,2.46230006217957,-0.0472999811172485
2023-01-27,3.48939990997314,0.908100053668022,0.155399993062019,2.47040009498596,-0.0445002317428589
2023-01-30,3.52360010147095,0.921400025486946,0.166400000452995,2.47760009765625,-0.0418000221252441
2023-01-31,3.50200009346008,0.911100000143051,0.160699993371964,2.47350001335144,-0.0432999134063721
2023-02-01,3.36500000953674,0.863900005817413,0.112800002098083,2.44280004501343,-0.0545000433921814
2023-02-02,3.37649989128113,0.863600015640259,0.119599997997284,2.44619989395142,-0.0529000163078308
2023-02-03,3.51090002059937,0.917499989271164,0.161500006914139,2.47510004043579,-0.0432000160217285
2023-02-06,3.58949995040894,0.956499963998795,0.181199997663498,2.49040007591248,-0.0386000871658325
2023-02-07,3.61350011825562,0.966399997472763,0.188800007104874,2.49469995498657,-0.0363998413085938
2023-02-08,3.59360003471375,0.958400055766106,0.182699993252754,2.49009990692139,-0.0375999212265015
2023-02-09,3.63820004463196,0.975400030612946,0.197200000286102,2.49990010261536,-0.0343000888824463
2023-02-10,3.71199989318848,0.995199993252754,0.226699993014336,2.51769995689392,-0.0276000499725342
2023-02-13,3.68619990348816,1.00080001354218,0.207599997520447,2.51049995422363,-0.0327000617980957
2023-02-14,3.72889995574951,1.01870001852512,0.220599994063377,2.51889991760254,-0.0292999744415283
2023-02-15,3.81529998779297,1.03899997472763,0.2567999958992,2.54069995880127,-0.0211999416351318
2023-02-16,3.82500004768372,1.04480004310608,0.258700013160706,2.54209995269775,-0.0205999612808228
2023-02-17,3.78949999809265,1.0348000228405,0.244800001382828,2.53390002250671,-0.0240000486373901
2023-02-21,3.9077000617981,1.08320000767708,0.280400007963181,2.56060004234314,-0.0164999961853027
2023-02-22,3.94569993019104,1.09319996833801,0.295199990272522,2.57089996337891,-0.0135999917984009
2023-02-23,3.91120004653931,1.07769998908043,0.285699993371964,2.56340003013611,-0.0155999660491943
2023-02-24,3.99499988555908,1.10609996318817,0.315400004386902,2.58229994773865,-0.00880002975463867
2023-02-27,3.96259999275208,1.10170003771782,0.299299985170364,2.57439994812012,-0.0127999782562256
2023-02-28,3.94910001754761,1.09860000014305,0.293599992990494,2.57089996337891,-0.0139999389648438
2023-03-01,4.04510021209717,1.13249999284744,0.326499998569489,2.59279990196228,-0.00669968128204346
2023-03-02,4.10769987106323,1.14890000224113,0.351900011301041,2.60750007629395,-6.0021877288818e-4
2023-03-03,4.00710010528564,1.12020003795624,0.313199996948242,2.58279991149902,-0.00909984111785889
2023-03-06,3.98040008544922,1.12179997563362,0.29679998755455,2.57450008392334,-0.0126999616622925
2023-03-07,4.00330018997192,1.14369994401932,0.294900000095367,2.57879996299744,-0.0140997171401978
2023-03-08,4.00080013275146,1.15000003576279,0.289200007915497,2.57710003852844,-0.0154999494552612
2023-03-09,3.92440009117126,1.12049996852875,0.264400005340576,2.56089997291565,-0.0213998556137085
2023-03-10,3.6900999546051,1.02739997208118,0.19149999320507,2.50839996337891,-0.0371999740600586
2023-03-13,3.5443000793457,0.921000063419342,0.179199993610382,2.48210000991821,-0.0379999876022339
2023-03-14,3.63540005683899,0.960300028324127,0.205099999904633,2.50289988517761,-0.0328998565673828
2023-03-15,3.50789999961853,0.891599982976913,0.178000003099442,2.47630000114441,-0.0379999876022339
2023-03-16,3.60060000419617,0.945900022983551,0.1942999958992,2.49609994888306,-0.0356999635696411
2023-03-17,3.43600010871887,0.861200019717216,0.156200006604195,2.46199989318848,-0.0433998107910156
2023-03-20,3.53099989891052,0.898999959230423,0.185499995946884,2.48390007019043,-0.0374001264572144
2023-03-21,3.63549995422363,0.958500057458878,0.205599993467331,2.50530004501343,-0.0339001417160034
2023-03-22,3.50119996070862,0.913699984550476,0.157299995422363,2.47580003738403,-0.0456000566482544
2023-03-23,3.41639995574951,0.862499997019768,0.142499998211861,2.46000003814697,-0.0486000776290894
2023-03-24,3.43359994888306,0.859899967908859,0.154300004243851,2.46510004997253,-0.0457000732421875
2023-03-27,3.58899998664856,0.923099964857101,0.201700001955032,2.49950003623962,-0.0353000164031982
2023-03-28,3.59299993515015,0.93259996175766,0.197899997234344,2.49850010871887,-0.03600013256073
2023-03-29,3.61229991912842,0.942900016903877,0.202299997210503,2.50219988822937,-0.035099983215332
2023-03-30,3.58979988098145,0.937899976968765,0.192699998617172,2.49640011787415,-0.0372002124786377
2023-03-31,3.52340006828308,0.919300049543381,0.166500002145767,2.48099994659424,-0.0433999300003052
2023-04-03,3.46760010719299,0.896699965000153,0.149100005626678,2.46939992904663,-0.0475997924804688
2023-04-04,3.38720011711121,0.857699990272522,0.128600001335144,2.45300006866455,-0.0520999431610107
2023-04-05,3.34739995002747,0.846200026571751,0.112999998033047,2.44420003890991,-0.0560001134872437
2023-04-06,3.33820009231567,0.859499983489513,0.0979999974370003,2.44140005111694,-0.0606999397277832
2023-04-07,3.43029999732971,0.895100057125092,0.127499997615814,2.46169996261597,-0.0540000200271606
2023-04-10,3.44350004196167,0.90460005402565,0.128800004720688,2.46399998664856,-0.0539000034332275
2023-04-11,3.4546000957489,0.910700038075447,0.13120000064373,2.46589994430542,-0.0531998872756958
2023-04-12,3.42540001869202,0.896599978208542,0.123400002717972,2.46059989929199,-0.0551998615264893
2023-04-13,3.47440004348755,0.907200023531914,0.14470000565052,2.4728000164032,-0.0503000020980835
2023-04-14,3.54780006408691,0.941399976611137,0.164100006222725,2.48860001564026,-0.046299934387207
2023-04-17,3.61829996109009,0.970900014042854,0.185100004076958,2.50399994850159,-0.041700005531311
2023-04-18,3.60389995574951,0.970400035381317,0.177100002765656,2.50009989738464,-0.0436999797821045
2023-04-19,3.61890006065369,0.979000061750412,0.180099993944168,2.5025999546051,-0.0427999496459961
2023-04-20,3.55909991264343,0.952000007033348,0.163699999451637,2.48970007896423,-0.0463001728057861
2023-04-21,3.59080004692078,0.962700024247169,0.174700006842613,2.4974000453949,-0.0440000295639038
2023-04-24,3.53640007972717,0.943100050091743,0.156299993395805,2.48519992828369,-0.0481998920440674
2023-04-25,3.42030000686646,0.892900049686432,0.122500002384186,2.46079993247986,-0.055899977684021
2023-04-26,3.46000003814697,0.905900001525879,0.136500000953674,2.47079992294312,-0.0531998872756958
2023-04-27,3.56909990310669,0.949600011110306,0.170399993658066,2.49480009078979,-0.0457001924514771
2023-04-28,3.48830008506775,0.926400020718575,0.13910000026226,2.47569990158081,-0.0528998374938965
2023-05-01,3.61299991607666,0.972100004553795,0.18019999563694,2.50480008125305,-0.0441001653671265
2023-05-02,3.46059989929199,0.912400007247925,0.132200002670288,2.47079992294312,-0.0548000335693359
2023-05-03,3.40030002593994,0.89220006018877,0.110299997031689,2.45819997787476,-0.0604000091552734
2023-05-04,3.3882999420166,0.878899991512299,0.111699998378754,2.45840001106262,-0.0607000589370728
2023-05-05,3.47230005264282,0.918400019407272,0.133399993181229,2.47690010070801,-0.0564000606536865
2023-05-08,3.54999995231628,0.945100009441376,0.160600006580353,2.49449992179871,-0.0501999855041504
2023-05-09,3.56240010261536,0.953499972820282,0.162000000476837,2.49699997901917,-0.0500998497009277
2023-05-10,3.47959995269775,0.91889999806881,0.137099996209145,2.47930002212524,-0.0557000637054443
2023-05-11,3.4326000213623,0.906899943947792,0.117899999022484,2.46799993515015,-0.0601998567581177
2023-05-12,3.4993999004364,0.933799967169762,0.138600006699562,2.48250007629395,-0.0555001497268677
2023-05-15,3.53309988975525,0.949699953198433,0.146999999880791,2.49060010910034,-0.0542001724243164
2023-05-16,3.5845000743866,0.972099989652634,0.161500006914139,2.50230002403259,-0.0513999462127686
2023-05-17,3.61409997940063,0.988699942827225,0.167600005865097,2.50789999961853,-0.0500999689102173
2023-05-18,3.69889998435974,1.02799996733665,0.190200001001358,2.52600002288818,-0.0453000068664551
2023-05-19,3.74749994277954,1.04270000755787,0.208800002932549,2.53670001029968,-0.0407000780105591
2023-05-22,3.7639000415802,1.05529995262623,0.209499999880791,2.54019999504089,-0.0410999059677124
2023-05-23,3.74410009384155,1.04819996654987,0.202999994158745,2.53520011901855,-0.0422999858856201
2023-05-24,3.771399974823,1.0611999630928,0.210099995136261,2.54099988937378,-0.0408998727798462
2023-05-25,3.87109994888306,1.10119996964931,0.241300001740456,2.56200003623962,-0.0334000587463379
2023-05-26,3.84509992599487,1.09429995715618,0.231600001454353,2.55380010604858,-0.0346001386642456
2023-05-30,3.73569989204407,1.07379999756813,0.181199997663498,2.52819991111755,-0.0475000143051147
2023-05-31,3.67960000038147,1.04880000650883,0.165299996733665,2.51670002937317,-0.0512000322341919
2023-06-01,3.64910006523132,1.03459995985031,0.157000005245209,2.51060009002686,-0.0530999898910522
2023-06-02,3.73889994621277,1.07360000908375,0.182899996638298,2.5297999382019,-0.0473999977111816
2023-06-05,3.72729992866516,1.06560005247593,0.181799992918968,2.52699995040894,-0.0471000671386719
2023-06-06,3.7318000793457,1.06599996984005,0.184499993920326,2.52729988098145,-0.0459997653961182
2023-06-07,3.82680010795593,1.09290000796318,0.221799999475479,2.54940009117126,-0.0372999906539917
2023-06-08,3.75209999084473,1.0667000412941,0.19650000333786,2.53139996528625,-0.0425000190734863
2023-06-09,3.77259993553162,1.07329994440079,0.20440000295639,2.53500008583069,-0.04010009765625
2023-06-12,3.75390005111694,1.06640003621578,0.19820000231266,2.53060007095337,-0.0413000583648682
2023-06-13,3.84629988670349,1.09680004417896,0.231800004839897,2.55080008506775,-0.0331002473831177
2023-06-14,3.8257999420166,1.0958000421524,0.221300005912781,2.54340004920959,-0.0347001552581787
2023-06-15,3.70919990539551,1.05269998311996,0.182799994945526,2.51679992675781,-0.0430999994277954
2023-06-16,3.75399994850159,1.07040004432201,0.19709999859333,2.52609992027283,-0.0396000146865845
2023-06-20,3.71679997444153,1.06779997050762,0.177000001072884,2.51690006256104,-0.0449000597000122
2023-06-21,3.69889998435974,1.06429995596409,0.16889999806881,2.51259994506836,-0.0468999147415161
2023-06-22,3.76629996299744,1.08680005371571,0.193000003695488,2.52769994735718,-0.0412000417709351
2023-06-23,3.73049998283386,1.07599994540215,0.179399996995926,2.51950001716614,-0.0443999767303467
2023-06-26,3.71499991416931,1.07380005717278,0.171499997377396,2.51640009880066,-0.0467002391815186
2023-06-27,3.74909996986389,1.08910001814365,0.181099995970726,2.52340006828308,-0.0445001125335693
2023-06-28,3.68880009651184,1.07100002467632,0.158299997448921,2.50920009613037,-0.0497000217437744
2023-06-29,3.88000011444092,1.13329994678497,0.226999998092651,2.55410003662109,-0.0343998670578003
2023-06-30,3.83299994468689,1.11820004880428,0.210400000214577,2.54200005531311,-0.0376001596450806
2023-07-03,3.8717999458313,1.13620002567768,0.221000000834465,2.54970002174377,-0.0351001024246216
2023-07-05,3.95440006256104,1.15690004825592,0.254999995231628,2.56949996948242,-0.0269999504089355
2023-07-06,4.06339979171753,1.19339999556541,0.293700009584427,2.59450006484985,-0.0182002782821655
2023-07-07,4.07219982147217,1.19100001454353,0.300399988889694,2.59739995002747,-0.0166001319885254
2023-07-10,4.00220012664795,1.17000004649162,0.273499995470047,2.58200001716614,-0.0232999324798584
2023-07-11,3.98140001296997,1.16609996557236,0.263999998569489,2.57699990272522,-0.0256998538970947
2023-07-12,3.83960008621216,1.11700005829334,0.214499995112419,2.5453999042511,-0.0372998714447021
2023-07-13,3.74790000915527,1.07910005748272,0.186299994587898,2.52679991722107,-0.0442999601364136
2023-07-14,3.80909991264343,1.10489995777607,0.204500004649162,2.53979992866516,-0.0400999784469604
2023-07-17,3.78299999237061,1.09879998862743,0.193499997258186,2.53329992294312,-0.0425999164581299
2023-07-18,3.76440000534058,1.09320005774498,0.186599999666214,2.52859997749329,-0.0440000295639038
2023-07-19,3.70939993858337,1.0787999778986,0.164599999785423,2.51480007171631,-0.0488001108169556
2023-07-20,3.79839992523193,1.10899996757507,0.196099996566772,2.53480005264282,-0.0415000915527344
2023-07-21,3.80110001564026,1.1116000264883,0.195999994874001,2.53480005264282,-0.0413000583648682
2023-07-24,3.8364999294281,1.12619994580746,0.206799998879433,2.54229998588562,-0.0388000011444092
2023-07-25,3.88989996910095,1.14530003070831,0.224900007247925,2.55450010299683,-0.0348001718521118
2023-07-26,3.8675000667572,1.13130004703999,0.221000000834465,2.55110001564026,-0.0358999967575073
2023-07-27,3.99990010261536,1.1752000451088,0.268400013446808,2.58119988441467,-0.0248998403549194
2023-07-28,3.93530011177063,1.15240003168583,0.246500000357628,2.56609988212585,-0.0296998023986816
2023-07-31,3.96140003204346,1.15550005435944,0.259299993515015,2.57360005378723,-0.0270000696182251
2023-08-01,4.04829978942871,1.17919999361038,0.293500006198883,2.59500002861023,-0.0194002389907837
2023-08-02,4.05819988250732,1.180399954319,0.298500001430511,2.59739995002747,-0.0181000232696533
2023-08-03,4.16190004348755,1.20829996466637,0.339700013399124,2.62290000915527,-0.00899994373321533
2023-08-04,4.01859998703003,1.15979999303818,0.289099991321564,2.59039998054504,-0.0206999778747559
2023-08-07,4.06059980392456,1.1734000146389,0.303700000047684,2.60150003433228,-0.0180002450942993
2023-08-08,4.00409984588623,1.15630003809929,0.282200008630753,2.58879995346069,-0.0232001543045044
2023-08-09,3.99720001220703,1.15739995241165,0.277599990367889,2.58640003204346,-0.0241999626159668
2023-08-10,4.0903000831604,1.18379998207092,0.313899993896484,2.60840010643005,-0.0157999992370605
2023-08-11,4.16400003433228,1.20799997448921,0.340700000524521,2.62450003623962,-0.00919997692108154
2023-08-14,4.17430019378662,1.21919995546341,0.339399993419647,2.625,-0.00929975509643555
2023-08-15,4.20209980010986,1.22519996762276,0.351500004529953,2.63190007209778,-0.006500244140625
2023-08-16,4.25930023193359,1.2427000105381,0.372999995946884,2.64499998092651,-0.00139975547790527
2023-08-17,4.28679990768433,1.24589997529984,0.386799991130829,2.65229988098145,0.0018000602722168
2023-08-18,4.24910020828247,1.23230001330376,0.374099999666214,2.64369988441467,-9.9968910217285e-4
2023-08-21,4.32859992980957,1.26360002160072,0.398799985647202,2.66210007667542,0.00409984588623047
2023-08-22,4.36509990692139,1.27360001206398,0.413199990987778,2.67090010643005,0.0073997974395752
2023-08-23,4.19210004806519,1.22239997982979,0.347799986600876,2.62910008430481,-0.00720000267028809
2023-08-24,4.21999979019165,1.23820000886917,0.353100001811981,2.63499999046326,-0.00630021095275879
2023-08-25,4.23570013046265,1.24729999899864,0.356200009584427,2.63770008087158,-0.00549995899200439
2023-08-28,4.1923999786377,1.23539996147156,0.33899998664856,2.62750005722046,-0.00950002670288086
2023-08-29,4.10589981079102,1.20120000839233,0.311699986457825,2.60879993438721,-0.0158001184463501
2023-08-30,4.12760019302368,1.20509999990463,0.32150000333786,2.61470007896423,-0.0136998891830444
2023-08-31,4.10020017623901,1.191899985075,0.314500004053116,2.60899996757507,-0.0151997804641724
2023-09-01,4.18790006637573,1.21419996023178,0.350199997425079,2.63059997558594,-0.00709986686706543
2023-09-05,4.26109981536865,1.24329999089241,0.372999995946884,2.6470000743866,-0.00220024585723877
2023-09-06,4.32819986343384,1.26429995894432,0.397799998521805,2.66260004043579,0.00349986553192139
2023-09-07,4.26039981842041,1.24180001020432,0.37389999628067,2.646399974823,-0.00170016288757324
2023-09-08,4.2463002204895,1.23849993944168,0.3682000041008,2.64219999313354,-0.00259971618652344
2023-09-11,4.26709985733032,1.24619996547699,0.375,2.64720010757446,-0.00130021572113037
2023-09-12,4.25129985809326,1.2457999587059,0.366100013256073,2.64269995689392,-0.00330007076263428
2023-09-13,4.23010015487671,1.2383000254631,0.358900010585785,2.63779997825623,-0.00489985942840576
2023-09-14,4.26630020141602,1.24709996581078,0.374099999666214,2.64630007743835,-0.00119984149932861
2023-09-15,4.34060001373291,1.2645000517368301,0.405299991369247,2.66499996185303,0.00580000877380371
2023-09-18,4.3407998085022,1.26699995994568,0.403699994087219,2.66470003128052,0.00539982318878174
2023-09-19,4.37769985198975,1.28079998493195,0.416000008583069,2.67249989509583,0.00839996337890625
2023-09-20,4.36100006103516,1.27770006656647,0.408699989318848,2.66759991645813,0.00700008869171143
2023-09-21,4.50439977645874,1.31749996542931,0.464700013399124,2.70269989967346,0.0194998979568481
2023-09-22,4.4672999382019,1.30490002036095,0.451599985361099,2.69440007209778,0.0163998603820801
2023-09-25,4.57760000228882,1.33399999141693,0.495599985122681,2.72210001945496,0.0259000062942505
2023-09-26,4.605299949646,1.34119999408722,0.506500005722046,2.72939991950989,0.0282000303268433
2023-09-27,4.66499996185303,1.36120003461838,0.527599990367889,2.74329996109009,0.0328999757766724
2023-09-28,4.6350998878479,1.34839999675751,0.518800020217896,2.73720002174377,0.0306998491287231
2023-09-29,4.64790010452271,1.34810000658035,0.526099979877472,2.74149990081787,0.0322002172470093
2023-10-02,4.75190019607544,1.38299995660782,0.562799990177155,2.7658998966217,0.0402003526687622
2023-10-03,4.87069988250732,1.4174998998642,0.608399987220764,2.79419994354248,0.0506000518798828
2023-10-04,4.79390001296997,1.39029997587204,0.582099974155426,2.77699995040894,0.0445001125335693
2023-10-05,4.78499984741211,1.38450002670288,0.580600023269653,2.77600002288818,0.0438997745513916
2023-10-06,4.83419990539551,1.40399998426437,0.595899999141693,2.78710007667542,0.0471998453140259
2023-10-10,4.71659994125366,1.36470001935959,0.554099977016449,2.76020002365112,0.0375999212265015
2023-10-11,4.63549995422363,1.34329998493195,0.521700024604797,2.74000000953674,0.0304999351501465
2023-10-12,4.76840019226074,1.38570004701614,0.569999992847443,2.77150011062622,0.0412000417709351
2023-10-13,4.70039987564087,1.36520004272461,0.54449999332428,2.75510001182556,0.0355998277664185
2023-10-16,4.78539991378784,1.39010000228882,0.57700002193450906,2.77530002593994,0.0429998636245728
2023-10-17,4.90630006790161,1.43180000782013,0.619300007820129,2.80229997634888,0.0529000759124756
2023-10-18,4.958899974823,1.44609993696213,0.640600025653839,2.81380009651184,0.0583999156951904
2023-10-19,5.03739976882935,1.46189999580383,0.675400018692017,2.83369994163513,0.0663998126983643
2023-10-20,4.99749994277954,1.44220006465912,0.665300011634827,2.82610011100769,0.0638997554779053
2023-10-23,4.93219995498657,1.42469996213913,0.638999998569489,2.81110000610352,0.0573999881744385
2023-10-24,4.91050004959106,1.42239999771118,0.628000020980835,2.80520009994507,0.0548999309539795
2023-10-25,5.02010011672974,1.45550006628036,0.669200003147125,2.83100008964539,0.0643999576568604
2023-10-26,4.93240022659302,1.424899995327,0.638999998569489,2.81089997291565,0.0576002597808838
2023-10-27,4.91279983520508,1.41649997234344,0.633000016212463,2.80739998817444,0.0558998584747314
2023-10-30,4.95090007781982,1.42919993400574,0.646399974822998,2.81649994850159,0.058800220489502
2023-10-31,4.95419979095459,1.43270003795624,0.646000027656555,2.81690001487732,0.0585997104644775
2023-11-01,4.8306999206543,1.38929998874664,0.603500008583069,2.78900003433228,0.0488998889923096
2023-11-02,4.73320007324219,1.36420005559921,0.564199984073639,2.76440000534058,0.0404000282287598
2023-11-03,4.61560010910034,1.31869995594025,0.526600003242493,2.73850011825562,0.0318000316619873
2023-11-06,4.71019983291626,1.35149997472763,0.559400022029877,2.7600998878479,0.0391999483108521
2023-11-07,4.62480020523071,1.32599997520447,0.527199983596802,2.73939990997314,0.0322003364562988
2023-11-08,4.56780004501343,1.31160002946854,0.504100024700165,2.72499990463257,0.0271000862121582
2023-11-09,4.70860004425049,1.35490000247955,0.556699991226196,2.75769996643066,0.0393000841140747
2023-11-10,4.6956000328064,1.35249996185303,0.551100015640259,2.75359988212585,0.0384001731872559
2023-11-13,4.70459985733032,1.35579997301102,0.554099977016449,2.75559997558594,0.0390999317169189
2023-11-14,4.49240016937256,1.27999994158745,0.481900006532669,2.70779991149902,0.022700309753418
2023-11-15,4.57880020141602,1.30790001153946,0.513300001621246,2.72779989242554,0.0298002958297729
2023-11-16,4.50680017471313,1.28149998188019,0.489300012588501,2.71160006523132,0.0244001150131226
2023-11-17,4.48820018768311,1.27910000085831,0.480300009250641,2.70619988441467,0.0226002931594849
2023-11-20,4.45930004119873,1.27550002932549,0.465999990701675,2.69860005378723,0.0191999673843384
2023-11-21,4.45830011367798,1.27390003204346,0.466300010681152,2.69910001754761,0.0190000534057617
2023-11-22,4.46420001983643,1.27709996700287,0.467599987983704,2.70009994506836,0.0194001197814941
2023-11-24,4.54050016403198,1.302600055933,0.49439999461174,2.71830010414124,0.0252000093460083
2023-11-27,4.44859981536865,1.27380001544952,0.460500001907349,2.69679999351501,0.0174998044967651
2023-11-28,4.39340019226074,1.24940001964569,0.444700002670288,2.68580007553101,0.0135000944137573
2023-11-29,4.33239984512329,1.22450003027916,0.425900012254715,2.67289996147156,0.00909984111785889
2023-11-30,4.42899990081787,1.25350004434586,0.462300002574921,2.69580006599426,0.017399787902832
2023-12-01,4.27909994125366,1.19869995117188,0.412299990653992,2.66199994087219,0.00610005855560303
2023-12-04,4.34639978408813,1.22660002112389,0.432300001382828,2.67709994316101,0.0103998184204102
2023-12-05,4.23999977111816,1.19229999184608,0.393900007009506,2.65190005302429,0.00189971923828125
2023-12-06,4.17379999160767,1.17689996957779,0.366100013256073,2.63520002365112,-0.00440001487731934
2023-12-07,4.17530012130737,1.17379999160767,0.369199991226196,2.6356999874115,-0.00339984893798828
2023-12-08,4.26490020751953,1.20800000429153,0.398400008678436,2.65499997138977,0.00350022315979004
2023-12-11,4.27199983596802,1.21159994602203,0.400200009346008,2.65619993209839,0.00399994850158691
2023-12-12,4.23460006713867,1.20270004868507,0.384499996900558,2.64689993858337,5.0008296966552e-4
2023-12-13,4.06409978866577,1.13519996404648,0.330900013446808,2.60960006713867,-0.0116002559661865
2023-12-14,3.94149994850159,1.09500005841255,0.286799997091293,2.58150005340576,-0.02180016040802
2023-12-15,3.93759989738464,1.09940001368523,0.281399995088577,2.58010005950928,-0.0233001708984375
2023-12-18,3.97620010375977,1.11250001192093,0.294900000095367,2.58929991722107,-0.0204998254776001
2023-12-19,3.96930003166199,1.1089999973774,0.293199986219406,2.58789992332458,-0.0207998752593994
2023-12-20,3.89800000190735,1.08480003476143,0.268099993467331,2.57170009613037,-0.0266001224517822
2023-12-21,3.92720007896423,1.08980000019073,0.281599998474121,2.57929992675781,-0.0234998464584351
2023-12-22,3.93919992446899,1.09239995479584,0.28659999370575,2.58279991149902,-0.0225999355316162
2023-12-26,3.93700003623962,1.08820003271103,0.288399994373322,2.58209991455078,-0.0216999053955078
2023-12-27,3.8189001083374,1.05209998786449,0.244499996304512,2.55390000343323,-0.0315998792648315
2023-12-28,3.85940003395081,1.0667000412941,0.258199989795685,2.56299996376038,-0.028499960899353
2023-12-29,3.90510010719299,1.07460007071495,0.279199987649918,2.57489991188049,-0.0235998630523682
2024-01-02,3.96760010719299,1.09490007162094,0.301999986171722,2.58890008926392,-0.0182000398635864
2024-01-03,3.93569993972778,1.08740001916885,0.288500010967255,2.58119988441467,-0.021399974822998
2024-01-04,4.01669979095459,1.11230000853539,0.318699985742569,2.60019993782043,-0.0145001411437988
2024-01-05,4.0774998664856,1.12810003757477,0.343400001525879,2.61470007896423,-0.00870025157928467
2024-01-08,4.03490018844604,1.11249998211861,0.329199999570847,2.60509991645813,-0.0118997097015381
2024-01-09,4.03900003433228,1.11369997262955,0.330799996852875,2.60610008239746,-0.0116000175476074
2024-01-10,4.05849981307983,1.11899998784065,0.338499993085861,2.61089992523193,-0.00990009307861328
2024-01-11,4.00080013275146,1.09750002622604,0.3192999958992,2.59850001335144,-0.0144999027252197
2024-01-12,3.96939992904663,1.07640001177788,0.315200001001358,2.59319996833801,-0.0154000520706177
2024-01-16,4.09649991989136,1.11409994959831,0.363299995660782,2.62360000610352,-0.00450003147125244
2024-01-17,4.13929986953735,1.13390004634857,0.375,2.63220000267029,-0.00180017948150635
2024-01-18,4.16760015487671,1.14230000972748,0.385800004005432,2.63870000839233,8.0013275146484e-4
2024-01-19,4.18349981307983,1.14989995956421,0.389999985694885,2.64159989356995,0.00199997425079346
2024-01-22,4.13409996032715,1.13510000705719,0.371399998664856,2.63000011444092,-0.00240015983581543
2024-01-23,4.17350006103516,1.14589995145798,0.386900007724762,2.63969993591309,0.00100016593933105
2024-01-24,4.21400022506714,1.15910002589226,0.401399999856949,2.64910006523132,0.00440013408660889
2024-01-25,4.17140007019043,1.13969999551773,0.389800012111664,2.63989996910095,0.00200009346008301
2024-01-26,4.1907000541687,1.14740002155304,0.395900011062622,2.64409995079041,0.00330007076263428
2024-01-29,4.10260009765625,1.11849999427795,0.364300012588501,2.62339997291565,-0.00359988212585449
2024-01-30,4.10010004043579,1.12280002236366,0.360100001096725,2.62190008163452,-0.00470006465911865
2024-01-31,4.01119995117188,1.09519997239113,0.326999992132187,2.60130000114441,-0.0123000144958496
2024-02-01,3.88660001754761,1.05399996042252,0.282700002193451,2.57220005989075,-0.0223000049591064
2024-02-02,4.05749988555908,1.11579996347427,0.340099990367889,2.61100006103516,-0.0094001293182373
2024-02-05,4.18620014190674,1.16029998660088,0.384900003671646,2.64000010490417,0.0010000467300415
2024-02-06,4.10860013961792,1.1343999505043,0.357400000095367,2.62210011482239,-0.00529992580413818
2024-02-07,4.12569999694824,1.1395999789238,0.36379998922348,2.62610006332397,-0.00380003452301025
2024-02-08,4.19589996337891,1.16219997406006,0.389299988746643,2.64249992370605,0.0019000768661499
2024-02-09,4.21269989013672,1.17009997367859,0.393700003623962,2.64599990844727,0.00290000438690186
2024-02-12,4.2052001953125,1.16759994626045,0.391000002622604,2.64439988136292,0.00220036506652832
2024-02-13,4.3452000617981,1.22089999914169,0.436500012874603,2.67519998550415,0.0126000642776489
2024-02-14,4.30060005187988,1.20509999990463,0.421299993991852,2.66490006446838,0.00929999351501465
2024-02-15,4.27409982681274,1.19640004634857,0.411700010299683,2.65890002250671,0.00709974765777588
2024-02-16,4.32709980010986,1.21600005030632,0.429399996995926,2.67050004005432,0.0111997127532959
2024-02-20,4.30509996414185,1.20759996771812,0.422199994325638,2.66589999198914,0.00940001010894775
2024-02-21,4.35200023651123,1.22220003604889,0.439599990844727,2.6768000125885,0.0134001970291138
2024-02-22,4.36189985275269,1.22889992594719,0.441000014543533,2.67799997329712,0.0139999389648438
2024-02-23,4.28439998626709,1.2075999379158,0.410600006580353,2.65899991989136,0.00720012187957764
2024-02-26,4.29659986495972,1.21320003271103,0.414099991321564,2.66120004653931,0.00809979438781738
2024-02-27,4.32250022888184,1.21930000185966,0.42509999871254,2.66729998588562,0.0108002424240112
2024-02-28,4.28340005874634,1.20330002903938,0.413199990987778,2.6586000919342,0.00829994678497314
2024-02-29,4.26550006866455,1.19780001044273,0.40650001168251,2.65450000762939,0.00670003890991211
2024-03-01,4.19850015640259,1.17079997062683,0.385699987411499,2.64010000228882,0.00190019607543945
2024-03-04,4.23420000076294,1.18640002608299,0.395700007677078,2.64809989929199,0.00400006771087646
2024-03-05,4.14480018615723,1.15879994630814,0.362500011920929,2.62709999084473,-0.00359976291656494
2024-03-06,4.11100006103516,1.15069997310638,0.34850001335144,2.61870002746582,-0.00689995288848877
2024-03-07,4.08680009841919,1.14050003886223,0.341100007295609,2.6136999130249,-0.0084998607635498
2024-03-08,4.08479976654053,1.13849997520447,0.341199994087219,2.61389994621277,-0.00880014896392822
2024-03-11,4.09509992599487,1.14400005340576,0.343400001525879,2.6159999370575,-0.0083000659942627
2024-03-12,4.15490007400513,1.16650000214577,0.363000005483627,2.62919998168945,-0.0037999153137207
2024-03-13,4.18620014190674,1.17670002579689,0.374399989843369,2.63610005378723,-9.9992752075195e-4
2024-03-14,4.29540014266968,1.21099999547005,0.414700001478195,2.66140007972717,0.0083000659942627
2024-03-15,4.30900001525879,1.21680000424385,0.418999999761581,2.66359996795654,0.00960004329681396
2024-03-18,4.33599996566772,1.22499996423721,0.429300010204315,2.66960000991821,0.0120999813079834
2024-03-19,4.29720020294189,1.2127999663353,0.414900004863739,2.6609001159668,0.00860011577606201
2024-03-20,4.26900005340576,1.19780001044273,0.408499985933304,2.65560007095337,0.00709998607635498
2024-03-21,4.2733998298645,1.19930002093315,0.409999996423721,2.65680003166199,0.00729978084564209
2024-03-22,4.21619987487793,1.17919999361038,0.390399992465973,2.64369988441467,0.00290000438690186
2024-03-25,4.25180006027222,1.19190001487732,0.402300000190735,2.65210008621216,0.00549995899200439
2024-03-26,4.23939990997314,1.1889999806881,0.397100001573563,2.6489999294281,0.00429999828338623
2024-03-27,4.19280004501343,1.17539998888969,0.379200011491776,2.63790011405945,2.9993057250976e-4
2024-03-28,4.19229984283447,1.18070003390312,0.375499993562698,2.63680005073547,-7.0023536682128e-4
2024-04-01,4.31379985809326,1.2185999751091,0.42059999704361,2.66479992866516,0.00979995727539062
2024-04-02,4.34950017929077,1.22479993104935,0.437200009822845,2.67350006103516,0.0140001773834229
2024-04-03,4.34950017929077,1.22260004281998,0.43860000371933,2.67400002479553,0.0143001079559326
2024-04-04,4.30749988555908,1.20850002765656,0.423799991607666,2.66429996490479,0.0108999013900757
2024-04-05,4.37970018386841,1.23470005393028,0.448100000619888,2.68050003051758,0.0164000988006592
2024-04-08,4.40789985656738,1.24550005793571,0.457399994134903,2.68610000610352,0.0188997983932495
2024-04-09,4.34819984436035,1.22619998455048,0.435999989509583,2.67190003395081,0.0140998363494873
2024-04-10,4.53340005874634,1.29600006341934,0.49669998884201,2.71259999275208,0.0281000137329102
2024-04-11,4.53249979019165,1.29470005631447,0.497299998998642,2.71169996261597,0.0287997722625732
2024-04-12,4.47200012207031,1.27259996533394,0.477200001478195,2.69790005683899,0.0243000984191895
2024-04-15,4.59320020675659,1.31000006198883,0.52209997177124,2.72679996490479,0.0343002080917358
2024-04-16,4.64130020141602,1.32449996471405,0.540300011634827,2.73790001869202,0.0386002063751221
2024-04-17,4.5612998008728,1.29930001497269,0.510999977588654,2.71900010108948,0.0319997072219849
2024-04-18,4.61289978027344,1.31719994544983,0.528900027275085,2.73070001602173,0.0360997915267944
2024-04-19,4.59009981155396,1.31169998645782,0.519400000572205,2.72510004043579,0.0338997840881348
2024-04-22,4.59089994430542,1.31059998273849,0.520600020885468,2.72550010681152,0.0341998338699341
2024-04-23,4.57600021362305,1.30389994382858,0.516300022602081,2.7228000164032,0.0330002307891846
2024-04-24,4.62430000305176,1.31839996576309,0.534300029277802,2.73469996452332,0.0369000434875488
2024-04-25,4.67869997024536,1.3377999663353,0.552900016307831,2.74690008163452,0.0410999059677124
2024-04-26,4.64279985427856,1.32809996604919,0.538699984550476,2.73790001869202,0.0380998849868774
2024-04-29,4.59749984741211,1.31359994411469,0.522300004959106,2.72720003128052,0.0343998670578003
2024-04-30,4.65310001373291,1.33339995145798,0.541299998760223,2.73950004577637,0.0389000177383423
2024-05-01,4.58739995956421,1.31019997596741,0.518700003623962,2.72469997406006,0.0338000059127808
2024-05-02,4.54330015182495,1.29259997606277,0.504700005054474,2.71580004692078,0.0302001237869263
2024-05-03,4.47149991989136,1.26840004324913,0.479000002145767,2.70029997825623,0.0237998962402344
2024-05-06,4.46029996871948,1.26650005578995,0.473699986934662,2.6975998878479,0.0225000381469727
2024-05-07,4.43690013885498,1.26049998402596,0.464199990034103,2.69190001487732,0.0203001499176025
2024-05-08,4.46460008621216,1.26910001039505,0.474500000476837,2.69840002059937,0.0226000547409058
2024-05-09,4.43170022964478,1.25720000267029,0.46340000629425,2.69090008735657,0.0202001333236694
2024-05-10,4.47720003128052,1.27420005202293,0.478300005197525,2.70120000839233,0.0234999656677246
2024-05-13,4.46110010147095,1.26960006356239,0.472099989652634,2.69729995727539,0.0221000909805298
2024-05-14,4.42710018157959,1.25809994339943,0.46000000834465,2.68980002403259,0.0192002058029175
2024-05-15,4.33309984207153,1.22539994120598,0.427300006151199,2.66880011558533,0.0115997791290283
2024-05-16,4.36520004272461,1.23780000209808,0.4375,2.67600011825562,0.0138999223709106
2024-05-17,4.39400005340576,1.24790000915527,0.44760000705719,2.68230009078979,0.0161999464035034
2024-05-20,4.40980005264282,1.25429999828339,0.452499985694885,2.68560004234314,0.0174000263214111
2024-05-21,4.38079977035522,1.24470001459122,0.442200005054474,2.67869997024536,0.0151997804641724
2024-05-22,4.39010000228882,1.25069996714592,0.443699985742569,2.6800000667572,0.0156999826431274
2024-05-23,4.45599985122681,1.27219995856285,0.467500001192093,2.69519996643066,0.0210999250411987
2024-05-24,4.45160007476807,1.271399974823,0.46560001373291,2.69379997253418,0.0208001136779785
2024-05-28,4.49919986724854,1.28670004010201,0.483000010251999,2.70449995994568,0.0249998569488525
2024-05-29,4.59849977493286,1.31250005960464,0.52319997549057,2.72869992256165,0.034099817276001
2024-05-30,4.54360008239746,1.29429996013641,0.503600001335144,2.71620011329651,0.0295000076293945
2024-05-31,4.49940013885498,1.27979999780655,0.487500011920929,2.70639991760254,0.0257002115249634
2024-06-03,4.37860012054443,1.24370002746582,0.441799998283386,2.67779994010925,0.0153001546859741
2024-06-04,4.30009984970093,1.21890005469322,0.412900000810623,2.6596999168396,0.00859987735748291
2024-06-05,4.26270008087158,1.20570001006126,0.399899989366531,2.65149998664856,0.00560009479522705
2024-06-06,4.24989986419678,1.20139995217323,0.395300000905991,2.64890003204346,0.00429987907409668
2024-06-07,4.39440011978149,1.25190004706383,0.445199996232986,2.68160009384155,0.0156999826431274
2024-06-10,4.44820022583008,1.26579999923706,0.467000007629395,2.69470000267029,0.020700216293335
2024-06-11,4.36819982528687,1.24019998311996,0.437900006771088,2.67589998245239,0.0141998529434204
2024-06-12,4.29099988937378,1.21429994702339,0.410400003194809,2.6586000919342,0.00769984722137451
2024-06-13,4.21390008926392,1.18860003352165,0.38280001282692,2.64120006561279,0.00129997730255127
2024-06-14,4.19150018692017,1.18299996852875,0.373600006103516,2.63590002059937,-9.998083114624e-4
2024-06-17,4.24410009384155,1.20359995961189,0.390199989080429,2.64739990234375,0.00290024280548096
2024-06-18,4.19029998779297,1.1850999891758,0.371499985456467,2.6350998878479,-0.00139987468719482
2024-06-20,4.22179985046387,1.19410002231598,0.383599996566772,2.64280009269714,0.00129973888397217
2024-06-21,4.23110008239746,1.19520002603531,0.388300001621246,2.64520001411438,0.00240004062652588
2024-06-24,4.22669982910156,1.19430002570152,0.386400014162064,2.64389991760254,0.00209987163543701
2024-06-25,4.20940017700195,1.18940001726151,0.379700005054474,2.63969993591309,6.0021877288818e-4
2024-06-26,4.29360008239746,1.21540001034737,0.411100000143051,2.65919995307922,0.00790011882781982
2024-06-27,4.26539993286133,1.20340001583099,0.402999997138977,2.6528000831604,0.00619983673095703
2024-06-28,4.33249998092651,1.22009998559952,0.430599987506866,2.6693000793457,0.0124999284744263
2024-07-01,4.4689998626709,1.25969997048378,0.482899993658066,2.70210003852844,0.0242998600006104
2024-07-02,4.42530012130737,1.2440000474453,0.468199998140335,2.69219994544983,0.0209001302719116
2024-07-03,4.35330009460449,1.22240003943443,0.4408999979496,2.67540001869202,0.0146000385284424
2024-07-05,4.26459980010986,1.18969994783401,0.411300003528595,2.65580010414124,0.00779974460601807
2024-07-08,4.26440000534058,1.18990004062653,0.41100001335144,2.65590000152588,0.00759994983673096
2024-07-09,4.29300022125244,1.19880002737045,0.421400010585785,2.66300010681152,0.00980007648468018
2024-07-10,4.2782998085022,1.19489997625351,0.415499985218048,2.65949988365173,0.00839996337890625
2024-07-11,4.19159984588623,1.15499997138977,0.392300009727478,2.64059996604919,0.0036998987197876
2024-07-12,4.18179988861084,1.14730003476143,0.391699999570847,2.63930010795593,0.00349974632263184
2024-07-15,4.22819995880127,1.15800005197525,0.411300003528595,2.65100002288818,0.00789988040924072
2024-07-16,4.17019987106323,1.14079996943474,0.389200001955032,2.63730001449585,0.0028998851776123
2024-07-17,4.15450000762939,1.13640001416206,0.383100003004074,2.63359999656677,0.00139999389648438
2024-07-18,4.20190000534058,1.15219995379448,0.399899989366531,2.644700050354,0.00510001182556152
2024-07-19,4.24739980697632,1.16639998555183,0.416799992322922,2.65510010719299,0.00909972190856934
2024-07-22,4.26240015029907,1.17080000042915,0.422600001096725,2.65849995613098,0.0105001926422119
2024-07-23,4.24830007553101,1.16290000081062,0.419800013303757,2.65560007095337,0.00999999046325684
2024-07-24,4.28389978408813,1.16769999265671,0.437099993228912,2.66519999504089,0.0138998031616211
2024-07-25,4.27199983596802,1.16399997472763,0.432799994945526,2.66190004348755,0.013299822807312
2024-07-26,4.19999980926514,1.13989996910095,0.407299995422363,2.64540004730225,0.0073997974395752
2024-07-29,4.17490005493164,1.13270002603531,0.397599995136261,2.63949990272522,0.00510013103485107
2024-07-30,4.15119981765747,1.12299996614456,0.390399992465973,2.63409996032715,0.0036998987197876
2024-07-31,4.08139991760254,1.09870004653931,0.366299986839294,2.61820006370544,-0.00180017948150635
2024-08-01,3.98020005226135,1.05759999155998,0.335299998521805,2.59599995613098,-0.00869989395141602
2024-08-02,3.79839992523193,0.973600059747696,0.286799997091293,2.5566999912262,-0.018700122833252
2024-08-05,3.77130007743835,0.966299951076508,0.276199996471405,2.54990005493164,-0.0210999250411987
2024-08-06,3.89010000228882,1.01320001482964,0.312999993562698,2.57719993591309,-0.0132999420166016
2024-08-07,3.97189998626709,1.03780001401901,0.343800008296967,2.59680008888245,-0.00650012493133545
2024-08-08,4.01109981536865,1.05220004916191,0.356799989938736,2.60579991340637,-0.0037001371383667
2024-08-09,3.97009992599487,1.04080000519753,0.340700000524521,2.59579992294312,-0.00720000267028809
2024-08-12,3.92280006408691,1.02590000629425,0.323199987411499,2.58509993553162,-0.0113998651504517
2024-08-13,3.85840010643005,0.999500006437302,0.303700000047684,2.57069993019104,-0.0154998302459717
2024-08-14,3.83859992027283,0.997299998998642,0.293599992990494,2.56579995155334,-0.0181000232696533
2024-08-15,3.93400001525879,1.03619995713234,0.322699993848801,2.58680009841919,-0.0117000341415405
2024-08-16,3.90809988975525,1.0256000161171,0.315100014209747,2.58049988746643,-0.0131000280380249
2024-08-19,3.87579989433289,1.01440006494522,0.304199993610382,2.57240009307861,-0.0152002573013306
2024-08-20,3.82450008392334,0.992999970912933,0.289099991321564,2.56060004234314,-0.0181999206542969
2024-08-21,3.79040002822876,0.974999994039536,0.28150001168251,2.5534999370575,-0.0195999145507812
2024-08-22,3.86529994010925,1.00269997119904,0.306100010871887,2.57069993019104,-0.01419997215271
2024-08-23,3.80839991569519,0.979999959468842,0.288399994373322,2.5581998825073202,-0.0181999206542969
2024-08-26,3.82249999046326,0.981700003147125,0.29559999704361,2.56170010566711,-0.0165001153945923
2024-08-27,3.84349989891052,0.983099937438965,0.306800007820129,2.5673999786377,-0.0138000249862671
2024-08-28,3.853600025177,0.983799993991852,0.312200009822845,2.57010006904602,-0.0125000476837158
2024-08-29,3.88280010223389,0.994800060987473,0.321599990129471,2.57680010795593,-0.0104000568389893
2024-08-30,3.92569994926453,1.0090000629425,0.336899995803833,2.58689999580383,-0.00710010528564453
2024-09-03,3.85500001907349,0.982899993658066,0.313699990510941,2.57049989700317,-0.0120998620986938
2024-09-04,3.77609992027283,0.949200004339218,0.290800005197525,2.55299997329712,-0.0169000625610352
2024-09-05,3.7474000453949,0.938500016927719,0.281399995088577,2.54640007019043,-0.0189000368118286
2024-09-06,3.72790002822876,0.926099956035614,0.278400003910065,2.54299998283386,-0.0195999145507812
2024-09-09,3.70770001411438,0.916299998760223,0.273400008678436,2.53830003738403,-0.020300030708313
2024-09-10,3.65820002555847,0.89640000462532,0.258100003004074,2.52740001678467,-0.0236999988555908
2024-09-11,3.65930008888245,0.90599998831749,0.251899987459183,2.5271999835968,-0.0257998704910278
2024-09-12,3.69109988212585,0.911900043487549,0.266600012779236,2.53489995002747,-0.022300124168396
2024-09-13,3.66190004348755,0.893499970436096,0.26230001449585,2.52880001068115,-0.0226999521255493
2024-09-16,3.63669991493225,0.875600010156631,0.260300010442734,2.52290010452271,-0.0221002101898193
2024-09-17,3.65569996833801,0.880900025367737,0.26800000667572,2.5267000198364298,-0.0199000835418701
2024-09-18,3.71499991416931,0.892499983310699,0.294900000095367,2.54089999198914,-0.0133000612258911
2024-09-19,3.7386999130249,0.893999993801117,0.307900011539459,2.54670000076294,-0.00990009307861328
2024-09-20,3.74049997329712,0.888800054788589,0.312700003385544,2.54760003089905,-0.00860011577606201
2024-09-23,3.76079988479614,0.887299984693527,0.325899988412857,2.55229997634888,-0.00470006465911865
2024-09-24,3.74550008773804,0.876199960708618,0.324699997901917,2.5492000579834,-0.004599928855896
2024-09-25,3.80290007591248,0.893599987030029,0.346300005912781,2.56270003318787,3.0004978179931e-4
2024-09-26,3.81089997291565,0.900999993085861,0.346100002527237,2.56340003013611,3.9994716644287e-4
2024-09-27,3.76160001754761,0.883000016212463,0.329699993133545,2.55209994316101,-0.00319993495941162
2024-09-30,3.81780004501343,0.901500016450882,0.350100010633469,2.56439995765686,0.0018000602722168
2024-10-01,3.74710011482239,0.878800004720688,0.324600011110306,2.54749989509583,-0.00379979610443115
2024-10-02,3.79089999198914,0.891400009393692,0.341500014066696,2.55789995193481,1.000165939331e-4
2024-10-03,3.86089992523193,0.914600044488907,0.366600006818771,2.57389998435974,0.00579988956451416
2024-10-04,3.99690008163452,0.97299998998642,0.406199991703033,2.60279989242554,0.0149002075195312
2024-10-07,4.04659986495972,0.989500015974045,0.424299985170364,2.61350011825562,0.0192997455596924
2024-10-08,4.04519987106323,0.987600028514862,0.425000011920929,2.61279988288879,0.0197999477386475
2024-10-09,4.08169984817505,1.00069996714592,0.437299996614456,2.62120008468628,0.0224997997283936
2024-10-10,4.0967001914978,1.00450006127357,0.443399995565414,2.62490010261536,0.023900032043457
2024-10-11,4.0984001159668,0.999699950218201,0.447499990463257,2.62639999389648,0.024800181388855
2024-10-15,4.04879999160767,0.985300004482269,0.428600013256073,2.61420011520386,0.0206998586654663
2024-10-16,4.03369998931885,0.980699986219406,0.423000007867813,2.61059999465942,0.0194000005722046
2024-10-17,4.10930013656616,1.00469994544983,0.450500011444092,2.62879991531372,0.0253002643585205
2024-10-18,4.09870004653931,1.00150004029274,0.446299999952316,2.62669992446899,0.0242000818252563
2024-10-21,4.21320009231567,1.03719997406006,0.488499999046326,2.65380001068115,0.0337001085281372
2024-10-22,4.23099994659424,1.04320001602173,0.495000004768372,2.65750002861023,0.0352998971939087
2024-10-23,4.27400016784668,1.05889999866486,0.509400010108948,2.66709995269775,0.0386002063751221
2024-10-24,4.23899984359741,1.049899995327,0.495299994945526,2.65829992294312,0.0354999303817749
2024-10-25,4.28000020980835,1.06630003452301,0.50789999961853,2.66759991645813,0.0382002592086792
2024-10-28,4.31120014190674,1.07239997386932,0.522199988365173,2.67459988594055,0.0420002937316895
2024-10-29,4.3092999458313,1.07079994678497,0.522300004959106,2.6740999221801798,0.0421000719070435
2024-10-30,4.31379985809326,1.07359999418259,0.523400008678436,2.67400002479553,0.0427998304367065
2024-10-31,4.30660009384155,1.07110005617142,0.52120000123977706,2.6716001033783,0.042699933052063
2024-11-01,4.40170001983643,1.09589993953705,0.559800028800964,2.69429993629456,0.0517001152038574
2024-11-04,4.34369993209839,1.07440006732941,0.540899991989136,2.68050003051758,0.0478998422622681
2024-11-05,4.30719995498657,1.0654000043869,0.526000022888184,2.67090010643005,0.0448998212814331
2024-11-06,4.44029998779297,1.10890007019043,0.573899984359741,2.70199990272522,0.0555000305175781
2024-11-07,4.35279989242554,1.07849997282028,0.543600022792816,2.68199992179871,0.0486999750137329
2024-11-08,4.32149982452393,1.07549995183945,0.527599990367889,2.67319989204407,0.045199990272522
2024-11-12,4.44449996948242,1.11800003051758,0.570299983024597,2.70129990577698,0.054900050163269
2024-11-13,4.4633002281189,1.1152999997139,0.583100020885468,2.70689988136292,0.0580003261566162
2024-11-14,4.44369983673096,1.11559998989105,0.571699976921082,2.70099997520447,0.0553998947143555
2024-11-15,4.44570016860962,1.11580002307892,0.572499990463257,2.70210003852844,0.0553001165390015
2024-11-18,4.43499994277954,1.11059999465942,0.569700002670288,2.70009994506836,0.0546000003814697
2024-11-19,4.40240001678467,1.10199993848801,0.556500017642975,2.69250011444092,0.0513999462127686
2024-11-20,4.4109001159668,1.10600006580353,0.558799982070923,2.69409990310669,0.0520001649856567
2024-11-21,4.42999982833862,1.11479997634888,0.564000010490417,2.69790005683899,0.0532997846603394
2024-11-22,4.41690015792847,1.11349999904633,0.557399988174438,2.69420003890991,0.0518001317977905
2024-11-25,4.27390003204346,1.07059997320175,0.50330001115799,2.66059994697571,0.0394001007080078
2024-11-26,4.3056001663208,1.0774000287056,0.517000019550323,2.66860008239746,0.0426000356674194
2024-11-27,4.25050020217896,1.05860003829002,0.49770000576973,2.65599989891052,0.0382002592086792
2024-11-29,4.19099998474121,1.03680002689362,0.477800011634827,2.64280009269714,0.033599853515625
2024-12-02,4.19740009307861,1.03979998826981,0.479600012302399,2.64409995079041,0.0339001417160034
2024-12-03,4.23250007629395,1.04520002007484,0.496499985456467,2.65249991416931,0.0383001565933228
2024-12-04,4.20219993591309,1.03120005130768,0.488499999046326,2.64590001106262,0.03659987449646
2024-12-05,4.18289995193481,1.02639997005463,0.480599999427795,2.6408998966217,0.0350000858306885
2024-12-06,4.15929985046387,1.01319998502731,0.476000010967255,2.63579988479614,0.0342999696731567
2024-12-09,4.19619989395142,1.02379995584488,0.490299999713898,2.64450001716614,0.0375999212265015
2024-12-10,4.21759986877441,1.03149995207787,0.497599989175797,2.64919996261597,0.0392999649047852
2024-12-11,4.26980018615723,1.04269999265671,0.520500004291534,2.66179990768433,0.0448002815246582
2024-12-12,4.33360004425049,1.05900001525879,0.546599984169006,2.67709994316101,0.0509001016616821
2024-12-13,4.41720008850098,1.08480006456375,0.57779997587204,2.6965000629425,0.0580999851226807
2024-12-16,4.41069984436035,1.08040004968643,0.577099978923798,2.69479990005493,0.0583999156951904
2024-12-17,4.41820001602173,1.08339995145798,0.579500019550323,2.6965000629425,0.0587999820709229
2024-12-18,4.53719997406006,1.1217999458313,0.623000025749207,2.7232999801635702,0.069100022315979
2024-12-19,4.60510015487671,1.13660007715225,0.652499973773956,2.74000000953674,0.0760000944137573
2024-12-20,4.54629993438721,1.11809992790222,0.630900025367737,2.72609996795654,0.0712000131607056
2024-12-23,4.61619997024536,1.14070004224777,0.6560999751091,2.74239993095398,0.0770000219345093
2024-12-24,4.61770009994507,1.14319998025894,0.655399978160858,2.74239993095398,0.0767002105712891
2024-12-26,4.60300016403198,1.13919997215271,0.649399995803833,2.73909997940063,0.0753002166748047
2024-12-27,4.64970016479492,1.14919996261597,0.669700026512146,2.75079989433289,0.0800002813339233
2024-12-30,4.57630014419556,1.12260007858276,0.644999980926514,2.73440003395081,0.0743000507354736
2024-12-31,4.59369993209839,1.12610000371933,0.652700006961823,2.73880004882812,0.0760998725891113
2025-01-02,4.58720016479492,1.12459999322891,0.649900019168854,2.73749995231628,0.0752002000808716
2025-01-03,4.62610006332397,1.13679999113083,0.664200007915497,2.74659991264343,0.0785001516342163
2025-01-06,4.64589977264404,1.13940000534058,0.674000024795532,2.75160002708435,0.080899715423584
2025-01-07,4.70050001144409,1.15569996833801,0.694599986076355,2.76460003852844,0.0856000185012817
2025-01-08,4.69859981536865,1.15400004386902,0.694599986076355,2.76449990272522,0.0854998826980591
2025-01-09,4.71920013427734,1.1593000292778,0.702899992465973,2.769700050354,0.0873000621795654
2025-01-10,4.82229995727539,1.19739997386932,0.737200021743774,2.79250001907349,0.0951999425888062
2025-01-13,4.83610010147095,1.20460003614426,0.740400016307831,2.79520010948181,0.0958999395370483
2025-01-14,4.82989978790283,1.20149999856949,0.73879998922348,2.79410004615784,0.0954997539520264
2025-01-15,4.69000005722046,1.15469998121262,0.689199984073639,2.76200008392334,0.0841000080108643
2025-01-16,4.64499998092651,1.13980001211166,0.672800004482269,2.75219988822937,0.0802000761032104
2025-01-17,4.64769983291626,1.1453999876976,0.67059999704361,2.75219988822937,0.0794999599456787
2025-01-21,4.6085000038147,1.13559997081757,0.654600024223328,2.7425000667572,0.0757999420166016
2025-01-22,4.62790012359619,1.14190006256104,0.66159999370575,2.7467999458313,0.0776001214981079
2025-01-23,4.66340017318726,1.14959996938705,0.677100002765656,2.75530004501343,0.0814001560211182
2025-01-24,4.64890003204346,1.14320003986359,0.673099994659424,2.75200009346008,0.0805999040603638
2025-01-27,4.55130004882812,1.11269992589951,0.637000024318695,2.72939991950989,0.0722001791000366
2025-01-28,4.56629991531372,1.11680006980896,0.642799973487854,2.73340010643005,0.073299765586853
2025-01-29,4.57849979400635,1.12370002269745,0.645099997520447,2.7360999584198,0.0735998153686523
2025-01-30,4.54160022735596,1.11199998855591,0.631500005722046,2.72769999504089,0.0704002380371094
2025-01-31,4.59940004348755,1.1298999786377,0.652899980545044,2.74130010604858,0.0752999782562256
2025-02-03,4.5496997833252,1.11899995803833,0.631600022315979,2.72849988937378,0.0705999135971069
2025-02-04,4.53319978713989,1.11150002479553,0.626999974250793,2.72510004043579,0.0695997476577759
2025-02-05,4.4394998550415,1.08399999141693,0.591199994087219,2.70289993286133,0.0613999366760254
2025-02-06,4.45559978485107,1.09199994802475,0.595200002193451,2.70619988441467,0.0621999502182007
2025-02-07,4.49609994888306,1.10959994792938,0.60699999332428,2.71449995040894,0.065000057220459
2025-02-10,4.49650001525879,1.10989999771118,0.607100009918213,2.71440005302429,0.0650999546051025
2025-02-11,4.5297999382019,1.12070000171661,0.619099974632263,2.72230005264282,0.0676999092102051
2025-02-12,4.64540004730225,1.15810000896454,0.660899996757507,2.74920010566711,0.0771999359130859
2025-02-13,4.5391001701355,1.12539994716644,0.621399998664856,2.72399997711182,0.0683002471923828
2025-02-14,4.48420000076294,1.10820001363754,0.601000010967255,2.71140003204346,0.0635999441146851
2025-02-18,4.55999994277954,1.13349997997284,0.627699971199036,2.72930002212524,0.0694999694824219
2025-02-19,4.53980016708374,1.12480002641678,0.621800005435944,2.72519993782043,0.0680001974105835
2025-02-20,4.51440000534058,1.11599999666214,0.612999975681305,2.71930003166199,0.066100001335144
2025-02-21,4.44630002975464,1.09110003709793,0.590200006961823,2.70420002937317,0.0607999563217163
2025-02-24,4.42479991912842,1.08259999752045,0.583400011062622,2.69959998130798,0.0591999292373657
2025-02-25,4.32390022277832,1.04980003833771,0.546800017356873,2.67659997940063,0.0507001876831055
2025-02-26,4.27489995956421,1.03479999303818,0.528299987316132,2.66560006141663,0.0461999177932739
2025-02-27,4.30970001220703,1.04470002651215,0.541599988937378,2.67429995536804,0.0491000413894653
2025-02-28,4.26030015945435,1.02450001239777,0.526600003242493,2.6635000705719,0.0457000732421875
2025-03-03,4.19409990310669,1.0025999546051,0.502900004386902,2.64829993247986,0.0403000116348267
2025-03-04,4.25579977035522,1.0145999789238,0.530600011348724,2.66380000114441,0.0467997789382935
2025-03-05,4.32560014724731,1.03860002756119,0.554899990558624,2.67989993095398,0.0522001981735229
2025-03-06,4.33489990234375,1.03510004281998,0.562799990177155,2.68280005455017,0.0541998147964478
2025-03-07,4.36420011520386,1.04539996385574,0.572799980640411,2.68959999084473,0.0564001798629761
2025-03-10,4.26429986953735,1.00890004634857,0.539499998092651,2.66700005531311,0.04889976978302
2025-03-11,4.32200002670288,1.02780002355576,0.560000002384186,2.68079996109009,0.0534000396728516
2025-03-12,4.36499977111816,1.04339998960495,0.574500024318695,2.69050002098083,0.0565997362136841
2025-03-13,4.31860017776489,1.02700001001358,0.558600008487701,2.6800000667572,0.0530000925064087
2025-03-14,4.36259984970093,1.04479998350143,0.572099983692169,2.68950009346008,0.0561997890472412
2025-03-17,4.35550022125244,1.04629999399185,0.567200005054474,2.6868999004364,0.0551003217697144
2025-03-18,4.32240009307861,1.03649997711182,0.55460000038147,2.67890000343323,0.0524001121520996
2025-03-19,4.2846999168396,1.02419996261597,0.540899991989136,2.67050004005432,0.0490999221801758
2025-03-20,4.26840019226074,1.01480001211166,0.537800014019012,2.66729998588562,0.0485001802444458
2025-03-21,4.28359985351562,1.01730006933212,0.544799983501434,2.6716001033783,0.049899697303772
2025-03-24,4.37279987335205,1.0453000664711,0.57779997587204,2.69219994544983,0.057499885559082
2025-03-25,4.34789991378784,1.03670001029968,0.569100022315979,2.68639993667603,0.0556999444961548
2025-03-26,4.38159990310669,1.04649996757507,0.582000017166138,2.69449996948242,0.0585999488830566
2025-03-27,4.40789985656738,1.05269998311996,0.592999994754791,2.70120000839233,0.060999870300293
2025-03-28,4.30100011825562,1.01760005950928,0.554499983787537,2.67689990997314,0.0520001649856567
2025-03-31,4.26389980316162,1.00719994306564,0.539900004863739,2.66820001602173,0.0485998392105103
2025-04-01,4.21339988708496,0.990900039672852,0.521600008010864,2.65659999847412,0.044299840927124
2025-04-02,4.24300003051758,1.00349998474121,0.530200004577637,2.66319990158081,0.0461001396179199
2025-04-03,4.09170007705688,0.947499990463257,0.47979998588562,2.63000011444092,0.0343999862670898
2025-04-04,4.06729984283447,0.932100027799606,0.476099997758865,2.62529993057251,0.0337998867034912
2025-04-07,4.20590019226074,0.969299972057343,0.531300008296967,2.65890002250671,0.0464001893997192
2025-04-08,4.3257999420166,1.00119996070862,0.579100012779236,2.68860006332397,0.0568999052047729
2025-04-09,4.43200016021729,1.0495999455452,0.608200013637543,2.71070003509521,0.0635001659393311
2025-04-10,4.49790000915527,1.0579000711441,0.640699982643127,2.72830009460449,0.0709998607635498
2025-04-11,4.5753002166748,1.0890000462532,0.664799988269806,2.74499988555908,0.0765002965927124
2025-04-14,4.45039987564087,1.04829996824265,0.619700014591217,2.71620011329651,0.066199779510498
2025-04-15,4.42509984970093,1.04109996557236,0.609600007534027,2.71079993247986,0.0635999441146851
2025-04-16,4.36159992218018,1.01890003681183,0.587499976158142,2.69709992408752,0.0580999851226807
2025-04-17,4.40980005264282,1.03590005636215,0.60369998216629,2.70860004425049,0.0615999698638916
2025-04-21,4.5048999786377,1.0557999610900899,0.644999980926514,2.7335000038147,0.0706000328063965
2025-04-22,4.49240016937256,1.05520004034042,0.638300001621246,2.73000001907349,0.0689001083374023
2025-04-23,4.48040008544922,1.05699998140335,0.630400002002716,2.72550010681152,0.0674999952316284
2025-04-24,4.39079999923706,1.03010004758835,0.596599996089935,2.70429992675781,0.0598000288009644
2025-04-25,4.35349988937378,1.01839995384216,0.58270001411438,2.69589996337891,0.0564999580383301
2025-04-28,4.29400014877319,0.99729996919632,0.562200009822845,2.68289995193481,0.0516002178192139
2025-04-29,4.25010013580322,0.981400012969971,0.547399997711182,2.67309999465942,0.0482001304626465
2025-04-30,4.23089981079102,0.972500026226044,0.541899979114532,2.66989994049072,0.0465998649597168
2025-05-01,4.31909990310669,1.00419992208481,0.571600019931793,2.69020009040833,0.0530998706817627
2025-05-02,4.40000009536743,1.03729999065399,0.596300005912781,2.70770001411438,0.0587000846862793
2025-05-05,4.42439985275269,1.042799949646,0.60699999332428,2.71309995651245,0.0614999532699585
2025-05-06,4.39239978790283,1.0300999879837,0.597000002861023,2.70600008964539,0.0592997074127197
2025-05-07,4.35279989242554,1.01960003376007,0.580999970436096,2.69659996032715,0.0555999279022217
2025-05-08,4.45849990844727,1.05870002508163,0.616100013256073,2.72009992599487,0.0635999441146851
2025-05-09,4.45679998397827,1.05599999427795,0.617200016975403,2.71950006484985,0.064099907875061
2025-05-12,4.5366997718811,1.08530002832413,0.643999993801117,2.73690009117126,0.0704996585845947
2025-05-13,4.56729984283447,1.09499996900558,0.655399978160858,2.7435998916626,0.0733000040054321
2025-05-14,4.59989976882935,1.1071999669075,0.666299998760223,2.75049996376038,0.0758998394012451
2025-05-15,4.52099990844727,1.07940000295639,0.639100015163422,2.7328999042511,0.069599986076355
2025-05-16,4.50309991836548,1.0760999917984,0.630800008773804,2.728600025177,0.067599892616272
2025-05-19,4.52759981155396,1.08450001478195,0.639100015163422,2.73489999771118,0.0690997838973999
2025-05-20,4.55369997024536,1.09090000391006,0.649699985980988,2.7418999671936,0.0712000131607056
2025-05-21,4.66429996490479,1.12280005216599,0.692099988460541,2.7688000202179,0.0805999040603638
2025-05-22,4.63000011444092,1.11360001564026,0.678300023078918,2.76079988479614,0.0773001909255981
2025-05-23,4.60209989547729,1.1071999669075,0.666299998760223,2.75419998168945,0.0743999481201172
2025-05-27,4.519700050354,1.08270001411438,0.63510000705719,2.73449993133545,0.0674000978469849
2025-05-28,4.55630016326904,1.09559994935989,0.647599995136261,2.74300003051758,0.0701001882553101
2025-05-29,4.50069999694824,1.07839995622635,0.626900017261505,2.73009991645813,0.0653001070022583
2025-05-30,4.47870016098022,1.07080006599426,0.619099974632263,2.72550010681152,0.0633000135421753
2025-06-02,4.53609991073608,1.08500003814697,0.642799973487854,2.73950004577637,0.0687998533248901
2025-06-03,4.54300022125244,1.08749997615814,0.64520001411438,2.74070000648499,0.0696002244949341
2025-06-04,4.44040012359619,1.05329996347427,0.608799993991852,2.71690011024475,0.0614000558853149
2025-06-05,4.4721999168396,1.06560003757477,0.619199991226196,2.72350001335144,0.0638998746871948
2025-06-06,4.58650016784668,1.10509997606277,0.659099996089935,2.74900007247925,0.0733001232147217
2025-06-09,4.55600023269653,1.09650003910065,0.647300004959106,2.74160003662109,0.070600152015686
2025-06-10,4.53760004043579,1.09170001745224,0.639900028705597,2.73699998855591,0.0690000057220459
2025-06-11,4.47959995269775,1.07160001993179,0.619700014591217,2.72399997711182,0.0642999410629272
2025-06-12,4.417799949646,1.05099999904633,0.597800016403198,2.70970010757446,0.0592998266220093
2025-06-13,4.47429990768433,1.06909996271133,0.618300020694733,2.72289991378784,0.0640000104904175
2025-06-16,4.51569986343384,1.08280003070831,0.63289999961853,2.7328999042511,0.067099928855896
2025-06-17,4.44490003585815,1.06149995326996,0.606299996376038,2.71609997749329,0.0610001087188721
2025-06-18,4.44549989700317,1.0634999871254,0.605099976062775,2.7163999080658,0.0605000257492065
2025-06-20,4.43940019607544,1.05699998140335,0.60589998960495,2.71560001373291,0.0609002113342285
2025-06-23,4.40220022201538,1.04040002822876,0.595399975776672,2.70799994468689,0.0584002733230591
2025-06-24,4.36250019073486,1.02600002288818,0.582000017166138,2.69939994812012,0.0551002025604248
2025-06-25,4.35540008544922,1.02179992198944,0.580600023269653,2.6981999874115,0.0548001527786255
2025-06-26,4.3253002166748,1.00960004329681,0.571200013160706,2.69199991226196,0.0525002479553223
2025-06-27,4.36320018768311,1.02209997177124,0.584699988365173,2.70099997520447,0.0554002523422241
2025-06-30,4.30569982528687,1.00669997930527,0.561600029468536,2.68729996681213,0.0500998497009277
2025-07-01,4.32929992675781,1.01710003614426,0.568499982357025,2.69190001487732,0.0517998933792114
2025-07-02,4.3681001663208,1.02720004320145,0.584299981594086,2.7009000778198202,0.0557000637054443
2025-07-03,4.4197998046875,1.05210000276566,0.597500026226044,2.71189999580383,0.0582997798919678
2025-07-07,4.4608998298645,1.06290000677109,0.614000022411346,2.72180008888245,0.0621997117996216
2025-07-08,4.49069976806641,1.07140004634857,0.625599980354309,2.72889995574951,0.0647997856140137
2025-07-09,4.41300010681152,1.04529994726181,0.598200023174286,2.71070003509521,0.0588001012802124
2025-07-10,4.41660022735596,1.04719996452332,0.59909999370575,2.71129989624023,0.0590003728866577
2025-07-11,4.49609994888306,1.06879997253418,0.630699992179871,2.730299949646,0.0663000345230103
2025-07-14,4.49870014190674,1.06940001249313,0.631699979305267,2.73110008239746,0.0665000677108765
2025-07-15,4.56720018386841,1.09310001134872,0.655399978160858,2.74690008163452,0.0718001127243042
2025-07-16,4.5297999382019,1.07690000534058,0.644500017166138,2.73909997940063,0.0692999362945557
2025-07-17,4.542799949646,1.08240002393723,0.648299992084503,2.74210000038147,0.0699999332427979
2025-07-18,4.51249980926514,1.06840002536774,0.640200018882751,2.73559999465942,0.0682997703552246
2025-07-21,4.45240020751953,1.05150002241135,0.616699993610382,2.72149991989136,0.0627002716064453
2025-07-22,4.41709995269775,1.04109996557236,0.603100001811981,2.71339988708496,0.0595000982284546
2025-07-23,4.46929979324341,1.05930000543594,0.621100008487701,2.72519993782043,0.0636998414993286
2025-07-24,4.48460006713867,1.06740003824234,0.624700009822845,2.72790002822876,0.0645999908447266
2025-07-25,4.45389986038208,1.05640000104904,0.614499986171722,2.72040009498596,0.062599778175354
2025-07-28,4.48059988021851,1.06410002708435,0.624899983406067,2.72659993171692,0.0649999380111694
2025-07-29,4.39130020141602,1.03450000286102,0.593299984931946,2.70530009269714,0.0582001209259033
2025-07-30,4.43559980392456,1.05429995059967,0.605599999427795,2.71490001678467,0.0607998371124268
2025-07-31,4.4293999671936,1.05320000648499,0.602800011634827,2.71320009231567,0.0601998567581177
2025-08-01,4.28660011291504,0.985899984836578,0.565599977970123,2.68239998817444,0.0527001619338989
2025-08-04,4.26569986343384,0.975499987602234,0.560500025749207,2.67810010910034,0.0515997409820557
2025-08-05,4.27619981765747,0.980399966239929,0.563300013542175,2.68029999732971,0.0521998405456543
2025-08-06,4.29169988632202,0.982400000095367,0.570900022983551,2.68460011482239,0.0537997484207153
2025-08-07,4.30800008773804,0.988200008869171,0.576499998569489,2.68799996376038,0.0553001165390015
2025-08-08,4.34429979324341,1.00110006332397,0.58899998664856,2.69600009918213,0.0581996440887451
2025-08-11,4.33769989013672,0.99700003862381,0.588100016117096,2.69429993629456,0.0582998991012573
2025-08-12,4.35960006713867,0.998700022697449,0.599699974060059,2.70029997825623,0.060900092124939
2025-08-13,4.30429983139038,0.975800037384033,0.583199977874756,2.68770003318787,0.0575997829437256
2025-08-14,4.355299949646,0.995800018310547,0.59909999370575,2.69950008392334,0.0608998537063599
2025-08-15,4.40030002593994,1.0077999830246,0.61710000038147,2.71040010452271,0.0649999380111694
2025-08-18,4.41149997711182,1.01300001144409,0.619899988174438,2.71300005912781,0.0655999183654785
2025-08-19,4.37760019302368,1.00070005655289,0.608699977397919,2.70519995689392,0.0630002021789551
2025-08-20,4.3585000038147,0.994499981403351,0.60180002450943,2.7007999420166,0.0614000558853149
2025-08-21,4.39799976348877,1.01179999113083,0.612999975681305,2.70939993858337,0.0637998580932617
2025-08-22,4.31850004196167,0.978499948978424,0.589399993419647,2.69169998168945,0.0589001178741455
2025-08-25,4.35120010375977,0.986899971961975,0.602800011634827,2.69939994812012,0.0621001720428467
2025-08-26,4.32539987564087,0.97409999370575,0.596400022506714,2.69429993629456,0.0605999231338501
2025-08-27,4.31190013885498,0.966799974441528,0.593400001525879,2.69190001487732,0.0598001480102539
2025-08-28,4.29370021820068,0.9617999792099,0.586199998855591,2.68759989738464,0.0581003427505493
2025-08-29,4.30429983139038,0.961199998855591,0.592700004577637,2.6907000541687,0.0596997737884521
2025-09-02,4.36129999160767,0.980199933052063,0.612900018692017,2.70409989356995,0.0641001462936401
2025-09-03,4.29869985580444,0.959299981594086,0.590799987316132,2.68930006027222,0.0592998266220093
2025-09-04,4.24930000305176,0.941900014877319,0.574000000953674,2.67779994010925,0.0556000471115112
2025-09-05,4.17530012130737,0.90739995241165206,0.554899990558624,2.66070008277893,0.0523000955581665
2025-09-08,4.13280010223389,0.894599974155426,0.539099991321564,2.65000009536743,0.0491000413894653
2025-09-09,4.15040016174316,0.902599990367889,0.544099986553192,2.65339994430542,0.0503002405166626
2025-09-10,4.11800003051758,0.893099963665009,0.531899988651276,2.64510011672974,0.0478999614715576
2025-09-11,4.09019994735718,0.883800029754639,0.52240002155304,2.63800001144409,0.0459998846054077
2025-09-12,4.13579988479614,0.898900032043457,0.538699984550476,2.64829993247986,0.0498999357223511
2025-09-15,4.11499977111816,0.888599991798401,0.533800005912781,2.64350008964539,0.0490996837615967
2025-09-16,4.10379981994629,0.88400000333786,0.530399978160858,2.64109992980957,0.0482999086380005
2025-09-17,4.12890005111694,0.89109992980957,0.540300011634827,2.64669990539551,0.0508002042770386
2025-09-18,4.18160009384155,0.909000039100647,0.558799982070923,2.65890002250671,0.054900050163269
2025-09-19,4.20709991455078,0.916299998760223,0.568700015544891,2.66490006446838,0.0571998357772827
2025-09-22,4.22279977798462,0.920099973678589,0.575299978256226,2.66849994659424,0.0588998794555664
2025-09-23,4.18800020217896,0.909799993038177,0.562200009822845,2.66009998321533,0.0559002161026001
2025-09-24,4.2221999168396,0.921999990940094,0.573800027370453,2.66770005226135,0.0586998462677002
2025-09-25,4.24329996109009,0.936099946498871,0.576600015163422,2.67149996757507,0.0591000318527222
2025-09-26,4.26070022583008,0.939100027084351,0.584800004959106,2.67549991607666,0.0613002777099609
2025-09-29,4.21789979934692,0.925199925899506,0.569500029087067,2.66529989242554,0.0578999519348145
2025-09-30,4.22249984741211,0.924199998378754,0.572799980640411,2.66669988632202,0.0587999820709229
2025-10-01,4.18819999694824,0.907899975776672,0.563899993896484,2.65960001945496,0.0568000078201294
2025-10-02,4.17089986801147,0.903699994087219,0.556599974632263,2.65560007095337,0.054999828338623
2025-10-03,4.20609998703003,0.916499972343445,0.568400025367737,2.6635000705719,0.0576999187469482
2025-10-06,4.2512001991272,0.928700029850006,0.586399972438812,2.6742000579834,0.0619001388549805
2025-10-07,4.20949983596802,0.915500044822693,0.571099996566772,2.66440010070801,0.0584996938705444
2025-10-08,4.21339988708496,0.918799996376038,0.571200013160706,2.66499996185303,0.0583999156951904
2025-10-09,4.22510004043579,0.923799932003021,0.574500024318695,2.66759991645813,0.0592001676559448
2025-10-10,4.13360023498535,0.893299996852875,0.541999995708466,2.64650011062622,0.0518001317977905
2025-10-14,4.1003999710083,0.880600035190582,0.531199991703033,2.63949990272522,0.0491000413894653
2025-10-15,4.12690019607544,0.891099989414215,0.53930002450943,2.64580011367798,0.0507000684738159
2025-10-16,4.05649995803833,0.864900052547455,0.516099989414215,2.63000011444092,0.0454998016357422
2025-10-17,4.09340000152588,0.876600027084351,0.529600024223328,2.63849997520447,0.0486999750137329
2025-10-20,4.07539987564087,0.869199991226196,0.524399995803833,2.63409996032715,0.0476999282836914
2025-10-21,4.042799949646,0.859899938106537,0.511900007724762,2.62599992752075,0.0450000762939453
2025-10-22,4.03830003738403,0.859499931335449,0.509500026702881,2.62490010261536,0.0443999767303467
2025-10-23,4.08290004730225,0.874100029468536,0.525600016117096,2.6350998878479,0.0481001138687134
2025-10-24,4.09089994430542,0.873599946498871,0.530700027942657,2.63700008392334,0.0495998859405518
2025-10-27,4.08449983596802,0.870199918746948,0.529600024223328,2.63499999046326,0.0496999025344849
2025-10-28,4.06640005111694,0.864899933338165,0.522800028324127,2.63030004501343,0.0484000444412231
2025-10-29,4.14580011367798,0.899900078773499,0.545099973678589,2.64770007133484,0.0530999898910522
2025-10-30,4.17369985580444,0.908800005912781,0.555299997329712,2.65420007705688,0.0553997755050659
2025-10-31,4.17259979248047,0.907600045204163,0.555400013923645,2.65429997444153,0.0552997589111328
2025-11-03,4.18860006332397,0.913199961185455,0.560800015926361,2.65820002555847,0.0564000606536865
2025-11-04,4.16769981384277,0.902999937534332,0.5557000041008,2.65370011329651,0.0552997589111328
2025-11-05,4.23850011825562,0.92660003900528,0.580799996852875,2.67009997367859,0.0610001087188721
2025-11-06,4.17409992218018,0.902100026607513,0.560000002384186,2.65560007095337,0.0563998222351074
2025-11-07,4.17259979248047,0.900499999523163,0.560100018978119,2.65560007095337,0.0563997030258179
2025-11-10,4.19630002975464,0.911100029945374,0.566699981689453,2.6607999801635702,0.0577000379562378
2025-11-12,4.15140008926392,0.897899985313416,0.549499988555908,2.65019989013672,0.0538002252578735
2025-11-13,4.18709993362427,0.910300016403198,0.561800003051758,2.65849995613098,0.0564999580383301
2025-11-14,4.22300004959106,0.92220002412796,0.574500024318695,2.66700005531311,0.0592999458312988
2025-11-17,4.20609998703003,0.917399942874908,0.568000018596649,2.66300010681152,0.0576999187469482
2025-11-18,4.1971001625061,0.91049998998642,0.567300021648407,2.66160011291504,0.0577000379562378
2025-11-19,4.20909976959229,0.915700018405914,0.570699989795685,2.66459989547729,0.0580998659133911
2025-11-20,4.18410015106201,0.906599938869476,0.562200009822845,2.65910005569458,0.0562001466751099
2025-11-21,4.14419984817505,0.888100028038025,0.551599979400635,2.65059995651245,0.053899884223938
2025-11-24,4.12580013275146,0.883399963378906,0.544000029563904,2.64630007743835,0.0521000623703003
2025-11-25,4.09409999847412,0.870999991893768,0.533999979496002,2.63919997215271,0.0499000549316406
2025-11-26,4.08330011367798,0.871200025081635,0.527499973773956,2.6363000869751,0.04830002784729
2025-11-28,4.11329984664917,0.879400014877319,0.539499998092651,2.64330005645752,0.0510997772216797
2025-12-01,4.18909978866577,0.898500025272369,0.570800006389618,2.66109991073608,0.0586998462677002
2025-12-02,4.18540000915527,0.89300000667572,0.57260000705719,2.66039991378784,0.0594000816345215
2025-12-03,4.15439987182617,0.878899991512299,0.564300000667572,2.65339994430542,0.0577999353408813
2025-12-04,4.20440006256104,0.894499957561493,0.582899987697601,2.66470003128052,0.0623000860214233
2025-12-05,4.23169994354248,0.903299987316132,0.592999994754791,2.67059993743896,0.0648000240325928
2025-12-08,4.26679992675781,0.914100050926208,0.606199979782104,2.6784999370575,0.0679999589920044
2025-12-09,4.27309989929199,0.918899953365326,0.606800019741058,2.67910003662109,0.0682998895645142
2025-12-10,4.23999977111816,0.901999950408936,0.59909999370575,2.67199993133545,0.0668998956680298
2025-12-11,4.23729991912842,0.894999921321869,0.602500021457672,2.67190003395081,0.0678999423980713
2025-12-12,4.29260015487671,0.904599964618683,0.62830001115799,2.68549990653992,0.0742002725601196
2025-12-15,4.28240013122559,0.901700019836426,0.624199986457825,2.68339991569519,0.073100209236145
2025-12-16,4.24889993667603,0.889700055122375,0.612800002098083,2.67589998245239,0.0704998970031738
2025-12-17,4.25579977035522,0.891799986362457,0.615299999713898,2.67759990692139,0.0710998773574829
2025-12-18,4.21810007095337,0.87909996509552,0.601999998092651,2.66890001296997,0.0681000947952271
2025-12-19,4.25110006332397,0.891699969768524,0.612600028514862,2.67650008201599,0.0702999830245972
2025-12-22,4.26569986343384,0.89599996805191,0.618300020694733,2.67969989776611,0.0716999769210815
2025-12-23,4.26210021972656,0.89709997177124,0.615700006484985,2.67779994010925,0.071500301361084
2025-12-24,4.23460006713867,0.8889000415802,0.605499982833862,2.67079997062683,0.0694000720977783
2025-12-26,4.22900009155273,0.884599924087524,0.605000019073486,2.67030000686646,0.0691001415252686
2025-12-29,4.21059989929199,0.880500018596649,0.596800029277802,2.66630005836487,0.0669997930526733
2025-12-30,4.22209978103638,0.883700013160706,0.601199984550476,2.66939997673035,0.0677998065948486
2025-12-31,4.27059984207153,0.898599982261658,0.619300007820129,2.68070006370544,0.0719997882843018
2026-01-02,4.29129981994629,0.903900027275085,0.627699971199036,2.68580007553101,0.0738997459411621
2026-01-05,4.26579999923706,0.893099963665009,0.620299994945526,2.68009996414185,0.0723000764846802
2026-01-06,4.27880001068115,0.896699965000153,0.625400006771088,2.68330001831055,0.0734000205993652
2026-01-07,4.24079990386963,0.886200070381165,0.610499978065491,2.67400002479553,0.0700998306274414
2026-01-08,4.28259992599487,0.899300038814545,0.625999987125397,2.68350005149841,0.0737998485565186
2026-01-09,4.2681999206543,0.898999989032745,0.618099987506866,2.67890000343323,0.0721999406814575
2026-01-12,4.27519989013672,0.902900040149689,0.619499981403351,2.68020009994507,0.0725997686386108
2026-01-13,4.26319980621338,0.898899972438812,0.615199983119965,2.67759990692139,0.0714999437332153
2026-01-14,4.23080015182495,0.889400005340576,0.602800011634827,2.66989994049072,0.0687001943588257
2026-01-15,4.25680017471313,0.900899946689606,0.610300004482269,2.67519998550415,0.0704002380371094
2026-01-16,4.31239986419678,0.919600009918213,0.629999995231628,2.68779993057251,0.0749999284744263
2026-01-20,4.38409996032715,0.938700079917908,0.658599972724915,2.70530009269714,0.0814998149871826
2026-01-21,4.34759998321533,0.928600013256073,0.644200026988983,2.69670009613037,0.0780998468399048
2026-01-22,4.34770011901855,0.930699944496155,0.64300000667572,2.69619989395142,0.0778002738952637
2026-01-23,4.32810020446777,0.925400078296661,0.635299980640411,2.69129991531372,0.07610023021698
2026-01-26,4.30649995803833,0.919300019741058,0.626900017261505,2.68600010871887,0.0742998123168945
2026-01-27,4.3225998878479,0.922999978065491,0.633599996566772,2.69020009040833,0.075799822807312
2026-01-28,4.34899997711182,0.931699991226196,0.642899990081787,2.69659996032715,0.0778000354766846
2026-01-29,4.32989978790283,0.923000037670135,0.637600004673004,2.69289994239807,0.0763998031616211
2026-01-30,4.3383002281189,0.922699987888336,0.642499983310699,2.6956000328064,0.0775002241134644
2026-02-02,4.37849998474121,0.935900032520294,0.656899988651276,2.70510005950928,0.0805999040603638
2026-02-03,4.37139987945557,0.934299945831299,0.653900027275085,2.70329999923706,0.0798999071121216
2026-02-04,4.38380002975464,0.938799977302551,0.657999992370605,2.7063000202179,0.0807000398635864
2026-02-05,4.30359983444214,0.907700002193451,0.63239997625351,2.68849992752075,0.0749999284744263
2026-02-06,4.3092999458313,0.910899996757507,0.633499979972839,2.68969988822937,0.075200080871582
2026-02-09,4.30280017852783,0.907700002193451,0.631900012493134,2.68840003013611,0.0748001337051392
2026-02-10,4.24860000610352,0.891299962997437,0.611500024795532,2.67560005187988,0.0701999664306641
2026-02-11,4.28039979934692,0.904100060462952,0.621399998664856,2.68249988555908,0.0723998546600342
2026-02-12,4.19680023193359,0.877900004386902,0.59060001373291,2.66280007362366,0.0655001401901245
2026-02-13,4.14349985122681,0.860299944877625,0.571300029754639,2.65100002288818,0.0608998537063599
2026-02-17,4.14900016784668,0.864700019359589,0.57150000333786,2.65199995040894,0.0608001947402954
2026-02-18,4.17530012130737,0.873300075531006,0.580999970436096,2.65790009498596,0.0630999803543091
2026-02-19,4.16520023345947,0.871899962425232,0.576099991798401,2.65529990196228,0.0619003772735596
2026-02-20,4.17199993133545,0.874200046062469,0.578499972820282,2.65700006484985,0.0622998476028442
2026-02-23,4.12039995193481,0.858200013637543,0.559099972248077,2.64549994468689,0.0576000213623047
2026-02-24,4.13049983978271,0.862399995326996,0.562099993228912,2.64779996871948,0.0581998825073242
2026-02-25,4.13549995422363,0.865000009536743,0.563300013542175,2.64849996566772,0.0586999654769897
2026-02-26,4.10020017623901,0.854099988937378,0.55019998550415,2.64030003547668,0.0556001663208008
2026-02-27,4.05740022659302,0.836700022220612,0.537000000476837,2.63120007514954,0.0525001287460327
2026-03-02,4.1378002166748,0.86679995059967,0.563300013542175,2.64930009841919,0.0584001541137695
2026-03-03,4.14809989929199,0.870999991893768,0.566600024700165,2.65120005607605,0.0592998266220093
2026-03-04,4.17399978637695,0.880399942398071,0.575500011444092,2.65659999847412,0.0614998340606689
2026-03-05,4.20819997787476,0.891999959945679,0.587700009346008,2.66380000114441,0.0647000074386597
2026-03-06,4.22240018844604,0.89300000667572,0.595499992370605,2.66720008850098,0.0667001008987427
2026-03-09,4.20069980621338,0.888600051403046,0.585799992084503,2.66190004348755,0.0643997192382812
2026-03-10,4.22770023345947,0.89599996805191,0.596499979496002,2.66829991340637,0.066900372505188
2026-03-11,4.28800010681152,0.915900051593781,0.6182000041008,2.68210005760193,0.0717999935150146
2026-03-12,4.36719989776611,0.946400046348572,0.643700003623962,2.69919991493225,0.0778999328613281
2026-03-13,4.37610006332397,0.946799993515015,0.648699998855591,2.70149993896484,0.0791001319885254
2026-03-16,4.30590009689331,0.927100002765656,0.621100008487701,2.68519997596741,0.0725001096725464
2026-03-17,4.28410005569458,0.921199977397919,0.612299978733063,2.68020009994507,0.0703999996185303
2026-03-18,4.34630012512207,0.945199966430664,0.632300019264221,2.69379997253418,0.0750001668930054
2026-03-19,4.34819984436035,0.950500011444092,0.629899978637695,2.69320011138916,0.0745997428894043
2026-03-20,4.49720001220703,0.998700022697449,0.683899998664856,2.72779989242554,0.0868000984191895
2026-03-23,4.4507999420166,0.981900036334991,0.668299973011017,2.71720004081726,0.0833998918533325
2026-03-24,4.49539995193481,0.999600052833557,0.682500004768372,2.72650003433228,0.0867998600006104
2026-03-25,4.42560005187988,0.976199984550476,0.657999992370605,2.70989990234375,0.0815001726150513
2026-03-26,4.52390003204346,1.01050001382828,0.692200005054474,2.73160004615784,0.0895999670028687
2026-03-27,4.53170013427734,1.00630003213882,0.699500024318695,2.73449993133545,0.091400146484375
2026-03-30,4.43289995193481,0.975799977779388,0.662599980831146,2.71189999580383,0.0825999975204468
2026-03-31,4.38570022583008,0.960200011730194,0.645500004291534,2.7014000415802,0.0786001682281494
2026-04-01,4.42840003967285,0.97189998626709,0.662400007247925,2.71160006523132,0.0824999809265137
2026-04-02,4.394700050354,0.963099956512451,0.648800015449524,2.70350003242493,0.0793000459671021
2026-04-03,4.44019985198975,0.979399979114532,0.664200007915497,2.71379995346069,0.0827999114990234
2026-04-06,4.42759990692139,0.977499961853027,0.658200025558472,2.71050000190735,0.0813999176025391
2026-04-07,4.41109991073608,0.969099998474121,0.654299974441528,2.70709991455078,0.0806000232696533
2026-04-08,4.38290023803711,0.95930004119873,0.644400000572205,2.7009000778198202,0.0783001184463501
2026-04-09,4.37949991226196,0.95550000667572,0.644999980926514,2.70050001144409,0.0784999132156372
2026-04-10,4.4032998085022,0.963900029659271,0.653199970722198,2.70589995384216,0.0802998542785645
2026-04-13,4.37979984283447,0.958899974822998,0.642799973487854,2.70050001144409,0.0775998830795288
2026-04-14,4.33549976348877,0.9442999958992,0.626800000667572,2.69039988517761,0.0739998817443848
2026-04-15,4.36250019073486,0.95250004529953,0.636900007724762,2.69689989089966,0.0762002468109131
2026-04-16,4.39589977264404,0.959299981594086,0.651799976825714,2.70510005950928,0.0796997547149658
2026-04-17,4.33610010147095,0.935300052165985,0.633300006389618,2.6918001174926798,0.0756999254226685
2026-04-20,4.33470010757446,0.939999997615814,0.629100024700165,2.69120001792908,0.0744000673294067
2026-04-21,4.37239980697632,0.955199956893921,0.640799999237061,2.69930005073547,0.0770998001098633
2026-04-22,4.38219976425171,0.957299947738647,0.64520001411438,2.7014000415802,0.0782997608184814
2026-04-23,4.41900014877319,0.970499932765961,0.657800018787384,2.7095000743866,0.081200122833252
2026-04-24,4.38439989089966,0.957499980926514,0.646499991416931,2.70180010795593,0.0785998106002808
2026-04-27,4.42320013046265,0.969000041484833,0.661199986934662,2.71099996566772,0.0820001363754272
2026-04-28,4.44750022888184,0.978600025177002,0.668900012969971,2.71620011329651,0.0838000774383545
2026-04-29,4.51109981536865,0.999999940395355,0.691600024700165,2.73020005226135,0.0892997980117798
2026-04-30,4.48750019073486,0.988599956035614,0.685699999332428,2.72499990463257,0.0882003307342529
2026-05-01,4.47919988632202,0.987799942493439,0.681500017642975,2.7228000164032,0.0870999097824097
2026-05-04,4.5443000793457,1.01099997758865,0.703599989414215,2.73749995231628,0.0922001600265503
2026-05-05,4.53009986877441,1.00569999217987,0.699000000953674,2.7341001033783,0.0912997722625732
2026-05-06,4.4539999961853,0.980400025844574,0.671899974346161,2.71659994125366,0.0851000547409058
2026-05-07,4.49100017547607,0.993199944496155,0.684800028800964,2.72480010986328,0.0882000923156738
2026-05-08,4.45970010757446,0.983800053596497,0.673099994659424,2.7172999382019,0.0855001211166382
2026-05-11,4.50670003890991,1.0025999546051,0.687600016593933,2.72790002822876,0.0886000394821167
2026-05-12,4.56500005722046,1.02100002765656,0.709100008010864,2.74130010604858,0.0935999155044556
2026-05-13,4.56860017776489,1.02090001106262,0.711199998855591,2.74230003356934,0.0942001342773438
2026-05-14,4.57070016860962,1.02150005102158,0.712199985980988,2.74239993095398,0.0946002006530762
2026-05-15,4.70660018920898,1.06400007009506,0.762499988079071,2.77390003204346,0.106200098991394
2026-05-18,4.71979999542236,1.06699997186661,0.768199980258942,2.77699995040894,0.107600092887878
2026-05-19,4.78560018539429,1.08700001239777,0.792999982833862,2.79220008850098,0.113400101661682
2026-05-20,4.68340015411377,1.05209994316101,0.757300019264221,2.76850008964539,0.105500102043152
2026-05-21,4.68660020828247,1.05870002508163,0.754700005054474,2.76869988441467,0.104500293731689
2026-05-22,4.67810010910034,1.06099998950958,0.748399972915649,2.76550006866455,0.103200078010559
2026-05-26,4.59600019454956,1.03690004348755,0.716799974441528,2.74629998207092,0.0960001945495605
2026-05-27,4.57929992675781,1.0310999751091,0.711000025272369,2.74259996414185,0.0945999622344971
2026-05-28,4.55259990692139,1.02350002527237,0.700699985027313,2.73620009422302,0.0921998023986816
2026-05-29,4.54330015182495,1.01900005340576,0.698300004005432,2.73440003395081,0.0916000604629517
2026-06-01,4.57100009918213,1.03219997882843,0.705399990081787,2.74029994010925,0.0931001901626587
2026-06-02,4.55649995803833,1.02759999036789,0.700200021266937,2.7367000579834,0.091999888420105
2026-06-03,4.59420013427734,1.03960001468658,0.71399998664856,2.74519991874695,0.0954002141952515
2026-06-04,4.57350015640259,1.03219997882843,0.707000017166138,2.74060010910034,0.0937000513076782
2026-06-05,4.65740013122559,1.06400001049042,0.734300017356873,2.75920009613037,0.0999000072479248
2026-06-08,4.65910005569458,1.06699997186661,0.733200013637543,2.75929999351501,0.099600076675415
2026-06-09,4.62890005111694,1.0566999912262,0.722699999809265,2.75239992141724,0.0971001386642456
2026-06-10,4.64400005340576,1.06099998950958,0.728500008583069,2.75609993934631,0.0984001159667969
2026-06-11,4.54670000076294,1.02970004081726,0.693099975585938,2.7335000038147,0.0903999805450439
2026-06-12,4.57429981231689,1.0388999581337,0.702899992465973,2.7399001121521,0.0925997495651245
2026-06-15,4.55249977111816,1.03179997205734,0.694999992847443,2.73499989509583,0.0906999111175537
2026-06-16,4.51319980621338,1.0203999876976,0.679899990558624,2.72569990158081,0.0871999263763428
2026-06-17,4.59060001373291,1.06179994344711,0.696600019931793,2.74180006980896,0.0903999805450439
2026-06-18,4.53700017929077,1.04869997501373,0.674399971961975,2.728600025177,0.0853002071380615
2026-06-22,4.59170007705688,1.07379996776581,0.689000010490417,2.74090003967285,0.0880000591278076
2026-06-23,4.57660007476807,1.06680005788803,0.684899985790253,2.73769998550415,0.0872000455856323
2026-06-24,4.48040008544922,1.03609997034073,0.649800002574921,2.71539998054504,0.0791001319885254
2026-06-25,4.45590019226074,1.0288000702858,0.64029997587204,2.70980000495911,0.0770001411437988
2026-06-26,4.44029998779297,1.02150005102158,0.636099994182587,2.70689988136292,0.0758000612258911
2026-06-29,4.44189977645874,1.02749997377396,0.632700026035309,2.70709991455078,0.0745998620986938
2026-06-30,4.50390005111694,1.0479000210762,0.654799997806549,2.72180008888245,0.0793999433517456
2026-07-01,4.55819988250732,1.06290000677109,0.67629998922348,2.73460006713867,0.0843998193740845
2026-07-02,4.5693998336792,1.06040000915527,0.684499979019165,2.73790001869202,0.0865998268127441
2026-07-06,4.55299997329712,1.05530005693436,0.678399980068207,2.73429989814758,0.0850000381469727
2026-07-07,4.62540006637573,1.07890003919601,0.70440000295639,2.75119996070862,0.0909000635147095
2026-07-08,4.65339994430542,1.08749997615814,0.714900016784668,2.75760006904602,0.0933998823165894
2026-07-09,4.63129997253418,1.0745000243187,0.711000025272369,2.75300002098083,0.0927999019622803
2026-07-10,4.6560001373291,1.08719998598099,0.71670001745224,2.75819993019104,0.093900203704834
2026-07-13,4.70849990844727,1.10989993810654,0.731700003147125,2.76979994773865,0.0971000194549561
2026-07-14,4.6693000793457,1.08689999580383,0.724799990653992,2.76149988174438,0.0961002111434937
2026-07-15,4.63570022583008,1.07099992036819,0.716000020503998,2.75460004806519,0.0941002368927002
2026-07-16,4.65939998626709,1.0789999961853,0.724300026893616,2.76020002365112,0.0958999395370483
2026-07-17,4.64130020141602,1.0764000415802,0.71560001373291,2.75539994239807,0.093900203704834
2026-07-20,4.68720006942749,1.09670007228851,0.728299975395203,2.76579999923706,0.0964000225067139
2026-07-21,4.72709989547729,1.11309999227524,0.740299999713898,2.7746000289917,0.09909987449646
2026-07-22,4.76539993286133,1.12799996137619,0.752499997615814,2.78320002555847,0.101699948310852
2026-07-23,4.8092999458313,1.14759999513626,0.764599978923798,2.79290008544922,0.104199886322021
2026-07-24,4.78170013427734,1.13840001821518,0.754800021648407,2.78649997711182,0.102000117301941
2026-07-27,4.74900007247925,1.13369995355606,0.73879998922348,2.77859997749329,0.0979001522064209
2026-07-28,4.69950008392334,1.11319994926453,0.72409999370575,2.76740002632141,0.0948001146316528
2026-07-29,4.75279998779297,1.11479997634888,0.754199981689453,2.78139996528625,0.102400064468384
2026-07-30,4.77729988098145,1.12009996175766,0.764800012111664,2.78749990463257,0.104900002479553
2026-07-31,4.85069990158081,1.14179998636246,0.792800009250641,2.80480003356934,0.111299872398376
2026-08-03,4.79879999160767,1.13079994916916,0.769900023937225,2.79239988327026,0.105700135231018
2026-08-04,4.73159980773926,1.10689997673035,0.746999979019165,2.7771999835968,0.100499868392944
2026-08-05,4.72819995880127,1.10439997911453,0.74669998884201,2.7765998840332,0.100500106811523
2026-08-06,4.78299999237061,1.12349998950958,0.765699982643127,2.78889989852905,0.104900121688843
2026-08-07,4.74690008163452,1.10740005970001,0.755699992179871,2.78099989891052,0.102800130844116
2026-08-10,4.81220006942749,1.1317999958992,0.77700001001358,2.79609990119934,0.107300162315369
2026-08-11,4.80140018463135,1.12700003385544,0.773999989032745,2.79380011558533,0.106600046157837
2026-08-12,4.78889989852905,1.11870002746582,0.77240002155304,2.79130005836487,0.106499791145325
2026-08-13,4.7386999130249,1.09950000047684,0.756200015544891,2.78010010719299,0.102899789810181
2026-08-14,4.78870010375977,1.11529994010925,0.774500012397766,2.79200005531311,0.106900095939636
2026-08-17,4.82460021972656,1.1246999502182,0.788900017738342,2.80089998245239,0.110100269317627
2026-08-18,4.81080007553101,1.11979991197586,0.784300029277802,2.79749989509583,0.109200239181519
2026-08-19,4.7480001449585,1.10339993238449,0.759100019931793,2.78169989585876,0.103800296783447
2026-08-20,4.78159999847412,1.11389994621277,0.771600008010864,2.78940010070801,0.10669994354248
2026-08-21,4.83230018615723,1.13060003519058,0.789799988269806,2.80110001564026,0.11080014705658
2026-08-24,4.80060005187988,1.12349992990494,0.776300013065338,2.79299998283386,0.107800126075745
2026-08-25,4.72849988937378,1.10100001096725,0.749700009822845,2.77600002288818,0.101799845695496
2026-08-26,4.7532000541687,1.10810005664825,0.759299993515015,2.78159999847412,0.104200005531311
2026-08-27,4.76660013198853,1.11220002174377,0.764400005340576,2.78460001945496,0.105400085449219
2026-08-28,4.83179998397827,1.1438000202179,0.780900001525879,2.79830002784729,0.108799934387207
2026-08-31,4.84310007095337,1.15270000696182,0.781199991703033,2.80069994926453,0.108500123023987
